Province,U_R,COICOP,Category_Name,Weight,Weight_pct,Date,CPI_Index,Year,Month,YearMonth,YoY_pct,MoM_pct
0,0,00,GENERAL INDEX (CPI),10000.000000000005,100.00000000000004,2009-02-01,79.838043201999,2009,2,2009-02,,
0,0,00,GENERAL INDEX (CPI),10000.000000000005,100.00000000000004,2009-03-01,81.85671552853542,2009,3,2009-03,,2.528459172563835
0,0,00,GENERAL INDEX (CPI),10000.000000000005,100.00000000000004,2009-04-01,81.61253869932321,2009,4,2009-04,,-0.2982978581972162
0,0,00,GENERAL INDEX (CPI),10000.000000000005,100.00000000000004,2009-05-01,81.87123690187046,2009,5,2009-05,,0.3169834031267582
0,0,00,GENERAL INDEX (CPI),10000.000000000005,100.00000000000004,2009-06-01,79.90664409169169,2009,6,2009-06,,-2.3996129587409376
0,0,00,GENERAL INDEX (CPI),10000.000000000005,100.00000000000004,2009-07-01,82.33578599084153,2009,7,2009-07,,3.0399748691265716
0,0,00,GENERAL INDEX (CPI),10000.000000000005,100.00000000000004,2009-08-01,82.49249454987554,2009,8,2009-08,,0.1903286124595338
0,0,00,GENERAL INDEX (CPI),10000.000000000005,100.00000000000004,2009-09-01,84.06527375375761,2009,9,2009-09,,1.9065724857322053
0,0,00,GENERAL INDEX (CPI),10000.000000000005,100.00000000000004,2009-10-01,85.84860369238736,2009,10,2009-10,,2.1213633870430737
0,0,00,GENERAL INDEX (CPI),10000.000000000005,100.00000000000004,2009-11-01,88.24277268229272,2009,11,2009-11,,2.7888269429333423
0,0,00,GENERAL INDEX (CPI),10000.000000000005,100.00000000000004,2009-12-01,87.35849898585775,2009,12,2009-12,,-1.0020919215885216
0,0,00,GENERAL INDEX (CPI),10000.000000000005,100.00000000000004,2010-01-01,84.94961555362332,2010,1,2010-01,,-2.75746888991808
0,0,00,GENERAL INDEX (CPI),10000.000000000005,100.00000000000004,2010-02-01,82.80416004302845,2010,2,2010-02,3.715167258702534,-2.5255623543588346
0,0,00,GENERAL INDEX (CPI),10000.000000000005,100.00000000000004,2010-03-01,83.43020136387925,2010,3,2010-03,1.9222440397028917,0.7560505662100647
0,0,00,GENERAL INDEX (CPI),10000.000000000005,100.00000000000004,2010-04-01,82.13248711658485,2010,4,2010-04,0.6370937916503783,-1.555449017358157
0,0,00,GENERAL INDEX (CPI),10000.000000000005,100.00000000000004,2010-05-01,82.13596602116833,2010,5,2010-05,0.32334813704497645,0.004235722922318885
0,0,00,GENERAL INDEX (CPI),10000.000000000005,100.00000000000004,2010-06-01,81.48661117056959,2010,6,2010-06,1.9772662171432254,-0.790585272268407
0,0,00,GENERAL INDEX (CPI),10000.000000000005,100.00000000000004,2010-07-01,80.50635437125008,2010,7,2010-07,-2.2219155347529496,-1.2029667024287094
0,0,00,GENERAL INDEX (CPI),10000.000000000005,100.00000000000004,2010-08-01,81.34551619466038,2010,8,2010-08,-1.3904032863519489,1.0423547680976197
0,0,00,GENERAL INDEX (CPI),10000.000000000005,100.00000000000004,2010-09-01,83.71121517504396,2010,9,2010-09,-0.42117102925370853,2.908210668578759
0,0,00,GENERAL INDEX (CPI),10000.000000000005,100.00000000000004,2010-10-01,83.89281075819036,2010,10,2010-10,-2.278188403861514,0.216931008308352
0,0,00,GENERAL INDEX (CPI),10000.000000000005,100.00000000000004,2010-11-01,83.4973802765091,2010,11,2010-11,-5.3776555989110015,-0.47135204805693887
0,0,00,GENERAL INDEX (CPI),10000.000000000005,100.00000000000004,2010-12-01,81.66115688802458,2010,12,2010-12,-6.521794861374053,-2.1991389219682245
0,0,00,GENERAL INDEX (CPI),10000.000000000005,100.00000000000004,2011-01-01,80.26951760351959,2011,1,2011-01,-5.509263249283903,-1.7041630776958416
0,0,00,GENERAL INDEX (CPI),10000.000000000005,100.00000000000004,2011-02-01,80.38524996557922,2011,2,2011-02,-2.9212422131838056,0.14417971543230212
0,0,00,GENERAL INDEX (CPI),10000.000000000005,100.00000000000004,2011-03-01,81.7337445155553,2011,3,2011-03,-2.033384578475228,1.6775397856615637
0,0,00,GENERAL INDEX (CPI),10000.000000000005,100.00000000000004,2011-04-01,84.63687343539284,2011,4,2011-04,3.0492030702212514,3.551934316780292
0,0,00,GENERAL INDEX (CPI),10000.000000000005,100.00000000000004,2011-05-01,85.27104248381552,2011,5,2011-05,3.8169350340862884,0.7492822249710818
0,0,00,GENERAL INDEX (CPI),10000.000000000005,100.00000000000004,2011-06-01,85.9586732372083,2011,6,2011-06,5.488094304569491,0.80640594199759
0,0,00,GENERAL INDEX (CPI),10000.000000000005,100.00000000000004,2011-07-01,86.19905020687553,2011,7,2011-07,7.071113678025864,0.279642484713416
0,0,00,GENERAL INDEX (CPI),10000.000000000005,100.00000000000004,2011-08-01,86.44848270128279,2011,8,2011-08,6.273199489460457,0.28936803109620435
0,0,00,GENERAL INDEX (CPI),10000.000000000005,100.00000000000004,2011-09-01,87.22499346939571,2011,9,2011-09,4.197500044652647,0.8982352770679825
0,0,00,GENERAL INDEX (CPI),10000.000000000005,100.00000000000004,2011-10-01,87.89672853702683,2011,10,2011-10,4.77265899503263,0.7701176473768445
0,0,00,GENERAL INDEX (CPI),10000.000000000005,100.00000000000004,2011-11-01,88.40479244323683,2011,11,2011-11,5.877324714232213,0.5780236815025264
0,0,00,GENERAL INDEX (CPI),10000.000000000005,100.00000000000004,2011-12-01,87.66586586801547,2011,12,2011-12,7.353200969494811,-0.8358444772050166
0,0,00,GENERAL INDEX (CPI),10000.000000000005,100.00000000000004,2012-01-01,86.91653115818153,2012,1,2012-01,8.280868943917131,-0.8547622297623847
0,0,00,GENERAL INDEX (CPI),10000.000000000005,100.00000000000004,2012-02-01,88.2875086268758,2012,2,2012-02,9.830483409183044,1.5773494989108627
0,0,00,GENERAL INDEX (CPI),10000.000000000005,100.00000000000004,2012-03-01,91.60620062354904,2012,3,2012-03,12.078800704052961,3.7589598441369887
0,0,00,GENERAL INDEX (CPI),10000.000000000005,100.00000000000004,2012-04-01,93.03240739620253,2012,4,2012-04,9.919475543030764,1.5568889037483435
0,0,00,GENERAL INDEX (CPI),10000.000000000005,100.00000000000004,2012-05-01,94.47348128744981,2012,5,2012-05,10.79198580852454,1.5490020430301232
0,0,00,GENERAL INDEX (CPI),10000.000000000005,100.00000000000004,2012-06-01,93.98940194347605,2012,6,2012-06,9.342546137382147,-0.5123970635747765
0,0,00,GENERAL INDEX (CPI),10000.000000000005,100.00000000000004,2012-07-01,94.75804939180519,2012,7,2012-07,9.929342799472018,0.8178022547599362
0,0,00,GENERAL INDEX (CPI),10000.000000000005,100.00000000000004,2012-08-01,95.87597593876613,2012,8,2012-08,10.905331062963185,1.1797694804148495
0,0,00,GENERAL INDEX (CPI),10000.000000000005,100.00000000000004,2012-09-01,96.9343539596758,2012,9,2012-09,11.131397210923,1.103903256834271
0,0,00,GENERAL INDEX (CPI),10000.000000000005,100.00000000000004,2012-10-01,98.16188673763573,2012,10,2012-10,11.678657865275,1.2663547316471124
0,0,00,GENERAL INDEX (CPI),10000.000000000005,100.00000000000004,2012-11-01,97.34560148030842,2012,11,2012-11,10.11348908806311,-0.8315704643178434
0,0,00,GENERAL INDEX (CPI),10000.000000000005,100.00000000000004,2012-12-01,95.6931812060878,2012,12,2012-12,9.15671710829593,-1.6974781079912238
0,0,00,GENERAL INDEX (CPI),10000.000000000005,100.00000000000004,2013-01-01,95.30599837624325,2013,1,2013-01,9.65232632534947,-0.4046085885792583
0,0,00,GENERAL INDEX (CPI),10000.000000000005,100.00000000000004,2013-02-01,95.36319414918809,2013,2,2013-02,8.014367640858255,0.06001277350775602
0,0,00,GENERAL INDEX (CPI),10000.000000000005,100.00000000000004,2013-03-01,96.5689074651959,2013,3,2013-03,5.417435509677837,1.2643382247888857
0,0,00,GENERAL INDEX (CPI),10000.000000000005,100.00000000000004,2013-04-01,98.17938913958041,2013,4,2013-04,5.532461093324326,1.6677020758103955
0,0,00,GENERAL INDEX (CPI),10000.000000000005,100.00000000000004,2013-05-01,98.45003942324732,2013,5,2013-05,4.209179212628178,0.2756691460792604
0,0,00,GENERAL INDEX (CPI),10000.000000000005,100.00000000000004,2013-06-01,98.02606492829449,2013,6,2013-06,4.294806543450536,-0.4306493907332176
0,0,00,GENERAL INDEX (CPI),10000.000000000005,100.00000000000004,2013-07-01,98.69952742892092,2013,7,2013-07,4.159517911579758,0.6870239064671768
0,0,00,GENERAL INDEX (CPI),10000.000000000005,100.00000000000004,2013-08-01,99.49610804418398,2013,8,2013-08,3.7758490278419155,0.8070764227688265
0,0,00,GENERAL INDEX (CPI),10000.000000000005,100.00000000000004,2013-09-01,103.51943381560811,2013,9,2013-09,6.793339602460935,4.043701658800014
0,0,00,GENERAL INDEX (CPI),10000.000000000005,100.00000000000004,2013-10-01,104.99229166386566,2013,10,2013-10,6.958306480483656,1.4227839101989659
0,0,00,GENERAL INDEX (CPI),10000.000000000005,100.00000000000004,2013-11-01,104.68970573420094,2013,11,2013-11,7.544361678609723,-0.28819823328882777
0,0,00,GENERAL INDEX (CPI),10000.000000000005,100.00000000000004,2013-12-01,100.55484590814751,2013,12,2013-12,5.080471399095288,-3.949633631172411
0,0,00,GENERAL INDEX (CPI),10000.000000000005,100.00000000000004,2014-01-01,98.78403866685463,2014,1,2014-01,3.649340387664779,-1.7610362039741423
0,0,00,GENERAL INDEX (CPI),10000.000000000005,100.00000000000004,2014-02-01,100,2014,2,2014-02,4.862259378139111,1.2309289532554502
0,0,00,GENERAL INDEX (CPI),10000.000000000005,100.00000000000004,2014-03-01,102.74463960794155,2014,3,2014-03,6.395155857977808,2.744639607941557
0,0,00,GENERAL INDEX (CPI),10000.000000000005,100.00000000000004,2014-04-01,102.88302747965695,2014,4,2014-04,4.7908612808635676,0.13469108679875497
0,0,00,GENERAL INDEX (CPI),10000.000000000005,100.00000000000004,2014-05-01,102.58683157429112,2014,5,2014-05,4.2019202585174,-0.2878957906097601
0,0,00,GENERAL INDEX (CPI),10000.000000000005,100.00000000000004,2014-06-01,102.41798543713954,2014,6,2014-06,4.4803599043353515,-0.16458850961715843
0,0,00,GENERAL INDEX (CPI),10000.000000000005,100.00000000000004,2014-07-01,102.19763690579931,2014,7,2014-07,3.544200836622635,-0.21514632454420202
0,0,00,GENERAL INDEX (CPI),10000.000000000005,100.00000000000004,2014-08-01,102.82305781994863,2014,8,2014-08,3.343798909488216,0.6119719918042721
0,0,00,GENERAL INDEX (CPI),10000.000000000005,100.00000000000004,2014-09-01,103.13341701895668,2014,9,2014-09,-0.3728930717869061,0.3018381339636056
0,0,00,GENERAL INDEX (CPI),10000.000000000005,100.00000000000004,2014-10-01,102.83585046310523,2014,10,2014-10,-2.0539043072460017,-0.288525838135234
0,0,00,GENERAL INDEX (CPI),10000.000000000005,100.00000000000004,2014-11-01,101.42764073305098,2014,11,2014-11,-3.115936737306435,-1.3693762668491538
0,0,00,GENERAL INDEX (CPI),10000.000000000005,100.00000000000004,2014-12-01,100.12035973189167,2014,12,2014-12,-0.4320887495096293,-1.288880419293159
0,0,00,GENERAL INDEX (CPI),10000.000000000005,100.00000000000004,2015-01-01,99.14315380718291,2015,1,2015-01,0.3635355925660999,-0.9760311762018969
0,0,00,GENERAL INDEX (CPI),10000.000000000005,100.00000000000004,2015-02-01,100.2182640302138,2015,2,2015-02,0.21826403021381058,1.0844018792480536
0,0,00,GENERAL INDEX (CPI),10000.000000000005,100.00000000000004,2015-03-01,102.07374458247303,2015,3,2015-03,-0.6529732626719631,1.8514395257333893
0,0,00,GENERAL INDEX (CPI),10000.000000000005,100.00000000000004,2015-04-01,104.1530478757461,2015,4,2015-04,1.2344313996205836,2.037059874484215
0,0,00,GENERAL INDEX (CPI),10000.000000000005,100.00000000000004,2015-05-01,104.2198717369548,2015,5,2015-05,1.5918613896180878,0.0641592949717884
0,0,00,GENERAL INDEX (CPI),10000.000000000005,100.00000000000004,2015-06-01,103.43062558977111,2015,6,2015-06,0.9887327389905609,-0.7572895015412251
0,0,00,GENERAL INDEX (CPI),10000.000000000005,100.00000000000004,2015-07-01,103.2858975241472,2015,7,2015-07,1.0648588864642594,-0.13992767113092386
0,0,00,GENERAL INDEX (CPI),10000.000000000005,100.00000000000004,2015-08-01,105.04208079309028,2015,8,2015-08,2.158098601801295,1.7003127348847347
0,0,00,GENERAL INDEX (CPI),10000.000000000005,100.00000000000004,2015-09-01,106.88343275656513,2015,9,2015-09,3.6360821215873917,1.7529660014084403
0,0,00,GENERAL INDEX (CPI),10000.000000000005,100.00000000000004,2015-10-01,108.4495159696967,2015,10,2015-10,5.458860388970588,1.4652254074758675
0,0,00,GENERAL INDEX (CPI),10000.000000000005,100.00000000000004,2015-11-01,109.04008839367391,2015,11,2015-11,7.505298955595596,0.5445597600843399
0,0,00,GENERAL INDEX (CPI),10000.000000000005,100.00000000000004,2015-12-01,106.91191627045873,2015,12,2015-12,6.7833920660631986,-1.9517336738867241
0,0,00,GENERAL INDEX (CPI),10000.000000000005,100.00000000000004,2016-01-01,105.66575574831693,2016,1,2016-01,6.578973626176343,-1.1655955347291247
0,0,00,GENERAL INDEX (CPI),10000.000000000005,100.00000000000004,2016-02-01,106.36953362639186,2016,2,2016-02,6.137872827575186,0.6660415884889304
0,0,00,GENERAL INDEX (CPI),10000.000000000005,100.00000000000004,2016-03-01,108.03680766954697,2016,3,2016-03,5.841916656889112,1.5674356992211536
0,0,00,GENERAL INDEX (CPI),10000.000000000005,100.00000000000004,2016-04-01,108.77301015649563,2016,4,2016-04,4.435743720396079,0.6814367277497624
0,0,00,GENERAL INDEX (CPI),10000.000000000005,100.00000000000004,2016-05-01,108.78984728362398,2016,5,2016-05,4.384936836425535,0.015479140555307858
0,0,00,GENERAL INDEX (CPI),10000.000000000005,100.00000000000004,2016-06-01,109.90917432200997,2016,6,2016-06,6.263665810099828,1.0288892450301956
0,0,00,GENERAL INDEX (CPI),10000.000000000005,100.00000000000004,2016-07-01,111.34364182762992,2016,7,2016-07,7.801398348306843,1.305139006337419
0,0,00,GENERAL INDEX (CPI),10000.000000000005,100.00000000000004,2016-08-01,112.91882151109532,2016,8,2016-08,7.498652595734923,1.41470106205428
0,0,00,GENERAL INDEX (CPI),10000.000000000005,100.00000000000004,2016-09-01,114.82971436868255,2016,9,2016-09,7.43453069122102,1.6922713432671266
0,0,00,GENERAL INDEX (CPI),10000.000000000005,100.00000000000004,2016-10-01,118.36526872644103,2016,10,2016-10,9.14319687652181,3.0789542386275626
0,0,00,GENERAL INDEX (CPI),10000.000000000005,100.00000000000004,2016-11-01,119.01237208072224,2016,11,2016-11,9.145520545659135,0.5467003634121337
0,0,00,GENERAL INDEX (CPI),10000.000000000005,100.00000000000004,2016-12-01,118.72156614398943,2016,12,2016-12,11.046149283916517,-0.2443493324673529
0,0,00,GENERAL INDEX (CPI),10000.000000000005,100.00000000000004,2017-01-01,118.34502736205997,2017,1,2017-01,11.999414118556562,-0.3171612320821193
0,0,00,GENERAL INDEX (CPI),10000.000000000005,100.00000000000004,2017-02-01,120.59536990275485,2017,2,2017-02,13.373976355230877,1.901510009212548
0,0,00,GENERAL INDEX (CPI),10000.000000000005,100.00000000000004,2017-03-01,122.03976260433808,2017,3,2017-03,12.96128165654622,1.1977182065513459
0,0,00,GENERAL INDEX (CPI),10000.000000000005,100.00000000000004,2017-04-01,122.77895843850197,2017,4,2017-04,12.876308435204177,0.6057008129067176
0,0,00,GENERAL INDEX (CPI),10000.000000000005,100.00000000000004,2017-05-01,121.53927298771201,2017,5,2017-05,11.71931574722156,-1.009688847793
0,0,00,GENERAL INDEX (CPI),10000.000000000005,100.00000000000004,2017-06-01,120.27304767815544,2017,6,2017-06,9.429488866672365,-1.041823995182689
0,0,00,GENERAL INDEX (CPI),10000.000000000005,100.00000000000004,2017-07-01,120.31345602380927,2017,7,2017-07,8.055973425106245,0.03359717445754473
0,0,00,GENERAL INDEX (CPI),10000.000000000005,100.00000000000004,2017-08-01,121.07300750140463,2017,8,2017-08,7.221281519935174,0.6313104973437511
0,0,00,GENERAL INDEX (CPI),10000.000000000005,100.00000000000004,2017-09-01,122.92736136529102,2017,9,2017-09,7.051874195741226,1.5315997365183742
0,0,00,GENERAL INDEX (CPI),10000.000000000005,100.00000000000004,2017-10-01,124.61632599205201,2017,10,2017-10,5.281158343887227,1.37395337213988
0,0,00,GENERAL INDEX (CPI),10000.000000000005,100.00000000000004,2017-11-01,120.87975415588338,2017,11,2017-11,1.56906550345417,-2.9984609210890634
0,0,00,GENERAL INDEX (CPI),10000.000000000005,100.00000000000004,2017-12-01,118.52644937781702,2017,12,2017-12,-0.16434820775171888,-1.946814662637053
0,0,00,GENERAL INDEX (CPI),10000.000000000005,100.00000000000004,2018-01-01,118.46923455695584,2018,1,2018-01,0.10495345488059638,-0.04827177491734114
0,0,00,GENERAL INDEX (CPI),10000.000000000005,100.00000000000004,2018-02-01,119.06856746525105,2018,2,2018-02,-1.2660539444714791,0.5058975104689001
0,0,00,GENERAL INDEX (CPI),10000.000000000005,100.00000000000004,2018-03-01,120.33536316410897,2018,3,2018-03,-1.3965935395620965,1.06392117233427
0,0,00,GENERAL INDEX (CPI),10000.000000000005,100.00000000000004,2018-04-10,122.61765424382503,2018,4,2018-04,-0.13137771872998583,1.896608793712251
0,0,00,GENERAL INDEX (CPI),10000.000000000005,100.00000000000004,2018-05-10,123.71219283985488,2018,5,2018-05,1.787833511528869,0.8926435616305017
0,0,00,GENERAL INDEX (CPI),10000.000000000005,100.00000000000004,2018-06-10,122.01281652801423,2018,6,2018-06,1.4465159763094482,-1.3736530513532297
0,0,00,GENERAL INDEX (CPI),10000.000000000005,100.00000000000004,2018-07-10,121.0944416846076,2018,7,2018-07,0.649125780780313,-0.7526871926571421
0,0,00,GENERAL INDEX (CPI),10000.000000000005,100.00000000000004,2018-08-10,121.74206612724385,2018,8,2018-08,0.5526075874768832,0.5348093881327731
0,0,00,GENERAL INDEX (CPI),10000.000000000005,100.00000000000004,2018-09-10,121.60869169486581,2018,9,2018-09,-1.0727226679068225,-0.10955492757830365
0,0,00,GENERAL INDEX (CPI),10000.000000000005,100.00000000000004,2018-10-10,120.34279162273012,2018,10,2018-10,-3.429353525953305,-1.0409618379186414
0,0,00,GENERAL INDEX (CPI),10000.000000000005,100.00000000000004,2018-11-10,119.69716632377926,2018,11,2018-11,-0.9783175357712004,-0.5364885509510753
0,0,00,GENERAL INDEX (CPI),10000.000000000005,100.00000000000004,2018-12-10,118.68209836280096,2018,12,2018-12,0.13132004358604732,-0.848030068007255
0,0,00,GENERAL INDEX (CPI),10000.000000000005,100.00000000000004,2019-01-10,118.6815153890326,2019,1,2019-01,0.1791864637858298,-0.000491206151898016
0,0,00,GENERAL INDEX (CPI),10000.000000000005,100.00000000000004,2019-02-10,118.54806010631745,2019,2,2019-02,-0.4371492577883829,-0.1124482462813936
0,0,00,GENERAL INDEX (CPI),10000.000000000005,100.00000000000004,2019-03-10,121.15854462843946,2019,3,2019-03,0.6840727801750601,2.2020474394780054
0,0,00,GENERAL INDEX (CPI),10000.000000000005,100.00000000000004,2019-04-10,122.1895435109863,2019,4,2019-04,-0.34914281754847565,0.8509502038908101
0,0,00,GENERAL INDEX (CPI),10000.000000000005,100.00000000000004,2019-05-10,123.21364916264943,2019,5,2019-05,-0.4029866949742056,0.838128715630293
0,0,00,GENERAL INDEX (CPI),10000.000000000005,100.00000000000004,2019-06-10,123.116794887001,2019,6,2019-06,0.9048052412865104,-0.07860677474179623
0,0,00,GENERAL INDEX (CPI),10000.000000000005,100.00000000000004,2019-07-10,122.9786439386094,2019,7,2019-07,1.5559774897919931,-0.11221129377061434
0,0,00,GENERAL INDEX (CPI),10000.000000000005,100.00000000000004,2019-08-10,125.16727999060818,2019,8,2019-08,2.8135006841302657,1.779687905073457
0,0,00,GENERAL INDEX (CPI),10000.000000000005,100.00000000000004,2019-09-10,127.2292608080561,2019,9,2019-09,4.62184818770448,1.6473800641850112
0,0,00,GENERAL INDEX (CPI),10000.000000000005,100.00000000000004,2019-10-10,128.94823603093312,2019,10,2019-10,7.150776787014146,1.351084814892034
0,0,00,GENERAL INDEX (CPI),10000.000000000005,100.00000000000004,2019-11-10,133.8587289404888,2019,11,2019-11,11.831159459867813,3.8081117359199057
0,0,00,GENERAL INDEX (CPI),10000.000000000005,100.00000000000004,2019-12-10,132.8163836358342,2019,12,2019-12,11.90936583361204,-0.7786905739393335
0,0,00,GENERAL INDEX (CPI),10000.000000000005,100.00000000000004,2020-01-10,132.2878221882406,2020,1,2020-01,11.464554319690933,-0.39796404112526496
0,0,00,GENERAL INDEX (CPI),10000.000000000005,100.00000000000004,2020-02-10,134.51579484409552,2020,2,2020-02,13.469418836088698,1.6841857542144734
0,0,00,GENERAL INDEX (CPI),10000.000000000005,100.00000000000004,2020-03-10,137.04399206104588,2020,3,2020-03,13.111289411178383,1.8794798186194894
0,0,00,GENERAL INDEX (CPI),10000.000000000005,100.00000000000004,2020-04-10,134.5373114123882,2020,4,2020-04,10.105421091365052,-1.82910655984182
0,0,00,GENERAL INDEX (CPI),10000.000000000005,100.00000000000004,2020-05-10,135.44788168438055,2020,5,2020-05,9.929283488374896,0.6768161652950244
0,0,00,GENERAL INDEX (CPI),10000.000000000005,100.00000000000004,2020-06-10,135.77605268636484,2020,6,2020-06,10.282315918784878,0.2422858134828454
0,0,00,GENERAL INDEX (CPI),10000.000000000005,100.00000000000004,2020-07-10,137.156755736706,2020,7,2020-07,11.528921887587472,1.0168973269023551
0,0,00,GENERAL INDEX (CPI),10000.000000000005,100.00000000000004,2020-08-10,138.79400914291713,2020,8,2020-08,10.886814152493706,1.1937096334897923
0,0,00,GENERAL INDEX (CPI),10000.000000000005,100.00000000000004,2020-09-10,140.99370127548906,2020,9,2020-09,10.818612306644315,1.5848610081627523
0,0,00,GENERAL INDEX (CPI),10000.000000000005,100.00000000000004,2020-10-10,141.00272392003586,2020,10,2020-10,9.348315463742374,0.00639932455506198
0,0,00,GENERAL INDEX (CPI),10000.000000000005,100.00000000000004,2020-11-10,139.85899145322728,2020,11,2020-11,4.482533608552419,-0.811142107763263
0,0,00,GENERAL INDEX (CPI),10000.000000000005,100.00000000000004,2020-12-10,138.04138575356674,2020,12,2020-12,3.934004205429087,-1.2995987464047953
0,0,00,GENERAL INDEX (CPI),10000.000000000005,100.00000000000004,2021-01-10,136.90050862062137,2021,1,2021-01,3.4868564287172887,-0.8264747030155783
0,0,00,GENERAL INDEX (CPI),10000.000000000005,100.00000000000004,2021-02-10,137.5345635175938,2021,2,2021-02,2.244174133600474,0.46315013973361463
0,0,00,GENERAL INDEX (CPI),10000.000000000005,100.00000000000004,2021-03-10,139.42502107966848,2021,3,2021-03,1.7374194831992096,1.3745327092508308
0,0,00,GENERAL INDEX (CPI),10000.000000000005,100.00000000000004,2021-04-10,138.2154853189684,2021,4,2021-04,2.733943370776726,-0.8675170004162625
0,0,00,GENERAL INDEX (CPI),10000.000000000005,100.00000000000004,2021-05-10,135.93855567135964,2021,5,2021-05,0.3622603623454568,-1.6473766614168883
0,0,00,GENERAL INDEX (CPI),10000.000000000005,100.00000000000004,2021-06-10,135.93935165188526,2021,6,2021-06,0.120270815279655,0.0005855443451663334
0,0,00,GENERAL INDEX (CPI),10000.000000000005,100.00000000000004,2021-07-10,135.58347668627616,2021,7,2021-07,-1.1470663927411695,-0.2617895122233871
0,0,00,GENERAL INDEX (CPI),10000.000000000005,100.00000000000004,2021-08-10,136.22770317399576,2021,8,2021-08,-1.849003415038486,0.47515117879022295
0,0,00,GENERAL INDEX (CPI),10000.000000000005,100.00000000000004,2021-09-10,136.48817458689138,2021,9,2021-09,-3.1955517500702357,0.1912029688725836
0,0,00,GENERAL INDEX (CPI),10000.000000000005,100.00000000000004,2021-10-10,136.34268732118153,2021,10,2021-10,-3.304926649145512,-0.10659331194822208
0,0,00,GENERAL INDEX (CPI),10000.000000000005,100.00000000000004,2021-11-10,135.15333625310217,2021,11,2021-11,-3.3645710949508856,-0.8723247952987845
0,0,00,GENERAL INDEX (CPI),10000.000000000005,100.00000000000004,2021-12-10,135.26811807409226,2021,12,2021-12,-2.009011764359825,0.0849271088470438
0,0,00,GENERAL INDEX (CPI),10000.000000000005,100.00000000000004,2022-01-10,138.70028103154667,2022,1,2022-01,1.3146572127886058,2.5373036945590233
0,0,00,GENERAL INDEX (CPI),10000.000000000005,100.00000000000004,2022-02-10,143.30285798911947,2022,2,2022-02,4.1940689845485934,3.3183616668563065
0,0,00,GENERAL INDEX (CPI),10000.000000000005,100.00000000000004,2022-03-10,147.29088507081377,2022,3,2022-03,5.641644469718732,2.7829361798193064
0,0,00,GENERAL INDEX (CPI),10000.000000000005,100.00000000000004,2022-04-10,152.79568720396415,2022,4,2022-04,10.548891718860665,3.7373678150578016
0,0,00,GENERAL INDEX (CPI),10000.000000000005,100.00000000000004,2022-05-10,156.04212355744207,2022,5,2022-05,14.78871670130446,2.1246910910150962
0,0,00,GENERAL INDEX (CPI),10000.000000000005,100.00000000000004,2022-06-10,157.8734545810127,2022,6,2022-06,16.135212256489574,1.1736132409762456
0,0,00,GENERAL INDEX (CPI),10000.000000000005,100.00000000000004,2022-07-10,162.15597337264091,2022,7,2022-07,19.598624652361085,2.71262753006436
0,0,00,GENERAL INDEX (CPI),10000.000000000005,100.00000000000004,2022-08-10,163.9856810210145,2022,8,2022-08,20.376162263827545,1.128362779562142
0,0,00,GENERAL INDEX (CPI),10000.000000000005,100.00000000000004,2022-09-10,169.10531036924942,2022,9,2022-09,23.897407875136658,3.1219977966117973
0,0,00,GENERAL INDEX (CPI),10000.000000000005,100.00000000000004,2022-10-10,178.65605684734038,2022,10,2022-10,31.034572046010457,5.647809910425905
0,0,00,GENERAL INDEX (CPI),10000.000000000005,100.00000000000004,2022-11-10,180.90065297253935,2022,11,2022-11,33.848455382385836,1.2563784093348351
0,0,00,GENERAL INDEX (CPI),10000.000000000005,100.00000000000004,2022-12-10,178.13716658165637,2022,12,2022-12,31.69190872019294,-1.5276265427867086
0,0,00,GENERAL INDEX (CPI),10000.000000000005,100.00000000000004,2023-01-10,181.87903213734194,2023,1,2023-01,31.130975932178885,2.1005529769501097
0,0,00,GENERAL INDEX (CPI),10000.000000000005,100.00000000000004,2023-02-10,186.71301169804616,2023,2,2023-02,30.292594521892013,2.657799254756288
0,0,00,GENERAL INDEX (CPI),10000.000000000005,100.00000000000004,2023-03-10,192.98146988384607,2023,3,2023-03,31.020646519345306,3.3572690669985583
0,0,00,GENERAL INDEX (CPI),10000.000000000005,100.00000000000004,2023-04-10,196.20323843410023,2023,4,2023-04,28.4088851095595,1.6694704171303698
0,0,00,GENERAL INDEX (CPI),10000.000000000005,100.00000000000004,2023-05-10,190.93204945521364,2023,5,2023-05,22.359299593181923,-2.686596317653056
0,0,00,GENERAL INDEX (CPI),10000.000000000005,100.00000000000004,2023-06-10,190.0796708301563,2023,6,2023-06,20.400019961948047,-0.4464303544059023
0,0,00,GENERAL INDEX (CPI),10000.000000000005,100.00000000000004,2023-07-10,190.15722001292409,2023,7,2023-07,17.26809445122024,0.040798251822038445
0,0,00,GENERAL INDEX (CPI),10000.000000000005,100.00000000000004,2023-08-10,192.46077373467168,2023,8,2023-08,17.364377509282747,1.211394298670876
0,0,00,GENERAL INDEX (CPI),10000.000000000005,100.00000000000004,2023-09-10,200.26973882529464,2023,9,2023-09,18.42900639134053,4.057432036196884
0,0,00,GENERAL INDEX (CPI),10000.000000000005,100.00000000000004,2023-10-10,201.78781653859858,2023,10,2023-10,12.947649298575993,0.7580165242179859
0,0,00,GENERAL INDEX (CPI),10000.000000000005,100.00000000000004,2023-11-10,197.9660467848511,2023,11,2023-11,9.433572257421474,-1.893954659555197
0,0,00,GENERAL INDEX (CPI),10000.000000000005,100.00000000000004,2023-12-10,189.2457584922176,2023,12,2023-12,6.235976536355836,-4.404941369623194
0,0,00,GENERAL INDEX (CPI),10000.000000000005,100.00000000000004,2024-01-10,187.55206105053725,2024,1,2024-01,3.1191220046252743,-0.8949724713381069
0,0,00,GENERAL INDEX (CPI),10000.000000000005,100.00000000000004,2024-02-10,192.6482784308708,2024,2,2024-02,3.1788179510612746,2.7172281401697473
0,0,00,GENERAL INDEX (CPI),10000.000000000005,100.00000000000004,2024-03-10,194.07410614455188,2024,3,2024-03,0.56618713774097,0.7401196238526087
0,0,00,GENERAL INDEX (CPI),10000.000000000005,100.00000000000004,2024-04-10,195.3205484187961,2024,4,2024-04,-0.44988554844909157,0.6422506840329634
0,0,00,GENERAL INDEX (CPI),10000.000000000005,100.00000000000004,2024-05-10,193.38723486139182,2024,5,2024-05,1.285894857978831,-0.9898157531582297
0,0,00,GENERAL INDEX (CPI),10000.000000000005,100.00000000000004,2024-06-10,192.20413984625736,2024,6,2024-06,1.1176729246334727,-0.6117751339598132
0,0,00,GENERAL INDEX (CPI),10000.000000000005,100.00000000000004,2024-07-10,193.07085801603515,2024,7,2024-07,1.5322258092083096,0.4509362651975435
0,0,00,GENERAL INDEX (CPI),10000.000000000005,100.00000000000004,2024-08-10,195.8048339021612,2024,8,2024-08,1.7375281739746562,1.4160479288381156
0,0,00,GENERAL INDEX (CPI),10000.000000000005,100.00000000000004,2024-09-10,198.67009004389908,2024,9,2024-09,-0.7987471251415634,1.4633224750567608
0,0,00,GENERAL INDEX (CPI),10000.000000000005,100.00000000000004,2024-10-10,202.84047968886478,2024,10,2024-10,0.521668338715009,2.0991532464923024
0,0,00,GENERAL INDEX (CPI),10000.000000000005,100.00000000000004,2024-11-10,204.65262410431308,2024,11,2024-11,3.377638452683218,0.8933840120216363
0,0,00,GENERAL INDEX (CPI),10000.000000000005,100.00000000000004,2024-12-10,201.35629091644296,2024,12,2024-12,6.399367954512658,-1.6106967610588496
0,0,00,GENERAL INDEX (CPI),10000.000000000005,100.00000000000004,2025-01-10,198.22020097593773,2025,1,2025-01,5.688095276396821,-1.5574829702274418
0,0,00,GENERAL INDEX (CPI),10000.000000000005,100.00000000000004,2025-02-10,199.91433118622712,2025,2,2025-02,3.7716676289758055,0.8546708165708239
0,0,00,GENERAL INDEX (CPI),10000.000000000005,100.00000000000004,2025-03-10,203.62251077110906,2025,3,2025-03,4.919978670129876,1.8548843211383614
0,0,00,GENERAL INDEX (CPI),10000.000000000005,100.00000000000004,2025-04-10,208.28555791070892,2025,4,2025-04,6.637811329565757,2.290045006291841
0,0,00,GENERAL INDEX (CPI),10000.000000000005,100.00000000000004,2025-05-10,208.24781570392912,2025,5,2025-05,7.684364923666487,-0.018120414664557494
0,0,00,GENERAL INDEX (CPI),10000.000000000005,100.00000000000004,2025-06-10,208.21560099733378,2025,6,2025-06,8.330445516877983,-0.015469409120305588
0,0,00,GENERAL INDEX (CPI),10000.000000000005,100.00000000000004,2025-07-10,206.88098770647338,2025,7,2025-07,7.152881502858022,-0.6409766052436594
0,0,00,GENERAL INDEX (CPI),10000.000000000005,100.00000000000004,2025-08-10,208.32314239677433,2025,8,2025-08,6.39325814646039,0.69709387328869
0,0,00,GENERAL INDEX (CPI),10000.000000000005,100.00000000000004,2025-09-10,211.0234849145634,2025,9,2025-09,6.218044632654385,1.2962278154608375
0,0,00,GENERAL INDEX (CPI),10000.000000000005,100.00000000000004,2025-10-10,213.19532244723104,2025,10,2025-10,5.104919281520859,1.0291923354156296
0,0,00,GENERAL INDEX (CPI),10000.000000000005,100.00000000000004,2025-11-10,212.94336593261227,2025,11,2025-11,4.0511290117019705,-0.11818107063823469
0,0,00,GENERAL INDEX (CPI),10000.000000000005,100.00000000000004,2025-12-10,211.75824523222954,2025,12,2025-12,5.1659445396236015,-0.5565426728333822
0,0,00,GENERAL INDEX (CPI),10000.000000000005,100.00000000000004,2026-01-10,213.05508663778403,2026,1,2026-01,7.4840432956917,0.6124160143716084
0,0,00,GENERAL INDEX (CPI),10000.000000000005,100.00000000000004,2026-02-10,215.6632134278632,2026,2,2026-02,7.877815536378674,1.224156076833438
0,0,00,GENERAL INDEX (CPI),10000.000000000005,100.00000000000004,2026-03-10,219.3095152462823,2026,3,2026-03,7.703963778742962,1.6907388888734776
0,0,00,GENERAL INDEX (CPI),10000.000000000005,100.00000000000004,2026-04-10,232.3278823661185,2026,4,2026-04,11.542962794240609,5.936070354820999
0,0,00,GENERAL INDEX (CPI),10000.000000000005,100.00000000000004,2026-05-10,233.7883235367654,2026,5,2026-05,12.26447813942395,0.6286120958763908
0,0,00,GENERAL INDEX (CPI),10000.000000000005,100.00000000000004,2026-06-10,234.74261114378544,2026,6,2026-06,12.740164531086862,0.40818446044845746
0,0,00,GENERAL INDEX (CPI),10000.000000000005,100.00000000000004,2026-07-10,235.33375904068512,2026,7,2026-07,13.753207411490642,0.2518281167698255
0,0,00,GENERAL INDEX (CPI),10000.000000000005,100.00000000000004,2026-08-10,241.36677572335137,2026,8,2026-08,15.861719896506642,2.563600185225967
0,0,01,Food and non-alcoholic beverages,3903.5428337111343,39.03542833711134,2009-02-01,74.83668609147115,2009,2,2009-02,,
0,0,01,Food and non-alcoholic beverages,3903.5428337111343,39.03542833711134,2009-03-01,77.90264756226848,2009,3,2009-03,,4.096869638307976
0,0,01,Food and non-alcoholic beverages,3903.5428337111343,39.03542833711134,2009-04-01,77.55517527588417,2009,4,2009-04,,-0.4460339889046483
0,0,01,Food and non-alcoholic beverages,3903.5428337111343,39.03542833711134,2009-05-01,78.27625758146993,2009,5,2009-05,,0.9297668440831908
0,0,01,Food and non-alcoholic beverages,3903.5428337111343,39.03542833711134,2009-06-01,75.09210740309767,2009,6,2009-06,,-4.067836502094135
0,0,01,Food and non-alcoholic beverages,3903.5428337111343,39.03542833711134,2009-07-01,78.72787006921035,2009,7,2009-07,,4.841737423342973
0,0,01,Food and non-alcoholic beverages,3903.5428337111343,39.03542833711134,2009-08-01,78.96481228554363,2009,8,2009-08,,0.3009635801463739
0,0,01,Food and non-alcoholic beverages,3903.5428337111343,39.03542833711134,2009-09-01,81.15428594624322,2009,9,2009-09,,2.7727206553499695
0,0,01,Food and non-alcoholic beverages,3903.5428337111343,39.03542833711134,2009-10-01,84.00290476068763,2009,10,2009-10,,3.510127384191808
0,0,01,Food and non-alcoholic beverages,3903.5428337111343,39.03542833711134,2009-11-01,88.56726752233996,2009,11,2009-11,,5.433577296708436
0,0,01,Food and non-alcoholic beverages,3903.5428337111343,39.03542833711134,2009-12-01,86.89449755475572,2009,12,2009-12,,-1.8886999840683871
0,0,01,Food and non-alcoholic beverages,3903.5428337111343,39.03542833711134,2010-01-01,82.54578802699689,2010,1,2010-01,,-5.004585618345436
0,0,01,Food and non-alcoholic beverages,3903.5428337111343,39.03542833711134,2010-02-01,78.86224871196497,2010,2,2010-02,5.379129983887121,-4.462419468122603
0,0,01,Food and non-alcoholic beverages,3903.5428337111343,39.03542833711134,2010-03-01,79.628313031005,2010,3,2010-03,2.2151563813761044,0.9713954795253166
0,0,01,Food and non-alcoholic beverages,3903.5428337111343,39.03542833711134,2010-04-01,78.0895703008317,2010,4,2010-04,0.6890514050758689,-1.9324065418466985
0,0,01,Food and non-alcoholic beverages,3903.5428337111343,39.03542833711134,2010-05-01,77.7728625447927,2010,5,2010-05,-0.6431005418894742,-0.40556985371914545
0,0,01,Food and non-alcoholic beverages,3903.5428337111343,39.03542833711134,2010-06-01,76.48675529522065,2010,6,2010-06,1.8572496369511082,-1.6536709688824036
0,0,01,Food and non-alcoholic beverages,3903.5428337111343,39.03542833711134,2010-07-01,74.38705642947619,2010,7,2010-07,-5.513693735037051,-2.745179681946397
0,0,01,Food and non-alcoholic beverages,3903.5428337111343,39.03542833711134,2010-08-01,75.62080341391136,2010,8,2010-08,-4.234808865928841,1.658550618419552
0,0,01,Food and non-alcoholic beverages,3903.5428337111343,39.03542833711134,2010-09-01,79.82919586454895,2010,9,2010-09,-1.6328035743817804,5.565125283849337
0,0,01,Food and non-alcoholic beverages,3903.5428337111343,39.03542833711134,2010-10-01,79.94887066315722,2010,10,2010-10,-4.826064180851574,0.14991357148497197
0,0,01,Food and non-alcoholic beverages,3903.5428337111343,39.03542833711134,2010-11-01,79.20012754764271,2010,11,2010-11,-10.576300067442535,-0.9365274447329486
0,0,01,Food and non-alcoholic beverages,3903.5428337111343,39.03542833711134,2010-12-01,76.28866837539795,2010,12,2010-12,-12.205409407741396,-3.676078893298973
0,0,01,Food and non-alcoholic beverages,3903.5428337111343,39.03542833711134,2011-01-01,73.33882939287244,2011,1,2011-01,-11.153759451800592,-3.866680393489197
0,0,01,Food and non-alcoholic beverages,3903.5428337111343,39.03542833711134,2011-02-01,73.18755166870696,2011,2,2011-02,-7.195707877902602,-0.20627234633797675
0,0,01,Food and non-alcoholic beverages,3903.5428337111343,39.03542833711134,2011-03-01,75.36861945238367,2011,3,2011-03,-5.3494710819287805,2.98010759199816
0,0,01,Food and non-alcoholic beverages,3903.5428337111343,39.03542833711134,2011-04-01,79.82956194082564,2011,4,2011-04,2.2281997881289595,5.918832693041831
0,0,01,Food and non-alcoholic beverages,3903.5428337111343,39.03542833711134,2011-05-01,79.43379942322154,2011,5,2011-05,2.135625234923344,-0.49575935027359463
0,0,01,Food and non-alcoholic beverages,3903.5428337111343,39.03542833711134,2011-06-01,80.79320164062392,2011,6,2011-06,5.6303164237800685,1.711364969664242
0,0,01,Food and non-alcoholic beverages,3903.5428337111343,39.03542833711134,2011-07-01,81.1725103350034,2011,7,2011-07,9.12182069196441,0.46948095468066775
0,0,01,Food and non-alcoholic beverages,3903.5428337111343,39.03542833711134,2011-08-01,81.10166344960909,2011,8,2011-08,7.247820425416762,-0.08727940666355405
0,0,01,Food and non-alcoholic beverages,3903.5428337111343,39.03542833711134,2011-09-01,82.2742153596649,2011,9,2011-09,3.0628136343306744,1.4457803455342644
0,0,01,Food and non-alcoholic beverages,3903.5428337111343,39.03542833711134,2011-10-01,83.29040855253966,2011,10,2011-10,4.179593609847343,1.2351296070493456
0,0,01,Food and non-alcoholic beverages,3903.5428337111343,39.03542833711134,2011-11-01,84.32134061461234,2011,11,2011-11,6.466167701420655,1.2377560393671994
0,0,01,Food and non-alcoholic beverages,3903.5428337111343,39.03542833711134,2011-12-01,83.4469860727339,2011,12,2011-12,9.38319916938597,-1.03693149979035
0,0,01,Food and non-alcoholic beverages,3903.5428337111343,39.03542833711134,2012-01-01,81.77637242245699,2012,1,2012-01,11.504878247217508,-2.0020059787669076
0,0,01,Food and non-alcoholic beverages,3903.5428337111343,39.03542833711134,2012-02-01,84.26569607625777,2012,2,2012-02,15.13665118584302,3.044062215111376
0,0,01,Food and non-alcoholic beverages,3903.5428337111343,39.03542833711134,2012-03-01,89.59319557781882,2012,3,2012-03,18.873340428401963,6.322263684548246
0,0,01,Food and non-alcoholic beverages,3903.5428337111343,39.03542833711134,2012-04-01,91.78191087839649,2012,4,2012-04,14.972334367099037,2.4429481351366578
0,0,01,Food and non-alcoholic beverages,3903.5428337111343,39.03542833711134,2012-05-01,93.74194691357229,2012,5,2012-05,18.012669158776173,2.135536312566755
0,0,01,Food and non-alcoholic beverages,3903.5428337111343,39.03542833711134,2012-06-01,92.97501255643796,2012,6,2012-06,15.077767273043508,-0.818133591615533
0,0,01,Food and non-alcoholic beverages,3903.5428337111343,39.03542833711134,2012-07-01,94.0257209966297,2012,7,2012-07,15.834437802379654,1.1300976588241252
0,0,01,Food and non-alcoholic beverages,3903.5428337111343,39.03542833711134,2012-08-01,95.92125444535024,2012,8,2012-08,18.27285701106367,2.0159733194585083
0,0,01,Food and non-alcoholic beverages,3903.5428337111343,39.03542833711134,2012-09-01,97.7288542971889,2012,9,2012-09,18.784304256155426,1.8844622730288751
0,0,01,Food and non-alcoholic beverages,3903.5428337111343,39.03542833711134,2012-10-01,99.76402866182605,2012,10,2012-10,19.77853200095041,2.082470299353223
0,0,01,Food and non-alcoholic beverages,3903.5428337111343,39.03542833711134,2012-11-01,98.34646470796217,2012,11,2012-11,16.63294723627695,-1.420916910511949
0,0,01,Food and non-alcoholic beverages,3903.5428337111343,39.03542833711134,2012-12-01,95.42476275038953,2012,12,2012-12,14.353755889057007,-2.9708256074568284
0,0,01,Food and non-alcoholic beverages,3903.5428337111343,39.03542833711134,2013-01-01,94.13628983282186,2013,1,2013-01,15.114289181859885,-1.350250061336844
0,0,01,Food and non-alcoholic beverages,3903.5428337111343,39.03542833711134,2013-02-01,94.05484962065188,2013,2,2013-02,11.617009056135053,-0.0865130889634691
0,0,01,Food and non-alcoholic beverages,3903.5428337111343,39.03542833711134,2013-03-01,95.98611290142168,2013,3,2013-03,7.135494255308816,2.0533372692201457
0,0,01,Food and non-alcoholic beverages,3903.5428337111343,39.03542833711134,2013-04-01,98.69704113678587,2013,4,2013-04,7.5343062616678,2.824292132913375
0,0,01,Food and non-alcoholic beverages,3903.5428337111343,39.03542833711134,2013-05-01,99.04120005956233,2013,5,2013-05,5.653022281344144,0.34870237122861525
0,0,01,Food and non-alcoholic beverages,3903.5428337111343,39.03542833711134,2013-06-01,98.49149801154172,2013,6,2013-06,5.933298962186351,-0.5550236141020348
0,0,01,Food and non-alcoholic beverages,3903.5428337111343,39.03542833711134,2013-07-01,99.60746698965832,2013,7,2013-07,5.936403288232905,1.1330612292909104
0,0,01,Food and non-alcoholic beverages,3903.5428337111343,39.03542833711134,2013-08-01,101.08861614227106,2013,8,2013-08,5.387087279873781,1.486986063772222
0,0,01,Food and non-alcoholic beverages,3903.5428337111343,39.03542833711134,2013-09-01,108.01083932127716,2013,9,2013-09,10.520930689334818,6.847678248225142
0,0,01,Food and non-alcoholic beverages,3903.5428337111343,39.03542833711134,2013-10-01,110.32182787564523,2013,10,2013-10,10.582771521394108,2.139589479065207
0,0,01,Food and non-alcoholic beverages,3903.5428337111343,39.03542833711134,2013-11-01,109.11197368823774,2013,11,2013-11,10.946513443308348,-1.0966589393091253
0,0,01,Food and non-alcoholic beverages,3903.5428337111343,39.03542833711134,2013-12-01,101.98621760087559,2013,12,2013-12,6.876050473030149,-6.530682056693749
0,0,01,Food and non-alcoholic beverages,3903.5428337111343,39.03542833711134,2014-01-01,98.11598836037669,2014,1,2014-01,4.227592286271786,-3.7948551593952606
0,0,01,Food and non-alcoholic beverages,3903.5428337111343,39.03542833711134,2014-02-01,100.00000000000001,2014,2,2014-02,6.320939753055277,1.9201882089832534
0,0,01,Food and non-alcoholic beverages,3903.5428337111343,39.03542833711134,2014-03-01,104.9493649301679,2014,3,2014-03,9.338071683298121,4.949364930167888
0,0,01,Food and non-alcoholic beverages,3903.5428337111343,39.03542833711134,2014-04-01,105.06756604239676,2014,4,2014-04,6.4546260275238465,0.11262680084582755
0,0,01,Food and non-alcoholic beverages,3903.5428337111343,39.03542833711134,2014-05-01,105.6996558388889,2014,5,2014-05,6.722915085158743,0.6016031590920123
0,0,01,Food and non-alcoholic beverages,3903.5428337111343,39.03542833711134,2014-06-01,105.58346245117868,2014,6,2014-06,7.2005854137845215,-0.10992787704752205
0,0,01,Food and non-alcoholic beverages,3903.5428337111343,39.03542833711134,2014-07-01,104.72549019775339,2014,7,2014-07,5.138192309042888,-0.8126009826794678
0,0,01,Food and non-alcoholic beverages,3903.5428337111343,39.03542833711134,2014-08-01,105.89855135935845,2014,8,2014-08,4.758137365653448,1.1201295495394392
0,0,01,Food and non-alcoholic beverages,3903.5428337111343,39.03542833711134,2014-09-01,106.13435335786554,2014,9,2014-09,-1.7373126393639415,0.22266782262856388
0,0,01,Food and non-alcoholic beverages,3903.5428337111343,39.03542833711134,2014-10-01,104.8438207677172,2014,10,2014-10,-4.96547892054765,-1.2159423874726905
0,0,01,Food and non-alcoholic beverages,3903.5428337111343,39.03542833711134,2014-11-01,101.43634208336682,2014,11,2014-11,-7.034637304611735,-3.2500519910464654
0,0,01,Food and non-alcoholic beverages,3903.5428337111343,39.03542833711134,2014-12-01,98.73160464685313,2014,12,2014-12,-3.191228217482711,-2.6664382616348403
0,0,01,Food and non-alcoholic beverages,3903.5428337111343,39.03542833711134,2015-01-01,96.6171677793936,2015,1,2015-01,-1.5276007570529493,-2.1416008329070757
0,0,01,Food and non-alcoholic beverages,3903.5428337111343,39.03542833711134,2015-02-01,98.97814884673753,2015,2,2015-02,-1.0218511532624874,2.4436454944888997
0,0,01,Food and non-alcoholic beverages,3903.5428337111343,39.03542833711134,2015-03-01,103.08925860389613,2015,3,2015-03,-1.772384547071315,4.153552885217571
0,0,01,Food and non-alcoholic beverages,3903.5428337111343,39.03542833711134,2015-04-01,107.54028802871831,2015,4,2015-04,2.3534589021732444,4.317646169058742
0,0,01,Food and non-alcoholic beverages,3903.5428337111343,39.03542833711134,2015-05-01,107.35422118881613,2015,5,2015-05,1.5653460144176456,-0.17302058913259977
0,0,01,Food and non-alcoholic beverages,3903.5428337111343,39.03542833711134,2015-06-01,105.63642188244164,2015,6,2015-06,0.05015883172749813,-1.6001227407287488
0,0,01,Food and non-alcoholic beverages,3903.5428337111343,39.03542833711134,2015-07-01,104.56928874015595,2015,7,2015-07,-0.1491532360483383,-1.0101943281203285
0,0,01,Food and non-alcoholic beverages,3903.5428337111343,39.03542833711134,2015-08-01,108.23208435947933,2015,8,2015-08,2.203555166871185,3.5027450826648154
0,0,01,Food and non-alcoholic beverages,3903.5428337111343,39.03542833711134,2015-09-01,111.55094005907429,2015,9,2015-09,5.103518822925346,3.06642500625951
0,0,01,Food and non-alcoholic beverages,3903.5428337111343,39.03542833711134,2015-10-01,115.51059668539784,2015,10,2015-10,10.173967182398869,3.5496398544258234
0,0,01,Food and non-alcoholic beverages,3903.5428337111343,39.03542833711134,2015-11-01,116.58180401713207,2015,11,2015-11,14.931001673263955,0.9273671528610805
0,0,01,Food and non-alcoholic beverages,3903.5428337111343,39.03542833711134,2015-12-01,111.6329453736767,2015,12,2015-12,13.067083000392387,-4.244966601072764
0,0,01,Food and non-alcoholic beverages,3903.5428337111343,39.03542833711134,2016-01-01,108.92518577246575,2016,1,2016-01,12.738955483744995,-2.425591828780549
0,0,01,Food and non-alcoholic beverages,3903.5428337111343,39.03542833711134,2016-02-01,109.87968389636467,2016,2,2016-02,11.014082579486907,0.8762878090405657
0,0,01,Food and non-alcoholic beverages,3903.5428337111343,39.03542833711134,2016-03-01,113.39669262758251,2016,3,2016-03,9.998552868918221,3.2007816245039233
0,0,01,Food and non-alcoholic beverages,3903.5428337111343,39.03542833711134,2016-04-01,114.48396202636047,2016,4,2016-04,6.456811791119499,0.9588193214318697
0,0,01,Food and non-alcoholic beverages,3903.5428337111343,39.03542833711134,2016-05-01,114.22068694729155,2016,5,2016-05,6.396083621526705,-0.22996677823597933
0,0,01,Food and non-alcoholic beverages,3903.5428337111343,39.03542833711134,2016-06-01,116.65749830205718,2016,6,2016-06,10.433027002637818,2.133423830562431
0,0,01,Food and non-alcoholic beverages,3903.5428337111343,39.03542833711134,2016-07-01,119.54631255123557,2016,7,2016-07,14.322583610849637,2.47632110342233
0,0,01,Food and non-alcoholic beverages,3903.5428337111343,39.03542833711134,2016-08-01,122.58505757351136,2016,8,2016-08,13.261292433730109,2.541897744418864
0,0,01,Food and non-alcoholic beverages,3903.5428337111343,39.03542833711134,2016-09-01,126.52642438906092,2016,9,2016-09,13.424794378295712,3.2152098253785955
0,0,01,Food and non-alcoholic beverages,3903.5428337111343,39.03542833711134,2016-10-01,134.49223215501897,2016,10,2016-10,16.43280877625375,6.295766125077296
0,0,01,Food and non-alcoholic beverages,3903.5428337111343,39.03542833711134,2016-11-01,135.61467206436095,2016,11,2016-11,16.325762161333458,0.8345760133181779
0,0,01,Food and non-alcoholic beverages,3903.5428337111343,39.03542833711134,2016-12-01,134.9115832552235,2016,12,2016-12,20.85283856268827,-0.5184459752288317
0,0,01,Food and non-alcoholic beverages,3903.5428337111343,39.03542833711134,2017-01-01,132.7889363499563,2017,1,2017-01,21.908386392234046,-1.57336149650813
0,0,01,Food and non-alcoholic beverages,3903.5428337111343,39.03542833711134,2017-02-01,136.75871459788362,2017,2,2017-02,24.462238831038576,2.9895399097596975
0,0,01,Food and non-alcoholic beverages,3903.5428337111343,39.03542833711134,2017-03-01,140.1456184687828,2017,3,2017-03,23.588806006052685,2.4765543321007444
0,0,01,Food and non-alcoholic beverages,3903.5428337111343,39.03542833711134,2017-04-01,141.27441069320403,2017,4,2017-04,23.401049537991113,0.8054423939573008
0,0,01,Food and non-alcoholic beverages,3903.5428337111343,39.03542833711134,2017-05-01,137.8891134815568,2017,5,2017-05,20.72166362052026,-2.396256473508751
0,0,01,Food and non-alcoholic beverages,3903.5428337111343,39.03542833711134,2017-06-01,133.49424790101074,2017,6,2017-06,14.432633858955857,-3.187246236907515
0,0,01,Food and non-alcoholic beverages,3903.5428337111343,39.03542833711134,2017-07-01,133.34496938901657,2017,7,2017-07,11.542519834618158,-0.1118239282525968
0,0,01,Food and non-alcoholic beverages,3903.5428337111343,39.03542833711134,2017-08-01,135.40719262113407,2017,8,2017-08,10.45978629159885,1.5465324575546946
0,0,01,Food and non-alcoholic beverages,3903.5428337111343,39.03542833711134,2017-09-01,139.81258780430002,2017,9,2017-09,10.500702504944726,3.2534425224309382
0,0,01,Food and non-alcoholic beverages,3903.5428337111343,39.03542833711134,2017-10-01,142.57474534206162,2017,10,2017-10,6.009650563109514,1.975614342842924
0,0,01,Food and non-alcoholic beverages,3903.5428337111343,39.03542833711134,2017-11-01,132.8922613563882,2017,11,2017-11,-2.0074603039122008,-6.791163443738557
0,0,01,Food and non-alcoholic beverages,3903.5428337111343,39.03542833711134,2017-12-01,126.60346119784931,2017,12,2017-12,-6.158197729884329,-4.732254605611441
0,0,01,Food and non-alcoholic beverages,3903.5428337111343,39.03542833711134,2018-01-01,125.77899993322231,2018,1,2018-01,-5.2790063761485095,-0.6512154224113775
0,0,01,Food and non-alcoholic beverages,3903.5428337111343,39.03542833711134,2018-02-01,126.59210000685097,2018,2,2018-02,-7.433979341591435,0.6464513742837408
0,0,01,Food and non-alcoholic beverages,3903.5428337111343,39.03542833711134,2018-03-01,129.1167688766124,2018,3,2018-03,-7.8695643236445845,1.994333666654402
0,0,01,Food and non-alcoholic beverages,3903.5428337111343,39.03542833711134,2018-04-10,130.19369104104973,2018,4,2018-04,-7.843401786483151,0.8340683970077256
0,0,01,Food and non-alcoholic beverages,3903.5428337111343,39.03542833711134,2018-05-10,132.36632595514203,2018,5,2018-05,-4.005238257734867,1.6687712720328873
0,0,01,Food and non-alcoholic beverages,3903.5428337111343,39.03542833711134,2018-06-10,128.58355785966035,2018,6,2018-06,-3.6785780050926142,-2.8578024419621983
0,0,01,Food and non-alcoholic beverages,3903.5428337111343,39.03542833711134,2018-07-10,125.77735597876732,2018,7,2018-07,-5.675214779323035,-2.182395578100116
0,0,01,Food and non-alcoholic beverages,3903.5428337111343,39.03542833711134,2018-08-10,126.8377391093069,2018,8,2018-08,-6.328654590605309,0.8430636200673414
0,0,01,Food and non-alcoholic beverages,3903.5428337111343,39.03542833711134,2018-09-10,126.18117056017735,2018,9,2018-09,-9.74977822683819,-0.5176444753274279
0,0,01,Food and non-alcoholic beverages,3903.5428337111343,39.03542833711134,2018-10-10,122.36980219877871,2018,10,2018-10,-14.17147412384131,-3.0205523886632113
0,0,01,Food and non-alcoholic beverages,3903.5428337111343,39.03542833711134,2018-11-10,120.66586693784937,2018,11,2018-11,-9.200230542958622,-1.3924475077286225
0,0,01,Food and non-alcoholic beverages,3903.5428337111343,39.03542833711134,2018-12-10,117.84372190447931,2018,12,2018-12,-6.919036186286198,-2.3388097272144526
0,0,01,Food and non-alcoholic beverages,3903.5428337111343,39.03542833711134,2019-01-10,117.24166207220543,2019,1,2019-01,-6.787570155232158,-0.5108968238137446
0,0,01,Food and non-alcoholic beverages,3903.5428337111343,39.03542833711134,2019-02-10,117.31900668904849,2019,2,2019-02,-7.325175360311286,0.06597024937724516
0,0,01,Food and non-alcoholic beverages,3903.5428337111343,39.03542833711134,2019-03-10,123.89648496930087,2019,3,2019-03,-4.043071982617674,5.606489916579194
0,0,01,Food and non-alcoholic beverages,3903.5428337111343,39.03542833711134,2019-04-10,125.69007093637917,2019,4,2019-04,-3.459169233669379,1.4476487912653102
0,0,01,Food and non-alcoholic beverages,3903.5428337111343,39.03542833711134,2019-05-10,127.55656899646577,2019,5,2019-05,-3.633671119878523,1.4850004031196518
0,0,01,Food and non-alcoholic beverages,3903.5428337111343,39.03542833711134,2019-06-10,127.16406557924164,2019,6,2019-06,-1.1039454064321164,-0.3077092934625769
0,0,01,Food and non-alcoholic beverages,3903.5428337111343,39.03542833711134,2019-07-10,126.53043122092518,2019,7,2019-07,0.5987367410434263,-0.49828098482870287
0,0,01,Food and non-alcoholic beverages,3903.5428337111343,39.03542833711134,2019-08-10,131.5679871445148,2019,8,2019-08,3.7293695617922173,3.9812998936152644
0,0,01,Food and non-alcoholic beverages,3903.5428337111343,39.03542833711134,2019-09-10,136.53489064507858,2019,9,2019-09,8.205439875804132,3.775161122673487
0,0,01,Food and non-alcoholic beverages,3903.5428337111343,39.03542833711134,2019-10-10,139.7928829673336,2019,10,2019-10,14.238055840159536,2.386197628212239
0,0,01,Food and non-alcoholic beverages,3903.5428337111343,39.03542833711134,2019-11-10,149.36838293266857,2019,11,2019-11,23.78677311422528,6.849776442175903
0,0,01,Food and non-alcoholic beverages,3903.5428337111343,39.03542833711134,2019-12-10,145.9073558582898,2019,12,2019-12,23.814280048417057,-2.3171082168968127
0,0,01,Food and non-alcoholic beverages,3903.5428337111343,39.03542833711134,2020-01-10,143.2191590740197,2020,1,2020-01,22.157223415866923,-1.8423997669322234
0,0,01,Food and non-alcoholic beverages,3903.5428337111343,39.03542833711134,2020-02-10,148.5094033592898,2020,2,2020-02,26.585970637230826,3.6938104646571324
0,0,01,Food and non-alcoholic beverages,3903.5428337111343,39.03542833711134,2020-03-10,153.78120642254004,2020,3,2020-03,24.12071775938116,3.5498109506885145
0,0,01,Food and non-alcoholic beverages,3903.5428337111343,39.03542833711134,2020-04-10,149.18248497263244,2020,4,2020-04,18.690747694895073,-2.9904313777275426
0,0,01,Food and non-alcoholic beverages,3903.5428337111343,39.03542833711134,2020-05-10,144.76448639516283,2020,5,2020-05,13.49042039471433,-2.9614727079255276
0,0,01,Food and non-alcoholic beverages,3903.5428337111343,39.03542833711134,2020-06-10,145.38075451851387,2020,6,2020-06,14.32534329277213,0.4257039407225882
0,0,01,Food and non-alcoholic beverages,3903.5428337111343,39.03542833711134,2020-07-10,148.47426411185418,2020,7,2020-07,17.34273145138858,2.127867339515266
0,0,01,Food and non-alcoholic beverages,3903.5428337111343,39.03542833711134,2020-08-10,151.9642394362579,2020,8,2020-08,15.502443059602179,2.3505590987637603
0,0,01,Food and non-alcoholic beverages,3903.5428337111343,39.03542833711134,2020-09-10,157.14924912323661,2020,9,2020-09,15.09823487664037,3.4119933125145385
0,0,01,Food and non-alcoholic beverages,3903.5428337111343,39.03542833711134,2020-10-10,159.14376614988075,2020,10,2020-10,13.842538169177754,1.2691864821320564
0,0,01,Food and non-alcoholic beverages,3903.5428337111343,39.03542833711134,2020-11-10,156.6929102575853,2020,11,2020-11,4.903666479551072,-1.540026324365873
0,0,01,Food and non-alcoholic beverages,3903.5428337111343,39.03542833711134,2020-12-10,151.79304937566872,2020,12,2020-12,4.0338566090494465,-3.1270469569183335
0,0,01,Food and non-alcoholic beverages,3903.5428337111343,39.03542833711134,2021-01-10,148.147041892385,2021,1,2021-01,3.44079859861377,-2.4019594429915525
0,0,01,Food and non-alcoholic beverages,3903.5428337111343,39.03542833711134,2021-02-10,149.91680182150287,2021,2,2021-02,0.9476830627405786,1.1945968724798695
0,0,01,Food and non-alcoholic beverages,3903.5428337111343,39.03542833711134,2021-03-10,153.06605921406594,2021,3,2021-03,-0.46504200682956354,2.1006700745342055
0,0,01,Food and non-alcoholic beverages,3903.5428337111343,39.03542833711134,2021-04-10,149.7873884304165,2021,4,2021-04,0.4054788723321323,-2.141997253005745
0,0,01,Food and non-alcoholic beverages,3903.5428337111343,39.03542833711134,2021-05-10,143.25536489249077,2021,5,2021-05,-1.042466657570018,-4.360863492162547
0,0,01,Food and non-alcoholic beverages,3903.5428337111343,39.03542833711134,2021-06-10,143.1559216427141,2021,6,2021-06,-1.530348967556383,-0.06941677182652484
0,0,01,Food and non-alcoholic beverages,3903.5428337111343,39.03542833711134,2021-07-10,143.27914589372938,2021,7,2021-07,-3.499002503363835,0.08607694994469117
0,0,01,Food and non-alcoholic beverages,3903.5428337111343,39.03542833711134,2021-08-10,143.29604276793202,2021,8,2021-08,-5.704102952432965,0.011792975242319592
0,0,01,Food and non-alcoholic beverages,3903.5428337111343,39.03542833711134,2021-09-10,143.9296322821715,2021,9,2021-09,-8.412141270047224,0.44215422980351526
0,0,01,Food and non-alcoholic beverages,3903.5428337111343,39.03542833711134,2021-10-10,142.3123234281462,2021,10,2021-10,-10.57625009696126,-1.1236802515097177
0,0,01,Food and non-alcoholic beverages,3903.5428337111343,39.03542833711134,2021-11-10,137.4814471543283,2021,11,2021-11,-12.260582225242711,-3.3945593448602596
0,0,01,Food and non-alcoholic beverages,3903.5428337111343,39.03542833711134,2021-12-10,137.2970175613287,2021,12,2021-12,-9.549865342295206,-0.13414871374795023
0,0,01,Food and non-alcoholic beverages,3903.5428337111343,39.03542833711134,2022-01-10,143.99478232067,2022,1,2022-01,-2.802796140020969,4.878303169513143
0,0,01,Food and non-alcoholic beverages,3903.5428337111343,39.03542833711134,2022-02-10,150.6196567703033,2022,2,2022-02,0.4688300045496474,4.600773960600879
0,0,01,Food and non-alcoholic beverages,3903.5428337111343,39.03542833711134,2022-03-10,157.0285313004781,2022,3,2022-03,2.5887333264852375,4.255005400754852
0,0,01,Food and non-alcoholic beverages,3903.5428337111343,39.03542833711134,2022-04-10,169.5675502344888,2022,4,2022-04,13.205492138786523,7.985185131749706
0,0,01,Food and non-alcoholic beverages,3903.5428337111343,39.03542833711134,2022-05-10,177.4006534099305,2022,5,2022-05,23.83525988228421,4.619458831957868
0,0,01,Food and non-alcoholic beverages,3903.5428337111343,39.03542833711134,2022-06-10,180.5285496619786,2022,6,2022-06,26.10623967937449,1.7631819229099843
0,0,01,Food and non-alcoholic beverages,3903.5428337111343,39.03542833711134,2022-07-10,190.1131683031197,2022,7,2022-07,32.68725683507861,5.309198273119309
0,0,01,Food and non-alcoholic beverages,3903.5428337111343,39.03542833711134,2022-08-10,192.65516558086742,2022,8,2022-08,34.445558899956865,1.3370968988822174
0,0,01,Food and non-alcoholic beverages,3903.5428337111343,39.03542833711134,2022-09-10,203.23481032322448,2022,9,2022-09,41.204286497992456,5.491492901557438
0,0,01,Food and non-alcoholic beverages,3903.5428337111343,39.03542833711134,2022-10-10,223.25946745184623,2022,10,2022-10,56.87992583760355,9.852966180731816
0,0,01,Food and non-alcoholic beverages,3903.5428337111343,39.03542833711134,2022-11-10,226.09240477674766,2022,11,2022-11,64.45302944982103,1.268899078383967
0,0,01,Food and non-alcoholic beverages,3903.5428337111343,39.03542833711134,2022-12-10,218.5943460132898,2022,12,2022-12,59.21274175940982,-3.316369150419596
0,0,01,Food and non-alcoholic beverages,3903.5428337111343,39.03542833711134,2023-01-10,226.45832482937635,2023,1,2023-01,57.268424021825815,3.59752160085991
0,0,01,Food and non-alcoholic beverages,3903.5428337111343,39.03542833711134,2023-02-10,240.57500901202195,2023,2,2023-02,59.72351429461933,6.233678622007699
0,0,01,Food and non-alcoholic beverages,3903.5428337111343,39.03542833711134,2023-03-10,255.2544696255114,2023,3,2023-03,62.552924307160104,6.101822742841878
0,0,01,Food and non-alcoholic beverages,3903.5428337111343,39.03542833711134,2023-04-10,262.16810213077326,2023,4,2023-04,54.609830576799936,2.70852554135681
0,0,01,Food and non-alcoholic beverages,3903.5428337111343,39.03542833711134,2023-05-10,247.68325840947963,2023,5,2023-05,39.61800796592492,-5.525021390309481
0,0,01,Food and non-alcoholic beverages,3903.5428337111343,39.03542833711134,2023-06-10,244.8636921309887,2023,6,2023-06,35.637101494179824,-1.1383758016577428
0,0,01,Food and non-alcoholic beverages,3903.5428337111343,39.03542833711134,2023-07-10,245.58316750975493,2023,7,2023-07,29.17735772947243,0.2938268930378296
0,0,01,Food and non-alcoholic beverages,3903.5428337111343,39.03542833711134,2023-08-10,251.89836712487522,2023,8,2023-08,30.75090219635992,2.5715115898036656
0,0,01,Food and non-alcoholic beverages,3903.5428337111343,39.03542833711134,2023-09-10,270.4916630783602,2023,9,2023-09,33.093175646519654,7.381268948149877
0,0,01,Food and non-alcoholic beverages,3903.5428337111343,39.03542833711134,2023-10-10,273.5362205181808,2023,10,2023-10,22.519427122246682,1.1255642429684132
0,0,01,Food and non-alcoholic beverages,3903.5428337111343,39.03542833711134,2023-11-10,262.3297348581569,2023,11,2023-11,16.027663608245213,-4.096892776684058
0,0,01,Food and non-alcoholic beverages,3903.5428337111343,39.03542833711134,2023-12-10,238.51590579460535,2023,12,2023-12,9.113483557394652,-9.077823021636423
0,0,01,Food and non-alcoholic beverages,3903.5428337111343,39.03542833711134,2024-01-10,233.01061440265025,2024,1,2024-01,2.8933754491960784,-2.3081443451808625
0,0,01,Food and non-alcoholic beverages,3903.5428337111343,39.03542833711134,2024-02-10,242.57908783712585,2024,2,2024-02,0.8330369947128435,4.106453887950767
0,0,01,Food and non-alcoholic beverages,3903.5428337111343,39.03542833711134,2024-03-10,244.81237111562092,2024,3,2024-03,-4.090858242447348,0.9206413044122508
0,0,01,Food and non-alcoholic beverages,3903.5428337111343,39.03542833711134,2024-04-10,244.73533487252018,2024,4,2024-04,-6.649461592225803,-0.031467463326984024
0,0,01,Food and non-alcoholic beverages,3903.5428337111343,39.03542833711134,2024-05-10,238.9555627394593,2024,5,2024-05,-3.5237325792893737,-2.3616418675592943
0,0,01,Food and non-alcoholic beverages,3903.5428337111343,39.03542833711134,2024-06-10,235.41851677437407,2024,6,2024-06,-3.8573196681041533,-1.4802107657739705
0,0,01,Food and non-alcoholic beverages,3903.5428337111343,39.03542833711134,2024-07-10,236.54348260626838,2024,7,2024-07,-3.6809057376163468,0.4778578368890507
0,0,01,Food and non-alcoholic beverages,3903.5428337111343,39.03542833711134,2024-08-10,242.2043036327171,2024,8,2024-08,-3.848402672397,2.393141829179579
0,0,01,Food and non-alcoholic beverages,3903.5428337111343,39.03542833711134,2024-09-10,248.44917964371152,2024,9,2024-09,-8.149043554167912,2.578350556670639
0,0,01,Food and non-alcoholic beverages,3903.5428337111343,39.03542833711134,2024-10-10,257.60152214057973,2024,10,2024-10,-5.825443645969353,3.6837885759949396
0,0,01,Food and non-alcoholic beverages,3903.5428337111343,39.03542833711134,2024-11-10,260.91916375846165,2024,11,2024-11,-0.5377091927676214,1.2878967446750655
0,0,01,Food and non-alcoholic beverages,3903.5428337111343,39.03542833711134,2024-12-10,252.06166536427423,2024,12,2024-12,5.679185010551713,-3.3947289522922808
0,0,01,Food and non-alcoholic beverages,3903.5428337111343,39.03542833711134,2025-01-10,242.48782401546822,2025,1,2025-01,4.067286650058377,-3.798213954894769
0,0,01,Food and non-alcoholic beverages,3903.5428337111343,39.03542833711134,2025-02-10,246.13886011920783,2025,2,2025-02,1.4674687392971508,1.5056574978819182
0,0,01,Food and non-alcoholic beverages,3903.5428337111343,39.03542833711134,2025-03-10,253.4536034629382,2025,3,2025-03,3.5297367971801386,2.971795408570488
0,0,01,Food and non-alcoholic beverages,3903.5428337111343,39.03542833711134,2025-04-10,264.7443771610948,2025,4,2025-04,8.175788060599064,4.454769450459839
0,0,01,Food and non-alcoholic beverages,3903.5428337111343,39.03542833711134,2025-05-10,262.80354334891484,2025,5,2025-05,9.98009016239465,-0.7330972740542729
0,0,01,Food and non-alcoholic beverages,3903.5428337111343,39.03542833711134,2025-06-10,260.7228995021331,2025,6,2025-06,10.748679872115074,-0.7917107281994906
0,0,01,Food and non-alcoholic beverages,3903.5428337111343,39.03542833711134,2025-07-10,252.012261544617,2025,7,2025-07,6.539507564491531,-3.3409562313665653
0,0,01,Food and non-alcoholic beverages,3903.5428337111343,39.03542833711134,2025-08-10,254.39529152704466,2025,8,2025-08,5.033348999782494,0.9456008083978729
0,0,01,Food and non-alcoholic beverages,3903.5428337111343,39.03542833711134,2025-09-10,258.4054644105362,2025,9,2025-09,4.007372767783934,1.576354994394702
0,0,01,Food and non-alcoholic beverages,3903.5428337111343,39.03542833711134,2025-10-10,260.23416982553744,2025,10,2025-10,1.021984522094943,0.70768836842241
0,0,01,Food and non-alcoholic beverages,3903.5428337111343,39.03542833711134,2025-11-10,258.1477543457216,2025,11,2025-11,-1.06217165991902,-0.8017453976987721
0,0,01,Food and non-alcoholic beverages,3903.5428337111343,39.03542833711134,2025-12-10,254.5304977149045,2025,12,2025-12,0.9794557006764126,-1.4012349787760336
0,0,01,Food and non-alcoholic beverages,3903.5428337111343,39.03542833711134,2026-01-10,255.38593086615865,2026,1,2026-01,5.3190740207506915,0.3360827715868764
0,0,01,Food and non-alcoholic beverages,3903.5428337111343,39.03542833711134,2026-02-10,258.88901045837025,2026,2,2026-02,5.180063941543955,1.3716807266283881
0,0,01,Food and non-alcoholic beverages,3903.5428337111343,39.03542833711134,2026-03-10,265.1783716995055,2026,3,2026-03,4.626001791401535,2.4293658622278835
0,0,01,Food and non-alcoholic beverages,3903.5428337111343,39.03542833711134,2026-04-10,280.00419317164483,2026,4,2026-04,5.763981155779008,5.590886382295035
0,0,01,Food and non-alcoholic beverages,3903.5428337111343,39.03542833711134,2026-05-10,282.6527259436294,2026,5,2026-05,7.552859577833582,0.94589039613453
0,0,01,Food and non-alcoholic beverages,3903.5428337111343,39.03542833711134,2026-06-10,281.67179339387167,2026,6,2026-06,8.034926710212954,-0.34704514045739154
0,0,01,Food and non-alcoholic beverages,3903.5428337111343,39.03542833711134,2026-07-10,283.6669276168255,2026,7,2026-07,12.56076425733923,0.7083187843959671
0,0,01,Food and non-alcoholic beverages,3903.5428337111343,39.03542833711134,2026-08-10,296.7720433533329,2026,8,2026-08,16.65783653931472,4.619895539676611
0,0,01.1.1,v     Bread and cereals,662.2591994582781,6.622591994582781,2009-02-01,92.05874378895966,2009,2,2009-02,,
0,0,01.1.1,v     Bread and cereals,662.2591994582781,6.622591994582781,2009-03-01,90.74942108030949,2009,3,2009-03,,-1.422268711000152
0,0,01.1.1,v     Bread and cereals,662.2591994582781,6.622591994582781,2009-04-01,90.94571264019709,2009,4,2009-04,,0.21630061938784362
0,0,01.1.1,v     Bread and cereals,662.2591994582781,6.622591994582781,2009-05-01,92.04577915002332,2009,5,2009-05,,1.2095858923865555
0,0,01.1.1,v     Bread and cereals,662.2591994582781,6.622591994582781,2009-06-01,90.66120277065616,2009,6,2009-06,,-1.50422582344647
0,0,01.1.1,v     Bread and cereals,662.2591994582781,6.622591994582781,2009-07-01,88.04224802080442,2009,7,2009-07,,-2.888727117901646
0,0,01.1.1,v     Bread and cereals,662.2591994582781,6.622591994582781,2009-08-01,84.23533580340518,2009,8,2009-08,,-4.323960715427977
0,0,01.1.1,v     Bread and cereals,662.2591994582781,6.622591994582781,2009-09-01,84.522031958052,2009,9,2009-09,,0.3403514118064832
0,0,01.1.1,v     Bread and cereals,662.2591994582781,6.622591994582781,2009-10-01,88.51454638534615,2009,10,2009-10,,4.723637535448311
0,0,01.1.1,v     Bread and cereals,662.2591994582781,6.622591994582781,2009-11-01,91.24069183637016,2009,11,2009-11,,3.0798841121049136
0,0,01.1.1,v     Bread and cereals,662.2591994582781,6.622591994582781,2009-12-01,91.99063936432557,2009,12,2009-12,,0.8219441488895862
0,0,01.1.1,v     Bread and cereals,662.2591994582781,6.622591994582781,2010-01-01,93.67350075737387,2010,1,2010-01,,1.829383298863041
0,0,01.1.1,v     Bread and cereals,662.2591994582781,6.622591994582781,2010-02-01,90.96037296102682,2010,2,2010-02,-1.1931195047053866,-2.896366394349237
0,0,01.1.1,v     Bread and cereals,662.2591994582781,6.622591994582781,2010-03-01,89.20940740688376,2010,3,2010-03,-1.6969955897160882,-1.9249762255188707
0,0,01.1.1,v     Bread and cereals,662.2591994582781,6.622591994582781,2010-04-01,86.87434802294372,2010,4,2010-04,-4.476697690369036,-2.6175035254856427
0,0,01.1.1,v     Bread and cereals,662.2591994582781,6.622591994582781,2010-05-01,85.28934878499382,2010,5,2010-05,-7.340293522875552,-1.8244732467302072
0,0,01.1.1,v     Bread and cereals,662.2591994582781,6.622591994582781,2010-06-01,81.9622430155202,2010,6,2010-06,-9.595019136401206,-3.90096280118275
0,0,01.1.1,v     Bread and cereals,662.2591994582781,6.622591994582781,2010-07-01,75.43686913365585,2010,7,2010-07,-14.317420523121937,-7.9614388793980755
0,0,01.1.1,v     Bread and cereals,662.2591994582781,6.622591994582781,2010-08-01,73.51485625356818,2010,8,2010-08,-12.726819983073689,-2.5478428547747956
0,0,01.1.1,v     Bread and cereals,662.2591994582781,6.622591994582781,2010-09-01,75.64512698198519,2010,9,2010-09,-10.502474645276383,2.897741812987098
0,0,01.1.1,v     Bread and cereals,662.2591994582781,6.622591994582781,2010-10-01,75.36324395305962,2010,10,2010-10,-14.857786623040036,-0.3726387147088728
0,0,01.1.1,v     Bread and cereals,662.2591994582781,6.622591994582781,2010-11-01,77.7660885848927,2010,11,2010-11,-14.768194958059544,3.188350853540345
0,0,01.1.1,v     Bread and cereals,662.2591994582781,6.622591994582781,2010-12-01,79.08893039105064,2010,12,2010-12,-14.025023700703054,1.7010522584196552
0,0,01.1.1,v     Bread and cereals,662.2591994582781,6.622591994582781,2011-01-01,77.86364016116973,2011,1,2011-01,-16.877623306887692,-1.5492562913956953
0,0,01.1.1,v     Bread and cereals,662.2591994582781,6.622591994582781,2011-02-01,78.94454676649096,2011,2,2011-02,-13.20995704325465,1.3882045625966954
0,0,01.1.1,v     Bread and cereals,662.2591994582781,6.622591994582781,2011-03-01,80.91827876787396,2011,3,2011-03,-9.294007078417177,2.5001498928368893
0,0,01.1.1,v     Bread and cereals,662.2591994582781,6.622591994582781,2011-04-01,86.78260628170369,2011,4,2011-04,-0.10560279682996221,7.247222263158148
0,0,01.1.1,v     Bread and cereals,662.2591994582781,6.622591994582781,2011-05-01,89.58318895382583,2011,5,2011-05,5.034438918810791,3.227124411349447
0,0,01.1.1,v     Bread and cereals,662.2591994582781,6.622591994582781,2011-06-01,95.03873887555993,2011,6,2011-06,15.954292341125399,6.089926006704305
0,0,01.1.1,v     Bread and cereals,662.2591994582781,6.622591994582781,2011-07-01,93.40886415528259,2011,7,2011-07,23.823887746169213,-1.7149582786567086
0,0,01.1.1,v     Bread and cereals,662.2591994582781,6.622591994582781,2011-08-01,93.29249074277647,2011,8,2011-08,26.902908469263775,-0.1245849776233876
0,0,01.1.1,v     Bread and cereals,662.2591994582781,6.622591994582781,2011-09-01,91.36346061107636,2011,9,2011-09,20.77904321957775,-2.0677228320752805
0,0,01.1.1,v     Bread and cereals,662.2591994582781,6.622591994582781,2011-10-01,92.66979327625641,2011,10,2011-10,22.964177781381423,1.4298195979473238
0,0,01.1.1,v     Bread and cereals,662.2591994582781,6.622591994582781,2011-11-01,93.35867772486556,2011,11,2011-11,20.050628009857196,0.7433754023336681
0,0,01.1.1,v     Bread and cereals,662.2591994582781,6.622591994582781,2011-12-01,93.92618538011001,2011,12,2011-12,18.7602170312551,0.6078788486239439
0,0,01.1.1,v     Bread and cereals,662.2591994582781,6.622591994582781,2012-01-01,95.49533135103106,2012,1,2012-01,22.64431916278964,1.6706160955763938
0,0,01.1.1,v     Bread and cereals,662.2591994582781,6.622591994582781,2012-02-01,93.16410699817642,2012,2,2012-02,18.012086729366274,-2.4411919618198885
0,0,01.1.1,v     Bread and cereals,662.2591994582781,6.622591994582781,2012-03-01,97.65411323523865,2012,3,2012-03,20.68239058244665,4.819459319403041
0,0,01.1.1,v     Bread and cereals,662.2591994582781,6.622591994582781,2012-04-01,101.15450551874312,2012,4,2012-04,16.56080619471951,3.584480128422629
0,0,01.1.1,v     Bread and cereals,662.2591994582781,6.622591994582781,2012-05-01,104.57545930741142,2012,5,2012-05,16.735584576379736,3.3819094573443564
0,0,01.1.1,v     Bread and cereals,662.2591994582781,6.622591994582781,2012-06-01,105.22351297402008,2012,6,2012-06,10.716444913895273,0.6196995651758241
0,0,01.1.1,v     Bread and cereals,662.2591994582781,6.622591994582781,2012-07-01,103.80526549630218,2012,7,2012-07,11.129994390828536,-1.3478427374574276
0,0,01.1.1,v     Bread and cereals,662.2591994582781,6.622591994582781,2012-08-01,104.6493319556278,2012,8,2012-08,12.17337121394273,0.8131248981350314
0,0,01.1.1,v     Bread and cereals,662.2591994582781,6.622591994582781,2012-09-01,103.78543731540374,2012,9,2012-09,13.596219562223343,-0.825513764952035
0,0,01.1.1,v     Bread and cereals,662.2591994582781,6.622591994582781,2012-10-01,104.64197412085258,2012,10,2012-10,12.919183718157324,0.8252957520868964
0,0,01.1.1,v     Bread and cereals,662.2591994582781,6.622591994582781,2012-11-01,107.07285978730788,2012,11,2012-11,14.689777529689273,2.323050273925298
0,0,01.1.1,v     Bread and cereals,662.2591994582781,6.622591994582781,2012-12-01,108.28752465945391,2012,12,2012-12,15.290027185949228,1.1344283458561533
0,0,01.1.1,v     Bread and cereals,662.2591994582781,6.622591994582781,2013-01-01,108.27895326387684,2013,1,2013-01,13.386645956391853,-0.007915404478975319
0,0,01.1.1,v     Bread and cereals,662.2591994582781,6.622591994582781,2013-02-01,105.46388283586523,2013,2,2013-02,13.202268807159356,-2.599831586062029
0,0,01.1.1,v     Bread and cereals,662.2591994582781,6.622591994582781,2013-03-01,103.3687827573406,2013,3,2013-03,5.85194963404756,-1.9865569351218304
0,0,01.1.1,v     Bread and cereals,662.2591994582781,6.622591994582781,2013-04-01,104.06258968476075,2013,4,2013-04,2.8748933634783036,0.6711957990729989
0,0,01.1.1,v     Bread and cereals,662.2591994582781,6.622591994582781,2013-05-01,101.7152817280907,2013,5,2013-05,-2.7350370710903626,-2.255669365696944
0,0,01.1.1,v     Bread and cereals,662.2591994582781,6.622591994582781,2013-06-01,100.58541757022547,2013,6,2013-06,-4.407850748092557,-1.1108106261609962
0,0,01.1.1,v     Bread and cereals,662.2591994582781,6.622591994582781,2013-07-01,97.97502091646479,2013,7,2013-07,-5.616521042514055,-2.5952038742973804
0,0,01.1.1,v     Bread and cereals,662.2591994582781,6.622591994582781,2013-08-01,96.31515053202352,2013,8,2013-08,-7.963912686167973,-1.6941771166923192
0,0,01.1.1,v     Bread and cereals,662.2591994582781,6.622591994582781,2013-09-01,97.8731683528608,2013,9,2013-09,-5.696626728637821,1.6176248619569567
0,0,01.1.1,v     Bread and cereals,662.2591994582781,6.622591994582781,2013-10-01,99.30128674854384,2013,10,2013-10,-5.103771614763975,1.4591521044197364
0,0,01.1.1,v     Bread and cereals,662.2591994582781,6.622591994582781,2013-11-01,103.90747947153304,2013,11,2013-11,-2.9562863288256525,4.638603258639784
0,0,01.1.1,v     Bread and cereals,662.2591994582781,6.622591994582781,2013-12-01,104.60009258643497,2013,12,2013-12,-3.405223348317632,0.6665671407145357
0,0,01.1.1,v     Bread and cereals,662.2591994582781,6.622591994582781,2014-01-01,102.92141624226657,2014,1,2014-01,-4.947902487156397,-1.6048516809688662
0,0,01.1.1,v     Bread and cereals,662.2591994582781,6.622591994582781,2014-02-01,100,2014,2,2014-02,-5.1808094761395695,-2.838492073787502
0,0,01.1.1,v     Bread and cereals,662.2591994582781,6.622591994582781,2014-03-01,100.79885415697476,2014,3,2014-03,-2.4861747732860318,0.7988541569747598
0,0,01.1.1,v     Bread and cereals,662.2591994582781,6.622591994582781,2014-04-01,101.50343142287161,2014,4,2014-04,-2.459249063127933,0.6989933286340788
0,0,01.1.1,v     Bread and cereals,662.2591994582781,6.622591994582781,2014-05-01,103.00642922322135,2014,5,2014-05,1.2693741522362245,1.480735950776002
0,0,01.1.1,v     Bread and cereals,662.2591994582781,6.622591994582781,2014-06-01,104.08140186689084,2014,6,2014-06,3.475637305203394,1.0435976198533758
0,0,01.1.1,v     Bread and cereals,662.2591994582781,6.622591994582781,2014-07-01,104.88382407264741,2014,7,2014-07,7.051596510577118,0.7709563777617001
0,0,01.1.1,v     Bread and cereals,662.2591994582781,6.622591994582781,2014-08-01,106.00610501046718,2014,8,2014-08,10.061713473854294,1.0700229017607255
0,0,01.1.1,v     Bread and cereals,662.2591994582781,6.622591994582781,2014-09-01,105.49502883418407,2014,9,2014-09,7.7874872241228354,-0.48211956871035966
0,0,01.1.1,v     Bread and cereals,662.2591994582781,6.622591994582781,2014-10-01,107.1235558531116,2014,10,2014-10,7.877308905750358,1.5437002453331017
0,0,01.1.1,v     Bread and cereals,662.2591994582781,6.622591994582781,2014-11-01,107.08028335243144,2014,11,2014-11,3.0534894090734177,-0.04039494426369972
0,0,01.1.1,v     Bread and cereals,662.2591994582781,6.622591994582781,2014-12-01,108.24354931651307,2014,12,2014-12,3.4832251482639798,1.0863493517784262
0,0,01.1.1,v     Bread and cereals,662.2591994582781,6.622591994582781,2015-01-01,107.00334851422312,2015,1,2015-01,3.96606694795969,-1.1457503104074118
0,0,01.1.1,v     Bread and cereals,662.2591994582781,6.622591994582781,2015-02-01,105.84177278544001,2015,2,2015-02,5.841772785440025,-1.085550821457426
0,0,01.1.1,v     Bread and cereals,662.2591994582781,6.622591994582781,2015-03-01,104.81049440979722,2015,3,2015-03,3.979847078990706,-0.9743585623167683
0,0,01.1.1,v     Bread and cereals,662.2591994582781,6.622591994582781,2015-04-01,107.03222823898753,2015,4,2015-04,5.446906315001798,2.1197627601140523
0,0,01.1.1,v     Bread and cereals,662.2591994582781,6.622591994582781,2015-05-01,107.74887477318333,2015,5,2015-05,4.604028686097661,0.6695614451711185
0,0,01.1.1,v     Bread and cereals,662.2591994582781,6.622591994582781,2015-06-01,106.90468892033587,2015,6,2015-06,2.712575928844352,-0.7834753306004472
0,0,01.1.1,v     Bread and cereals,662.2591994582781,6.622591994582781,2015-07-01,105.3525246273365,2015,7,2015-07,0.446875920889811,-1.4519141383555367
0,0,01.1.1,v     Bread and cereals,662.2591994582781,6.622591994582781,2015-08-01,105.43413307522655,2015,8,2015-08,-0.5395650893730619,0.0774622612782494
0,0,01.1.1,v     Bread and cereals,662.2591994582781,6.622591994582781,2015-09-01,105.67930081756977,2015,9,2015-09,0.17467361772594003,0.2325316623680962
0,0,01.1.1,v     Bread and cereals,662.2591994582781,6.622591994582781,2015-10-01,105.05819035685398,2015,10,2015-10,-1.9280217873738792,-0.587731425085769
0,0,01.1.1,v     Bread and cereals,662.2591994582781,6.622591994582781,2015-11-01,107.48499628383725,2015,11,2015-11,0.37795280208008375,2.309963572321272
0,0,01.1.1,v     Bread and cereals,662.2591994582781,6.622591994582781,2015-12-01,109.8196570684381,2015,12,2015-12,1.4560754538049725,2.172080630152018
0,0,01.1.1,v     Bread and cereals,662.2591994582781,6.622591994582781,2016-01-01,109.13437631742015,2016,1,2016-01,1.9915524446543431,-0.624005546284756
0,0,01.1.1,v     Bread and cereals,662.2591994582781,6.622591994582781,2016-02-01,106.83468231947845,2016,2,2016-02,0.9381074295224057,-2.10721321323446
0,0,01.1.1,v     Bread and cereals,662.2591994582781,6.622591994582781,2016-03-01,105.54880131362243,2016,3,2016-03,0.704420781509274,-1.2036175686943262
0,0,01.1.1,v     Bread and cereals,662.2591994582781,6.622591994582781,2016-04-01,106.03781135792634,2016,4,2016-04,-0.9290817330652956,0.46330231913376263
0,0,01.1.1,v     Bread and cereals,662.2591994582781,6.622591994582781,2016-05-01,106.10878697220804,2016,5,2016-05,-1.5221391447732158,0.0669342505025039
0,0,01.1.1,v     Bread and cereals,662.2591994582781,6.622591994582781,2016-06-01,106.93472435134647,2016,6,2016-06,0.028095522576165877,0.7783873538718122
0,0,01.1.1,v     Bread and cereals,662.2591994582781,6.622591994582781,2016-07-01,107.26748867919902,2016,7,2016-07,1.8176726743249105,0.31118453792353673
0,0,01.1.1,v     Bread and cereals,662.2591994582781,6.622591994582781,2016-08-01,107.5679404046562,2016,8,2016-08,2.0238297287531903,0.28009579524670425
0,0,01.1.1,v     Bread and cereals,662.2591994582781,6.622591994582781,2016-09-01,110.78892440523231,2016,9,2016-09,4.835027813519588,2.994371732376022
0,0,01.1.1,v     Bread and cereals,662.2591994582781,6.622591994582781,2016-10-01,116.44284522460764,2016,10,2016-10,10.83652291085835,5.103326753760151
0,0,01.1.1,v     Bread and cereals,662.2591994582781,6.622591994582781,2016-11-01,121.26886848998274,2016,11,2016-11,12.823996541569581,4.144542548806784
0,0,01.1.1,v     Bread and cereals,662.2591994582781,6.622591994582781,2016-12-01,125.18975907805331,2016,12,2016-12,13.995765803599959,3.233221054086499
0,0,01.1.1,v     Bread and cereals,662.2591994582781,6.622591994582781,2017-01-01,126.7348142718999,2017,1,2017-01,16.127308872218606,1.2341705944838965
0,0,01.1.1,v     Bread and cereals,662.2591994582781,6.622591994582781,2017-02-01,124.70384215384463,2017,2,2017-02,16.72599145372122,-1.6025368638628135
0,0,01.1.1,v     Bread and cereals,662.2591994582781,6.622591994582781,2017-03-01,129.9306363358868,2017,3,2017-03,23.100058663686184,4.191365792558321
0,0,01.1.1,v     Bread and cereals,662.2591994582781,6.622591994582781,2017-04-01,131.34573451731728,2017,4,2017-04,23.866885628151135,1.08911817977424
0,0,01.1.1,v     Bread and cereals,662.2591994582781,6.622591994582781,2017-05-01,133.48246721241074,2017,5,2017-05,25.797750611711745,1.6268002177198593
0,0,01.1.1,v     Bread and cereals,662.2591994582781,6.622591994582781,2017-06-01,132.24031169683965,2017,6,2017-06,23.664518236703657,-0.9305757838551476
0,0,01.1.1,v     Bread and cereals,662.2591994582781,6.622591994582781,2017-07-01,130.69453677104661,2017,7,2017-07,21.839840179264392,-1.1689135528784367
0,0,01.1.1,v     Bread and cereals,662.2591994582781,6.622591994582781,2017-08-01,129.72418817252276,2017,8,2017-08,20.5974453768639,-0.7424553638563536
0,0,01.1.1,v     Bread and cereals,662.2591994582781,6.622591994582781,2017-09-01,130.53705018115537,2017,9,2017-09,17.82500000062317,0.6266078979438872
0,0,01.1.1,v     Bread and cereals,662.2591994582781,6.622591994582781,2017-10-01,132.40429997586287,2017,10,2017-10,13.707544435613062,1.4304366401080681
0,0,01.1.1,v     Bread and cereals,662.2591994582781,6.622591994582781,2017-11-01,130.66479016129557,2017,11,2017-11,7.748008032324449,-1.313786497027969
0,0,01.1.1,v     Bread and cereals,662.2591994582781,6.622591994582781,2017-12-01,129.3691108379205,2017,12,2017-12,3.338413453820488,-0.9916055593673478
0,0,01.1.1,v     Bread and cereals,662.2591994582781,6.622591994582781,2018-01-01,128.54306128604978,2018,1,2018-01,1.426795805508041,-0.6385214728001243
0,0,01.1.1,v     Bread and cereals,662.2591994582781,6.622591994582781,2018-02-01,125.8235764325726,2018,2,2018-02,0.8979148191332831,-2.1156216650430104
0,0,01.1.1,v     Bread and cereals,662.2591994582781,6.622591994582781,2018-03-01,124.08808433815138,2018,3,2018-03,-4.496670040645146,-1.3793059644519379
0,0,01.1.1,v     Bread and cereals,662.2591994582781,6.622591994582781,2018-04-10,124.23640702605437,2018,4,2018-04,-5.412682427327386,0.11953016173478215
0,0,01.1.1,v     Bread and cereals,662.2591994582781,6.622591994582781,2018-05-10,125.03820005010157,2018,5,2018-05,-6.326124575500847,0.6453768611314192
0,0,01.1.1,v     Bread and cereals,662.2591994582781,6.622591994582781,2018-06-10,122.0845057085242,2018,6,2018-06,-7.679810988042435,-2.36223357373494
0,0,01.1.1,v     Bread and cereals,662.2591994582781,6.622591994582781,2018-07-10,121.85570186635866,2018,7,2018-07,-6.762971982656019,-0.18741431669618835
0,0,01.1.1,v     Bread and cereals,662.2591994582781,6.622591994582781,2018-08-10,120.79952683670554,2018,8,2018-08,-6.879720321662863,-0.86674239569966
0,0,01.1.1,v     Bread and cereals,662.2591994582781,6.622591994582781,2018-09-10,119.78027712842484,2018,9,2018-09,-8.24039844458152,-0.8437530634192836
0,0,01.1.1,v     Bread and cereals,662.2591994582781,6.622591994582781,2018-10-10,119.63263628324599,2018,10,2018-10,-9.645958397835376,-0.12325972916272798
0,0,01.1.1,v     Bread and cereals,662.2591994582781,6.622591994582781,2018-11-10,121.41655626991214,2018,11,2018-11,-7.077831663730683,1.491164988157978
0,0,01.1.1,v     Bread and cereals,662.2591994582781,6.622591994582781,2018-12-10,122.73688327155494,2018,12,2018-12,-5.126592834571387,1.0874357189868622
0,0,01.1.1,v     Bread and cereals,662.2591994582781,6.622591994582781,2019-01-10,123.86400406273471,2019,1,2019-01,-3.6400698540255405,0.9183228065894555
0,0,01.1.1,v     Bread and cereals,662.2591994582781,6.622591994582781,2019-02-10,122.7859700889784,2019,2,2019-02,-2.4141789875302133,-0.8703367712949994
0,0,01.1.1,v     Bread and cereals,662.2591994582781,6.622591994582781,2019-03-10,124.74682314136912,2019,3,2019-03,0.5308638671724708,1.5969683270570467
0,0,01.1.1,v     Bread and cereals,662.2591994582781,6.622591994582781,2019-04-10,125.90511605977092,2019,4,2019-04,1.3431723225596714,0.9285149627330958
0,0,01.1.1,v     Bread and cereals,662.2591994582781,6.622591994582781,2019-05-10,128.84250453478927,2019,5,2019-05,3.0425137943151492,2.3330175666760766
0,0,01.1.1,v     Bread and cereals,662.2591994582781,6.622591994582781,2019-06-10,132.74773111782142,2019,6,2019-06,8.734298711710053,3.031007971424282
0,0,01.1.1,v     Bread and cereals,662.2591994582781,6.622591994582781,2019-07-10,132.06934893827358,2019,7,2019-07,8.381755564558159,-0.5110310917071259
0,0,01.1.1,v     Bread and cereals,662.2591994582781,6.622591994582781,2019-08-10,134.14530748281783,2019,8,2019-08,11.047874934272595,1.571870052539226
0,0,01.1.1,v     Bread and cereals,662.2591994582781,6.622591994582781,2019-09-10,135.9728083861877,2019,9,2019-09,13.518528797860196,1.36232935587699
0,0,01.1.1,v     Bread and cereals,662.2591994582781,6.622591994582781,2019-10-10,141.46358625432057,2019,10,2019-10,18.248323074137506,4.038144047549608
0,0,01.1.1,v     Bread and cereals,662.2591994582781,6.622591994582781,2019-11-10,149.28032482114392,2019,11,2019-11,22.94890368105147,5.525618835062307
0,0,01.1.1,v     Bread and cereals,662.2591994582781,6.622591994582781,2019-12-10,153.35840980380488,2019,12,2019-12,24.94891976725522,2.7318301909826426
0,0,01.1.1,v     Bread and cereals,662.2591994582781,6.622591994582781,2020-01-10,153.33954042786658,2020,1,2020-01,23.796692661576714,-0.012304102502391778
0,0,01.1.1,v     Bread and cereals,662.2591994582781,6.622591994582781,2020-02-10,151.7117215615071,2020,2,2020-02,23.55786369694133,-1.0615780260051388
0,0,01.1.1,v     Bread and cereals,662.2591994582781,6.622591994582781,2020-03-10,148.05708999836003,2020,3,2020-03,18.686060510394388,-2.408931574654505
0,0,01.1.1,v     Bread and cereals,662.2591994582781,6.622591994582781,2020-04-10,150.57993671614963,2020,4,2020-04,19.597949176795048,1.7039688662106922
0,0,01.1.1,v     Bread and cereals,662.2591994582781,6.622591994582781,2020-05-10,146.5112607842497,2020,5,2020-05,13.713452958134354,-2.702004012373549
0,0,01.1.1,v     Bread and cereals,662.2591994582781,6.622591994582781,2020-06-10,143.66844224403863,2020,6,2020-06,8.226664994013678,-1.9403413259799662
0,0,01.1.1,v     Bread and cereals,662.2591994582781,6.622591994582781,2020-07-10,142.13283817579932,2020,7,2020-07,7.619852235532121,-1.0688527308111984
0,0,01.1.1,v     Bread and cereals,662.2591994582781,6.622591994582781,2020-08-10,142.32339791857623,2020,8,2020-08,6.096441678965103,0.1340715806583903
0,0,01.1.1,v     Bread and cereals,662.2591994582781,6.622591994582781,2020-09-10,142.40693813923343,2020,9,2020-09,4.7319238525776575,0.058697460768186716
0,0,01.1.1,v     Bread and cereals,662.2591994582781,6.622591994582781,2020-10-10,145.5895223457269,2020,10,2020-10,2.9166064572891504,2.2348519307267223
0,0,01.1.1,v     Bread and cereals,662.2591994582781,6.622591994582781,2020-11-10,145.12354804862113,2020,11,2020-11,-2.784544297785474,-0.3200603241208744
0,0,01.1.1,v     Bread and cereals,662.2591994582781,6.622591994582781,2020-12-10,148.2550431869023,2020,12,2020-12,-3.327738350594167,2.1578132428460295
0,0,01.1.1,v     Bread and cereals,662.2591994582781,6.622591994582781,2021-01-10,148.9297369839812,2021,1,2021-01,-2.8758423506295983,0.45508994674017256
0,0,01.1.1,v     Bread and cereals,662.2591994582781,6.622591994582781,2021-02-10,144.80719515962957,2021,2,2021-02,-4.5510830216756055,-2.768111935089934
0,0,01.1.1,v     Bread and cereals,662.2591994582781,6.622591994582781,2021-03-10,140.44880740816123,2021,3,2021-03,-5.13874924212212,-3.009786735157627
0,0,01.1.1,v     Bread and cereals,662.2591994582781,6.622591994582781,2021-04-10,137.55843707452644,2021,4,2021-04,-8.647566153629981,-2.057952920337036
0,0,01.1.1,v     Bread and cereals,662.2591994582781,6.622591994582781,2021-05-10,136.68624860245902,2021,5,2021-05,-6.705977499066684,-0.6340494197348945
0,0,01.1.1,v     Bread and cereals,662.2591994582781,6.622591994582781,2021-06-10,138.4156765628445,2021,6,2021-06,-3.6561722248450668,1.2652538042911665
0,0,01.1.1,v     Bread and cereals,662.2591994582781,6.622591994582781,2021-07-10,137.35122645453566,2021,7,2021-07,-3.3641850698495457,-0.7690242425868243
0,0,01.1.1,v     Bread and cereals,662.2591994582781,6.622591994582781,2021-08-10,137.26439560473582,2021,8,2021-08,-3.554582301874698,-0.06321811027190094
0,0,01.1.1,v     Bread and cereals,662.2591994582781,6.622591994582781,2021-09-10,138.5745178598343,2021,9,2021-09,-2.6911752541523892,0.9544516255118873
0,0,01.1.1,v     Bread and cereals,662.2591994582781,6.622591994582781,2021-10-10,141.84633598916446,2021,10,2021-10,-2.5710547684012597,2.3610532295984976
0,0,01.1.1,v     Bread and cereals,662.2591994582781,6.622591994582781,2021-11-10,144.50144188363382,2021,11,2021-11,-0.42867348087360924,1.8718184547764194
0,0,01.1.1,v     Bread and cereals,662.2591994582781,6.622591994582781,2021-12-10,150.15588828089813,2021,12,2021-12,1.2821453173768038,3.913072647273519
0,0,01.1.1,v     Bread and cereals,662.2591994582781,6.622591994582781,2022-01-10,152.07011580374032,2022,1,2022-01,2.10863114603963,1.274826811494223
0,0,01.1.1,v     Bread and cereals,662.2591994582781,6.622591994582781,2022-02-10,149.4737454024507,2022,2,2022-02,3.2225955607225965,-1.7073508411346694
0,0,01.1.1,v     Bread and cereals,662.2591994582781,6.622591994582781,2022-03-10,151.94454753988154,2022,3,2022-03,8.185003734714735,1.653000753261602
0,0,01.1.1,v     Bread and cereals,662.2591994582781,6.622591994582781,2022-04-10,162.57577518568183,2022,4,2022-04,18.18669842664866,6.996781271805674
0,0,01.1.1,v     Bread and cereals,662.2591994582781,6.622591994582781,2022-05-10,173.61664740926508,2022,5,2022-05,27.018371770678385,6.791216102751596
0,0,01.1.1,v     Bread and cereals,662.2591994582781,6.622591994582781,2022-06-10,181.22341311003706,2022,6,2022-06,30.926942388463253,4.381357326201907
0,0,01.1.1,v     Bread and cereals,662.2591994582781,6.622591994582781,2022-07-10,187.26241884044703,2022,7,2022-07,36.33836673634099,3.3323540412204533
0,0,01.1.1,v     Bread and cereals,662.2591994582781,6.622591994582781,2022-08-10,191.8882315394656,2022,8,2022-08,39.794613668080125,2.4702301335538746
0,0,01.1.1,v     Bread and cereals,662.2591994582781,6.622591994582781,2022-09-10,207.7446106664725,2022,9,2022-09,49.91544901249634,8.263341112581845
0,0,01.1.1,v     Bread and cereals,662.2591994582781,6.622591994582781,2022-10-10,220.3842446849421,2022,10,2022-10,55.36830271158861,6.084217529359703
0,0,01.1.1,v     Bread and cereals,662.2591994582781,6.622591994582781,2022-11-10,228.81452003110252,2022,11,2022-11,58.34756874977452,3.8252622632857447
0,0,01.1.1,v     Bread and cereals,662.2591994582781,6.622591994582781,2022-12-10,228.61703803954333,2022,12,2022-12,52.25312883625792,-0.08630658208768072
0,0,01.1.1,v     Bread and cereals,662.2591994582781,6.622591994582781,2023-01-10,223.47069066914332,2023,1,2023-01,46.95240382242598,-2.2510777912842395
0,0,01.1.1,v     Bread and cereals,662.2591994582781,6.622591994582781,2023-02-10,215.55066853732194,2023,2,2023-02,44.20637414079802,-3.544098829294473
0,0,01.1.1,v     Bread and cereals,662.2591994582781,6.622591994582781,2023-03-10,218.28326759971273,2023,3,2023-03,43.65982270105413,1.267729337576906
0,0,01.1.1,v     Bread and cereals,662.2591994582781,6.622591994582781,2023-04-10,219.58396381882423,2023,4,2023-04,35.0656108316457,0.5958753657182347
0,0,01.1.1,v     Bread and cereals,662.2591994582781,6.622591994582781,2023-05-10,200.67062646032088,2023,5,2023-05,15.582595018829991,-8.613259834451526
0,0,01.1.1,v     Bread and cereals,662.2591994582781,6.622591994582781,2023-06-10,206.50340643487138,2023,6,2023-06,13.949628743326103,2.906643626641503
0,0,01.1.1,v     Bread and cereals,662.2591994582781,6.622591994582781,2023-07-10,207.79196717287454,2023,7,2023-07,10.962983635237178,0.6239900640135687
0,0,01.1.1,v     Bread and cereals,662.2591994582781,6.622591994582781,2023-08-10,208.5559295498744,2023,8,2023-08,8.686149159168611,0.36765731967121074
0,0,01.1.1,v     Bread and cereals,662.2591994582781,6.622591994582781,2023-09-10,213.46210264153353,2023,9,2023-09,2.7521734290572253,2.3524495813895596
0,0,01.1.1,v     Bread and cereals,662.2591994582781,6.622591994582781,2023-10-10,220.03219837637238,2023,10,2023-10,-0.15974204919820822,3.077874551752169
0,0,01.1.1,v     Bread and cereals,662.2591994582781,6.622591994582781,2023-11-10,221.48830066141377,2023,11,2023-11,-3.201815762694127,0.6617678211580102
0,0,01.1.1,v     Bread and cereals,662.2591994582781,6.622591994582781,2023-12-10,220.88676992820552,2023,12,2023-12,-3.381317585787602,-0.27158578191802674
0,0,01.1.1,v     Bread and cereals,662.2591994582781,6.622591994582781,2024-01-10,219.31762459334973,2024,1,2024-01,-1.858438824061437,-0.7103844813185489
0,0,01.1.1,v     Bread and cereals,662.2591994582781,6.622591994582781,2024-02-10,206.9351489279792,2024,2,2024-02,-3.996981158910662,-5.645909984812958
0,0,01.1.1,v     Bread and cereals,662.2591994582781,6.622591994582781,2024-03-10,201.2998283061093,2024,3,2024-03,-7.780458612497776,-2.7232302733796065
0,0,01.1.1,v     Bread and cereals,662.2591994582781,6.622591994582781,2024-04-10,206.16342454091276,2024,4,2024-04,-6.1118029953155295,2.416095570338772
0,0,01.1.1,v     Bread and cereals,662.2591994582781,6.622591994582781,2024-05-10,202.28166700534652,2024,5,2024-05,0.8028282830642386,-1.8828546063445417
0,0,01.1.1,v     Bread and cereals,662.2591994582781,6.622591994582781,2024-06-10,196.67061998504866,2024,6,2024-06,-4.761561380307722,-2.773878178564526
0,0,01.1.1,v     Bread and cereals,662.2591994582781,6.622591994582781,2024-07-10,193.4833627189892,2024,7,2024-07,-6.886023867313962,-1.6206067110083544
0,0,01.1.1,v     Bread and cereals,662.2591994582781,6.622591994582781,2024-08-10,195.8307393255913,2024,8,2024-08,-6.101572010802014,1.2132188388783494
0,0,01.1.1,v     Bread and cereals,662.2591994582781,6.622591994582781,2024-09-10,200.57992784268296,2024,9,2024-09,-6.034876748348905,2.4251496641676695
0,0,01.1.1,v     Bread and cereals,662.2591994582781,6.622591994582781,2024-10-10,205.34821588124552,2024,10,2024-10,-6.673560780413334,2.3772508494979583
0,0,01.1.1,v     Bread and cereals,662.2591994582781,6.622591994582781,2024-11-10,209.31505511911695,2024,11,2024-11,-5.496112212674342,1.9317622122246636
0,0,01.1.1,v     Bread and cereals,662.2591994582781,6.622591994582781,2024-12-10,211.86481977121835,2024,12,2024-12,-4.084423055269248,1.2181468029857534
0,0,01.1.1,v     Bread and cereals,662.2591994582781,6.622591994582781,2025-01-10,210.0521994442814,2025,1,2025-01,-4.224660542556913,-0.8555551265633898
0,0,01.1.1,v     Bread and cereals,662.2591994582781,6.622591994582781,2025-02-10,205.0353608463004,2025,2,2025-02,-0.9180596392254325,-2.3883770849596697
0,0,01.1.1,v     Bread and cereals,662.2591994582781,6.622591994582781,2025-03-10,204.90625809025084,2025,3,2025-03,1.7915712171683307,-0.06296609302740563
0,0,01.1.1,v     Bread and cereals,662.2591994582781,6.622591994582781,2025-04-10,211.55460441431308,2025,4,2025-04,2.6150030663322,3.2445794413628715
0,0,01.1.1,v     Bread and cereals,662.2591994582781,6.622591994582781,2025-05-10,216.26839888316843,2025,5,2025-05,6.91448319805088,2.2281691679107762
0,0,01.1.1,v     Bread and cereals,662.2591994582781,6.622591994582781,2025-06-10,220.07256149929535,2025,6,2025-06,11.899053105148983,1.759000684229406
0,0,01.1.1,v     Bread and cereals,662.2591994582781,6.622591994582781,2025-07-10,220.2221178148256,2025,7,2025-07,13.819666311398127,0.06795772926500021
0,0,01.1.1,v     Bread and cereals,662.2591994582781,6.622591994582781,2025-08-10,221.78923141919014,2025,8,2025-08,13.255575801324948,0.7116059094855576
0,0,01.1.1,v     Bread and cereals,662.2591994582781,6.622591994582781,2025-09-10,226.63438551017435,2025,9,2025-09,12.989563785228885,2.184575896665919
0,0,01.1.1,v     Bread and cereals,662.2591994582781,6.622591994582781,2025-10-10,233.22167939924162,2025,10,2025-10,13.573754901340628,2.90657301372812
0,0,01.1.1,v     Bread and cereals,662.2591994582781,6.622591994582781,2025-11-10,234.47355951146787,2025,11,2025-11,12.019443311439648,0.536776904896219
0,0,01.1.1,v     Bread and cereals,662.2591994582781,6.622591994582781,2025-12-10,234.73028969049537,2025,12,2025-12,10.792480763898515,0.10949216600899536
0,0,01.1.1,v     Bread and cereals,662.2591994582781,6.622591994582781,2026-01-10,230.43546568305095,2026,1,2026-01,9.703905168665683,-1.8296846193592509
0,0,01.1.1,v     Bread and cereals,662.2591994582781,6.622591994582781,2026-02-10,227.8587543145815,2026,2,2026-02,11.131442583403972,-1.1181921848842369
0,0,01.1.1,v     Bread and cereals,662.2591994582781,6.622591994582781,2026-03-10,225.3351320344446,2026,3,2026-03,9.969863358295218,-1.1075379955131193
0,0,01.1.1,v     Bread and cereals,662.2591994582781,6.622591994582781,2026-04-10,228.42017822102284,2026,4,2026-04,7.9722083352437245,1.3690924085937306
0,0,01.1.1,v     Bread and cereals,662.2591994582781,6.622591994582781,2026-05-10,231.7556176077179,2026,5,2026-05,7.161110363107603,1.4602209895255625
0,0,01.1.1,v     Bread and cereals,662.2591994582781,6.622591994582781,2026-06-10,230.12671797174661,2026,6,2026-06,4.568564297136812,-0.7028522772330237
0,0,01.1.1,v     Bread and cereals,662.2591994582781,6.622591994582781,2026-07-10,228.66154225482148,2026,7,2026-07,3.8322328945597617,-0.6366821418384849
0,0,01.1.1,v     Bread and cereals,662.2591994582781,6.622591994582781,2026-08-10,230.97893794565456,2026,8,2026-08,4.143441260723568,1.0134610603870442
0,0,01.1.2,v     Meat,173.7715732678241,1.737715732678241,2009-02-01,85.6388693471155,2009,2,2009-02,,
0,0,01.1.2,v     Meat,173.7715732678241,1.737715732678241,2009-03-01,85.27623780294871,2009,3,2009-03,,-0.42344270414985674
0,0,01.1.2,v     Meat,173.7715732678241,1.737715732678241,2009-04-01,86.62434884787994,2009,4,2009-04,,1.580875375912294
0,0,01.1.2,v     Meat,173.7715732678241,1.737715732678241,2009-05-01,86.2654613081364,2009,5,2009-05,,-0.41430330445979546
0,0,01.1.2,v     Meat,173.7715732678241,1.737715732678241,2009-06-01,84.6279964087186,2009,6,2009-06,,-1.8981697594693703
0,0,01.1.2,v     Meat,173.7715732678241,1.737715732678241,2009-07-01,83.79224396771208,2009,7,2009-07,,-0.9875602359415203
0,0,01.1.2,v     Meat,173.7715732678241,1.737715732678241,2009-08-01,81.46185201592647,2009,8,2009-08,,-2.7811547243961954
0,0,01.1.2,v     Meat,173.7715732678241,1.737715732678241,2009-09-01,82.12153998127468,2009,9,2009-09,,0.8098121378571577
0,0,01.1.2,v     Meat,173.7715732678241,1.737715732678241,2009-10-01,82.15039344241517,2009,10,2009-10,,0.03513507070991295
0,0,01.1.2,v     Meat,173.7715732678241,1.737715732678241,2009-11-01,82.9802047709916,2009,11,2009-11,,1.0101124216259638
0,0,01.1.2,v     Meat,173.7715732678241,1.737715732678241,2009-12-01,83.84317533055666,2009,12,2009-12,,1.0399715955711208
0,0,01.1.2,v     Meat,173.7715732678241,1.737715732678241,2010-01-01,82.93646500198494,2010,1,2010-01,,-1.0814360560617575
0,0,01.1.2,v     Meat,173.7715732678241,1.737715732678241,2010-02-01,82.85451437998486,2010,2,2010-02,-3.251274787205516,-0.09881132743976284
0,0,01.1.2,v     Meat,173.7715732678241,1.737715732678241,2010-03-01,81.66570221663602,2010,3,2010-03,-4.233929262517078,-1.4348188173510357
0,0,01.1.2,v     Meat,173.7715732678241,1.737715732678241,2010-04-01,80.85711336323745,2010,4,2010-04,-6.657753346891271,-0.990120492999147
0,0,01.1.2,v     Meat,173.7715732678241,1.737715732678241,2010-05-01,81.00575334332275,2010,5,2010-05,-6.097119154126118,0.18383043111811492
0,0,01.1.2,v     Meat,173.7715732678241,1.737715732678241,2010-06-01,81.46687131179526,2010,6,2010-06,-3.7353183710700177,0.5692410099788603
0,0,01.1.2,v     Meat,173.7715732678241,1.737715732678241,2010-07-01,83.05973187686044,2010,7,2010-07,-0.8742003509703111,1.9552249146390865
0,0,01.1.2,v     Meat,173.7715732678241,1.737715732678241,2010-08-01,82.73782481626237,2010,8,2010-08,1.566343961939931,-0.38756091950225
0,0,01.1.2,v     Meat,173.7715732678241,1.737715732678241,2010-09-01,82.56508848378513,2010,9,2010-09,0.5401122563112981,-0.2087755302497274
0,0,01.1.2,v     Meat,173.7715732678241,1.737715732678241,2010-10-01,84.87064344857542,2010,10,2010-10,3.3113049033259623,2.7924090037680704
0,0,01.1.2,v     Meat,173.7715732678241,1.737715732678241,2010-11-01,84.75195690297495,2010,11,2010-11,2.135150349258619,-0.13984405063734995
0,0,01.1.2,v     Meat,173.7715732678241,1.737715732678241,2010-12-01,86.14910219580338,2010,12,2010-12,2.7502857044183537,1.6485109534732034
0,0,01.1.2,v     Meat,173.7715732678241,1.737715732678241,2011-01-01,86.76685133909737,2011,1,2011-01,4.618458644241419,0.7170697401929438
0,0,01.1.2,v     Meat,173.7715732678241,1.737715732678241,2011-02-01,86.7204501468876,2011,2,2011-02,4.665932563641495,-0.05347801780708483
0,0,01.1.2,v     Meat,173.7715732678241,1.737715732678241,2011-03-01,86.51005484262002,2011,3,2011-03,5.931930412026953,-0.24261325201980766
0,0,01.1.2,v     Meat,173.7715732678241,1.737715732678241,2011-04-01,86.74907667006765,2011,4,2011-04,7.286883072812067,0.27629369543513693
0,0,01.1.2,v     Meat,173.7715732678241,1.737715732678241,2011-05-01,86.9139275551738,2011,5,2011-05,7.293524185634959,0.19003186135699845
0,0,01.1.2,v     Meat,173.7715732678241,1.737715732678241,2011-06-01,87.63217951602799,2011,6,2011-06,7.567871583820218,0.8263945503995673
0,0,01.1.2,v     Meat,173.7715732678241,1.737715732678241,2011-07-01,87.38063924417644,2011,7,2011-07,5.202168691950426,-0.287040985675302
0,0,01.1.2,v     Meat,173.7715732678241,1.737715732678241,2011-08-01,88.90204376905155,2011,8,2011-08,7.4503033727055135,1.741123134409328
0,0,01.1.2,v     Meat,173.7715732678241,1.737715732678241,2011-09-01,90.68030292275174,2011,9,2011-09,9.828869063175949,2.000245526772959
0,0,01.1.2,v     Meat,173.7715732678241,1.737715732678241,2011-10-01,91.47179820501383,2011,10,2011-10,7.777901154288003,0.8728414625349679
0,0,01.1.2,v     Meat,173.7715732678241,1.737715732678241,2011-11-01,92.64103247363846,2011,11,2011-11,9.308428806776714,1.2782456358888306
0,0,01.1.2,v     Meat,173.7715732678241,1.737715732678241,2011-12-01,93.56924513949122,2011,12,2011-12,8.613140188998148,1.0019455106104136
0,0,01.1.2,v     Meat,173.7715732678241,1.737715732678241,2012-01-01,94.02399810272789,2012,1,2012-01,8.363962333113296,0.4860068739025669
0,0,01.1.2,v     Meat,173.7715732678241,1.737715732678241,2012-02-01,94.70676516931036,2012,2,2012-02,9.209263799825184,0.7261625546240769
0,0,01.1.2,v     Meat,173.7715732678241,1.737715732678241,2012-03-01,95.27131987225513,2012,3,2012-03,10.127452867269238,0.5961081047753058
0,0,01.1.2,v     Meat,173.7715732678241,1.737715732678241,2012-04-01,95.9031873688776,2012,4,2012-04,10.552401305233182,0.6632294981004705
0,0,01.1.2,v     Meat,173.7715732678241,1.737715732678241,2012-05-01,96.66645346120086,2012,5,2012-05,11.220901160905505,0.7958714546029366
0,0,01.1.2,v     Meat,173.7715732678241,1.737715732678241,2012-06-01,97.34434948981901,2012,6,2012-06,11.082880772142211,0.7012733004529315
0,0,01.1.2,v     Meat,173.7715732678241,1.737715732678241,2012-07-01,96.65033040225208,2012,7,2012-07,10.608403919056286,-0.7129526173879408
0,0,01.1.2,v     Meat,173.7715732678241,1.737715732678241,2012-08-01,96.41372158935664,2012,8,2012-08,8.449387102751915,-0.24480910919878474
0,0,01.1.2,v     Meat,173.7715732678241,1.737715732678241,2012-09-01,100.24868275073352,2012,9,2012-09,10.551773118946063,3.977609305147123
0,0,01.1.2,v     Meat,173.7715732678241,1.737715732678241,2012-10-01,99.3760171928847,2012,10,2012-10,8.641154041987154,-0.8705007725824054
0,0,01.1.2,v     Meat,173.7715732678241,1.737715732678241,2012-11-01,99.01955139750238,2012,11,2012-11,6.885198441283524,-0.3587040469637981
0,0,01.1.2,v     Meat,173.7715732678241,1.737715732678241,2012-12-01,101.39027560509135,2012,12,2012-12,8.35854821094335,2.3941980892965065
0,0,01.1.2,v     Meat,173.7715732678241,1.737715732678241,2013-01-01,99.84221401510253,2013,1,2013-01,6.188011603184362,-1.5268343840176724
0,0,01.1.2,v     Meat,173.7715732678241,1.737715732678241,2013-02-01,99.54324357191261,2013,2,2013-02,5.106792945526029,-0.2994429221538364
0,0,01.1.2,v     Meat,173.7715732678241,1.737715732678241,2013-03-01,99.58138116910618,2013,3,2013-03,4.523986129960411,0.038312592422218295
0,0,01.1.2,v     Meat,173.7715732678241,1.737715732678241,2013-04-01,99.71883803819418,2013,4,2013-04,3.9786484412037693,0.13803470837041587
0,0,01.1.2,v     Meat,173.7715732678241,1.737715732678241,2013-05-01,100.32298908620366,2013,5,2013-05,3.7826314032203934,0.6058544803521304
0,0,01.1.2,v     Meat,173.7715732678241,1.737715732678241,2013-06-01,101.26499083523584,2013,6,2013-06,4.027600334241144,0.9389689816984514
0,0,01.1.2,v     Meat,173.7715732678241,1.737715732678241,2013-07-01,100.79798628662775,2013,7,2013-07,4.291403730451204,-0.4611707804999754
0,0,01.1.2,v     Meat,173.7715732678241,1.737715732678241,2013-08-01,99.27134785713578,2013,8,2013-08,2.9639207165451875,-1.5145525081729727
0,0,01.1.2,v     Meat,173.7715732678241,1.737715732678241,2013-09-01,99.52154695443086,2013,9,2013-09,-0.7253320206816793,0.2520355598023549
0,0,01.1.2,v     Meat,173.7715732678241,1.737715732678241,2013-10-01,99.29125947502011,2013,10,2013-10,-0.08528991225325022,-0.23139459389250883
0,0,01.1.2,v     Meat,173.7715732678241,1.737715732678241,2013-11-01,99.87405013272524,2013,11,2013-11,0.8629596106657589,0.5869506145722347
0,0,01.1.2,v     Meat,173.7715732678241,1.737715732678241,2013-12-01,100.25518283096508,2013,12,2013-12,-1.1195282460296108,0.3816133397347432
0,0,01.1.2,v     Meat,173.7715732678241,1.737715732678241,2014-01-01,100.5778788107197,2014,1,2014-01,0.7368274059967206,0.32187461101007564
0,0,01.1.2,v     Meat,173.7715732678241,1.737715732678241,2014-02-01,100,2014,2,2014-02,0.458852265304599,-0.5745585585546276
0,0,01.1.2,v     Meat,173.7715732678241,1.737715732678241,2014-03-01,100.16628772205993,2014,3,2014-03,0.5873653750197327,0.16628772205993236
0,0,01.1.2,v     Meat,173.7715732678241,1.737715732678241,2014-04-01,100.5860958655506,2014,4,2014-04,0.8697031016589252,0.4191112130016661
0,0,01.1.2,v     Meat,173.7715732678241,1.737715732678241,2014-05-01,100.82463937059318,2014,5,2014-05,0.5000352251849804,0.2371535578450379
0,0,01.1.2,v     Meat,173.7715732678241,1.737715732678241,2014-06-01,100.70791817564462,2014,6,2014-06,-0.5501137708071369,-0.1157665384941553
0,0,01.1.2,v     Meat,173.7715732678241,1.737715732678241,2014-07-01,100.90310863745376,2014,7,2014-07,0.10429012989117137,0.19381838622529735
0,0,01.1.2,v     Meat,173.7715732678241,1.737715732678241,2014-08-01,100.82316909022083,2014,8,2014-08,1.5632116079639768,-0.07922406783338332
0,0,01.1.2,v     Meat,173.7715732678241,1.737715732678241,2014-09-01,100.9086308137591,2014,9,2014-09,1.3937523097016902,0.0847639727152405
0,0,01.1.2,v     Meat,173.7715732678241,1.737715732678241,2014-10-01,101.66787331864194,2014,10,2014-10,2.3935781016250823,0.7524059129135674
0,0,01.1.2,v     Meat,173.7715732678241,1.737715732678241,2014-11-01,101.7942654685968,2014,11,2014-11,1.9226368944883498,0.12431867199458324
0,0,01.1.2,v     Meat,173.7715732678241,1.737715732678241,2014-12-01,102.2613818489761,2014,12,2014-12,2.001092573332164,0.45888280467369924
0,0,01.1.2,v     Meat,173.7715732678241,1.737715732678241,2015-01-01,102.41950301039499,2015,1,2015-01,1.8310429902196557,0.15462451079764072
0,0,01.1.2,v     Meat,173.7715732678241,1.737715732678241,2015-02-01,102.74562315119913,2015,2,2015-02,2.745623151199128,0.31841605477331836
0,0,01.1.2,v     Meat,173.7715732678241,1.737715732678241,2015-03-01,103.25541106726183,2015,3,2015-03,3.0839950401012617,0.49616509241712237
0,0,01.1.2,v     Meat,173.7715732678241,1.737715732678241,2015-04-01,104.54330057511613,2015,4,2015-04,3.9341468376056232,1.2472852459183503
0,0,01.1.2,v     Meat,173.7715732678241,1.737715732678241,2015-05-01,105.15195618908913,2015,5,2015-05,4.291923924062235,0.5822043216778594
0,0,01.1.2,v     Meat,173.7715732678241,1.737715732678241,2015-06-01,105.38402877227797,2015,6,2015-06,4.643240254929859,0.22070210731173212
0,0,01.1.2,v     Meat,173.7715732678241,1.737715732678241,2015-07-01,105.41599392613044,2015,7,2015-07,4.472493810762113,0.030332066656457712
0,0,01.1.2,v     Meat,173.7715732678241,1.737715732678241,2015-08-01,105.71477401155755,2015,8,2015-08,4.851667494164458,0.28342955779223633
0,0,01.1.2,v     Meat,173.7715732678241,1.737715732678241,2015-09-01,106.54255085669932,2015,9,2015-09,5.583189463088045,0.783028533978869
0,0,01.1.2,v     Meat,173.7715732678241,1.737715732678241,2015-10-01,106.973338181967,2015,10,2015-10,5.218428093501037,0.40433359423417414
0,0,01.1.2,v     Meat,173.7715732678241,1.737715732678241,2015-11-01,107.26648083383138,2015,11,2015-11,5.375759960587101,0.27403337770550706
0,0,01.1.2,v     Meat,173.7715732678241,1.737715732678241,2015-12-01,108.87412238234843,2015,12,2015-12,6.466508093092571,1.4987361718405534
0,0,01.1.2,v     Meat,173.7715732678241,1.737715732678241,2016-01-01,109.1082651877926,2016,1,2016-01,6.530750473099567,0.2150582712592497
0,0,01.1.2,v     Meat,173.7715732678241,1.737715732678241,2016-02-01,109.37919442296379,2016,2,2016-02,6.456305454493938,0.2483122930282855
0,0,01.1.2,v     Meat,173.7715732678241,1.737715732678241,2016-03-01,109.85817820733448,2016,3,2016-03,6.3945967304043005,0.43791123796219633
0,0,01.1.2,v     Meat,173.7715732678241,1.737715732678241,2016-04-01,110.88506463798166,2016,4,2016-04,6.066160172845181,0.9347382665577664
0,0,01.1.2,v     Meat,173.7715732678241,1.737715732678241,2016-05-01,110.8718252690739,2016,5,2016-05,5.439622130946398,-0.011939722406251185
0,0,01.1.2,v     Meat,173.7715732678241,1.737715732678241,2016-06-01,111.47459891083017,2016,6,2016-06,5.77940529462313,0.5436671041478824
0,0,01.1.2,v     Meat,173.7715732678241,1.737715732678241,2016-07-01,111.43626974426134,2016,7,2016-07,5.710970028276319,-0.03438376719300251
0,0,01.1.2,v     Meat,173.7715732678241,1.737715732678241,2016-08-01,112.37305265281908,2016,8,2016-08,6.298342595457473,0.8406445322582945
0,0,01.1.2,v     Meat,173.7715732678241,1.737715732678241,2016-09-01,113.10360024243936,2016,9,2016-09,6.158149333748075,0.650109232039231
0,0,01.1.2,v     Meat,173.7715732678241,1.737715732678241,2016-10-01,113.69605348226453,2016,10,2016-10,6.28447743573437,0.5238146606785676
0,0,01.1.2,v     Meat,173.7715732678241,1.737715732678241,2016-11-01,114.16253622374937,2016,11,2016-11,6.428900562703088,0.4102892995820673
0,0,01.1.2,v     Meat,173.7715732678241,1.737715732678241,2016-12-01,114.2255011625598,2016,12,2016-12,4.915198086665784,0.055153766632365375
0,0,01.1.2,v     Meat,173.7715732678241,1.737715732678241,2017-01-01,113.29120517230076,2017,1,2017-01,3.8337517119428677,-0.8179399352596262
0,0,01.1.2,v     Meat,173.7715732678241,1.737715732678241,2017-02-01,112.62366124218659,2017,2,2017-02,2.966255910311988,-0.5892283775240426
0,0,01.1.2,v     Meat,173.7715732678241,1.737715732678241,2017-03-01,112.5461672176301,2017,3,2017-03,2.4467809808593532,-0.06880794293291359
0,0,01.1.2,v     Meat,173.7715732678241,1.737715732678241,2017-04-01,112.82905683102689,2017,4,2017-04,1.7531596337090116,0.25135428454863273
0,0,01.1.2,v     Meat,173.7715732678241,1.737715732678241,2017-05-01,113.58275025709459,2017,5,2017-05,2.4450981856225074,0.6679958578369005
0,0,01.1.2,v     Meat,173.7715732678241,1.737715732678241,2017-06-01,113.0399493127049,2017,6,2017-06,1.4042216048939293,-0.47789029862461696
0,0,01.1.2,v     Meat,173.7715732678241,1.737715732678241,2017-07-01,113.24529581001909,2017,7,2017-07,1.6233727761251648,0.1816583416417883
0,0,01.1.2,v     Meat,173.7715732678241,1.737715732678241,2017-08-01,112.82257114477228,2017,8,2017-08,0.4000233875838477,-0.3732823180187306
0,0,01.1.2,v     Meat,173.7715732678241,1.737715732678241,2017-09-01,112.69497601418995,2017,9,2017-09,-0.3612831310175091,-0.11309362061835415
0,0,01.1.2,v     Meat,173.7715732678241,1.737715732678241,2017-10-01,112.7232580165696,2017,10,2017-10,-0.8556105826898142,0.02509606317862012
0,0,01.1.2,v     Meat,173.7715732678241,1.737715732678241,2017-11-01,113.60669835843962,2017,11,2017-11,-0.4868828984495921,0.7837249893364095
0,0,01.1.2,v     Meat,173.7715732678241,1.737715732678241,2017-12-01,114.78763303428899,2017,12,2017-12,0.49212467094295054,1.039493879245934
0,0,01.1.2,v     Meat,173.7715732678241,1.737715732678241,2018-01-01,115.43399199700148,2018,1,2018-01,1.891397325539823,0.5630911149804962
0,0,01.1.2,v     Meat,173.7715732678241,1.737715732678241,2018-02-01,115.0771923407966,2018,2,2018-02,2.1785218767963244,-0.30909409787556186
0,0,01.1.2,v     Meat,173.7715732678241,1.737715732678241,2018-03-01,114.87779553286616,2018,3,2018-03,2.071708324573507,-0.17327222177956347
0,0,01.1.2,v     Meat,173.7715732678241,1.737715732678241,2018-04-10,115.63628821210524,2018,4,2018-04,2.488039393329733,0.6602604756826835
0,0,01.1.2,v     Meat,173.7715732678241,1.737715732678241,2018-05-10,115.68695186654853,2018,5,2018-05,1.852571455340768,0.04381293729383007
0,0,01.1.2,v     Meat,173.7715732678241,1.737715732678241,2018-06-10,116.08471927503442,2018,6,2018-06,2.6935344370216274,0.34383083145343996
0,0,01.1.2,v     Meat,173.7715732678241,1.737715732678241,2018-07-10,116.22858904244038,2018,7,2018-07,2.6343639363405336,0.12393514693789243
0,0,01.1.2,v     Meat,173.7715732678241,1.737715732678241,2018-08-10,117.38903917735301,2018,8,2018-08,4.047477367557151,0.9984205645728883
0,0,01.1.2,v     Meat,173.7715732678241,1.737715732678241,2018-09-10,118.08458959855756,2018,9,2018-09,4.782479019906782,0.5925173475129109
0,0,01.1.2,v     Meat,173.7715732678241,1.737715732678241,2018-10-10,118.27981150210236,2018,10,2018-10,4.929376229274696,0.16532377697080491
0,0,01.1.2,v     Meat,173.7715732678241,1.737715732678241,2018-11-10,119.3117776984221,2018,11,2018-11,5.021780777382023,0.872478729222026
0,0,01.1.2,v     Meat,173.7715732678241,1.737715732678241,2018-12-10,119.54223216585609,2018,12,2018-12,4.142083084984272,0.1931531587908264
0,0,01.1.2,v     Meat,173.7715732678241,1.737715732678241,2019-01-10,121.09629583288513,2019,1,2019-01,4.905230892500656,1.3000122541403591
0,0,01.1.2,v     Meat,173.7715732678241,1.737715732678241,2019-02-10,123.58932320513637,2019,2,2019-02,7.396887855181089,2.0587148063485383
0,0,01.1.2,v     Meat,173.7715732678241,1.737715732678241,2019-03-10,126.32168949290612,2019,3,2019-03,9.961798019327329,2.210843313086608
0,0,01.1.2,v     Meat,173.7715732678241,1.737715732678241,2019-04-10,127.61291905305265,2019,4,2019-04,10.35715606763452,1.0221756575057972
0,0,01.1.2,v     Meat,173.7715732678241,1.737715732678241,2019-05-10,130.9330841527617,2019,5,2019-05,13.17878294848709,2.601746848474451
0,0,01.1.2,v     Meat,173.7715732678241,1.737715732678241,2019-06-10,133.72038690585,2019,6,2019-06,15.192066398534475,2.1287994330266624
0,0,01.1.2,v     Meat,173.7715732678241,1.737715732678241,2019-07-10,133.94480171255205,2019,7,2019-07,15.242560213513979,0.16782392864302942
0,0,01.1.2,v     Meat,173.7715732678241,1.737715732678241,2019-08-10,135.8059521239863,2019,8,2019-08,15.688784128140565,1.3894905868973462
0,0,01.1.2,v     Meat,173.7715732678241,1.737715732678241,2019-09-10,136.49315862559936,2019,9,2019-09,15.589306860127895,0.5060209003105332
0,0,01.1.2,v     Meat,173.7715732678241,1.737715732678241,2019-10-10,139.71434075018783,2019,10,2019-10,18.1218831649089,2.3599586653453963
0,0,01.1.2,v     Meat,173.7715732678241,1.737715732678241,2019-11-10,142.2770771729363,2019,11,2019-11,19.248141229244208,1.8342687006845493
0,0,01.1.2,v     Meat,173.7715732678241,1.737715732678241,2019-12-10,143.81044927588252,2019,12,2019-12,20.300956967539353,1.0777365781013515
0,0,01.1.2,v     Meat,173.7715732678241,1.737715732678241,2020-01-10,147.84379852244174,2020,1,2020-01,22.087795919429777,2.804628778275875
0,0,01.1.2,v     Meat,173.7715732678241,1.737715732678241,2020-02-10,148.5533653576679,2020,2,2020-02,20.19918995032901,0.4799435906798877
0,0,01.1.2,v     Meat,173.7715732678241,1.737715732678241,2020-03-10,151.0453519764471,2020,3,2020-03,19.571985288345427,1.6775026353521572
0,0,01.1.2,v     Meat,173.7715732678241,1.737715732678241,2020-04-10,152.85494051273048,2020,4,2020-04,19.780145808892534,1.1980431788232382
0,0,01.1.2,v     Meat,173.7715732678241,1.737715732678241,2020-05-10,153.49517319366166,2020,5,2020-05,17.231770859820593,0.4188498446851652
0,0,01.1.2,v     Meat,173.7715732678241,1.737715732678241,2020-06-10,155.3777207209192,2020,6,2020-06,16.195985007370428,1.226453893036994
0,0,01.1.2,v     Meat,173.7715732678241,1.737715732678241,2020-07-10,154.87005291190476,2020,7,2020-07,15.62229435693867,-0.3267314043860159
0,0,01.1.2,v     Meat,173.7715732678241,1.737715732678241,2020-08-10,155.36401690495848,2020,8,2020-08,14.401478341034956,0.3189538479299703
0,0,01.1.2,v     Meat,173.7715732678241,1.737715732678241,2020-09-10,155.4606900941765,2020,9,2020-09,13.896323932692534,0.06222366745136654
0,0,01.1.2,v     Meat,173.7715732678241,1.737715732678241,2020-10-10,156.74080445081697,2020,10,2020-10,12.18662566004789,0.8234328278518444
0,0,01.1.2,v     Meat,173.7715732678241,1.737715732678241,2020-11-10,158.41475579778916,2020,11,2020-11,11.342430520439839,1.0679741965325062
0,0,01.1.2,v     Meat,173.7715732678241,1.737715732678241,2020-12-10,158.89752115920342,2020,12,2020-12,10.490942736976105,0.3047477231417073
0,0,01.1.2,v     Meat,173.7715732678241,1.737715732678241,2021-01-10,160.78726678233178,2021,1,2021-01,8.754826640851832,1.1892857795024803
0,0,01.1.2,v     Meat,173.7715732678241,1.737715732678241,2021-02-10,161.8587850626589,2021,2,2021-02,8.956659899932863,0.6664198613300032
0,0,01.1.2,v     Meat,173.7715732678241,1.737715732678241,2021-03-10,161.8528971457717,2021,3,2021-03,7.155165669056696,-0.003637687558899483
0,0,01.1.2,v     Meat,173.7715732678241,1.737715732678241,2021-04-10,162.10041263061387,2021,4,2021-04,6.048526849620139,0.15292619978204414
0,0,01.1.2,v     Meat,173.7715732678241,1.737715732678241,2021-05-10,162.63199741268895,2021,5,2021-05,5.952515658260826,0.3279354897673281
0,0,01.1.2,v     Meat,173.7715732678241,1.737715732678241,2021-06-10,163.08790817906305,2021,6,2021-06,4.9622220112190085,0.28033275962122683
0,0,01.1.2,v     Meat,173.7715732678241,1.737715732678241,2021-07-10,163.20034212489895,2021,7,2021-07,5.378889628024308,0.06894070019738407
0,0,01.1.2,v     Meat,173.7715732678241,1.737715732678241,2021-08-10,162.85384596407692,2021,8,2021-08,4.820826088514596,-0.21231337894920266
0,0,01.1.2,v     Meat,173.7715732678241,1.737715732678241,2021-09-10,165.33222868777048,2021,9,2021-09,6.349861555106884,1.521844761492619
0,0,01.1.2,v     Meat,173.7715732678241,1.737715732678241,2021-10-10,168.5819988347857,2021,10,2021-10,7.554634178035213,1.9655999152787151
0,0,01.1.2,v     Meat,173.7715732678241,1.737715732678241,2021-11-10,168.818256733606,2021,11,2021-11,6.567254977873738,0.1401442030900535
0,0,01.1.2,v     Meat,173.7715732678241,1.737715732678241,2021-12-10,169.41907007490195,2021,12,2021-12,6.621594118612295,0.35589358219947353
0,0,01.1.2,v     Meat,173.7715732678241,1.737715732678241,2022-01-10,173.49029085755157,2022,1,2022-01,7.900516209667718,2.4030475322817546
0,0,01.1.2,v     Meat,173.7715732678241,1.737715732678241,2022-02-10,172.7330939098685,2022,2,2022-02,6.718392729192879,-0.43644917761120894
0,0,01.1.2,v     Meat,173.7715732678241,1.737715732678241,2022-03-10,173.9334864644212,2022,3,2022-03,7.463931465971352,0.6949406899288579
0,0,01.1.2,v     Meat,173.7715732678241,1.737715732678241,2022-04-10,178.01575571862148,2022,4,2022-04,9.81820023140514,2.3470289345550066
0,0,01.1.2,v     Meat,173.7715732678241,1.737715732678241,2022-05-10,181.44629339195365,2022,5,2022-05,11.56863119102094,1.9270977782183563
0,0,01.1.2,v     Meat,173.7715732678241,1.737715732678241,2022-06-10,190.8203705763822,2022,6,2022-06,17.004609788035417,5.166309550440373
0,0,01.1.2,v     Meat,173.7715732678241,1.737715732678241,2022-07-10,192.16307131284177,2022,7,2022-07,17.746733132322312,0.7036464358620931
0,0,01.1.2,v     Meat,173.7715732678241,1.737715732678241,2022-08-10,194.1118802375115,2022,8,2022-08,19.193918380244845,1.0141433061803484
0,0,01.1.2,v     Meat,173.7715732678241,1.737715732678241,2022-09-10,194.26291866088908,2022,9,2022-09,17.498518106686966,0.077809984217736
0,0,01.1.2,v     Meat,173.7715732678241,1.737715732678241,2022-10-10,196.19795136844843,2022,10,2022-10,16.38131753362766,0.9960895887378252
0,0,01.1.2,v     Meat,173.7715732678241,1.737715732678241,2022-11-10,196.96369372063916,2022,11,2022-11,16.6720338970485,0.3902906971503972
0,0,01.1.2,v     Meat,173.7715732678241,1.737715732678241,2022-12-10,198.30515013311168,2022,12,2022-12,17.05007591261061,0.6810678593259789
0,0,01.1.2,v     Meat,173.7715732678241,1.737715732678241,2023-01-10,198.23721756516036,2023,1,2023-01,14.26415656189537,-0.03425658279965216
0,0,01.1.2,v     Meat,173.7715732678241,1.737715732678241,2023-02-10,199.62143658000963,2023,2,2023-02,15.566410617395277,0.6982639445059169
0,0,01.1.2,v     Meat,173.7715732678241,1.737715732678241,2023-03-10,206.3667639460144,2023,3,2023-03,18.646942656569788,3.37905962484204
0,0,01.1.2,v     Meat,173.7715732678241,1.737715732678241,2023-04-10,212.57839271456936,2023,4,2023-04,19.41549322778986,3.0099947538935634
0,0,01.1.2,v     Meat,173.7715732678241,1.737715732678241,2023-05-10,212.86121103665553,2023,5,2023-05,17.313617741884933,0.13304189502736374
0,0,01.1.2,v     Meat,173.7715732678241,1.737715732678241,2023-06-10,215.3924535583361,2023,6,2023-06,12.877075391758597,1.1891516116784073
0,0,01.1.2,v     Meat,173.7715732678241,1.737715732678241,2023-07-10,216.9538697399887,2023,7,2023-07,12.900917048097904,0.7249168463693278
0,0,01.1.2,v     Meat,173.7715732678241,1.737715732678241,2023-08-10,216.71735180796964,2023,8,2023-08,11.645588895846304,-0.10901761388378839
0,0,01.1.2,v     Meat,173.7715732678241,1.737715732678241,2023-09-10,217.82612376924442,2023,9,2023-09,12.129543440808654,0.5116212209243187
0,0,01.1.2,v     Meat,173.7715732678241,1.737715732678241,2023-10-10,218.3031197381813,2023,10,2023-10,11.266768187717012,0.218980148332526
0,0,01.1.2,v     Meat,173.7715732678241,1.737715732678241,2023-11-10,219.26851978706296,2023,11,2023-11,11.324333761764006,0.44222915826375164
0,0,01.1.2,v     Meat,173.7715732678241,1.737715732678241,2023-12-10,220.92750276953848,2023,12,2023-12,11.407849277359471,0.7565987968024768
0,0,01.1.2,v     Meat,173.7715732678241,1.737715732678241,2024-01-10,225.31536402247957,2024,1,2024-01,13.659466567330458,1.986109107256917
0,0,01.1.2,v     Meat,173.7715732678241,1.737715732678241,2024-02-10,230.70814438909827,2024,2,2024-02,15.572830424266026,2.393436590538345
0,0,01.1.2,v     Meat,173.7715732678241,1.737715732678241,2024-03-10,232.31926837010408,2024,3,2024-03,12.575912868837191,0.698338580665192
0,0,01.1.2,v     Meat,173.7715732678241,1.737715732678241,2024-04-10,234.00399802924085,2024,4,2024-04,10.07891961222973,0.7251786177515207
0,0,01.1.2,v     Meat,173.7715732678241,1.737715732678241,2024-05-10,235.57764894881547,2024,5,2024-05,10.671948074300897,0.6724889031075376
0,0,01.1.2,v     Meat,173.7715732678241,1.737715732678241,2024-06-10,237.61224752819447,2024,6,2024-06,10.31595750119465,0.8636636745708692
0,0,01.1.2,v     Meat,173.7715732678241,1.737715732678241,2024-07-10,239.41931358533205,2024,7,2024-07,10.354940371548738,0.760510485438326
0,0,01.1.2,v     Meat,173.7715732678241,1.737715732678241,2024-08-10,253.0312087144942,2024,8,2024-08,16.756321818984652,5.685378896682325
0,0,01.1.2,v     Meat,173.7715732678241,1.737715732678241,2024-09-10,261.756570779911,2024,9,2024-09,20.167666875991696,3.4483343417380574
0,0,01.1.2,v     Meat,173.7715732678241,1.737715732678241,2024-10-10,266.16856052442614,2024,10,2024-10,21.926136852121747,1.6855316110573781
0,0,01.1.2,v     Meat,173.7715732678241,1.737715732678241,2024-11-10,275.43256162137044,2024,11,2024-11,25.61427508556622,3.480501633510591
0,0,01.1.2,v     Meat,173.7715732678241,1.737715732678241,2024-12-10,279.91017273045685,2024,12,2024-12,26.697748909263865,1.6256651293254265
0,0,01.1.2,v     Meat,173.7715732678241,1.737715732678241,2025-01-10,296.6287461860361,2025,1,2025-01,31.650474646035075,5.972835246569841
0,0,01.1.2,v     Meat,173.7715732678241,1.737715732678241,2025-02-10,308.4880214110013,2025,2,2025-02,33.713537607378186,3.9980195370301175
0,0,01.1.2,v     Meat,173.7715732678241,1.737715732678241,2025-03-10,313.60683010760715,2025,3,2025-03,34.989590965827745,1.6593217050026254
0,0,01.1.2,v     Meat,173.7715732678241,1.737715732678241,2025-04-10,315.2003633316798,2025,4,2025-04,34.698708563215554,0.5081309050334992
0,0,01.1.2,v     Meat,173.7715732678241,1.737715732678241,2025-05-10,315.83358141682487,2025,5,2025-05,34.06771942335107,0.20089383097530167
0,0,01.1.2,v     Meat,173.7715732678241,1.737715732678241,2025-06-10,316.09791421258444,2025,6,2025-06,33.03098535570101,0.08369369544991567
0,0,01.1.2,v     Meat,173.7715732678241,1.737715732678241,2025-07-10,316.6171944674293,2025,7,2025-07,32.2437984329877,0.16427829210401423
0,0,01.1.2,v     Meat,173.7715732678241,1.737715732678241,2025-08-10,316.9077459158359,2025,8,2025-08,25.244529133722903,0.09176742561165518
0,0,01.1.2,v     Meat,173.7715732678241,1.737715732678241,2025-09-10,318.9690106693401,2025,9,2025-09,21.85711698428927,0.6504305369839702
0,0,01.1.2,v     Meat,173.7715732678241,1.737715732678241,2025-10-10,322.1788189559695,2025,10,2025-10,21.04315337663756,1.00630725219788
0,0,01.1.2,v     Meat,173.7715732678241,1.737715732678241,2025-11-10,325.87353803219105,2025,11,2025-11,18.31336720462282,1.1467914272559554
0,0,01.1.2,v     Meat,173.7715732678241,1.737715732678241,2025-12-10,327.9976811657331,2025,12,2025-12,17.179621578663664,0.6518305065114749
0,0,01.1.2,v     Meat,173.7715732678241,1.737715732678241,2026-01-10,340.58869161539315,2026,1,2026-01,14.819853434497121,3.8387498365568984
0,0,01.1.2,v     Meat,173.7715732678241,1.737715732678241,2026-02-10,341.6683950565749,2026,2,2026-02,10.75580617160079,0.3170109483262129
0,0,01.1.2,v     Meat,173.7715732678241,1.737715732678241,2026-03-10,347.7499943382802,2026,3,2026-03,10.887251473112869,1.7799712732277317
0,0,01.1.2,v     Meat,173.7715732678241,1.737715732678241,2026-04-10,358.33665737589564,2026,4,2026-04,13.685356700818364,3.0443316204103343
0,0,01.1.2,v     Meat,173.7715732678241,1.737715732678241,2026-05-10,360.5542555247268,2026,5,2026-05,14.159569070295074,0.6188588588928123
0,0,01.1.2,v     Meat,173.7715732678241,1.737715732678241,2026-06-10,362.4107141511448,2026,6,2026-06,14.651409533633863,0.5148902274683342
0,0,01.1.2,v     Meat,173.7715732678241,1.737715732678241,2026-07-10,409.52555731159936,2026,7,2026-07,29.34406736830828,13.000400187066518
0,0,01.1.2,v     Meat,173.7715732678241,1.737715732678241,2026-08-10,419.9538196426989,2026,8,2026-08,32.51611077825465,2.546425282846232
0,0,01.1.4,"v     Milk, cheese and eggs",112.97526668095993,1.1297526668095994,2009-02-01,62.84442555352568,2009,2,2009-02,,
0,0,01.1.4,"v     Milk, cheese and eggs",112.97526668095993,1.1297526668095994,2009-03-01,66.98842251963997,2009,3,2009-03,,6.594056560489636
0,0,01.1.4,"v     Milk, cheese and eggs",112.97526668095993,1.1297526668095994,2009-04-01,64.41855627278943,2009,4,2009-04,,-3.8362841670097403
0,0,01.1.4,"v     Milk, cheese and eggs",112.97526668095993,1.1297526668095994,2009-05-01,64.65665227074247,2009,5,2009-05,,0.3696077834231204
0,0,01.1.4,"v     Milk, cheese and eggs",112.97526668095993,1.1297526668095994,2009-06-01,64.14373737821207,2009,6,2009-06,,-0.7932902099270889
0,0,01.1.4,"v     Milk, cheese and eggs",112.97526668095993,1.1297526668095994,2009-07-01,64.31787172419473,2009,7,2009-07,,0.27147521036374744
0,0,01.1.4,"v     Milk, cheese and eggs",112.97526668095993,1.1297526668095994,2009-08-01,67.02118833391367,2009,8,2009-08,,4.203056688988704
0,0,01.1.4,"v     Milk, cheese and eggs",112.97526668095993,1.1297526668095994,2009-09-01,69.97702164305996,2009,9,2009-09,,4.410296777221712
0,0,01.1.4,"v     Milk, cheese and eggs",112.97526668095993,1.1297526668095994,2009-10-01,66.86641389252702,2009,10,2009-10,,-4.445184544148761
0,0,01.1.4,"v     Milk, cheese and eggs",112.97526668095993,1.1297526668095994,2009-11-01,63.0731136224353,2009,11,2009-11,,-5.672953055608176
0,0,01.1.4,"v     Milk, cheese and eggs",112.97526668095993,1.1297526668095994,2009-12-01,67.84905729154005,2009,12,2009-12,,7.572075318326976
0,0,01.1.4,"v     Milk, cheese and eggs",112.97526668095993,1.1297526668095994,2010-01-01,71.84749224704288,2010,1,2010-01,,5.893132661109779
0,0,01.1.4,"v     Milk, cheese and eggs",112.97526668095993,1.1297526668095994,2010-02-01,64.98459664606177,2010,2,2010-02,3.405506651840229,-9.552032209257199
0,0,01.1.4,"v     Milk, cheese and eggs",112.97526668095993,1.1297526668095994,2010-03-01,67.17841447669944,2010,3,2010-03,0.2836190940364025,3.375904358668702
0,0,01.1.4,"v     Milk, cheese and eggs",112.97526668095993,1.1297526668095994,2010-04-01,67.57782700857985,2010,4,2010-04,4.904286774779676,0.594554865564656
0,0,01.1.4,"v     Milk, cheese and eggs",112.97526668095993,1.1297526668095994,2010-05-01,67.41686839387692,2010,5,2010-05,4.269036558800421,-0.23818258418176752
0,0,01.1.4,"v     Milk, cheese and eggs",112.97526668095993,1.1297526668095994,2010-06-01,69.33645575566776,2010,6,2010-06,8.095440942017085,2.8473398535449945
0,0,01.1.4,"v     Milk, cheese and eggs",112.97526668095993,1.1297526668095994,2010-07-01,72.06857823977045,2010,7,2010-07,12.050626533185028,3.9403838202089814
0,0,01.1.4,"v     Milk, cheese and eggs",112.97526668095993,1.1297526668095994,2010-08-01,74.74103557151861,2010,8,2010-08,11.518517396532912,3.708214310620872
0,0,01.1.4,"v     Milk, cheese and eggs",112.97526668095993,1.1297526668095994,2010-09-01,76.35437504914331,2010,9,2010-09,9.113496482621208,2.1585725502571096
0,0,01.1.4,"v     Milk, cheese and eggs",112.97526668095993,1.1297526668095994,2010-10-01,74.93128455646995,2010,10,2010-10,12.061168222518148,-1.8637969229103546
0,0,01.1.4,"v     Milk, cheese and eggs",112.97526668095993,1.1297526668095994,2010-11-01,74.08799074553775,2010,11,2010-11,17.463664770125487,-1.1254228669957844
0,0,01.1.4,"v     Milk, cheese and eggs",112.97526668095993,1.1297526668095994,2010-12-01,74.91994093949651,2010,12,2010-12,10.421491366598712,1.1229217928397706
0,0,01.1.4,"v     Milk, cheese and eggs",112.97526668095993,1.1297526668095994,2011-01-01,68.75853861834699,2011,1,2011-01,-4.299320034824216,-8.223981818305647
0,0,01.1.4,"v     Milk, cheese and eggs",112.97526668095993,1.1297526668095994,2011-02-01,71.272286006102,2011,2,2011-02,9.6756611328775,3.655905780237534
0,0,01.1.4,"v     Milk, cheese and eggs",112.97526668095993,1.1297526668095994,2011-03-01,71.7779922946117,2011,3,2011-03,6.84680913317417,0.7095412773296061
0,0,01.1.4,"v     Milk, cheese and eggs",112.97526668095993,1.1297526668095994,2011-04-01,72.85578700418023,2011,4,2011-04,7.810194895627931,1.5015670891778798
0,0,01.1.4,"v     Milk, cheese and eggs",112.97526668095993,1.1297526668095994,2011-05-01,75.9035903601455,2011,5,2011-05,12.588425075881116,4.183337359035599
0,0,01.1.4,"v     Milk, cheese and eggs",112.97526668095993,1.1297526668095994,2011-06-01,79.00156256966883,2011,6,2011-06,13.939430143443744,4.081456746412315
0,0,01.1.4,"v     Milk, cheese and eggs",112.97526668095993,1.1297526668095994,2011-07-01,75.82714996985662,2011,7,2011-07,5.215271095790874,-4.0181643205003725
0,0,01.1.4,"v     Milk, cheese and eggs",112.97526668095993,1.1297526668095994,2011-08-01,77.7783525916148,2011,8,2011-08,4.063787712962363,2.5732242640450487
0,0,01.1.4,"v     Milk, cheese and eggs",112.97526668095993,1.1297526668095994,2011-09-01,79.90416429563383,2011,9,2011-09,4.649097375501787,2.733166277229948
0,0,01.1.4,"v     Milk, cheese and eggs",112.97526668095993,1.1297526668095994,2011-10-01,80.59577867189235,2011,10,2011-10,7.5595849570061935,0.8655548585673634
0,0,01.1.4,"v     Milk, cheese and eggs",112.97526668095993,1.1297526668095994,2011-11-01,87.29075084326011,2011,11,2011-11,17.820378127230498,8.306852147459454
0,0,01.1.4,"v     Milk, cheese and eggs",112.97526668095993,1.1297526668095994,2011-12-01,89.00315364775287,2011,12,2011-12,18.797682608465482,1.9617230782761341
0,0,01.1.4,"v     Milk, cheese and eggs",112.97526668095993,1.1297526668095994,2012-01-01,84.39295159690948,2012,1,2012-01,22.738140298971878,-5.179818761354394
0,0,01.1.4,"v     Milk, cheese and eggs",112.97526668095993,1.1297526668095994,2012-02-01,86.53049962145072,2012,2,2012-02,21.40834042287123,2.532851362695454
0,0,01.1.4,"v     Milk, cheese and eggs",112.97526668095993,1.1297526668095994,2012-03-01,88.77617235351875,2012,3,2012-03,23.681604229243767,2.5952383747837926
0,0,01.1.4,"v     Milk, cheese and eggs",112.97526668095993,1.1297526668095994,2012-04-01,88.14741424585576,2012,4,2012-04,20.98889857685313,-0.708250976578706
0,0,01.1.4,"v     Milk, cheese and eggs",112.97526668095993,1.1297526668095994,2012-05-01,88.64666977130626,2012,5,2012-05,16.788506776422185,0.5663870344035482
0,0,01.1.4,"v     Milk, cheese and eggs",112.97526668095993,1.1297526668095994,2012-06-01,90.27625524365449,2012,6,2012-06,14.27148059766905,1.8382929404480608
0,0,01.1.4,"v     Milk, cheese and eggs",112.97526668095993,1.1297526668095994,2012-07-01,89.63827067482731,2012,7,2012-07,18.213952008562885,-0.7067025178495334
0,0,01.1.4,"v     Milk, cheese and eggs",112.97526668095993,1.1297526668095994,2012-08-01,85.25505980122001,2012,8,2012-08,9.612838226161236,-4.889887813105942
0,0,01.1.4,"v     Milk, cheese and eggs",112.97526668095993,1.1297526668095994,2012-09-01,84.55911540312503,2012,9,2012-09,5.825667721482652,-0.8163086152512711
0,0,01.1.4,"v     Milk, cheese and eggs",112.97526668095993,1.1297526668095994,2012-10-01,83.98609710020831,2012,10,2012-10,4.206570721424563,-0.6776540887223459
0,0,01.1.4,"v     Milk, cheese and eggs",112.97526668095993,1.1297526668095994,2012-11-01,82.01734361291257,2012,11,2012-11,-6.041198156052651,-2.3441421321754197
0,0,01.1.4,"v     Milk, cheese and eggs",112.97526668095993,1.1297526668095994,2012-12-01,81.14702402896661,2012,12,2012-12,-8.826799160261666,-1.0611409070421685
0,0,01.1.4,"v     Milk, cheese and eggs",112.97526668095993,1.1297526668095994,2013-01-01,81.80017508926255,2013,1,2013-01,-3.0722666509295116,0.8048983534661547
0,0,01.1.4,"v     Milk, cheese and eggs",112.97526668095993,1.1297526668095994,2013-02-01,84.86982660702365,2013,2,2013-02,-1.9191765004155648,3.7526221849909502
0,0,01.1.4,"v     Milk, cheese and eggs",112.97526668095993,1.1297526668095994,2013-03-01,88.79260266580792,2013,3,2013-03,0.018507570053527544,4.622109194293578
0,0,01.1.4,"v     Milk, cheese and eggs",112.97526668095993,1.1297526668095994,2013-04-01,93.0419433728452,2013,4,2013-04,5.55266330710269,4.7856922530254975
0,0,01.1.4,"v     Milk, cheese and eggs",112.97526668095993,1.1297526668095994,2013-05-01,90.73680584998995,2013,5,2013-05,2.3578280877058155,-2.477525123930302
0,0,01.1.4,"v     Milk, cheese and eggs",112.97526668095993,1.1297526668095994,2013-06-01,92.14045571520595,2013,6,2013-06,2.0649953484667805,1.5469465252464065
0,0,01.1.4,"v     Milk, cheese and eggs",112.97526668095993,1.1297526668095994,2013-07-01,95.41786070190369,2013,7,2013-07,6.447681312418974,3.556966330650435
0,0,01.1.4,"v     Milk, cheese and eggs",112.97526668095993,1.1297526668095994,2013-08-01,99.14648131818552,2013,8,2013-08,16.29395551343771,3.907675763063345
0,0,01.1.4,"v     Milk, cheese and eggs",112.97526668095993,1.1297526668095994,2013-09-01,104.36522732968369,2013,9,2013-09,23.42279934237188,5.263672439115541
0,0,01.1.4,"v     Milk, cheese and eggs",112.97526668095993,1.1297526668095994,2013-10-01,105.82815013361896,2013,10,2013-10,26.00674848284679,1.4017339312776933
0,0,01.1.4,"v     Milk, cheese and eggs",112.97526668095993,1.1297526668095994,2013-11-01,112.45175350338383,2013,11,2013-11,37.10728554451714,6.258829395961163
0,0,01.1.4,"v     Milk, cheese and eggs",112.97526668095993,1.1297526668095994,2013-12-01,106.13706709604773,2013,12,2013-12,30.796006835889077,-5.61546281903561
0,0,01.1.4,"v     Milk, cheese and eggs",112.97526668095993,1.1297526668095994,2014-01-01,97.52787426639405,2014,1,2014-01,19.226974954477804,-8.111391302967574
0,0,01.1.4,"v     Milk, cheese and eggs",112.97526668095993,1.1297526668095994,2014-02-01,100,2014,2,2014-02,17.827505955719957,2.534788902353613
0,0,01.1.4,"v     Milk, cheese and eggs",112.97526668095993,1.1297526668095994,2014-03-01,101.59840276912327,2014,3,2014-03,14.422147474956915,1.5984027691232638
0,0,01.1.4,"v     Milk, cheese and eggs",112.97526668095993,1.1297526668095994,2014-04-01,101.93843694024697,2014,4,2014-04,9.561809700976509,0.33468456378829003
0,0,01.1.4,"v     Milk, cheese and eggs",112.97526668095993,1.1297526668095994,2014-05-01,99.89108991506167,2014,5,2014-05,10.0888321771057,-2.0084151637378866
0,0,01.1.4,"v     Milk, cheese and eggs",112.97526668095993,1.1297526668095994,2014-06-01,99.68340626180864,2014,6,2014-06,8.186361233025563,-0.20791008830679525
0,0,01.1.4,"v     Milk, cheese and eggs",112.97526668095993,1.1297526668095994,2014-07-01,99.40448573874457,2014,7,2014-07,4.178070025375602,-0.2798063725185318
0,0,01.1.4,"v     Milk, cheese and eggs",112.97526668095993,1.1297526668095994,2014-08-01,100.11008884577663,2014,8,2014-08,0.9719029004152446,0.7098302473859563
0,0,01.1.4,"v     Milk, cheese and eggs",112.97526668095993,1.1297526668095994,2014-09-01,99.8218144272058,2014,9,2014-09,-4.353378053904411,-0.28795740958229565
0,0,01.1.4,"v     Milk, cheese and eggs",112.97526668095993,1.1297526668095994,2014-10-01,100.2574438151153,2014,10,2014-10,-5.263917314504763,0.4364070022261357
0,0,01.1.4,"v     Milk, cheese and eggs",112.97526668095993,1.1297526668095994,2014-11-01,99.91878158969672,2014,11,2014-11,-11.145199183852627,-0.3377925992638531
0,0,01.1.4,"v     Milk, cheese and eggs",112.97526668095993,1.1297526668095994,2014-12-01,100.6298255907904,2014,12,2014-12,-5.188801288689837,0.7116219691443826
0,0,01.1.4,"v     Milk, cheese and eggs",112.97526668095993,1.1297526668095994,2015-01-01,100.58467811037065,2015,1,2015-01,3.134287368580435,-0.04486490973695245
0,0,01.1.4,"v     Milk, cheese and eggs",112.97526668095993,1.1297526668095994,2015-02-01,100.48344106533212,2015,2,2015-02,0.48344106533211306,-0.10064857485296841
0,0,01.1.4,"v     Milk, cheese and eggs",112.97526668095993,1.1297526668095994,2015-03-01,100.92751496139414,2015,3,2015-03,-0.6603330263505125,0.4419373892393885
0,0,01.1.4,"v     Milk, cheese and eggs",112.97526668095993,1.1297526668095994,2015-04-01,101.20479181738654,2015,4,2015-04,-0.7196943026411828,0.27472870613971523
0,0,01.1.4,"v     Milk, cheese and eggs",112.97526668095993,1.1297526668095994,2015-05-01,102.12781087740613,2015,5,2015-05,2.239159633002674,0.9120309853362318
0,0,01.1.4,"v     Milk, cheese and eggs",112.97526668095993,1.1297526668095994,2015-06-01,101.98205814142777,2015,6,2015-06,2.30595238046134,-0.14271600921057503
0,0,01.1.4,"v     Milk, cheese and eggs",112.97526668095993,1.1297526668095994,2015-07-01,101.8554341025198,2015,7,2015-07,2.4656315512931792,-0.12416305496832925
0,0,01.1.4,"v     Milk, cheese and eggs",112.97526668095993,1.1297526668095994,2015-08-01,102.4495635952628,2015,8,2015-08,2.336902080958314,0.5833066227423966
0,0,01.1.4,"v     Milk, cheese and eggs",112.97526668095993,1.1297526668095994,2015-09-01,102.7247838060902,2015,9,2015-09,2.908151284909155,0.2686397102819038
0,0,01.1.4,"v     Milk, cheese and eggs",112.97526668095993,1.1297526668095994,2015-10-01,101.98657611420509,2015,10,2015-10,1.7246921857278608,-0.7186266687877363
0,0,01.1.4,"v     Milk, cheese and eggs",112.97526668095993,1.1297526668095994,2015-11-01,102.96680302163632,2015,11,2015-11,3.050498998732687,0.9611332635910408
0,0,01.1.4,"v     Milk, cheese and eggs",112.97526668095993,1.1297526668095994,2015-12-01,103.35562804724816,2015,12,2015-12,2.7087421054888816,0.3776217326375786
0,0,01.1.4,"v     Milk, cheese and eggs",112.97526668095993,1.1297526668095994,2016-01-01,103.88760296148774,2016,1,2016-01,3.283725626176204,0.5147033831543135
0,0,01.1.4,"v     Milk, cheese and eggs",112.97526668095993,1.1297526668095994,2016-02-01,102.80346939874423,2016,2,2016-02,2.3088663254512642,-1.0435639401030539
0,0,01.1.4,"v     Milk, cheese and eggs",112.97526668095993,1.1297526668095994,2016-03-01,103.65165836017852,2016,3,2016-03,2.699108761199942,0.8250586934419601
0,0,01.1.4,"v     Milk, cheese and eggs",112.97526668095993,1.1297526668095994,2016-04-01,103.83710007136105,2016,4,2016-04,2.6009719566680634,0.1789085810264046
0,0,01.1.4,"v     Milk, cheese and eggs",112.97526668095993,1.1297526668095994,2016-05-01,103.59150168759861,2016,5,2016-05,1.4331951283568456,-0.23652276844562392
0,0,01.1.4,"v     Milk, cheese and eggs",112.97526668095993,1.1297526668095994,2016-06-01,103.89185664638323,2016,6,2016-06,1.8726808810888729,0.28994169781455525
0,0,01.1.4,"v     Milk, cheese and eggs",112.97526668095993,1.1297526668095994,2016-07-01,103.79338505576604,2016,7,2016-07,1.9026485629580092,-0.0947827806681345
0,0,01.1.4,"v     Milk, cheese and eggs",112.97526668095993,1.1297526668095994,2016-08-01,104.1070536647477,2016,8,2016-08,1.617859570425284,0.30220481662981413
0,0,01.1.4,"v     Milk, cheese and eggs",112.97526668095993,1.1297526668095994,2016-09-01,104.22459490901247,2016,9,2016-09,1.4600284832464672,0.1129042078582776
0,0,01.1.4,"v     Milk, cheese and eggs",112.97526668095993,1.1297526668095994,2016-10-01,106.42326458141198,2016,10,2016-10,4.350267100092342,2.109549741420391
0,0,01.1.4,"v     Milk, cheese and eggs",112.97526668095993,1.1297526668095994,2016-11-01,105.78128414260895,2016,11,2016-11,2.733386915374303,-0.6032331758738074
0,0,01.1.4,"v     Milk, cheese and eggs",112.97526668095993,1.1297526668095994,2016-12-01,106.64571618806045,2016,12,2016-12,3.183269458058202,0.8171880805361686
0,0,01.1.4,"v     Milk, cheese and eggs",112.97526668095993,1.1297526668095994,2017-01-01,108.2214880829571,2017,1,2017-01,4.171705764619449,1.4775763633279926
0,0,01.1.4,"v     Milk, cheese and eggs",112.97526668095993,1.1297526668095994,2017-02-01,109.40199743422703,2017,2,2017-02,6.418584970015995,1.0908271288646576
0,0,01.1.4,"v     Milk, cheese and eggs",112.97526668095993,1.1297526668095994,2017-03-01,108.62681339074899,2017,3,2017-03,4.799879817920849,-0.7085647992342015
0,0,01.1.4,"v     Milk, cheese and eggs",112.97526668095993,1.1297526668095994,2017-04-01,109.3423158296194,2017,4,2017-04,5.30178111144759,0.658679396491757
0,0,01.1.4,"v     Milk, cheese and eggs",112.97526668095993,1.1297526668095994,2017-05-01,109.21901853083006,2017,5,2017-05,5.432411685856597,-0.11276265538536778
0,0,01.1.4,"v     Milk, cheese and eggs",112.97526668095993,1.1297526668095994,2017-06-01,109.95110216031955,2017,6,2017-06,5.8322622287521275,0.6702895149006016
0,0,01.1.4,"v     Milk, cheese and eggs",112.97526668095993,1.1297526668095994,2017-07-01,110.42996907841044,2017,7,2017-07,6.394033703668778,0.4355271649688852
0,0,01.1.4,"v     Milk, cheese and eggs",112.97526668095993,1.1297526668095994,2017-08-01,110.2450409272008,2017,8,2017-08,5.895841872750585,-0.16746192428825912
0,0,01.1.4,"v     Milk, cheese and eggs",112.97526668095993,1.1297526668095994,2017-09-01,110.81614862594115,2017,9,2017-09,6.3243745132164575,0.5180348194686379
0,0,01.1.4,"v     Milk, cheese and eggs",112.97526668095993,1.1297526668095994,2017-10-01,113.8535805446025,2017,10,2017-10,6.981853067950605,2.7409650635975114
0,0,01.1.4,"v     Milk, cheese and eggs",112.97526668095993,1.1297526668095994,2017-11-01,115.90231495457478,2017,11,2017-11,9.567884237745838,1.7994466227346129
0,0,01.1.4,"v     Milk, cheese and eggs",112.97526668095993,1.1297526668095994,2017-12-01,114.5779530330561,2017,12,2017-12,7.437932932071867,-1.1426535544503347
0,0,01.1.4,"v     Milk, cheese and eggs",112.97526668095993,1.1297526668095994,2018-01-01,114.58023612454066,2018,1,2018-01,5.875679732577033,0.001992609768386444
0,0,01.1.4,"v     Milk, cheese and eggs",112.97526668095993,1.1297526668095994,2018-02-01,116.05705594596898,2018,2,2018-02,6.0831234052586725,1.2888957741570062
0,0,01.1.4,"v     Milk, cheese and eggs",112.97526668095993,1.1297526668095994,2018-03-01,115.41468546604135,2018,3,2018-03,6.248799779180891,-0.5534954119693403
0,0,01.1.4,"v     Milk, cheese and eggs",112.97526668095993,1.1297526668095994,2018-04-10,114.903886200325,2018,4,2018-04,5.086384286365231,-0.44257735803182596
0,0,01.1.4,"v     Milk, cheese and eggs",112.97526668095993,1.1297526668095994,2018-05-10,115.85502539087541,2018,5,2018-05,6.0758711708915,0.8277693836152622
0,0,01.1.4,"v     Milk, cheese and eggs",112.97526668095993,1.1297526668095994,2018-06-10,115.07254259756112,2018,6,2018-06,4.657925511082195,-0.6753982321218488
0,0,01.1.4,"v     Milk, cheese and eggs",112.97526668095993,1.1297526668095994,2018-07-10,115.63968681905368,2018,7,2018-07,4.7176665755870095,0.4928579908727748
0,0,01.1.4,"v     Milk, cheese and eggs",112.97526668095993,1.1297526668095994,2018-08-10,117.33259999261027,2018,8,2018-08,6.428914176819678,1.463955169824671
0,0,01.1.4,"v     Milk, cheese and eggs",112.97526668095993,1.1297526668095994,2018-09-10,117.35365436392678,2018,9,2018-09,5.8994161221510355,0.017944178615181272
0,0,01.1.4,"v     Milk, cheese and eggs",112.97526668095993,1.1297526668095994,2018-10-10,117.44950137541879,2018,10,2018-10,3.1583730732188897,0.08167364877686989
0,0,01.1.4,"v     Milk, cheese and eggs",112.97526668095993,1.1297526668095994,2018-11-10,117.43269214231725,2018,11,2018-11,1.3204026065762875,-0.014311881195483434
0,0,01.1.4,"v     Milk, cheese and eggs",112.97526668095993,1.1297526668095994,2018-12-10,117.95469334230344,2018,12,2018-12,2.947111743454811,0.44451097089179825
0,0,01.1.4,"v     Milk, cheese and eggs",112.97526668095993,1.1297526668095994,2019-01-10,117.29111012012196,2019,1,2019-01,2.365917620063862,-0.5625746660675723
0,0,01.1.4,"v     Milk, cheese and eggs",112.97526668095993,1.1297526668095994,2019-02-10,118.03488672200845,2019,2,2019-02,1.7041883062760554,0.6341287085822378
0,0,01.1.4,"v     Milk, cheese and eggs",112.97526668095993,1.1297526668095994,2019-03-10,119.5323250693935,2019,3,2019-03,3.567691222936853,1.2686404748383895
0,0,01.1.4,"v     Milk, cheese and eggs",112.97526668095993,1.1297526668095994,2019-04-10,122.02943127458947,2019,4,2019-04,6.201309033048452,2.089063526327539
0,0,01.1.4,"v     Milk, cheese and eggs",112.97526668095993,1.1297526668095994,2019-05-10,122.8623877688328,2019,5,2019-05,6.048388798255178,0.6825865576387313
0,0,01.1.4,"v     Milk, cheese and eggs",112.97526668095993,1.1297526668095994,2019-06-10,123.30996099410153,2019,6,2019-06,7.158456926904644,0.3642882361287292
0,0,01.1.4,"v     Milk, cheese and eggs",112.97526668095993,1.1297526668095994,2019-07-10,123.15794648341019,2019,7,2019-07,6.501452806700048,-0.1232783705921503
0,0,01.1.4,"v     Milk, cheese and eggs",112.97526668095993,1.1297526668095994,2019-08-10,123.12329158319424,2019,8,2019-08,4.935279360509082,-0.028138582369596765
0,0,01.1.4,"v     Milk, cheese and eggs",112.97526668095993,1.1297526668095994,2019-09-10,123.08589926872321,2019,9,2019-09,4.88459003331938,-0.030369813859121297
0,0,01.1.4,"v     Milk, cheese and eggs",112.97526668095993,1.1297526668095994,2019-10-10,121.8864030248691,2019,10,2019-10,3.777710077514995,-0.9745196248965526
0,0,01.1.4,"v     Milk, cheese and eggs",112.97526668095993,1.1297526668095994,2019-11-10,121.68980067459871,2019,11,2019-11,3.6251476949214823,-0.161299657214653
0,0,01.1.4,"v     Milk, cheese and eggs",112.97526668095993,1.1297526668095994,2019-12-10,122.50710920663852,2019,12,2019-12,3.8594614044936693,0.6716327313455839
0,0,01.1.4,"v     Milk, cheese and eggs",112.97526668095993,1.1297526668095994,2020-01-10,122.96415506490331,2020,1,2020-01,4.836722014968897,0.373077008530065
0,0,01.1.4,"v     Milk, cheese and eggs",112.97526668095993,1.1297526668095994,2020-02-10,122.28941294534623,2020,2,2020-02,3.6044650369834175,-0.5487307412480824
0,0,01.1.4,"v     Milk, cheese and eggs",112.97526668095993,1.1297526668095994,2020-03-10,122.44575973972572,2020,3,2020-03,2.4373613318747545,0.12784982004072631
0,0,01.1.4,"v     Milk, cheese and eggs",112.97526668095993,1.1297526668095994,2020-04-10,122.11135314006965,2020,4,2020-04,0.0671328749339617,-0.27310590449753924
0,0,01.1.4,"v     Milk, cheese and eggs",112.97526668095993,1.1297526668095994,2020-05-10,123.89998107967885,2020,5,2020-05,0.8445166414951188,1.4647515514446319
0,0,01.1.4,"v     Milk, cheese and eggs",112.97526668095993,1.1297526668095994,2020-06-10,123.8310293561125,2020,6,2020-06,0.4225679400189586,-0.055651117107125
0,0,01.1.4,"v     Milk, cheese and eggs",112.97526668095993,1.1297526668095994,2020-07-10,124.48681573193161,2020,7,2020-07,1.07899594501637,0.529581623627795
0,0,01.1.4,"v     Milk, cheese and eggs",112.97526668095993,1.1297526668095994,2020-08-10,126.21426064923911,2020,8,2020-08,2.5104665626619393,1.3876529069771992
0,0,01.1.4,"v     Milk, cheese and eggs",112.97526668095993,1.1297526668095994,2020-09-10,126.4323583833138,2020,9,2020-09,2.71879974430258,0.17279959725058358
0,0,01.1.4,"v     Milk, cheese and eggs",112.97526668095993,1.1297526668095994,2020-10-10,128.86792136365418,2020,10,2020-10,5.727889383494733,1.9263762943947604
0,0,01.1.4,"v     Milk, cheese and eggs",112.97526668095993,1.1297526668095994,2020-11-10,130.58774360246423,2020,11,2020-11,7.3119874291345255,1.3345619457590718
0,0,01.1.4,"v     Milk, cheese and eggs",112.97526668095993,1.1297526668095994,2020-12-10,132.76339993732597,2020,12,2020-12,8.37199636584982,1.6660494123283742
0,0,01.1.4,"v     Milk, cheese and eggs",112.97526668095993,1.1297526668095994,2021-01-10,130.22213437802776,2021,1,2021-01,5.902516314037642,-1.9141311238623504
0,0,01.1.4,"v     Milk, cheese and eggs",112.97526668095993,1.1297526668095994,2021-02-10,129.0119238793625,2021,2,2021-02,5.497214167689823,-0.9293431600130853
0,0,01.1.4,"v     Milk, cheese and eggs",112.97526668095993,1.1297526668095994,2021-03-10,128.78337380552352,2021,3,2021-03,5.175854255197754,-0.17715422494799515
0,0,01.1.4,"v     Milk, cheese and eggs",112.97526668095993,1.1297526668095994,2021-04-10,128.50993695377872,2021,4,2021-04,5.239958160458236,-0.21232310015244504
0,0,01.1.4,"v     Milk, cheese and eggs",112.97526668095993,1.1297526668095994,2021-05-10,128.46897613700025,2021,5,2021-05,3.687647905598257,-0.031873657204573025
0,0,01.1.4,"v     Milk, cheese and eggs",112.97526668095993,1.1297526668095994,2021-06-10,128.5368489324945,2021,6,2021-06,3.8001941846490306,0.052832051391038526
0,0,01.1.4,"v     Milk, cheese and eggs",112.97526668095993,1.1297526668095994,2021-07-10,127.34423550872259,2021,7,2021-07,2.2953593599374544,-0.9278377630046464
0,0,01.1.4,"v     Milk, cheese and eggs",112.97526668095993,1.1297526668095994,2021-08-10,128.3879263054157,2021,8,2021-08,1.7222028992566862,0.8195822861739366
0,0,01.1.4,"v     Milk, cheese and eggs",112.97526668095993,1.1297526668095994,2021-09-10,132.40843791703804,2021,9,2021-09,4.726700988686883,3.1315340369764577
0,0,01.1.4,"v     Milk, cheese and eggs",112.97526668095993,1.1297526668095994,2021-10-10,142.11482254573033,2021,10,2021-10,10.279440408365502,7.330639029798025
0,0,01.1.4,"v     Milk, cheese and eggs",112.97526668095993,1.1297526668095994,2021-11-10,143.27618589980247,2021,11,2021-11,9.716411316489593,0.8172007207048582
0,0,01.1.4,"v     Milk, cheese and eggs",112.97526668095993,1.1297526668095994,2021-12-10,136.60203180332982,2021,12,2021-12,2.8913329033573687,-4.658243834840836
0,0,01.1.4,"v     Milk, cheese and eggs",112.97526668095993,1.1297526668095994,2022-01-10,137.36527234019323,2022,1,2022-01,5.485348551751823,0.5587329315586365
0,0,01.1.4,"v     Milk, cheese and eggs",112.97526668095993,1.1297526668095994,2022-02-10,136.44270266209398,2022,2,2022-02,5.759761237015493,-0.6716178422552455
0,0,01.1.4,"v     Milk, cheese and eggs",112.97526668095993,1.1297526668095994,2022-03-10,136.22651625201223,2022,3,2022-03,5.779583362778373,-0.158444831320248
0,0,01.1.4,"v     Milk, cheese and eggs",112.97526668095993,1.1297526668095994,2022-04-10,137.19902918275764,2022,4,2022-04,6.761416614891136,0.7138940035332775
0,0,01.1.4,"v     Milk, cheese and eggs",112.97526668095993,1.1297526668095994,2022-05-10,139.07984991322488,2022,5,2022-05,8.259483414041613,1.3708702908982406
0,0,01.1.4,"v     Milk, cheese and eggs",112.97526668095993,1.1297526668095994,2022-06-10,145.01187421310235,2022,6,2022-06,12.817355814642895,4.265193199143225
0,0,01.1.4,"v     Milk, cheese and eggs",112.97526668095993,1.1297526668095994,2022-07-10,150.09472306774384,2022,7,2022-07,17.865345430153322,3.5051259644930832
0,0,01.1.4,"v     Milk, cheese and eggs",112.97526668095993,1.1297526668095994,2022-08-10,153.73836889955058,2022,8,2022-08,19.745192031398616,2.4275642456545343
0,0,01.1.4,"v     Milk, cheese and eggs",112.97526668095993,1.1297526668095994,2022-09-10,176.11333809244013,2022,9,2022-09,33.00763974180094,14.553926487608893
0,0,01.1.4,"v     Milk, cheese and eggs",112.97526668095993,1.1297526668095994,2022-10-10,180.4986428095749,2022,10,2022-10,27.009019591530127,2.490046900838916
0,0,01.1.4,"v     Milk, cheese and eggs",112.97526668095993,1.1297526668095994,2022-11-10,180.17840054166072,2022,11,2022-11,25.756000140641056,-0.17742087304890575
0,0,01.1.4,"v     Milk, cheese and eggs",112.97526668095993,1.1297526668095994,2022-12-10,178.211201117009,2022,12,2022-12,30.460139402307874,-1.0918064644473646
0,0,01.1.4,"v     Milk, cheese and eggs",112.97526668095993,1.1297526668095994,2023-01-10,171.70072144772945,2023,1,2023-01,24.995727466329654,-3.6532381962932514
0,0,01.1.4,"v     Milk, cheese and eggs",112.97526668095993,1.1297526668095994,2023-02-10,169.35068014596206,2023,2,2023-02,24.11853242556039,-1.3686845820754523
0,0,01.1.4,"v     Milk, cheese and eggs",112.97526668095993,1.1297526668095994,2023-03-10,170.32003922699977,2023,3,2023-03,25.027082768465014,0.5723975127836622
0,0,01.1.4,"v     Milk, cheese and eggs",112.97526668095993,1.1297526668095994,2023-04-10,171.1970392925826,2023,4,2023-04,24.780066092550456,0.5149130246582256
0,0,01.1.4,"v     Milk, cheese and eggs",112.97526668095993,1.1297526668095994,2023-05-10,171.6945674388171,2023,5,2023-05,23.4503542719821,0.29061726084189665
0,0,01.1.4,"v     Milk, cheese and eggs",112.97526668095993,1.1297526668095994,2023-06-10,175.80733707921786,2023,6,2023-06,21.23651117070593,2.3953988188160524
0,0,01.1.4,"v     Milk, cheese and eggs",112.97526668095993,1.1297526668095994,2023-07-10,177.71127552008997,2023,7,2023-07,18.399415974059032,1.082968704550824
0,0,01.1.4,"v     Milk, cheese and eggs",112.97526668095993,1.1297526668095994,2023-08-10,178.72908313635241,2023,8,2023-08,16.255352789081723,0.5727310286214093
0,0,01.1.4,"v     Milk, cheese and eggs",112.97526668095993,1.1297526668095994,2023-09-10,182.55745812198694,2023,9,2023-09,3.6590755131586716,2.141998894893815
0,0,01.1.4,"v     Milk, cheese and eggs",112.97526668095993,1.1297526668095994,2023-10-10,185.99913410546986,2023,10,2023-10,3.047386512317418,1.885256301708127
0,0,01.1.4,"v     Milk, cheese and eggs",112.97526668095993,1.1297526668095994,2023-11-10,186.28256387495313,2023,11,2023-11,3.387844111692506,0.15238230588887625
0,0,01.1.4,"v     Milk, cheese and eggs",112.97526668095993,1.1297526668095994,2023-12-10,187.16585395428484,2023,12,2023-12,5.024741868720373,0.47416680389080756
0,0,01.1.4,"v     Milk, cheese and eggs",112.97526668095993,1.1297526668095994,2024-01-10,193.58569879311102,2024,1,2024-01,12.74600197416409,3.430029945736912
0,0,01.1.4,"v     Milk, cheese and eggs",112.97526668095993,1.1297526668095994,2024-02-10,198.9860493151897,2024,2,2024-02,17.49940959415406,2.7896433237303064
0,0,01.1.4,"v     Milk, cheese and eggs",112.97526668095993,1.1297526668095994,2024-03-10,199.5842204905551,2024,3,2024-03,17.181877949518622,0.30060960425317695
0,0,01.1.4,"v     Milk, cheese and eggs",112.97526668095993,1.1297526668095994,2024-04-10,200.46110450691157,2024,4,2024-04,17.093791653905612,0.4393553830063235
0,0,01.1.4,"v     Milk, cheese and eggs",112.97526668095993,1.1297526668095994,2024-05-10,200.74004890435978,2024,5,2024-05,16.916948450272294,0.1391513820770074
0,0,01.1.4,"v     Milk, cheese and eggs",112.97526668095993,1.1297526668095994,2024-06-10,201.07239439179207,2024,6,2024-06,14.370877650680702,0.1655601307493093
0,0,01.1.4,"v     Milk, cheese and eggs",112.97526668095993,1.1297526668095994,2024-07-10,201.12364451420692,2024,7,2024-07,13.174385770175977,0.025488393158035194
0,0,01.1.4,"v     Milk, cheese and eggs",112.97526668095993,1.1297526668095994,2024-08-10,205.6061160732906,2024,8,2024-08,15.037862034145654,2.228714366185347
0,0,01.1.4,"v     Milk, cheese and eggs",112.97526668095993,1.1297526668095994,2024-09-10,205.64556064420273,2024,9,2024-09,12.64703330103778,0.01918453189304614
0,0,01.1.4,"v     Milk, cheese and eggs",112.97526668095993,1.1297526668095994,2024-10-10,207.82790701685147,2024,10,2024-10,11.735954049659014,1.0612173517446033
0,0,01.1.4,"v     Milk, cheese and eggs",112.97526668095993,1.1297526668095994,2024-11-10,209.13738930291595,2024,11,2024-11,12.268902119741432,0.630080100820285
0,0,01.1.4,"v     Milk, cheese and eggs",112.97526668095993,1.1297526668095994,2024-12-10,212.73578819455525,2024,12,2024-12,13.661644846028299,1.7205909013368048
0,0,01.1.4,"v     Milk, cheese and eggs",112.97526668095993,1.1297526668095994,2025-01-10,214.93045275210312,2025,1,2025-01,11.025997319049718,1.031638623747111
0,0,01.1.4,"v     Milk, cheese and eggs",112.97526668095993,1.1297526668095994,2025-02-10,215.7615991515178,2025,2,2025-02,8.43051555325669,0.3867048102175197
0,0,01.1.4,"v     Milk, cheese and eggs",112.97526668095993,1.1297526668095994,2025-03-10,216.2312410817454,2025,3,2025-03,8.340850068343997,0.21766706034551664
0,0,01.1.4,"v     Milk, cheese and eggs",112.97526668095993,1.1297526668095994,2025-04-10,217.43493835899795,2025,4,2025-04,8.467395155702718,0.5566713076384344
0,0,01.1.4,"v     Milk, cheese and eggs",112.97526668095993,1.1297526668095994,2025-05-10,217.49143666913207,2025,5,2025-05,8.344816022613056,0.025984007243962104
0,0,01.1.4,"v     Milk, cheese and eggs",112.97526668095993,1.1297526668095994,2025-06-10,217.28676457033072,2025,6,2025-06,8.063946434608393,-0.09410581949151897
0,0,01.1.4,"v     Milk, cheese and eggs",112.97526668095993,1.1297526668095994,2025-07-10,219.6638810419403,2025,7,2025-07,9.218327647410817,1.0939996627544968
0,0,01.1.4,"v     Milk, cheese and eggs",112.97526668095993,1.1297526668095994,2025-08-10,220.72196022664292,2025,8,2025-08,7.351845578350469,0.48168100266816616
0,0,01.1.4,"v     Milk, cheese and eggs",112.97526668095993,1.1297526668095994,2025-09-10,220.6330853458228,2025,9,2025-09,7.2880370744062395,-0.040265536210748465
0,0,01.1.4,"v     Milk, cheese and eggs",112.97526668095993,1.1297526668095994,2025-10-10,221.49605251532176,2025,10,2025-10,6.576665133504922,0.391132258403748
0,0,01.1.4,"v     Milk, cheese and eggs",112.97526668095993,1.1297526668095994,2025-11-10,225.29549614382762,2025,11,2025-11,7.7260727480480185,1.715355007621655
0,0,01.1.4,"v     Milk, cheese and eggs",112.97526668095993,1.1297526668095994,2025-12-10,224.47206536380244,2025,12,2025-12,5.516832531493909,-0.3654892326385051
0,0,01.1.4,"v     Milk, cheese and eggs",112.97526668095993,1.1297526668095994,2026-01-10,226.7965365124821,2026,1,2026-01,5.520894600294324,1.035528026577559
0,0,01.1.4,"v     Milk, cheese and eggs",112.97526668095993,1.1297526668095994,2026-02-10,225.53739039731119,2026,2,2026-02,4.53082999210086,-0.5551875414559593
0,0,01.1.4,"v     Milk, cheese and eggs",112.97526668095993,1.1297526668095994,2026-03-10,226.64668202591864,2026,3,2026-03,4.816806716766586,0.4918437810481402
0,0,01.1.4,"v     Milk, cheese and eggs",112.97526668095993,1.1297526668095994,2026-04-10,229.50514650574522,2026,4,2026-04,5.551181534045213,1.2611984672688425
0,0,01.1.4,"v     Milk, cheese and eggs",112.97526668095993,1.1297526668095994,2026-05-10,229.58827611114253,2026,5,2026-05,5.561984245114582,0.036221238025802016
0,0,01.1.4,"v     Milk, cheese and eggs",112.97526668095993,1.1297526668095994,2026-06-10,229.89820793365502,2026,6,2026-06,5.804055018382059,0.1349946207019892
0,0,01.1.4,"v     Milk, cheese and eggs",112.97526668095993,1.1297526668095994,2026-07-10,230.05280776353655,2026,7,2026-07,4.729465159368962,0.06724707916216932
0,0,01.1.4,"v     Milk, cheese and eggs",112.97526668095993,1.1297526668095994,2026-08-10,231.98413050372082,2026,8,2026-08,5.102424002357364,0.8395127879375464
0,0,01.1.7,v     Vegetables,1842.8570486570281,18.42857048657028,2009-02-01,66.32672394439794,2009,2,2009-02,,
0,0,01.1.7,v     Vegetables,1842.8570486570281,18.42857048657028,2009-03-01,73.00584787517083,2009,3,2009-03,,10.070034419869778
0,0,01.1.7,v     Vegetables,1842.8570486570281,18.42857048657028,2009-04-01,73.54931480172037,2009,4,2009-04,,0.7444156082931697
0,0,01.1.7,v     Vegetables,1842.8570486570281,18.42857048657028,2009-05-01,73.13123822707183,2009,5,2009-05,,-0.5684302780734507
0,0,01.1.7,v     Vegetables,1842.8570486570281,18.42857048657028,2009-06-01,69.3567646393726,2009,6,2009-06,,-5.161232982244234
0,0,01.1.7,v     Vegetables,1842.8570486570281,18.42857048657028,2009-07-01,76.84594014074683,2009,7,2009-07,,10.798046218440183
0,0,01.1.7,v     Vegetables,1842.8570486570281,18.42857048657028,2009-08-01,79.50623815322625,2009,8,2009-08,,3.4618588927495253
0,0,01.1.7,v     Vegetables,1842.8570486570281,18.42857048657028,2009-09-01,82.4122243003501,2009,9,2009-09,,3.655041685563565
0,0,01.1.7,v     Vegetables,1842.8570486570281,18.42857048657028,2009-10-01,87.69173359072475,2009,10,2009-10,,6.406221085762165
0,0,01.1.7,v     Vegetables,1842.8570486570281,18.42857048657028,2009-11-01,92.00062209174192,2009,11,2009-11,,4.91367695058651
0,0,01.1.7,v     Vegetables,1842.8570486570281,18.42857048657028,2009-12-01,90.25969988964967,2009,12,2009-12,,-1.8922939459650845
0,0,01.1.7,v     Vegetables,1842.8570486570281,18.42857048657028,2010-01-01,79.6610356871928,2010,1,2010-01,,-11.74241019570712
0,0,01.1.7,v     Vegetables,1842.8570486570281,18.42857048657028,2010-02-01,76.16245699464928,2010,2,2010-02,14.829215835379838,-4.391831793753576
0,0,01.1.7,v     Vegetables,1842.8570486570281,18.42857048657028,2010-03-01,78.202576908881,2010,3,2010-03,7.118236668651257,2.678642463405634
0,0,01.1.7,v     Vegetables,1842.8570486570281,18.42857048657028,2010-04-01,76.31599956951634,2010,4,2010-04,3.7616730696330647,-2.412423495408389
0,0,01.1.7,v     Vegetables,1842.8570486570281,18.42857048657028,2010-05-01,77.00279176520068,2010,5,2010-05,5.293980564239464,0.8999321237465274
0,0,01.1.7,v     Vegetables,1842.8570486570281,18.42857048657028,2010-06-01,75.83512263919589,2010,6,2010-06,9.340628896846837,-1.5163984308066203
0,0,01.1.7,v     Vegetables,1842.8570486570281,18.42857048657028,2010-07-01,75.98802768051729,2010,7,2010-07,-1.1164057055691345,0.20162826405500933
0,0,01.1.7,v     Vegetables,1842.8570486570281,18.42857048657028,2010-08-01,78.61027840135087,2010,8,2010-08,-1.1269049733540037,3.4508735137310342
0,0,01.1.7,v     Vegetables,1842.8570486570281,18.42857048657028,2010-09-01,85.67833398497883,2010,9,2010-09,3.963137401467831,8.991261355851531
0,0,01.1.7,v     Vegetables,1842.8570486570281,18.42857048657028,2010-10-01,84.95828518109732,2010,10,2010-10,-3.1171106986948027,-0.8404094365417447
0,0,01.1.7,v     Vegetables,1842.8570486570281,18.42857048657028,2010-11-01,81.92807800679638,2010,11,2010-11,-10.94834345239678,-3.5667000197117216
0,0,01.1.7,v     Vegetables,1842.8570486570281,18.42857048657028,2010-12-01,74.78409414485084,2010,12,2010-12,-17.14564281037839,-8.719823576665508
0,0,01.1.7,v     Vegetables,1842.8570486570281,18.42857048657028,2011-01-01,69.91632836609162,2011,1,2011-01,-12.232714823550605,-6.509092387120107
0,0,01.1.7,v     Vegetables,1842.8570486570281,18.42857048657028,2011-02-01,68.71230444036613,2011,2,2011-02,-9.781922548541932,-1.722092612502557
0,0,01.1.7,v     Vegetables,1842.8570486570281,18.42857048657028,2011-03-01,72.9972325893807,2011,3,2011-03,-6.656231194996797,6.236041978090512
0,0,01.1.7,v     Vegetables,1842.8570486570281,18.42857048657028,2011-04-01,78.75358483831761,2011,4,2011-04,3.194068455567911,7.885712984925286
0,0,01.1.7,v     Vegetables,1842.8570486570281,18.42857048657028,2011-05-01,76.09034551051823,2011,5,2011-05,-1.184952173506526,-3.381737267283824
0,0,01.1.7,v     Vegetables,1842.8570486570281,18.42857048657028,2011-06-01,77.23213080793431,2011,6,2011-06,1.8421651078287749,1.5005652685047277
0,0,01.1.7,v     Vegetables,1842.8570486570281,18.42857048657028,2011-07-01,78.07281213963805,2011,7,2011-07,2.7435696421625577,1.0885124143400704
0,0,01.1.7,v     Vegetables,1842.8570486570281,18.42857048657028,2011-08-01,77.68912978776639,2011,8,2011-08,-1.1717915676134338,-0.49144169571530005
0,0,01.1.7,v     Vegetables,1842.8570486570281,18.42857048657028,2011-09-01,80.20665852423448,2011,9,2011-09,-6.386300020380475,3.240516071354582
0,0,01.1.7,v     Vegetables,1842.8570486570281,18.42857048657028,2011-10-01,82.86023715567846,2011,10,2011-10,-2.469503734623002,3.3084268566582864
0,0,01.1.7,v     Vegetables,1842.8570486570281,18.42857048657028,2011-11-01,82.86128021011952,2011,11,2011-11,1.1390505258108474,0.0012588117978662439
0,0,01.1.7,v     Vegetables,1842.8570486570281,18.42857048657028,2011-12-01,80.81858642378195,2011,12,2011-12,8.069218926745014,-2.465196990871621
0,0,01.1.7,v     Vegetables,1842.8570486570281,18.42857048657028,2012-01-01,78.63000821093742,2012,1,2012-01,12.463011214232766,-2.7080134777023424
0,0,01.1.7,v     Vegetables,1842.8570486570281,18.42857048657028,2012-02-01,84.42971282432255,2012,2,2012-02,22.874226838945866,7.375943034148635
0,0,01.1.7,v     Vegetables,1842.8570486570281,18.42857048657028,2012-03-01,91.2793814354804,2012,3,2012-03,25.044988964087533,8.112864987957892
0,0,01.1.7,v     Vegetables,1842.8570486570281,18.42857048657028,2012-04-01,91.89558373971497,2012,4,2012-04,16.6874929292147,0.6750728308452913
0,0,01.1.7,v     Vegetables,1842.8570486570281,18.42857048657028,2012-05-01,93.2817950846366,2012,5,2012-05,22.593470247473025,1.508463506633717
0,0,01.1.7,v     Vegetables,1842.8570486570281,18.42857048657028,2012-06-01,90.87957106977903,2012,6,2012-06,17.670676853114454,-2.5752334768836427
0,0,01.1.7,v     Vegetables,1842.8570486570281,18.42857048657028,2012-07-01,93.27476449471094,2012,7,2012-07,19.47150607036321,2.6355685845973253
0,0,01.1.7,v     Vegetables,1842.8570486570281,18.42857048657028,2012-08-01,96.89213888928845,2012,8,2012-08,24.717755436290044,3.8781919355932892
0,0,01.1.7,v     Vegetables,1842.8570486570281,18.42857048657028,2012-09-01,100.61082475455602,2012,9,2012-09,25.43949169027706,3.8379644704888305
0,0,01.1.7,v     Vegetables,1842.8570486570281,18.42857048657028,2012-10-01,102.94740020023863,2012,10,2012-10,24.242222487029874,2.322389714409745
0,0,01.1.7,v     Vegetables,1842.8570486570281,18.42857048657028,2012-11-01,99.17467723203615,2012,11,2012-11,19.687599540520175,-3.664709318413406
0,0,01.1.7,v     Vegetables,1842.8570486570281,18.42857048657028,2012-12-01,92.7438255759085,2012,12,2012-12,14.755565124085601,-6.484368626763026
0,0,01.1.7,v     Vegetables,1842.8570486570281,18.42857048657028,2013-01-01,90.45443762569379,2013,1,2013-01,15.03806203737823,-2.468507133492037
0,0,01.1.7,v     Vegetables,1842.8570486570281,18.42857048657028,2013-02-01,91.8888060016197,2013,2,2013-02,8.83467789688883,1.585735773253516
0,0,01.1.7,v     Vegetables,1842.8570486570281,18.42857048657028,2013-03-01,95.87961247926182,2013,3,2013-03,5.039726355982199,4.343082309255153
0,0,01.1.7,v     Vegetables,1842.8570486570281,18.42857048657028,2013-04-01,99.93240688286593,2013,4,2013-04,8.745603233681454,4.226961601957568
0,0,01.1.7,v     Vegetables,1842.8570486570281,18.42857048657028,2013-05-01,101.56061312049354,2013,5,2013-05,8.875062951292257,1.6293075373798205
0,0,01.1.7,v     Vegetables,1842.8570486570281,18.42857048657028,2013-06-01,101.31746290356817,2013,6,2013-06,11.485410539377128,-0.23941389230970334
0,0,01.1.7,v     Vegetables,1842.8570486570281,18.42857048657028,2013-07-01,104.71648002496758,2013,7,2013-07,12.26667855152337,3.3548186304610983
0,0,01.1.7,v     Vegetables,1842.8570486570281,18.42857048657028,2013-08-01,107.78805626253475,2013,8,2013-08,11.245409068424305,2.9332309841152204
0,0,01.1.7,v     Vegetables,1842.8570486570281,18.42857048657028,2013-09-01,119.2562980778166,2013,9,2013-09,18.532273608477933,10.639622062901966
0,0,01.1.7,v     Vegetables,1842.8570486570281,18.42857048657028,2013-10-01,122.11175214106031,2013,10,2013-10,18.615673541581334,2.3943842876797072
0,0,01.1.7,v     Vegetables,1842.8570486570281,18.42857048657028,2013-11-01,116.92016540521979,2013,11,2013-11,17.89316453399192,-4.2515045806920675
0,0,01.1.7,v     Vegetables,1842.8570486570281,18.42857048657028,2013-12-01,103.3227243757105,2013,12,2013-12,11.406580151412271,-11.629679946469063
0,0,01.1.7,v     Vegetables,1842.8570486570281,18.42857048657028,2014-01-01,95.55066687688435,2014,1,2014-01,5.634029003949026,-7.522118242415631
0,0,01.1.7,v     Vegetables,1842.8570486570281,18.42857048657028,2014-02-01,100,2014,2,2014-02,8.827184018733814,4.656517079936817
0,0,01.1.7,v     Vegetables,1842.8570486570281,18.42857048657028,2014-03-01,107.90413310987286,2014,3,2014-03,12.54126953549366,7.904133109872857
0,0,01.1.7,v     Vegetables,1842.8570486570281,18.42857048657028,2014-04-01,107.86304390080795,2014,4,2014-04,7.93600120853466,-0.03807936534095946
0,0,01.1.7,v     Vegetables,1842.8570486570281,18.42857048657028,2014-05-01,109.59114355419703,2014,5,2014-05,7.907130714321209,1.6021239443031687
0,0,01.1.7,v     Vegetables,1842.8570486570281,18.42857048657028,2014-06-01,110.51680835119194,2014,6,2014-06,9.079723459300904,0.8446529226489252
0,0,01.1.7,v     Vegetables,1842.8570486570281,18.42857048657028,2014-07-01,109.39473614189167,2014,7,2014-07,4.467545238159887,-1.0152955247627493
0,0,01.1.7,v     Vegetables,1842.8570486570281,18.42857048657028,2014-08-01,111.40094215921076,2014,8,2014-08,3.3518425157201603,1.8339145813349944
0,0,01.1.7,v     Vegetables,1842.8570486570281,18.42857048657028,2014-09-01,111.7655404631024,2014,9,2014-09,-6.281226011079399,0.32728475794268075
0,0,01.1.7,v     Vegetables,1842.8570486570281,18.42857048657028,2014-10-01,107.82791323154345,2014,10,2014-10,-11.697349893904185,-3.523113846399639
0,0,01.1.7,v     Vegetables,1842.8570486570281,18.42857048657028,2014-11-01,101.84351965617144,2014,11,2014-11,-12.89482074952254,-5.549948428030382
0,0,01.1.7,v     Vegetables,1842.8570486570281,18.42857048657028,2014-12-01,95.95516933164625,2014,12,2014-12,-7.130624060273272,-5.781762398240497
0,0,01.1.7,v     Vegetables,1842.8570486570281,18.42857048657028,2015-01-01,91.98275860958537,2015,1,2015-01,-3.7340485251622257,-4.139861093185271
0,0,01.1.7,v     Vegetables,1842.8570486570281,18.42857048657028,2015-02-01,97.63511336655299,2015,2,2015-02,-2.3648866334470164,6.145015481606331
0,0,01.1.7,v     Vegetables,1842.8570486570281,18.42857048657028,2015-03-01,104.86548017766764,2015,3,2015-03,-2.816067229891117,7.405498454198112
0,0,01.1.7,v     Vegetables,1842.8570486570281,18.42857048657028,2015-04-01,112.563156307409,2015,4,2015-04,4.3574817070092475,7.340524371508739
0,0,01.1.7,v     Vegetables,1842.8570486570281,18.42857048657028,2015-05-01,112.80496171184467,2015,5,2015-05,2.9325528080271113,0.2148175409858677
0,0,01.1.7,v     Vegetables,1842.8570486570281,18.42857048657028,2015-06-01,110.86452971078856,2015,6,2015-06,0.3146321041878508,-1.7201654711012204
0,0,01.1.7,v     Vegetables,1842.8570486570281,18.42857048657028,2015-07-01,109.66975189245994,2015,7,2015-07,0.25139760857557647,-1.0776916850190221
0,0,01.1.7,v     Vegetables,1842.8570486570281,18.42857048657028,2015-08-01,116.36657367018066,2015,8,2015-08,4.45744121613727,6.106352628833789
0,0,01.1.7,v     Vegetables,1842.8570486570281,18.42857048657028,2015-09-01,121.77618888765045,2015,9,2015-09,8.956829075463467,4.648770731019658
0,0,01.1.7,v     Vegetables,1842.8570486570281,18.42857048657028,2015-10-01,127.91399452741473,2015,10,2015-10,18.62790505157934,5.040234627006557
0,0,01.1.7,v     Vegetables,1842.8570486570281,18.42857048657028,2015-11-01,128.07633225172842,2015,11,2015-11,25.757959548256192,0.126911621291681
0,0,01.1.7,v     Vegetables,1842.8570486570281,18.42857048657028,2015-12-01,117.61808416457295,2015,12,2015-12,22.576079000031758,-8.165636775575557
0,0,01.1.7,v     Vegetables,1842.8570486570281,18.42857048657028,2016-01-01,113.08189085965573,2016,1,2016-01,22.938138156547573,-3.8567141584878284
0,0,01.1.7,v     Vegetables,1842.8570486570281,18.42857048657028,2016-02-01,115.1220728867625,2016,2,2016-02,17.91052308666652,1.8041633471081564
0,0,01.1.7,v     Vegetables,1842.8570486570281,18.42857048657028,2016-03-01,122.75734908786174,2016,3,2016-03,17.061733641881883,6.632330368659645
0,0,01.1.7,v     Vegetables,1842.8570486570281,18.42857048657028,2016-04-01,123.88966054149296,2016,4,2016-04,10.062354864278467,0.9223980983988023
0,0,01.1.7,v     Vegetables,1842.8570486570281,18.42857048657028,2016-05-01,123.50463034382892,2016,5,2016-05,9.485104617398022,-0.31078477088496426
0,0,01.1.7,v     Vegetables,1842.8570486570281,18.42857048657028,2016-06-01,129.10382957465478,2016,6,2016-06,16.451880426902044,4.533594582841194
0,0,01.1.7,v     Vegetables,1842.8570486570281,18.42857048657028,2016-07-01,134.73320669704822,2016,7,2016-07,22.85357117354019,4.360348675124492
0,0,01.1.7,v     Vegetables,1842.8570486570281,18.42857048657028,2016-08-01,139.51865980690948,2016,8,2016-08,19.89582180390488,3.551799313009374
0,0,01.1.7,v     Vegetables,1842.8570486570281,18.42857048657028,2016-09-01,144.27412715873754,2016,9,2016-09,18.474825396156458,3.4084812443077706
0,0,01.1.7,v     Vegetables,1842.8570486570281,18.42857048657028,2016-10-01,153.77174382447765,2016,10,2016-10,20.21494942175468,6.583035262649939
0,0,01.1.7,v     Vegetables,1842.8570486570281,18.42857048657028,2016-11-01,152.17670611698347,2016,11,2016-11,18.817195528278276,-1.0372762042126782
0,0,01.1.7,v     Vegetables,1842.8570486570281,18.42857048657028,2016-12-01,146.62338697918324,2016,12,2016-12,24.660580913752717,-3.6492570246140055
0,0,01.1.7,v     Vegetables,1842.8570486570281,18.42857048657028,2017-01-01,140.56177627954796,2017,1,2017-01,24.30087188230441,-4.1341363233519335
0,0,01.1.7,v     Vegetables,1842.8570486570281,18.42857048657028,2017-02-01,147.15674409326053,2017,2,2017-02,27.826697698545,4.691864309253302
0,0,01.1.7,v     Vegetables,1842.8570486570281,18.42857048657028,2017-03-01,151.4523048686945,2017,3,2017-03,23.375346562994604,2.9190376573646315
0,0,01.1.7,v     Vegetables,1842.8570486570281,18.42857048657028,2017-04-01,152.64132754858912,2017,4,2017-04,23.207479043391753,0.7850806106420416
0,0,01.1.7,v     Vegetables,1842.8570486570281,18.42857048657028,2017-05-01,147.47358379413504,2017,5,2017-05,19.40733184138772,-3.3855469140944616
0,0,01.1.7,v     Vegetables,1842.8570486570281,18.42857048657028,2017-06-01,141.46990255940463,2017,6,2017-06,9.578393627432336,-4.071021453653156
0,0,01.1.7,v     Vegetables,1842.8570486570281,18.42857048657028,2017-07-01,143.99642108590308,2017,7,2017-07,6.875227433488984,1.785905327415871
0,0,01.1.7,v     Vegetables,1842.8570486570281,18.42857048657028,2017-08-01,149.5864045977809,2017,8,2017-08,7.216056120955394,3.882029476651394
0,0,01.1.7,v     Vegetables,1842.8570486570281,18.42857048657028,2017-09-01,156.51314904841942,2017,9,2017-09,8.483171675137502,4.630597592918728
0,0,01.1.7,v     Vegetables,1842.8570486570281,18.42857048657028,2017-10-01,159.83775940385652,2017,10,2017-10,3.944818097597236,2.124173192891665
0,0,01.1.7,v     Vegetables,1842.8570486570281,18.42857048657028,2017-11-01,140.32462333001703,2017,11,2017-11,-7.788368594241568,-12.208089093977048
0,0,01.1.7,v     Vegetables,1842.8570486570281,18.42857048657028,2017-12-01,127.62554987033688,2017,12,2017-12,-12.956894190108681,-9.049782681272067
0,0,01.1.7,v     Vegetables,1842.8570486570281,18.42857048657028,2018-01-01,126.91538817718796,2018,1,2018-01,-9.70846304276931,-0.5564416324712607
0,0,01.1.7,v     Vegetables,1842.8570486570281,18.42857048657028,2018-02-01,129.5565459474853,2018,2,2018-02,-11.960170941687265,2.0810382477891354
0,0,01.1.7,v     Vegetables,1842.8570486570281,18.42857048657028,2018-03-01,134.4956681526501,2018,3,2018-03,-11.196024207584966,3.8123293339163533
0,0,01.1.7,v     Vegetables,1842.8570486570281,18.42857048657028,2018-04-10,136.71656250733741,2018,4,2018-04,-10.432800406680487,1.6512757512507026
0,0,01.1.7,v     Vegetables,1842.8570486570281,18.42857048657028,2018-05-10,140.59972629438516,2018,5,2018-05,-4.661077138632097,2.840302386069249
0,0,01.1.7,v     Vegetables,1842.8570486570281,18.42857048657028,2018-06-10,135.8317779424883,2018,6,2018-06,-3.985388068355278,-3.3911505218109927
0,0,01.1.7,v     Vegetables,1842.8570486570281,18.42857048657028,2018-07-10,132.02023157175765,2018,7,2018-07,-8.31700498097857,-2.806078539547985
0,0,01.1.7,v     Vegetables,1842.8570486570281,18.42857048657028,2018-08-10,134.7713689750381,2018,8,2018-08,-9.903998737437792,2.0838756079480936
0,0,01.1.7,v     Vegetables,1842.8570486570281,18.42857048657028,2018-09-10,134.4085415079068,2018,9,2018-09,-14.123163245328529,-0.2692170227925006
0,0,01.1.7,v     Vegetables,1842.8570486570281,18.42857048657028,2018-10-10,126.57107780181268,2018,10,2018-10,-20.812780237984995,-5.8310756282055625
0,0,01.1.7,v     Vegetables,1842.8570486570281,18.42857048657028,2018-11-10,121.95137708099176,2018,11,2018-11,-13.093387185380045,-3.6498865309929074
0,0,01.1.7,v     Vegetables,1842.8570486570281,18.42857048657028,2018-12-10,115.14828074787927,2018,12,2018-12,-9.776466495254343,-5.578531785331409
0,0,01.1.7,v     Vegetables,1842.8570486570281,18.42857048657028,2019-01-10,112.55895218648384,2019,1,2019-01,-11.311816633819804,-2.2486905966619286
0,0,01.1.7,v     Vegetables,1842.8570486570281,18.42857048657028,2019-02-10,115.103485795331,2019,2,2019-02,-11.155793052720565,2.2606230418984907
0,0,01.1.7,v     Vegetables,1842.8570486570281,18.42857048657028,2019-03-10,126.3994158444484,2019,3,2019-03,-6.019712321896198,9.813716735914536
0,0,01.1.7,v     Vegetables,1842.8570486570281,18.42857048657028,2019-04-10,129.4010266267967,2019,4,2019-04,-5.3508775720923385,2.374703049294302
0,0,01.1.7,v     Vegetables,1842.8570486570281,18.42857048657028,2019-05-10,129.7184252665302,2019,5,2019-05,-7.73920498612628,0.24528293786179045
0,0,01.1.7,v     Vegetables,1842.8570486570281,18.42857048657028,2019-06-10,127.01975243173827,2019,6,2019-06,-6.487455030207334,-2.0804082606206586
0,0,01.1.7,v     Vegetables,1842.8570486570281,18.42857048657028,2019-07-10,126.3900564209004,2019,7,2019-07,-4.2646305674725715,-0.4957465266485106
0,0,01.1.7,v     Vegetables,1842.8570486570281,18.42857048657028,2019-08-10,136.1578374215146,2019,8,2019-08,1.0287559271831226,7.728282807379916
0,0,01.1.7,v     Vegetables,1842.8570486570281,18.42857048657028,2019-09-10,146.02031891578613,2019,9,2019-09,8.639166289291422,7.243418139595925
0,0,01.1.7,v     Vegetables,1842.8570486570281,18.42857048657028,2019-10-10,149.34768003115136,2019,10,2019-10,17.995108064895128,2.278697334775859
0,0,01.1.7,v     Vegetables,1842.8570486570281,18.42857048657028,2019-11-10,166.03435040224127,2019,11,2019-11,36.14799141790144,11.17303621161665
0,0,01.1.7,v     Vegetables,1842.8570486570281,18.42857048657028,2019-12-10,155.54355714918552,2019,12,2019-12,35.08109382002233,-6.318447494533719
0,0,01.1.7,v     Vegetables,1842.8570486570281,18.42857048657028,2020-01-10,148.17453427875375,2020,1,2020-01,31.641714319855453,-4.7375944111680335
0,0,01.1.7,v     Vegetables,1842.8570486570281,18.42857048657028,2020-02-10,158.86542089221334,2020,2,2020-02,38.019643622867136,7.2150634152474025
0,0,01.1.7,v     Vegetables,1842.8570486570281,18.42857048657028,2020-03-10,170.9685974581663,2020,3,2020-03,35.260591448117374,7.6185091116616865
0,0,01.1.7,v     Vegetables,1842.8570486570281,18.42857048657028,2020-04-10,159.80330175270998,2020,4,2020-04,23.494616633603684,-6.530611978722178
0,0,01.1.7,v     Vegetables,1842.8570486570281,18.42857048657028,2020-05-10,152.896168249908,2020,5,2020-05,17.86773385180622,-4.322272085147871
0,0,01.1.7,v     Vegetables,1842.8570486570281,18.42857048657028,2020-06-10,156.0069055106086,2020,6,2020-06,22.82098061437201,2.034542327847033
0,0,01.1.7,v     Vegetables,1842.8570486570281,18.42857048657028,2020-07-10,163.40507329723278,2020,7,2020-07,29.286336223370355,4.7422053289308375
0,0,01.1.7,v     Vegetables,1842.8570486570281,18.42857048657028,2020-08-10,169.05880140378025,2020,8,2020-08,24.163841469082325,3.4599464952127734
0,0,01.1.7,v     Vegetables,1842.8570486570281,18.42857048657028,2020-09-10,178.88714681301613,2020,9,2020-09,22.508393449123453,5.813566243003132
0,0,01.1.7,v     Vegetables,1842.8570486570281,18.42857048657028,2020-10-10,180.55649728891856,2020,10,2020-10,20.896753971174896,0.9331863723263112
0,0,01.1.7,v     Vegetables,1842.8570486570281,18.42857048657028,2020-11-10,173.60659990921482,2020,11,2020-11,4.560652352136008,-3.849153857134713
0,0,01.1.7,v     Vegetables,1842.8570486570281,18.42857048657028,2020-12-10,159.93170890410175,2020,12,2020-12,2.8211723039787806,-7.876941897522427
0,0,01.1.7,v     Vegetables,1842.8570486570281,18.42857048657028,2021-01-10,150.85571854074848,2021,1,2021-01,1.8094770974280472,-5.674916141110842
0,0,01.1.7,v     Vegetables,1842.8570486570281,18.42857048657028,2021-02-10,156.26361693167934,2021,2,2021-02,-1.6377408915809744,3.584814976351125
0,0,01.1.7,v     Vegetables,1842.8570486570281,18.42857048657028,2021-03-10,163.30367965213216,2021,3,2021-03,-4.483231376984098,4.505247516145006
0,0,01.1.7,v     Vegetables,1842.8570486570281,18.42857048657028,2021-04-10,156.45294057015923,2021,4,2021-04,-2.0965531661763293,-4.195091682297858
0,0,01.1.7,v     Vegetables,1842.8570486570281,18.42857048657028,2021-05-10,142.8886075524955,2021,5,2021-05,-6.5453312610523895,-8.669912478622276
0,0,01.1.7,v     Vegetables,1842.8570486570281,18.42857048657028,2021-06-10,143.55888420024934,2021,6,2021-06,-7.979147634277495,0.46909033493631735
0,0,01.1.7,v     Vegetables,1842.8570486570281,18.42857048657028,2021-07-10,145.90746170220945,2021,7,2021-07,-10.708120159277602,1.6359680663748266
0,0,01.1.7,v     Vegetables,1842.8570486570281,18.42857048657028,2021-08-10,146.37993507153325,2021,8,2021-08,-13.414780031523332,0.3238171398582068
0,0,01.1.7,v     Vegetables,1842.8570486570281,18.42857048657028,2021-09-10,145.24838819660533,2021,9,2021-09,-18.80445812664904,-0.7730204787800732
0,0,01.1.7,v     Vegetables,1842.8570486570281,18.42857048657028,2021-10-10,139.1821560657928,2021,10,2021-10,-22.914900235863765,-4.1764540082891655
0,0,01.1.7,v     Vegetables,1842.8570486570281,18.42857048657028,2021-11-10,126.813263577511,2021,11,2021-11,-26.95366210511222,-8.886837823114991
0,0,01.1.7,v     Vegetables,1842.8570486570281,18.42857048657028,2021-12-10,122.43626109090704,2021,12,2021-12,-23.44466151842205,-3.4515336670037144
0,0,01.1.7,v     Vegetables,1842.8570486570281,18.42857048657028,2022-01-10,132.7530220889673,2022,1,2022-01,-12.000006779253358,8.426230028700576
0,0,01.1.7,v     Vegetables,1842.8570486570281,18.42857048657028,2022-02-10,145.34848831301733,2022,2,2022-02,-6.985073578217671,9.487894155516031
0,0,01.1.7,v     Vegetables,1842.8570486570281,18.42857048657028,2022-03-10,151.0060149872887,2022,3,2022-03,-7.530549642873829,3.8923876952111858
0,0,01.1.7,v     Vegetables,1842.8570486570281,18.42857048657028,2022-04-10,166.00482351676933,2022,4,2022-04,6.10527543413395,9.932590122812801
0,0,01.1.7,v     Vegetables,1842.8570486570281,18.42857048657028,2022-05-10,173.35202343824142,2022,5,2022-05,21.31969539597762,4.425895444375372
0,0,01.1.7,v     Vegetables,1842.8570486570281,18.42857048657028,2022-06-10,181.14209402031116,2022,6,2022-06,26.17964748711563,4.493786935717559
0,0,01.1.7,v     Vegetables,1842.8570486570281,18.42857048657028,2022-07-10,199.2415520676769,2022,7,2022-07,36.55336728036565,9.99185647336962
0,0,01.1.7,v     Vegetables,1842.8570486570281,18.42857048657028,2022-08-10,202.66168400632813,2022,8,2022-08,38.44908723814571,1.7165756355328465
0,0,01.1.7,v     Vegetables,1842.8570486570281,18.42857048657028,2022-09-10,216.05642686658678,2022,9,2022-09,48.74962094184281,6.609410617470446
0,0,01.1.7,v     Vegetables,1842.8570486570281,18.42857048657028,2022-10-10,250.3745309722889,2022,10,2022-10,79.8898206850125,15.883861731589821
0,0,01.1.7,v     Vegetables,1842.8570486570281,18.42857048657028,2022-11-10,252.44643261980085,2022,11,2022-11,99.06942341681804,0.8275209301305653
0,0,01.1.7,v     Vegetables,1842.8570486570281,18.42857048657028,2022-12-10,234.12856072637172,2022,12,2022-12,91.22485335658435,-7.256142106399621
0,0,01.1.7,v     Vegetables,1842.8570486570281,18.42857048657028,2023-01-10,249.6163968852668,2023,1,2023-01,88.0306700046203,6.615099033985805
0,0,01.1.7,v     Vegetables,1842.8570486570281,18.42857048657028,2023-02-10,281.04625394765657,2023,2,2023-02,93.3602868592657,12.591263015801047
0,0,01.1.7,v     Vegetables,1842.8570486570281,18.42857048657028,2023-03-10,308.4836645915948,2023,3,2023-03,104.28568002245618,9.762596105994813
0,0,01.1.7,v     Vegetables,1842.8570486570281,18.42857048657028,2023-04-10,318.49928559207194,2023,4,2023-04,91.8614645314195,3.246726536958433
0,0,01.1.7,v     Vegetables,1842.8570486570281,18.42857048657028,2023-05-10,297.8763100955806,2023,5,2023-05,71.83318901478086,-6.475046076839519
0,0,01.1.7,v     Vegetables,1842.8570486570281,18.42857048657028,2023-06-10,290.56854731023105,2023,6,2023-06,60.409179810878236,-2.4532876693029726
0,0,01.1.7,v     Vegetables,1842.8570486570281,18.42857048657028,2023-07-10,291.08711194882284,2023,7,2023-07,46.09759306128498,0.17846550956464036
0,0,01.1.7,v     Vegetables,1842.8570486570281,18.42857048657028,2023-08-10,303.02710951826583,2023,8,2023-08,49.52363146691496,4.101864039773151
0,0,01.1.7,v     Vegetables,1842.8570486570281,18.42857048657028,2023-09-10,331.54943852109614,2023,9,2023-09,53.45502252789982,9.412467765070055
0,0,01.1.7,v     Vegetables,1842.8570486570281,18.42857048657028,2023-10-10,330.0461705075541,2023,10,2023-10,31.820984037742694,-0.4534068946843828
0,0,01.1.7,v     Vegetables,1842.8570486570281,18.42857048657028,2023-11-10,304.64579160768494,2023,11,2023-11,20.67740013046626,-7.696007761825497
0,0,01.1.7,v     Vegetables,1842.8570486570281,18.42857048657028,2023-12-10,256.0266608262318,2023,12,2023-12,9.353023839518926,-15.959232696069403
0,0,01.1.7,v     Vegetables,1842.8570486570281,18.42857048657028,2024-01-10,244.78027082035408,2024,1,2024-01,-1.9374232323109752,-4.392663627133264
0,0,01.1.7,v     Vegetables,1842.8570486570281,18.42857048657028,2024-02-10,268.002492157479,2024,2,2024-02,-4.641144155796817,9.486966110176386
0,0,01.1.7,v     Vegetables,1842.8570486570281,18.42857048657028,2024-03-10,274.08541323241053,2024,3,2024-03,-11.150752959552824,2.2697255633567615
0,0,01.1.7,v     Vegetables,1842.8570486570281,18.42857048657028,2024-04-10,269.8219078188055,2024,4,2024-04,-15.283355403067223,-1.5555389698866495
0,0,01.1.7,v     Vegetables,1842.8570486570281,18.42857048657028,2024-05-10,263.56210829102406,2024,5,2024-05,-11.519614229659968,-2.319974526303159
0,0,01.1.7,v     Vegetables,1842.8570486570281,18.42857048657028,2024-06-10,264.3352266643357,2024,6,2024-06,-9.028272636090517,0.2933344168191132
0,0,01.1.7,v     Vegetables,1842.8570486570281,18.42857048657028,2024-07-10,268.71577559541794,2024,7,2024-07,-7.685443784724521,1.6571945352727546
0,0,01.1.7,v     Vegetables,1842.8570486570281,18.42857048657028,2024-08-10,274.49740700956113,2024,8,2024-08,-9.41490104765197,2.151578708519186
0,0,01.1.7,v     Vegetables,1842.8570486570281,18.42857048657028,2024-09-10,282.8863875148093,2024,9,2024-09,-14.67746446000705,3.056123770581176
0,0,01.1.7,v     Vegetables,1842.8570486570281,18.42857048657028,2024-10-10,293.4585454855857,2024,10,2024-10,-11.085608103164157,3.7372452112857335
0,0,01.1.7,v     Vegetables,1842.8570486570281,18.42857048657028,2024-11-10,294.9462649046839,2024,11,2024-11,-3.1838702421636667,0.5069606736571419
0,0,01.1.7,v     Vegetables,1842.8570486570281,18.42857048657028,2024-12-10,271.9792277815107,2024,12,2024-12,6.23082256503984,-7.786854710838719
0,0,01.1.7,v     Vegetables,1842.8570486570281,18.42857048657028,2025-01-10,246.6226635098974,2025,1,2025-01,0.752672052926795,-9.322978257730409
0,0,01.1.7,v     Vegetables,1842.8570486570281,18.42857048657028,2025-02-10,254.87337960544752,2025,2,2025-02,-4.898877038918281,3.3454817080178945
0,0,01.1.7,v     Vegetables,1842.8570486570281,18.42857048657028,2025-03-10,270.27925142268685,2025,3,2025-03,-1.388677261163196,6.044519769419665
0,0,01.1.7,v     Vegetables,1842.8570486570281,18.42857048657028,2025-04-10,288.66920628358315,2025,4,2025-04,6.985088281798912,6.804057197915081
0,0,01.1.7,v     Vegetables,1842.8570486570281,18.42857048657028,2025-05-10,279.6038888328559,2025,5,2025-05,6.086527629426364,-3.1403825740323965
0,0,01.1.7,v     Vegetables,1842.8570486570281,18.42857048657028,2025-06-10,275.7939036775217,2025,6,2025-06,4.334903507861521,-1.36263668264347
0,0,01.1.7,v     Vegetables,1842.8570486570281,18.42857048657028,2025-07-10,263.3813043461542,2025,7,2025-07,-1.9851723396007048,-4.500679371753346
0,0,01.1.7,v     Vegetables,1842.8570486570281,18.42857048657028,2025-08-10,268.4815156134207,2025,8,2025-08,-2.191602267459991,1.9364363313211674
0,0,01.1.7,v     Vegetables,1842.8570486570281,18.42857048657028,2025-09-10,274.43333880721514,2025,9,2025-09,-2.9881426186163407,2.2168465416309457
0,0,01.1.7,v     Vegetables,1842.8570486570281,18.42857048657028,2025-10-10,272.86329008514434,2025,10,2025-10,-7.018114046180668,-0.5721056810716885
0,0,01.1.7,v     Vegetables,1842.8570486570281,18.42857048657028,2025-11-10,264.79867038036144,2025,11,2025-11,-10.22138542221075,-2.9555532011163566
0,0,01.1.7,v     Vegetables,1842.8570486570281,18.42857048657028,2025-12-10,255.0811889652482,2025,12,2025-12,-6.212988747007254,-3.669762163516488
0,0,01.1.7,v     Vegetables,1842.8570486570281,18.42857048657028,2026-01-10,255.9308221892985,2026,1,2026-01,3.7742511360994824,0.3330834498211699
0,0,01.1.7,v     Vegetables,1842.8570486570281,18.42857048657028,2026-02-10,265.4413409757229,2026,2,2026-02,4.1463574527221825,3.716050573771823
0,0,01.1.7,v     Vegetables,1842.8570486570281,18.42857048657028,2026-03-10,278.86631644657353,2026,3,2026-03,3.1771084826846208,5.057605353221328
0,0,01.1.7,v     Vegetables,1842.8570486570281,18.42857048657028,2026-04-10,302.4784689102072,2026,4,2026-04,4.78376713762052,8.467194161169832
0,0,01.1.7,v     Vegetables,1842.8570486570281,18.42857048657028,2026-05-10,306.3644799214796,2026,5,2026-05,9.570893738398922,1.284723182206382
0,0,01.1.7,v     Vegetables,1842.8570486570281,18.42857048657028,2026-06-10,308.4248697691835,2026,6,2026-06,11.831648798813287,0.6725289590464145
0,0,01.1.7,v     Vegetables,1842.8570486570281,18.42857048657028,2026-07-10,308.8282050806296,2026,7,2026-07,17.25517338722944,0.1307726292461231
0,0,01.1.7,v     Vegetables,1842.8570486570281,18.42857048657028,2026-08-10,329.11323851614566,2026,8,2026-08,22.583201962412545,6.568387570112
0,0,01.2,v     Non-alcoholic beverages,114.62930950425736,1.1462930950425736,2009-02-01,91.74039222003555,2009,2,2009-02,,
0,0,01.2,v     Non-alcoholic beverages,114.62930950425736,1.1462930950425736,2009-03-01,91.59117067048001,2009,3,2009-03,,-0.1626563239424894
0,0,01.2,v     Non-alcoholic beverages,114.62930950425736,1.1462930950425736,2009-04-01,90.16763857479098,2009,4,2009-04,,-1.5542241520315359
0,0,01.2,v     Non-alcoholic beverages,114.62930950425736,1.1462930950425736,2009-05-01,89.57085427173021,2009,5,2009-05,,-0.6618608543970672
0,0,01.2,v     Non-alcoholic beverages,114.62930950425736,1.1462930950425736,2009-06-01,87.8774733741464,2009,6,2009-06,,-1.8905490087731125
0,0,01.2,v     Non-alcoholic beverages,114.62930950425736,1.1462930950425736,2009-07-01,87.5107977100318,2009,7,2009-07,,-0.4172578591938536
0,0,01.2,v     Non-alcoholic beverages,114.62930950425736,1.1462930950425736,2009-08-01,87.51626321529226,2009,8,2009-08,,0.006245521013958921
0,0,01.2,v     Non-alcoholic beverages,114.62930950425736,1.1462930950425736,2009-09-01,87.41008081231531,2009,9,2009-09,,-0.1213287668781371
0,0,01.2,v     Non-alcoholic beverages,114.62930950425736,1.1462930950425736,2009-10-01,86.6604445370238,2009,10,2009-10,,-0.8576084912918724
0,0,01.2,v     Non-alcoholic beverages,114.62930950425736,1.1462930950425736,2009-11-01,86.46361921891413,2009,11,2009-11,,-0.2271224422644047
0,0,01.2,v     Non-alcoholic beverages,114.62930950425736,1.1462930950425736,2009-12-01,83.68082448025424,2009,12,2009-12,,-3.2184573856597787
0,0,01.2,v     Non-alcoholic beverages,114.62930950425736,1.1462930950425736,2010-01-01,84.65464683592432,2010,1,2010-01,,1.1637341789096034
0,0,01.2,v     Non-alcoholic beverages,114.62930950425736,1.1462930950425736,2010-02-01,84.34853906810241,2010,2,2010-02,-8.057359439017963,-0.36159594217575197
0,0,01.2,v     Non-alcoholic beverages,114.62930950425736,1.1462930950425736,2010-03-01,84.0495444626897,2010,3,2010-03,-8.23401006077652,-0.3544751441057037
0,0,01.2,v     Non-alcoholic beverages,114.62930950425736,1.1462930950425736,2010-04-01,84.36649132125696,2010,4,2010-04,-6.433735368063531,0.37709527231044593
0,0,01.2,v     Non-alcoholic beverages,114.62930950425736,1.1462930950425736,2010-05-01,83.95211535217275,2010,5,2010-05,-6.272954484180692,-0.4911617901784182
0,0,01.2,v     Non-alcoholic beverages,114.62930950425736,1.1462930950425736,2010-06-01,83.79886105252758,2010,6,2010-06,-4.641248962921085,-0.18254965822156466
0,0,01.2,v     Non-alcoholic beverages,114.62930950425736,1.1462930950425736,2010-07-01,83.71346536561357,2010,7,2010-07,-4.339272916927051,-0.10190554601987589
0,0,01.2,v     Non-alcoholic beverages,114.62930950425736,1.1462930950425736,2010-08-01,86.38573608381297,2010,8,2010-08,-1.2917909082774237,3.1921635384802416
0,0,01.2,v     Non-alcoholic beverages,114.62930950425736,1.1462930950425736,2010-09-01,85.4580042941047,2010,9,2010-09,-2.233239576110291,-1.0739409441486658
0,0,01.2,v     Non-alcoholic beverages,114.62930950425736,1.1462930950425736,2010-10-01,82.41220243867936,2010,10,2010-10,-4.902169751194252,-3.5640919543863614
0,0,01.2,v     Non-alcoholic beverages,114.62930950425736,1.1462930950425736,2010-11-01,86.81338120258802,2010,11,2010-11,0.40451924963762487,5.340445508883773
0,0,01.2,v     Non-alcoholic beverages,114.62930950425736,1.1462930950425736,2010-12-01,86.5161914286413,2010,12,2010-12,3.3883114393263636,-0.3423317578809537
0,0,01.2,v     Non-alcoholic beverages,114.62930950425736,1.1462930950425736,2011-01-01,87.08031945032903,2011,1,2011-01,2.8653744420032767,0.6520490700899773
0,0,01.2,v     Non-alcoholic beverages,114.62930950425736,1.1462930950425736,2011-02-01,87.04389036021955,2011,2,2011-02,3.1954925620477415,-0.04183389580955099
0,0,01.2,v     Non-alcoholic beverages,114.62930950425736,1.1462930950425736,2011-03-01,87.92411230672154,2011,3,2011-03,4.6098618009188685,1.011239206863701
0,0,01.2,v     Non-alcoholic beverages,114.62930950425736,1.1462930950425736,2011-04-01,87.9223210930636,2011,4,2011-04,4.214741796321109,-0.0020372268891288847
0,0,01.2,v     Non-alcoholic beverages,114.62930950425736,1.1462930950425736,2011-05-01,88.19263919958416,2011,5,2011-05,5.051122094568705,0.3074510581157597
0,0,01.2,v     Non-alcoholic beverages,114.62930950425736,1.1462930950425736,2011-06-01,87.88303559330438,2011,6,2011-06,4.8737828766153735,-0.3510537943865466
0,0,01.2,v     Non-alcoholic beverages,114.62930950425736,1.1462930950425736,2011-07-01,89.84294293749903,2011,7,2011-07,7.321973287230832,2.2301315958912715
0,0,01.2,v     Non-alcoholic beverages,114.62930950425736,1.1462930950425736,2011-08-01,91.00063373971959,2011,8,2011-08,5.342198683621979,1.288571772438396
0,0,01.2,v     Non-alcoholic beverages,114.62930950425736,1.1462930950425736,2011-09-01,91.05786254974866,2011,9,2011-09,6.552760390205226,0.06288836426431299
0,0,01.2,v     Non-alcoholic beverages,114.62930950425736,1.1462930950425736,2011-10-01,88.88298078670839,2011,10,2011-10,7.851723599844029,-2.3884612510556624
0,0,01.2,v     Non-alcoholic beverages,114.62930950425736,1.1462930950425736,2011-11-01,89.33102601716372,2011,11,2011-11,2.9000653812809363,0.5040843888106217
0,0,01.2,v     Non-alcoholic beverages,114.62930950425736,1.1462930950425736,2011-12-01,90.13398630178968,2011,12,2011-12,4.181639082127564,0.8988593553953761
0,0,01.2,v     Non-alcoholic beverages,114.62930950425736,1.1462930950425736,2012-01-01,90.01946312114615,2012,1,2012-01,3.3752100237684823,-0.12705882136410107
0,0,01.2,v     Non-alcoholic beverages,114.62930950425736,1.1462930950425736,2012-02-01,95.90043209288689,2012,2,2012-02,10.174799972767445,6.532997162876053
0,0,01.2,v     Non-alcoholic beverages,114.62930950425736,1.1462930950425736,2012-03-01,95.53231666337099,2012,3,2012-03,8.653148899710672,-0.3838516902190281
0,0,01.2,v     Non-alcoholic beverages,114.62930950425736,1.1462930950425736,2012-04-01,95.47884446689847,2012,4,2012-04,8.594544911793744,-0.055972887856314824
0,0,01.2,v     Non-alcoholic beverages,114.62930950425736,1.1462930950425736,2012-05-01,96.43184142573439,2012,5,2012-05,9.342278789848347,0.9981236829550433
0,0,01.2,v     Non-alcoholic beverages,114.62930950425736,1.1462930950425736,2012-06-01,98.3477305159937,2012,6,2012-06,11.907525556031896,1.9867805715758413
0,0,01.2,v     Non-alcoholic beverages,114.62930950425736,1.1462930950425736,2012-07-01,102.26933786662022,2012,7,2012-07,13.83124207959867,3.987491455116765
0,0,01.2,v     Non-alcoholic beverages,114.62930950425736,1.1462930950425736,2012-08-01,101.18632808705988,2012,8,2012-08,11.192992761427845,-1.0589779910111563
0,0,01.2,v     Non-alcoholic beverages,114.62930950425736,1.1462930950425736,2012-09-01,99.14495579962434,2012,9,2012-09,8.881268485143012,-2.017438843792374
0,0,01.2,v     Non-alcoholic beverages,114.62930950425736,1.1462930950425736,2012-10-01,96.651476043528,2012,10,2012-10,8.740138087247097,-2.5149839807642405
0,0,01.2,v     Non-alcoholic beverages,114.62930950425736,1.1462930950425736,2012-11-01,96.81861770066769,2012,11,2012-11,8.381848969321503,0.17293233790285356
0,0,01.2,v     Non-alcoholic beverages,114.62930950425736,1.1462930950425736,2012-12-01,96.66213862950163,2012,12,2012-12,7.242720083248244,-0.161620848223476
0,0,01.2,v     Non-alcoholic beverages,114.62930950425736,1.1462930950425736,2013-01-01,97.87406932837844,2013,1,2013-01,8.725453290764174,1.2537801419044259
0,0,01.2,v     Non-alcoholic beverages,114.62930950425736,1.1462930950425736,2013-02-01,98.21335213799931,2013,2,2013-02,2.4117931427797723,0.3466523993015391
0,0,01.2,v     Non-alcoholic beverages,114.62930950425736,1.1462930950425736,2013-03-01,97.68468915068159,2013,3,2013-03,2.253030767478359,-0.5382801582567875
0,0,01.2,v     Non-alcoholic beverages,114.62930950425736,1.1462930950425736,2013-04-01,99.01797955849938,2013,4,2013-04,3.7067217469602953,1.3648918980139646
0,0,01.2,v     Non-alcoholic beverages,114.62930950425736,1.1462930950425736,2013-05-01,98.15221414848321,2013,5,2013-05,1.7840297326207732,-0.8743517226633357
0,0,01.2,v     Non-alcoholic beverages,114.62930950425736,1.1462930950425736,2013-06-01,98.18373600207782,2013,6,2013-06,-0.16674966779147704,0.0321152751041609
0,0,01.2,v     Non-alcoholic beverages,114.62930950425736,1.1462930950425736,2013-07-01,98.55722113087334,2013,7,2013-07,-3.6297455456182015,0.3803940896969005
0,0,01.2,v     Non-alcoholic beverages,114.62930950425736,1.1462930950425736,2013-08-01,98.71761689602651,2013,8,2013-08,-2.4397675434069566,0.16274379828564722
0,0,01.2,v     Non-alcoholic beverages,114.62930950425736,1.1462930950425736,2013-09-01,99.90200594918203,2013,9,2013-09,0.7635790882671856,1.1997747619890031
0,0,01.2,v     Non-alcoholic beverages,114.62930950425736,1.1462930950425736,2013-10-01,100.93078527688391,2013,10,2013-10,4.427567388033138,1.029788459127845
0,0,01.2,v     Non-alcoholic beverages,114.62930950425736,1.1462930950425736,2013-11-01,100.30733771314158,2013,11,2013-11,3.6033565602639595,-0.6176981205803789
0,0,01.2,v     Non-alcoholic beverages,114.62930950425736,1.1462930950425736,2013-12-01,101.69924091012295,2013,12,2013-12,5.211039556995667,1.3876384606696712
0,0,01.2,v     Non-alcoholic beverages,114.62930950425736,1.1462930950425736,2014-01-01,100.25043203285887,2014,1,2014-01,2.427979873307873,-1.4246014663417905
0,0,01.2,v     Non-alcoholic beverages,114.62930950425736,1.1462930950425736,2014-02-01,100,2014,2,2014-02,1.8191496605169055,-0.2498064375191733
0,0,01.2,v     Non-alcoholic beverages,114.62930950425736,1.1462930950425736,2014-03-01,97.67052563565016,2014,3,2014-03,-0.014499216975116802,-2.3294743643498372
0,0,01.2,v     Non-alcoholic beverages,114.62930950425736,1.1462930950425736,2014-04-01,97.39740254819601,2014,4,2014-04,-1.6366492403997568,-0.27963716349086454
0,0,01.2,v     Non-alcoholic beverages,114.62930950425736,1.1462930950425736,2014-05-01,98.17391443464585,2014,5,2014-05,0.022108809618703873,0.7972613910987913
0,0,01.2,v     Non-alcoholic beverages,114.62930950425736,1.1462930950425736,2014-06-01,97.9259703471806,2014,6,2014-06,-0.26253396478187474,-0.25255597568162313
0,0,01.2,v     Non-alcoholic beverages,114.62930950425736,1.1462930950425736,2014-07-01,98.16852551601887,2014,7,2014-07,-0.39438572881262957,0.2476923822948507
0,0,01.2,v     Non-alcoholic beverages,114.62930950425736,1.1462930950425736,2014-08-01,98.07807713652166,2014,8,2014-08,-0.6478476482859707,-0.092135823597006
0,0,01.2,v     Non-alcoholic beverages,114.62930950425736,1.1462930950425736,2014-09-01,98.9931940227992,2014,9,2014-09,-0.9097033815768651,0.9330493755538516
0,0,01.2,v     Non-alcoholic beverages,114.62930950425736,1.1462930950425736,2014-10-01,97.78306553785917,2014,10,2014-10,-3.1186914184701764,-1.2224360440994841
0,0,01.2,v     Non-alcoholic beverages,114.62930950425736,1.1462930950425736,2014-11-01,97.77104387778023,2014,11,2014-11,-2.5285227314223335,-0.012294214762875733
0,0,01.2,v     Non-alcoholic beverages,114.62930950425736,1.1462930950425736,2014-12-01,98.11880882749617,2014,12,2014-12,-3.5206084633325863,0.35569319496133733
0,0,01.2,v     Non-alcoholic beverages,114.62930950425736,1.1462930950425736,2015-01-01,99.05101399241971,2015,1,2015-01,-1.1964218169613683,0.9500779474019838
0,0,01.2,v     Non-alcoholic beverages,114.62930950425736,1.1462930950425736,2015-02-01,99.34139033514923,2015,2,2015-02,-0.6586096648507733,0.2931583746853317
0,0,01.2,v     Non-alcoholic beverages,114.62930950425736,1.1462930950425736,2015-03-01,99.33643585137855,2015,3,2015-03,1.7056427257726492,-0.004987330813432944
0,0,01.2,v     Non-alcoholic beverages,114.62930950425736,1.1462930950425736,2015-04-01,99.3616776665936,2015,4,2015-04,2.016763349952355,0.025410429716643534
0,0,01.2,v     Non-alcoholic beverages,114.62930950425736,1.1462930950425736,2015-05-01,99.78333660831983,2015,5,2015-05,1.6393582581912591,0.42436777601633224
0,0,01.2,v     Non-alcoholic beverages,114.62930950425736,1.1462930950425736,2015-06-01,100.04654937202974,2015,6,2015-06,2.165491970445621,0.26378428769435747
0,0,01.2,v     Non-alcoholic beverages,114.62930950425736,1.1462930950425736,2015-07-01,99.88652866472884,2015,7,2015-07,1.7500549587348369,-0.1599462533243945
0,0,01.2,v     Non-alcoholic beverages,114.62930950425736,1.1462930950425736,2015-08-01,100.10814551931311,2015,8,2015-08,2.0698492895264042,0.22186861186068718
0,0,01.2,v     Non-alcoholic beverages,114.62930950425736,1.1462930950425736,2015-09-01,100.78530456756404,2015,9,2015-09,1.8103371271686486,0.6764275221942784
0,0,01.2,v     Non-alcoholic beverages,114.62930950425736,1.1462930950425736,2015-10-01,101.20988421745056,2015,10,2015-10,3.504511400560073,0.42127138644691975
0,0,01.2,v     Non-alcoholic beverages,114.62930950425736,1.1462930950425736,2015-11-01,101.20865854936943,2015,11,2015-11,3.515984421610985,-0.0012110161874079317
0,0,01.2,v     Non-alcoholic beverages,114.62930950425736,1.1462930950425736,2015-12-01,101.33959217046096,2015,12,2015-12,3.2825340843948503,0.1293699797707104
0,0,01.2,v     Non-alcoholic beverages,114.62930950425736,1.1462930950425736,2016-01-01,100.69795284634041,2016,1,2016-01,1.662717813314596,-0.6331575945571766
0,0,01.2,v     Non-alcoholic beverages,114.62930950425736,1.1462930950425736,2016-02-01,102.36224100556385,2016,2,2016-02,3.040878188057494,1.6527527245395301
0,0,01.2,v     Non-alcoholic beverages,114.62930950425736,1.1462930950425736,2016-03-01,101.94916492579499,2016,3,2016-03,2.630182019340266,-0.40354341181960685
0,0,01.2,v     Non-alcoholic beverages,114.62930950425736,1.1462930950425736,2016-04-01,102.82732107556383,2016,4,2016-04,3.4879075015209926,0.861366692319665
0,0,01.2,v     Non-alcoholic beverages,114.62930950425736,1.1462930950425736,2016-05-01,102.76607550904089,2016,5,2016-05,2.9892154362699097,-0.059561569709609685
0,0,01.2,v     Non-alcoholic beverages,114.62930950425736,1.1462930950425736,2016-06-01,103.11106875430902,2016,6,2016-06,3.0630935314756913,0.3357073271108568
0,0,01.2,v     Non-alcoholic beverages,114.62930950425736,1.1462930950425736,2016-07-01,102.84492049390117,2016,7,2016-07,2.9617525693601987,-0.2581180309962794
0,0,01.2,v     Non-alcoholic beverages,114.62930950425736,1.1462930950425736,2016-08-01,103.46218620864701,2016,8,2016-08,3.3504173630774403,0.6001907646789872
0,0,01.2,v     Non-alcoholic beverages,114.62930950425736,1.1462930950425736,2016-09-01,110.51418629152151,2016,9,2016-09,9.653075679734101,6.816016886259368
0,0,01.2,v     Non-alcoholic beverages,114.62930950425736,1.1462930950425736,2016-10-01,111.21538459397074,2016,10,2016-10,9.885892523128724,0.6344871423109133
0,0,01.2,v     Non-alcoholic beverages,114.62930950425736,1.1462930950425736,2016-11-01,111.34380835066068,2016,11,2016-11,10.014113363974019,0.11547301406078514
0,0,01.2,v     Non-alcoholic beverages,114.62930950425736,1.1462930950425736,2016-12-01,112.5431378663936,2016,12,2016-12,11.055447783021876,1.0771407350786966
0,0,01.2,v     Non-alcoholic beverages,114.62930950425736,1.1462930950425736,2017-01-01,114.97820068874756,2017,1,2017-01,14.18126926989074,2.163670632006709
0,0,01.2,v     Non-alcoholic beverages,114.62930950425736,1.1462930950425736,2017-02-01,112.55299524588501,2017,2,2017-02,9.955579459976116,-2.1092741305177576
0,0,01.2,v     Non-alcoholic beverages,114.62930950425736,1.1462930950425736,2017-03-01,114.3070729438388,2017,3,2017-03,12.121637315066458,1.5584460405712042
0,0,01.2,v     Non-alcoholic beverages,114.62930950425736,1.1462930950425736,2017-04-01,114.52033814892974,2017,4,2017-04,11.371508030218113,0.18657218630355743
0,0,01.2,v     Non-alcoholic beverages,114.62930950425736,1.1462930950425736,2017-05-01,114.5403020581427,2017,5,2017-05,11.457308738101979,0.017432632085845334
0,0,01.2,v     Non-alcoholic beverages,114.62930950425736,1.1462930950425736,2017-06-01,114.1580029404112,2017,6,2017-06,10.713625917722357,-0.3337682115919671
0,0,01.2,v     Non-alcoholic beverages,114.62930950425736,1.1462930950425736,2017-07-01,113.03961800517997,2017,7,2017-07,9.912689379621199,-0.9796815872952891
0,0,01.2,v     Non-alcoholic beverages,114.62930950425736,1.1462930950425736,2017-08-01,112.99544282146724,2017,8,2017-08,9.214242383777771,-0.03907938162946989
0,0,01.2,v     Non-alcoholic beverages,114.62930950425736,1.1462930950425736,2017-09-01,113.52114605413914,2017,9,2017-09,2.720881240246986,0.46524286249536306
0,0,01.2,v     Non-alcoholic beverages,114.62930950425736,1.1462930950425736,2017-10-01,113.98206291091307,2017,10,2017-10,2.4876758975775015,0.406018502098382
0,0,01.2,v     Non-alcoholic beverages,114.62930950425736,1.1462930950425736,2017-11-01,114.04571762144997,2017,11,2017-11,2.426636299595608,0.05584625239380969
0,0,01.2,v     Non-alcoholic beverages,114.62930950425736,1.1462930950425736,2017-12-01,114.1580467652468,2017,12,2017-12,1.4349243583116955,0.09849483710531182
0,0,01.2,v     Non-alcoholic beverages,114.62930950425736,1.1462930950425736,2018-01-01,114.22956697877373,2018,1,2018-01,-0.6511092585284262,0.06265017276794183
0,0,01.2,v     Non-alcoholic beverages,114.62930950425736,1.1462930950425736,2018-02-01,114.36377394966588,2018,2,2018-02,1.6088232035273764,0.11748882048820963
0,0,01.2,v     Non-alcoholic beverages,114.62930950425736,1.1462930950425736,2018-03-01,114.94296735541371,2018,3,2018-03,0.5563036435088708,0.5064483146584031
0,0,01.2,v     Non-alcoholic beverages,114.62930950425736,1.1462930950425736,2018-04-10,117.08049076913763,2018,4,2018-04,2.23554406281834,1.8596382735748485
0,0,01.2,v     Non-alcoholic beverages,114.62930950425736,1.1462930950425736,2018-05-10,117.03684684225418,2018,5,2018-05,2.179621268018117,-0.037276856798884594
0,0,01.2,v     Non-alcoholic beverages,114.62930950425736,1.1462930950425736,2018-06-10,117.12086804046338,2018,6,2018-06,2.5954072633862957,0.07179038095792567
0,0,01.2,v     Non-alcoholic beverages,114.62930950425736,1.1462930950425736,2018-07-10,118.6758529644175,2018,7,2018-07,4.986070422654154,1.3276753749954295
0,0,01.2,v     Non-alcoholic beverages,114.62930950425736,1.1462930950425736,2018-08-10,118.31664089044976,2018,8,2018-08,4.7092147577933785,-0.3026833723920541
0,0,01.2,v     Non-alcoholic beverages,114.62930950425736,1.1462930950425736,2018-09-10,118.63543555942088,2018,9,2018-09,4.505142595056877,0.26944195387215153
0,0,01.2,v     Non-alcoholic beverages,114.62930950425736,1.1462930950425736,2018-10-10,118.19329910088784,2018,10,2018-10,3.6946481599181347,-0.3726849877932037
0,0,01.2,v     Non-alcoholic beverages,114.62930950425736,1.1462930950425736,2018-11-10,118.69105335690891,2018,11,2018-11,4.073222416713729,0.4211357664161586
0,0,01.2,v     Non-alcoholic beverages,114.62930950425736,1.1462930950425736,2018-12-10,118.98879189829833,2018,12,2018-12,4.2316291053800414,0.2508517137295163
0,0,01.2,v     Non-alcoholic beverages,114.62930950425736,1.1462930950425736,2019-01-10,119.39631898476287,2019,1,2019-01,4.523130169047418,0.34249199438285416
0,0,01.2,v     Non-alcoholic beverages,114.62930950425736,1.1462930950425736,2019-02-10,119.10027943473838,2019,2,2019-02,4.14161348606521,-0.24794696565333396
0,0,01.2,v     Non-alcoholic beverages,114.62930950425736,1.1462930950425736,2019-03-10,119.80408393622751,2019,3,2019-03,4.229155286884834,0.5909343830505343
0,0,01.2,v     Non-alcoholic beverages,114.62930950425736,1.1462930950425736,2019-04-10,120.59009862960299,2019,4,2019-04,2.997602621418549,0.6560833884376338
0,0,01.2,v     Non-alcoholic beverages,114.62930950425736,1.1462930950425736,2019-05-10,121.04911741681187,2019,5,2019-05,3.428211441791107,0.3806438442502502
0,0,01.2,v     Non-alcoholic beverages,114.62930950425736,1.1462930950425736,2019-06-10,120.78933108727911,2019,6,2019-06,3.1322027476336167,-0.21461232851308631
0,0,01.2,v     Non-alcoholic beverages,114.62930950425736,1.1462930950425736,2019-07-10,120.84294083291142,2019,7,2019-07,1.826056282185462,0.04438284834409334
0,0,01.2,v     Non-alcoholic beverages,114.62930950425736,1.1462930950425736,2019-08-10,120.54825219736446,2019,8,2019-08,1.886134773705228,-0.24386086064756007
0,0,01.2,v     Non-alcoholic beverages,114.62930950425736,1.1462930950425736,2019-09-10,120.45512660451702,2019,9,2019-09,1.5338511942198707,-0.07725171551635768
0,0,01.2,v     Non-alcoholic beverages,114.62930950425736,1.1462930950425736,2019-10-10,121.30849958697611,2019,10,2019-10,2.635682826172059,0.7084571711596155
0,0,01.2,v     Non-alcoholic beverages,114.62930950425736,1.1462930950425736,2019-11-10,123.12803551406789,2019,11,2019-11,3.7382616732002383,1.4999245174796672
0,0,01.2,v     Non-alcoholic beverages,114.62930950425736,1.1462930950425736,2019-12-10,124.16443182541133,2019,12,2019-12,4.3496869281072215,0.8417224452712313
0,0,01.2,v     Non-alcoholic beverages,114.62930950425736,1.1462930950425736,2020-01-10,124.74590874370546,2020,1,2020-01,4.480531564482559,0.46831198737473656
0,0,01.2,v     Non-alcoholic beverages,114.62930950425736,1.1462930950425736,2020-02-10,124.45125898930907,2020,2,2020-02,4.49283543243304,-0.23619993422129282
0,0,01.2,v     Non-alcoholic beverages,114.62930950425736,1.1462930950425736,2020-03-10,124.47946640348161,2020,3,2020-03,3.9025234479843185,0.022665430949930787
0,0,01.2,v     Non-alcoholic beverages,114.62930950425736,1.1462930950425736,2020-04-10,125.03846973739388,2020,4,2020-04,3.688836113696392,0.449072726661881
0,0,01.2,v     Non-alcoholic beverages,114.62930950425736,1.1462930950425736,2020-05-10,124.21577162977461,2020,5,2020-05,2.6160076839378377,-0.6579559949406844
0,0,01.2,v     Non-alcoholic beverages,114.62930950425736,1.1462930950425736,2020-06-10,122.83858846921059,2020,6,2020-06,1.6965549552143244,-1.1087023350534908
0,0,01.2,v     Non-alcoholic beverages,114.62930950425736,1.1462930950425736,2020-07-10,123.4527117152245,2020,7,2020-07,2.1596386717545935,0.49994326185849314
0,0,01.2,v     Non-alcoholic beverages,114.62930950425736,1.1462930950425736,2020-08-10,123.38143217663041,2020,8,2020-08,2.3502455884863327,-0.05773833365322334
0,0,01.2,v     Non-alcoholic beverages,114.62930950425736,1.1462930950425736,2020-09-10,123.42357747126513,2020,9,2020-09,2.464362414805521,0.0341585390047916
0,0,01.2,v     Non-alcoholic beverages,114.62930950425736,1.1462930950425736,2020-10-10,124.4273477159923,2020,10,2020-10,2.571005444494867,0.8132726868663731
0,0,01.2,v     Non-alcoholic beverages,114.62930950425736,1.1462930950425736,2020-11-10,124.73793453743657,2020,11,2020-11,1.3074999667193943,0.24961298874037752
0,0,01.2,v     Non-alcoholic beverages,114.62930950425736,1.1462930950425736,2020-12-10,125.58103080951517,2020,12,2020-12,1.1409056227114522,0.6758940455483975
0,0,01.2,v     Non-alcoholic beverages,114.62930950425736,1.1462930950425736,2021-01-10,126.01698562215664,2021,1,2021-01,1.0189327179159546,0.3471502103711277
0,0,01.2,v     Non-alcoholic beverages,114.62930950425736,1.1462930950425736,2021-02-10,126.87719392433189,2021,2,2021-02,1.9493052579172554,0.682612981042463
0,0,01.2,v     Non-alcoholic beverages,114.62930950425736,1.1462930950425736,2021-03-10,126.70050666365528,2021,3,2021-03,1.7842623561499682,-0.13925848705480526
0,0,01.2,v     Non-alcoholic beverages,114.62930950425736,1.1462930950425736,2021-04-10,126.2333787521924,2021,4,2021-04,0.9556331082010594,-0.36868669570748747
0,0,01.2,v     Non-alcoholic beverages,114.62930950425736,1.1462930950425736,2021-05-10,126.13181874973992,2021,5,2021-05,1.5425151692299632,-0.08045415836633873
0,0,01.2,v     Non-alcoholic beverages,114.62930950425736,1.1462930950425736,2021-06-10,126.1880355649308,2021,6,2021-06,2.726705945957475,0.044569891838652786
0,0,01.2,v     Non-alcoholic beverages,114.62930950425736,1.1462930950425736,2021-07-10,126.31985713483807,2021,7,2021-07,2.3224645127499333,0.1044643965785852
0,0,01.2,v     Non-alcoholic beverages,114.62930950425736,1.1462930950425736,2021-08-10,126.60523835612686,2021,8,2021-08,2.6128779044170214,0.22591952505468527
0,0,01.2,v     Non-alcoholic beverages,114.62930950425736,1.1462930950425736,2021-09-10,128.19340132378608,2021,9,2021-09,3.8645969840174432,1.2544212137509447
0,0,01.2,v     Non-alcoholic beverages,114.62930950425736,1.1462930950425736,2021-10-10,127.63677954565632,2021,10,2021-10,2.579362084442738,-0.434204703504093
0,0,01.2,v     Non-alcoholic beverages,114.62930950425736,1.1462930950425736,2021-11-10,127.56413702164325,2021,11,2021-11,2.2657121064951324,-0.05691347295948557
0,0,01.2,v     Non-alcoholic beverages,114.62930950425736,1.1462930950425736,2021-12-10,128.3165135486756,2021,12,2021-12,2.1782610968607896,0.5898025452911515
0,0,01.2,v     Non-alcoholic beverages,114.62930950425736,1.1462930950425736,2022-01-10,128.2315045186281,2022,1,2022-01,1.7573177818356767,-0.06624948550776333
0,0,01.2,v     Non-alcoholic beverages,114.62930950425736,1.1462930950425736,2022-02-10,128.28232061588105,2022,2,2022-02,1.1074698675848316,0.03962840289810643
0,0,01.2,v     Non-alcoholic beverages,114.62930950425736,1.1462930950425736,2022-03-10,131.65835454813333,2022,3,2022-03,3.913045034333895,2.6317219052820473
0,0,01.2,v     Non-alcoholic beverages,114.62930950425736,1.1462930950425736,2022-04-10,132.17711539727088,2022,4,2022-04,4.708530108147224,0.39402045614043146
0,0,01.2,v     Non-alcoholic beverages,114.62930950425736,1.1462930950425736,2022-05-10,134.49514015786687,2022,5,2022-05,6.630619847574493,1.7537262434794032
0,0,01.2,v     Non-alcoholic beverages,114.62930950425736,1.1462930950425736,2022-06-10,138.66782702302598,2022,6,2022-06,9.889837338559438,3.1024815173703146
0,0,01.2,v     Non-alcoholic beverages,114.62930950425736,1.1462930950425736,2022-07-10,148.3023790443197,2022,7,2022-07,17.40226945160075,6.947936106111974
0,0,01.2,v     Non-alcoholic beverages,114.62930950425736,1.1462930950425736,2022-08-10,151.75827974847408,2022,8,2022-08,19.867299109373683,2.3303069892908423
0,0,01.2,v     Non-alcoholic beverages,114.62930950425736,1.1462930950425736,2022-09-10,154.20002249148664,2022,9,2022-09,20.28702015793622,1.6089683851579828
0,0,01.2,v     Non-alcoholic beverages,114.62930950425736,1.1462930950425736,2022-10-10,157.29908131242198,2022,10,2022-10,23.239619388982845,2.009765479188852
0,0,01.2,v     Non-alcoholic beverages,114.62930950425736,1.1462930950425736,2022-11-10,160.65432906903888,2022,11,2022-11,25.94004304029538,2.1330370963533074
0,0,01.2,v     Non-alcoholic beverages,114.62930950425736,1.1462930950425736,2022-12-10,161.08925439928817,2022,12,2022-12,25.540548090235138,0.27072120170654745
0,0,01.2,v     Non-alcoholic beverages,114.62930950425736,1.1462930950425736,2023-01-10,164.55617877088292,2023,1,2023-01,28.327417968474332,2.1521760619745534
0,0,01.2,v     Non-alcoholic beverages,114.62930950425736,1.1462930950425736,2023-02-10,170.52138400070325,2023,2,2023-02,32.9266442811708,3.6250265862856956
0,0,01.2,v     Non-alcoholic beverages,114.62930950425736,1.1462930950425736,2023-03-10,171.57072744022054,2023,3,2023-03,30.31510839480798,0.6153735179119657
0,0,01.2,v     Non-alcoholic beverages,114.62930950425736,1.1462930950425736,2023-04-10,172.48885151117165,2023,4,2023-04,30.498271953310542,0.5351286228421515
0,0,01.2,v     Non-alcoholic beverages,114.62930950425736,1.1462930950425736,2023-05-10,172.98996842340543,2023,5,2023-05,28.621724339150354,0.29052133389695367
0,0,01.2,v     Non-alcoholic beverages,114.62930950425736,1.1462930950425736,2023-06-10,177.67656542881025,2023,6,2023-06,28.131066335457056,2.7091727041270053
0,0,01.2,v     Non-alcoholic beverages,114.62930950425736,1.1462930950425736,2023-07-10,179.7371803560204,2023,7,2023-07,21.196424166807514,1.1597561683145852
0,0,01.2,v     Non-alcoholic beverages,114.62930950425736,1.1462930950425736,2023-08-10,180.0286672766837,2023,8,2023-08,18.62856351236011,0.16217396984081756
0,0,01.2,v     Non-alcoholic beverages,114.62930950425736,1.1462930950425736,2023-09-10,180.6985033439949,2023,9,2023-09,17.184485724683498,0.37207189135146645
0,0,01.2,v     Non-alcoholic beverages,114.62930950425736,1.1462930950425736,2023-10-10,180.84521955008543,2023,10,2023-10,14.969024638419182,0.08119392434104977
0,0,01.2,v     Non-alcoholic beverages,114.62930950425736,1.1462930950425736,2023-11-10,181.6538354574617,2023,11,2023-11,13.071235932521041,0.44713148038304507
0,0,01.2,v     Non-alcoholic beverages,114.62930950425736,1.1462930950425736,2023-12-10,184.71884263479794,2023,12,2023-12,14.668630954700212,1.687279087511473
0,0,01.2,v     Non-alcoholic beverages,114.62930950425736,1.1462930950425736,2024-01-10,188.03167684802128,2024,1,2024-01,14.265947503450516,1.7934468221918465
0,0,01.2,v     Non-alcoholic beverages,114.62930950425736,1.1462930950425736,2024-02-10,188.82992819177036,2024,2,2024-02,10.736802482785146,0.4245302478445012
0,0,01.2,v     Non-alcoholic beverages,114.62930950425736,1.1462930950425736,2024-03-10,189.21419477696043,2024,3,2024-03,10.283495092650519,0.20349877208014622
0,0,01.2,v     Non-alcoholic beverages,114.62930950425736,1.1462930950425736,2024-04-10,187.92969832839117,2024,4,2024-04,8.951794091005038,-0.6788583964767447
0,0,01.2,v     Non-alcoholic beverages,114.62930950425736,1.1462930950425736,2024-05-10,188.87399868903597,2024,5,2024-05,9.182052815197483,0.5024753240409741
0,0,01.2,v     Non-alcoholic beverages,114.62930950425736,1.1462930950425736,2024-06-10,186.86649965555128,2024,6,2024-06,5.172282683741525,-1.0628773930867252
0,0,01.2,v     Non-alcoholic beverages,114.62930950425736,1.1462930950425736,2024-07-10,187.17319042762,2024,7,2024-07,4.137157407760861,0.1641229287400625
0,0,01.2,v     Non-alcoholic beverages,114.62930950425736,1.1462930950425736,2024-08-10,187.87729254837183,2024,8,2024-08,4.359653043270972,0.3761768013587963
0,0,01.2,v     Non-alcoholic beverages,114.62930950425736,1.1462930950425736,2024-09-10,189.0747690429044,2024,9,2024-09,4.635492571271405,0.6373715941346392
0,0,01.2,v     Non-alcoholic beverages,114.62930950425736,1.1462930950425736,2024-10-10,190.25530271516104,2024,10,2024-10,5.203390605782343,0.6243739861391928
0,0,01.2,v     Non-alcoholic beverages,114.62930950425736,1.1462930950425736,2024-11-10,192.50915587134875,2024,11,2024-11,5.975827808176981,1.1846466952682322
0,0,01.2,v     Non-alcoholic beverages,114.62930950425736,1.1462930950425736,2024-12-10,192.08577634379603,2024,12,2024-12,3.988187455008596,-0.2199269565317019
0,0,01.2,v     Non-alcoholic beverages,114.62930950425736,1.1462930950425736,2025-01-10,194.88577427564562,2025,1,2025-01,3.6451823131717465,1.4576810345593438
0,0,01.2,v     Non-alcoholic beverages,114.62930950425736,1.1462930950425736,2025-02-10,194.92503251123733,2025,2,2025-02,3.227827483616341,0.020144228452601
0,0,01.2,v     Non-alcoholic beverages,114.62930950425736,1.1462930950425736,2025-03-10,196.79511663782472,2025,3,2025-03,4.00652914534263,0.9593863356055055
0,0,01.2,v     Non-alcoholic beverages,114.62930950425736,1.1462930950425736,2025-04-10,197.58386395856354,2025,4,2025-04,5.137115483100785,0.40079618550210583
0,0,01.2,v     Non-alcoholic beverages,114.62930950425736,1.1462930950425736,2025-05-10,202.17539159794185,2025,5,2025-05,7.042469054094336,2.3238373556361047
0,0,01.2,v     Non-alcoholic beverages,114.62930950425736,1.1462930950425736,2025-06-10,202.7692843336674,2025,6,2025-06,8.510238436225602,0.2937512478801585
0,0,01.2,v     Non-alcoholic beverages,114.62930950425736,1.1462930950425736,2025-07-10,205.45709300242456,2025,7,2025-07,9.76844094660818,1.3255502072662129
0,0,01.2,v     Non-alcoholic beverages,114.62930950425736,1.1462930950425736,2025-08-10,205.63414763114076,2025,8,2025-08,9.451304541338956,0.08617596313120757
0,0,01.2,v     Non-alcoholic beverages,114.62930950425736,1.1462930950425736,2025-09-10,205.92778727794175,2025,9,2025-09,8.913414687928611,0.14279712303799652
0,0,01.2,v     Non-alcoholic beverages,114.62930950425736,1.1462930950425736,2025-10-10,204.61267939301496,2025,10,2025-10,7.546373989559152,-0.6386257543532836
0,0,01.2,v     Non-alcoholic beverages,114.62930950425736,1.1462930950425736,2025-11-10,206.37970053829656,2025,11,2025-11,7.205135051455591,0.8635931803070429
0,0,01.2,v     Non-alcoholic beverages,114.62930950425736,1.1462930950425736,2025-12-10,206.43014773375123,2025,12,2025-12,7.4676905614716516,0.02444387472366749
0,0,01.2,v     Non-alcoholic beverages,114.62930950425736,1.1462930950425736,2026-01-10,211.72191335184098,2026,1,2026-01,8.638977954533722,2.5634654996783413
0,0,01.2,v     Non-alcoholic beverages,114.62930950425736,1.1462930950425736,2026-02-10,215.41356245307006,2026,2,2026-02,10.510979363644113,1.7436310879612504
0,0,01.2,v     Non-alcoholic beverages,114.62930950425736,1.1462930950425736,2026-03-10,219.46748248579507,2026,3,2026-03,11.520796976733848,1.8819242328849128
0,0,01.2,v     Non-alcoholic beverages,114.62930950425736,1.1462930950425736,2026-04-10,219.41517631764447,2026,4,2026-04,11.04913727350696,-0.023833220100832886
0,0,01.2,v     Non-alcoholic beverages,114.62930950425736,1.1462930950425736,2026-05-10,220.89582423064485,2026,5,2026-05,9.259501111753288,0.6748156339271949
0,0,01.2,v     Non-alcoholic beverages,114.62930950425736,1.1462930950425736,2026-06-10,220.37023711990398,2026,6,2026-06,8.680285499885333,-0.23793438041277426
0,0,01.2,v     Non-alcoholic beverages,114.62930950425736,1.1462930950425736,2026-07-10,222.24577191010195,2026,7,2026-07,8.171379562680414,0.8510835286606788
0,0,01.2,v     Non-alcoholic beverages,114.62930950425736,1.1462930950425736,2026-08-10,223.76453458680325,2026,8,2026-08,8.816817228325391,0.683370785256443
0,0,02,Alcoholic beverages and tobacco,680.8440217778525,6.808440217778525,2009-02-01,87.38047412181864,2009,2,2009-02,,
0,0,02,Alcoholic beverages and tobacco,680.8440217778525,6.808440217778525,2009-03-01,88.72895700665104,2009,3,2009-03,,1.543231366486375
0,0,02,Alcoholic beverages and tobacco,680.8440217778525,6.808440217778525,2009-04-01,88.52409462504473,2009,4,2009-04,,-0.23088559644734996
0,0,02,Alcoholic beverages and tobacco,680.8440217778525,6.808440217778525,2009-05-01,84.98154054004199,2009,5,2009-05,,-4.001796460057205
0,0,02,Alcoholic beverages and tobacco,680.8440217778525,6.808440217778525,2009-06-01,84.71906763898693,2009,6,2009-06,,-0.30885872318516805
0,0,02,Alcoholic beverages and tobacco,680.8440217778525,6.808440217778525,2009-07-01,84.17320514749044,2009,7,2009-07,,-0.6443207021854525
0,0,02,Alcoholic beverages and tobacco,680.8440217778525,6.808440217778525,2009-08-01,85.49255565015781,2009,8,2009-08,,1.5674233865225595
0,0,02,Alcoholic beverages and tobacco,680.8440217778525,6.808440217778525,2009-09-01,84.08664385751356,2009,9,2009-09,,-1.644484460608886
0,0,02,Alcoholic beverages and tobacco,680.8440217778525,6.808440217778525,2009-10-01,85.91794097158383,2009,10,2009-10,,2.177869195461568
0,0,02,Alcoholic beverages and tobacco,680.8440217778525,6.808440217778525,2009-11-01,85.15643493985534,2009,11,2009-11,,-0.8863178320117626
0,0,02,Alcoholic beverages and tobacco,680.8440217778525,6.808440217778525,2009-12-01,86.03779263634232,2009,12,2009-12,,1.034986606836541
0,0,02,Alcoholic beverages and tobacco,680.8440217778525,6.808440217778525,2010-01-01,88.57511041802363,2010,1,2010-01,,2.949073545396308
0,0,02,Alcoholic beverages and tobacco,680.8440217778525,6.808440217778525,2010-02-01,88.03999116701729,2010,2,2010-02,0.7547647822089054,-0.604141782585288
0,0,02,Alcoholic beverages and tobacco,680.8440217778525,6.808440217778525,2010-03-01,91.70978098086242,2010,3,2010-03,3.359471445142681,4.1683214243891875
0,0,02,Alcoholic beverages and tobacco,680.8440217778525,6.808440217778525,2010-04-01,92.20567107617181,2010,4,2010-04,4.158841123109913,0.5407166934711993
0,0,02,Alcoholic beverages and tobacco,680.8440217778525,6.808440217778525,2010-05-01,92.0686377042144,2010,5,2010-05,8.33957247554611,-0.148617075672286
0,0,02,Alcoholic beverages and tobacco,680.8440217778525,6.808440217778525,2010-06-01,89.55299920836333,2010,6,2010-06,5.705836601006076,-2.7323511660213406
0,0,02,Alcoholic beverages and tobacco,680.8440217778525,6.808440217778525,2010-07-01,88.80675732463801,2010,7,2010-07,5.5047828688815414,-0.8332963611738298
0,0,02,Alcoholic beverages and tobacco,680.8440217778525,6.808440217778525,2010-08-01,90.45772385638459,2010,8,2010-08,5.807719945283463,1.8590550781078186
0,0,02,Alcoholic beverages and tobacco,680.8440217778525,6.808440217778525,2010-09-01,88.11340059415598,2010,9,2010-09,4.788818475697321,-2.5916230945083107
0,0,02,Alcoholic beverages and tobacco,680.8440217778525,6.808440217778525,2010-10-01,89.66055326608135,2010,10,2010-10,4.356031175997721,1.7558653524807788
0,0,02,Alcoholic beverages and tobacco,680.8440217778525,6.808440217778525,2010-11-01,89.82493831920229,2010,11,2010-11,5.482267291537313,0.18334155560373322
0,0,02,Alcoholic beverages and tobacco,680.8440217778525,6.808440217778525,2010-12-01,89.03280962135302,2010,12,2010-12,3.4810481455164854,-0.8818583265087887
0,0,02,Alcoholic beverages and tobacco,680.8440217778525,6.808440217778525,2011-01-01,89.79647904539829,2011,1,2011-01,1.3789072591730456,0.8577393292349855
0,0,02,Alcoholic beverages and tobacco,680.8440217778525,6.808440217778525,2011-02-01,91.59563850391635,2011,2,2011-02,4.038672982319791,2.0035968866980447
0,0,02,Alcoholic beverages and tobacco,680.8440217778525,6.808440217778525,2011-03-01,87.96138856414198,2011,3,2011-03,-4.087232982818523,-3.9677106892147207
0,0,02,Alcoholic beverages and tobacco,680.8440217778525,6.808440217778525,2011-04-01,93.10139142030623,2011,4,2011-04,0.9714373678756161,5.843476257103553
0,0,02,Alcoholic beverages and tobacco,680.8440217778525,6.808440217778525,2011-05-01,91.78230185375784,2011,5,2011-05,-0.31100259284432274,-1.4168312056619614
0,0,02,Alcoholic beverages and tobacco,680.8440217778525,6.808440217778525,2011-06-01,88.12957959224377,2011,6,2011-06,-1.5894717415412152,-3.9797675453097314
0,0,02,Alcoholic beverages and tobacco,680.8440217778525,6.808440217778525,2011-07-01,90.54913270438227,2011,7,2011-07,1.96198513743151,2.745449511200726
0,0,02,Alcoholic beverages and tobacco,680.8440217778525,6.808440217778525,2011-08-01,92.2987659553502,2011,8,2011-08,2.0352514085901108,1.9322473873714552
0,0,02,Alcoholic beverages and tobacco,680.8440217778525,6.808440217778525,2011-09-01,90.57157848536349,2011,9,2011-09,2.7897889249896224,-1.8713007179556929
0,0,02,Alcoholic beverages and tobacco,680.8440217778525,6.808440217778525,2011-10-01,88.99076373802414,2011,10,2011-10,-0.7470281006068613,-1.745376169627877
0,0,02,Alcoholic beverages and tobacco,680.8440217778525,6.808440217778525,2011-11-01,87.2598117374437,2011,11,2011-11,-2.8556953444745403,-1.94509174646047
0,0,02,Alcoholic beverages and tobacco,680.8440217778525,6.808440217778525,2011-12-01,86.03830293593059,2011,12,2011-12,-3.3633743539687844,-1.3998526666416766
0,0,02,Alcoholic beverages and tobacco,680.8440217778525,6.808440217778525,2012-01-01,89.04404404227724,2012,1,2012-01,-0.8379337487616212,3.4934918562781414
0,0,02,Alcoholic beverages and tobacco,680.8440217778525,6.808440217778525,2012-02-01,91.3007295585015,2012,2,2012-02,-0.32196832756642424,2.534347513633617
0,0,02,Alcoholic beverages and tobacco,680.8440217778525,6.808440217778525,2012-03-01,90.79804413039518,2012,3,2012-03,3.2248872062594636,-0.5505820496036873
0,0,02,Alcoholic beverages and tobacco,680.8440217778525,6.808440217778525,2012-04-01,93.69095496105685,2012,4,2012-04,0.6332489039707623,3.18609377367991
0,0,02,Alcoholic beverages and tobacco,680.8440217778525,6.808440217778525,2012-05-01,96.12765613074137,2012,5,2012-05,4.734414140001886,2.6007859250632537
0,0,02,Alcoholic beverages and tobacco,680.8440217778525,6.808440217778525,2012-06-01,98.4109133612104,2012,6,2012-06,11.666155468500028,2.375234477124488
0,0,02,Alcoholic beverages and tobacco,680.8440217778525,6.808440217778525,2012-07-01,97.58057746989996,2012,7,2012-07,7.765336404130352,-0.8437437098696043
0,0,02,Alcoholic beverages and tobacco,680.8440217778525,6.808440217778525,2012-08-01,98.45954790778737,2012,8,2012-08,6.674825918493266,0.9007637182292028
0,0,02,Alcoholic beverages and tobacco,680.8440217778525,6.808440217778525,2012-09-01,97.01212607958927,2012,9,2012-09,7.111002923799736,-1.4700675139740493
0,0,02,Alcoholic beverages and tobacco,680.8440217778525,6.808440217778525,2012-10-01,96.55160746162203,2012,10,2012-10,8.496211748284255,-0.4747021187737177
0,0,02,Alcoholic beverages and tobacco,680.8440217778525,6.808440217778525,2012-11-01,97.15319040048607,2012,11,2012-11,11.337840944248857,0.6230687967604842
0,0,02,Alcoholic beverages and tobacco,680.8440217778525,6.808440217778525,2012-12-01,96.39417593367168,2012,12,2012-12,12.036352001797045,-0.7812553182099058
0,0,02,Alcoholic beverages and tobacco,680.8440217778525,6.808440217778525,2013-01-01,94.87705412647954,2013,1,2013-01,6.55070212380835,-1.573872894806494
0,0,02,Alcoholic beverages and tobacco,680.8440217778525,6.808440217778525,2013-02-01,95.51311050500627,2013,2,2013-02,4.613742920647379,0.6704006404739449
0,0,02,Alcoholic beverages and tobacco,680.8440217778525,6.808440217778525,2013-03-01,94.26797641684307,2013,3,2013-03,3.8215936473969814,-1.3036263624750632
0,0,02,Alcoholic beverages and tobacco,680.8440217778525,6.808440217778525,2013-04-01,94.75069120909801,2013,4,2013-04,1.1310977121341548,0.512066568736369
0,0,02,Alcoholic beverages and tobacco,680.8440217778525,6.808440217778525,2013-05-01,94.42170523974507,2013,5,2013-05,-1.7746723052063929,-0.3472122104385744
0,0,02,Alcoholic beverages and tobacco,680.8440217778525,6.808440217778525,2013-06-01,94.73373882438096,2013,6,2013-06,-3.736551578718339,0.33046806753131985
0,0,02,Alcoholic beverages and tobacco,680.8440217778525,6.808440217778525,2013-07-01,95.69591068399033,2013,7,2013-07,-1.9313954013963297,1.015659121607193
0,0,02,Alcoholic beverages and tobacco,680.8440217778525,6.808440217778525,2013-08-01,92.46265526591507,2013,8,2013-08,-6.090717222761066,-3.378676680085324
0,0,02,Alcoholic beverages and tobacco,680.8440217778525,6.808440217778525,2013-09-01,93.56512129839774,2013,9,2013-09,-3.5531689908162467,1.1923365485363435
0,0,02,Alcoholic beverages and tobacco,680.8440217778525,6.808440217778525,2013-10-01,93.71570767501952,2013,10,2013-10,-2.937185471230752,0.16094285405938713
0,0,02,Alcoholic beverages and tobacco,680.8440217778525,6.808440217778525,2013-11-01,95.79207882213888,2013,11,2013-11,-1.400995245484371,2.2156063253768066
0,0,02,Alcoholic beverages and tobacco,680.8440217778525,6.808440217778525,2013-12-01,95.87513982670583,2013,12,2013-12,-0.538451728995526,0.08670967953539055
0,0,02,Alcoholic beverages and tobacco,680.8440217778525,6.808440217778525,2014-01-01,98.15664367272653,2014,1,2014-01,3.45667303484678,2.379661557880919
0,0,02,Alcoholic beverages and tobacco,680.8440217778525,6.808440217778525,2014-02-01,100,2014,2,2014-02,4.697668698328661,1.8779740813261503
0,0,02,Alcoholic beverages and tobacco,680.8440217778525,6.808440217778525,2014-03-01,98.59052285817145,2014,3,2014-03,4.585381595775995,-1.4094771418285412
0,0,02,Alcoholic beverages and tobacco,680.8440217778525,6.808440217778525,2014-04-01,98.35365868031957,2014,4,2014-04,3.802576451152695,-0.24025045307105586
0,0,02,Alcoholic beverages and tobacco,680.8440217778525,6.808440217778525,2014-05-01,99.79073711435778,2014,5,2014-05,5.686226340628209,1.461133681573723
0,0,02,Alcoholic beverages and tobacco,680.8440217778525,6.808440217778525,2014-06-01,99.50451544804892,2014,6,2014-06,5.035984732442689,-0.28682187804751624
0,0,02,Alcoholic beverages and tobacco,680.8440217778525,6.808440217778525,2014-07-01,100.94309787251615,2014,7,2014-07,5.483188519782445,1.4457458719230765
0,0,02,Alcoholic beverages and tobacco,680.8440217778525,6.808440217778525,2014-08-01,101.54167974163205,2014,8,2014-08,9.819125840163734,0.5929893987123958
0,0,02,Alcoholic beverages and tobacco,680.8440217778525,6.808440217778525,2014-09-01,101.42488831326378,2014,9,2014-09,8.40031723979675,-0.1150182158355495
0,0,02,Alcoholic beverages and tobacco,680.8440217778525,6.808440217778525,2014-10-01,103.32323198077309,2014,10,2014-10,10.251775869921232,1.8716743977533756
0,0,02,Alcoholic beverages and tobacco,680.8440217778525,6.808440217778525,2014-11-01,104.43581849795821,2014,11,2014-11,9.023438871045396,1.0768018923296596
0,0,02,Alcoholic beverages and tobacco,680.8440217778525,6.808440217778525,2014-12-01,102.80489723402141,2014,12,2014-12,7.2278980972972695,-1.5616493339099757
0,0,02,Alcoholic beverages and tobacco,680.8440217778525,6.808440217778525,2015-01-01,104.29088511729854,2015,1,2015-01,6.249440908987047,1.4454446463717519
0,0,02,Alcoholic beverages and tobacco,680.8440217778525,6.808440217778525,2015-02-01,104.6657767110062,2015,2,2015-02,4.665776711006209,0.35946726627740233
0,0,02,Alcoholic beverages and tobacco,680.8440217778525,6.808440217778525,2015-03-01,103.69011937564721,2015,3,2015-03,5.1725017472641355,-0.9321646158064523
0,0,02,Alcoholic beverages and tobacco,680.8440217778525,6.808440217778525,2015-04-01,106.22038805231558,2015,4,2015-04,7.99841050912542,2.4402215870749977
0,0,02,Alcoholic beverages and tobacco,680.8440217778525,6.808440217778525,2015-05-01,105.5201790608588,2015,5,2015-05,5.741456684436752,-0.6592039478446665
0,0,02,Alcoholic beverages and tobacco,680.8440217778525,6.808440217778525,2015-06-01,105.20248498129426,2015,6,2015-06,5.726342676599683,-0.301074242284316
0,0,02,Alcoholic beverages and tobacco,680.8440217778525,6.808440217778525,2015-07-01,110.47967370203943,2015,7,2015-07,9.44747687609835,5.0162205975300855
0,0,02,Alcoholic beverages and tobacco,680.8440217778525,6.808440217778525,2015-08-01,111.73699312869033,2015,8,2015-08,10.040520713267465,1.138054978368097
0,0,02,Alcoholic beverages and tobacco,680.8440217778525,6.808440217778525,2015-09-01,112.3259518292383,2015,9,2015-09,10.747917692849907,0.5270937440294832
0,0,02,Alcoholic beverages and tobacco,680.8440217778525,6.808440217778525,2015-10-01,112.74184934715392,2015,10,2015-10,9.11568210345326,0.37025950917191075
0,0,02,Alcoholic beverages and tobacco,680.8440217778525,6.808440217778525,2015-11-01,111.85707320074887,2015,11,2015-11,7.10604351028834,-0.784780586382483
0,0,02,Alcoholic beverages and tobacco,680.8440217778525,6.808440217778525,2015-12-01,112.59173786435373,2015,12,2015-12,9.51981947713434,0.6567887417243234
0,0,02,Alcoholic beverages and tobacco,680.8440217778525,6.808440217778525,2016-01-01,112.26341119376096,2016,1,2016-01,7.644508978416975,-0.2916081382350888
0,0,02,Alcoholic beverages and tobacco,680.8440217778525,6.808440217778525,2016-02-01,112.13370915415533,2016,2,2016-02,7.1350279698099595,-0.11553367052224983
0,0,02,Alcoholic beverages and tobacco,680.8440217778525,6.808440217778525,2016-03-01,112.21726645595109,2016,3,2016-03,8.223683347698586,0.07451577445003466
0,0,02,Alcoholic beverages and tobacco,680.8440217778525,6.808440217778525,2016-04-01,113.08446545474291,2016,4,2016-04,6.462109137698335,0.7727857095255697
0,0,02,Alcoholic beverages and tobacco,680.8440217778525,6.808440217778525,2016-05-01,113.15778314844877,2016,5,2016-05,7.238050726946721,0.06483445220439865
0,0,02,Alcoholic beverages and tobacco,680.8440217778525,6.808440217778525,2016-06-01,112.98701782030479,2016,6,2016-06,7.39957125574997,-0.1509090434548055
0,0,02,Alcoholic beverages and tobacco,680.8440217778525,6.808440217778525,2016-07-01,112.44979375387078,2016,7,2016-07,1.7832420985824937,-0.47547415340088994
0,0,02,Alcoholic beverages and tobacco,680.8440217778525,6.808440217778525,2016-08-01,112.32018776987034,2016,8,2016-08,0.5219351486470902,-0.115256755636306
0,0,02,Alcoholic beverages and tobacco,680.8440217778525,6.808440217778525,2016-09-01,112.77240524497043,2016,9,2016-09,0.3974623926720211,0.40261460034827223
0,0,02,Alcoholic beverages and tobacco,680.8440217778525,6.808440217778525,2016-10-01,112.84279343793848,2016,10,2016-10,0.08953559957469714,0.06241614942517071
0,0,02,Alcoholic beverages and tobacco,680.8440217778525,6.808440217778525,2016-11-01,113.87273508539496,2016,11,2016-11,1.8019976984634756,0.9127225727737054
0,0,02,Alcoholic beverages and tobacco,680.8440217778525,6.808440217778525,2016-12-01,116.19932773661188,2016,12,2016-12,3.204133749675697,2.043151637195817
0,0,02,Alcoholic beverages and tobacco,680.8440217778525,6.808440217778525,2017-01-01,118.1073344569455,2017,1,2017-01,5.205545779379728,1.642011840772839
0,0,02,Alcoholic beverages and tobacco,680.8440217778525,6.808440217778525,2017-02-01,118.49118462436556,2017,2,2017-02,5.669548896728571,0.3250011264626318
0,0,02,Alcoholic beverages and tobacco,680.8440217778525,6.808440217778525,2017-03-01,120.13354238577821,2017,3,2017-03,7.054418789406625,1.386059027613884
0,0,02,Alcoholic beverages and tobacco,680.8440217778525,6.808440217778525,2017-04-01,121.58339412360048,2017,4,2017-04,7.515558069520067,1.206866716013777
0,0,02,Alcoholic beverages and tobacco,680.8440217778525,6.808440217778525,2017-05-01,119.73457680447372,2017,5,2017-05,5.812055939092597,-1.520616637208927
0,0,02,Alcoholic beverages and tobacco,680.8440217778525,6.808440217778525,2017-06-01,119.97813959727512,2017,6,2017-06,6.187544296539493,0.2034189281840737
0,0,02,Alcoholic beverages and tobacco,680.8440217778525,6.808440217778525,2017-07-01,118.88979253676916,2017,7,2017-07,5.7269991948533105,-0.9071211340325402
0,0,02,Alcoholic beverages and tobacco,680.8440217778525,6.808440217778525,2017-08-01,119.09342490176513,2017,8,2017-08,6.030293633208905,0.17127825749463366
0,0,02,Alcoholic beverages and tobacco,680.8440217778525,6.808440217778525,2017-09-01,117.90904863067266,2017,9,2017-09,4.554876145936704,-0.9944934173061304
0,0,02,Alcoholic beverages and tobacco,680.8440217778525,6.808440217778525,2017-10-01,119.13115265928072,2017,10,2017-10,5.572672414211999,1.036480272549789
0,0,02,Alcoholic beverages and tobacco,680.8440217778525,6.808440217778525,2017-11-01,119.00452631256391,2017,11,2017-11,4.506602237419277,-0.10629154833997623
0,0,02,Alcoholic beverages and tobacco,680.8440217778525,6.808440217778525,2017-12-01,119.57783923601576,2017,12,2017-12,2.907513808566886,0.4817572416918381
0,0,02,Alcoholic beverages and tobacco,680.8440217778525,6.808440217778525,2018-01-01,119.5971433803481,2018,1,2018-01,1.2614025456189504,0.016143580161398496
0,0,02,Alcoholic beverages and tobacco,680.8440217778525,6.808440217778525,2018-02-01,120.11233887105284,2018,2,2018-02,1.3681644350392652,0.4307757494393494
0,0,02,Alcoholic beverages and tobacco,680.8440217778525,6.808440217778525,2018-03-01,120.66722460205034,2018,3,2018-03,0.4442408054183167,0.46197229711195664
0,0,02,Alcoholic beverages and tobacco,680.8440217778525,6.808440217778525,2018-04-10,121.48925233604764,2018,4,2018-04,-0.07742980711423764,0.6812353037109142
0,0,02,Alcoholic beverages and tobacco,680.8440217778525,6.808440217778525,2018-05-10,121.70166040148125,2018,5,2018-05,1.6428701295029935,0.17483691878033003
0,0,02,Alcoholic beverages and tobacco,680.8440217778525,6.808440217778525,2018-06-10,120.17492531126247,2018,6,2018-06,0.1640179741475345,-1.2544899430149359
0,0,02,Alcoholic beverages and tobacco,680.8440217778525,6.808440217778525,2018-07-10,120.76870242386137,2018,7,2018-07,1.5803794817045524,0.49409401425544175
0,0,02,Alcoholic beverages and tobacco,680.8440217778525,6.808440217778525,2018-08-10,120.18642999146199,2018,8,2018-08,0.9177711452990955,-0.48213851826922616
0,0,02,Alcoholic beverages and tobacco,680.8440217778525,6.808440217778525,2018-09-10,120.54649872126686,2018,9,2018-09,2.2368513029525916,0.29959183397862965
0,0,02,Alcoholic beverages and tobacco,680.8440217778525,6.808440217778525,2018-10-10,122.23725894093485,2018,10,2018-10,2.6072997803838094,1.4025792848429752
0,0,02,Alcoholic beverages and tobacco,680.8440217778525,6.808440217778525,2018-11-10,121.8755877591695,2018,11,2018-11,2.4125649129216997,-0.2958763840901435
0,0,02,Alcoholic beverages and tobacco,680.8440217778525,6.808440217778525,2018-12-10,121.18613590003633,2018,12,2018-12,1.3449788642243332,-0.5657013613715289
0,0,02,Alcoholic beverages and tobacco,680.8440217778525,6.808440217778525,2019-01-10,122.8807108753346,2019,1,2019-01,2.7455233479481533,1.3983241257036871
0,0,02,Alcoholic beverages and tobacco,680.8440217778525,6.808440217778525,2019-02-10,122.60115633346967,2019,2,2019-02,2.0720747641828074,-0.22750075245621115
0,0,02,Alcoholic beverages and tobacco,680.8440217778525,6.808440217778525,2019-03-10,122.24343692819377,2019,3,2019-03,1.306247269166616,-0.2917749032504413
0,0,02,Alcoholic beverages and tobacco,680.8440217778525,6.808440217778525,2019-04-10,122.27586083130322,2019,4,2019-04,0.6474716735269448,0.026524044091202903
0,0,02,Alcoholic beverages and tobacco,680.8440217778525,6.808440217778525,2019-05-10,122.44670162295479,2019,5,2019-05,0.6121865708452301,0.13971751291719237
0,0,02,Alcoholic beverages and tobacco,680.8440217778525,6.808440217778525,2019-06-10,122.36386291990091,2019,6,2019-06,1.8214595124306676,-0.06765286606817966
0,0,02,Alcoholic beverages and tobacco,680.8440217778525,6.808440217778525,2019-07-10,123.37353533333024,2019,7,2019-07,2.1568774501912635,0.8251393747598978
0,0,02,Alcoholic beverages and tobacco,680.8440217778525,6.808440217778525,2019-08-10,124.25697774825298,2019,8,2019-08,3.38686135953965,0.7160712486157239
0,0,02,Alcoholic beverages and tobacco,680.8440217778525,6.808440217778525,2019-09-10,124.98165434098686,2019,9,2019-09,3.679207332247092,0.5832079661571177
0,0,02,Alcoholic beverages and tobacco,680.8440217778525,6.808440217778525,2019-10-10,130.7690296813644,2019,10,2019-10,6.979681002624671,4.630579880618213
0,0,02,Alcoholic beverages and tobacco,680.8440217778525,6.808440217778525,2019-11-10,145.20513270077385,2019,11,2019-11,19.142098405879572,11.03938987280464
0,0,02,Alcoholic beverages and tobacco,680.8440217778525,6.808440217778525,2019-12-10,148.93386676478613,2019,12,2019-12,22.896786549608493,2.5679078932396626
0,0,02,Alcoholic beverages and tobacco,680.8440217778525,6.808440217778525,2020-01-10,151.77955520993788,2020,1,2020-01,23.51780367214986,1.9107060784542718
0,0,02,Alcoholic beverages and tobacco,680.8440217778525,6.808440217778525,2020-02-10,149.2516418521574,2020,2,2020-02,21.73754825460177,-1.665516382811849
0,0,02,Alcoholic beverages and tobacco,680.8440217778525,6.808440217778525,2020-03-10,148.02192801733852,2020,3,2020-03,21.087832391596727,-0.8239198038685447
0,0,02,Alcoholic beverages and tobacco,680.8440217778525,6.808440217778525,2020-04-10,148.27771845753256,2020,4,2020-04,21.26491479957975,0.1728057752119483
0,0,02,Alcoholic beverages and tobacco,680.8440217778525,6.808440217778525,2020-05-10,148.3003117028113,2020,5,2020-05,21.11417436091214,0.015237114189359247
0,0,02,Alcoholic beverages and tobacco,680.8440217778525,6.808440217778525,2020-06-10,149.71291682639776,2020,6,2020-06,22.35059702585516,0.9525301109395201
0,0,02,Alcoholic beverages and tobacco,680.8440217778525,6.808440217778525,2020-07-10,152.48252748786257,2020,7,2020-07,23.59419471597839,1.8499477000213371
0,0,02,Alcoholic beverages and tobacco,680.8440217778525,6.808440217778525,2020-08-10,154.8522250441659,2020,8,2020-08,24.622558708855347,1.5540780936307286
0,0,02,Alcoholic beverages and tobacco,680.8440217778525,6.808440217778525,2020-09-10,150.5258321997382,2020,9,2020-09,20.438341925815195,-2.793884842916361
0,0,02,Alcoholic beverages and tobacco,680.8440217778525,6.808440217778525,2020-10-10,152.994922602971,2020,10,2020-10,16.99629719342788,1.6403100830935546
0,0,02,Alcoholic beverages and tobacco,680.8440217778525,6.808440217778525,2020-11-10,154.9496317971477,2020,11,2020-11,6.710850308889893,1.277630107535832
0,0,02,Alcoholic beverages and tobacco,680.8440217778525,6.808440217778525,2020-12-10,156.92700025674017,2020,12,2020-12,5.366901206276831,1.2761362751614325
0,0,02,Alcoholic beverages and tobacco,680.8440217778525,6.808440217778525,2021-01-10,156.60269985740152,2021,1,2021-01,3.177730123660183,-0.2066568524269785
0,0,02,Alcoholic beverages and tobacco,680.8440217778525,6.808440217778525,2021-02-10,156.9477046349061,2021,2,2021-02,5.156434252409836,0.2203057660045138
0,0,02,Alcoholic beverages and tobacco,680.8440217778525,6.808440217778525,2021-03-10,158.61052523214633,2021,3,2021-03,7.153397713862719,1.0594743013975894
0,0,02,Alcoholic beverages and tobacco,680.8440217778525,6.808440217778525,2021-04-10,159.15975257474872,2021,4,2021-04,7.338954382638985,0.34627420960779975
0,0,02,Alcoholic beverages and tobacco,680.8440217778525,6.808440217778525,2021-05-10,157.69535852021306,2021,5,2021-05,6.335149744141533,-0.9200781170151107
0,0,02,Alcoholic beverages and tobacco,680.8440217778525,6.808440217778525,2021-06-10,157.58467919989255,2021,6,2021-06,5.25790462196567,-0.07018552819759716
0,0,02,Alcoholic beverages and tobacco,680.8440217778525,6.808440217778525,2021-07-10,157.91725936533052,2021,7,2021-07,3.5641669685076316,0.211048540458747
0,0,02,Alcoholic beverages and tobacco,680.8440217778525,6.808440217778525,2021-08-10,159.72617189122445,2021,8,2021-08,3.147482605218266,1.1454812052615004
0,0,02,Alcoholic beverages and tobacco,680.8440217778525,6.808440217778525,2021-09-10,159.19730445625262,2021,9,2021-09,5.760786789743788,-0.3311088149861807
0,0,02,Alcoholic beverages and tobacco,680.8440217778525,6.808440217778525,2021-10-10,160.68658308201958,2021,10,2021-10,5.027395908430754,0.9354923632995282
0,0,02,Alcoholic beverages and tobacco,680.8440217778525,6.808440217778525,2021-11-10,161.0996082430103,2021,11,2021-11,3.9690164955756835,0.2570377395976431
0,0,02,Alcoholic beverages and tobacco,680.8440217778525,6.808440217778525,2021-12-10,160.45982009076081,2021,12,2021-12,2.2512504720288984,-0.3971382421268155
0,0,02,Alcoholic beverages and tobacco,680.8440217778525,6.808440217778525,2022-01-10,162.9714656114941,2022,1,2022-01,4.0668301120554196,1.5652800304229553
0,0,02,Alcoholic beverages and tobacco,680.8440217778525,6.808440217778525,2022-02-10,163.69719063530403,2022,2,2022-02,4.300468118408407,0.4453080305112822
0,0,02,Alcoholic beverages and tobacco,680.8440217778525,6.808440217778525,2022-03-10,164.33552970198355,2022,3,2022-03,3.6094732436311894,0.389951143450995
0,0,02,Alcoholic beverages and tobacco,680.8440217778525,6.808440217778525,2022-04-10,166.5739477723414,2022,4,2022-04,4.658335463364471,1.3621023246872754
0,0,02,Alcoholic beverages and tobacco,680.8440217778525,6.808440217778525,2022-05-10,169.23454951601659,2022,5,2022-05,7.317394185907156,1.5972496175161055
0,0,02,Alcoholic beverages and tobacco,680.8440217778525,6.808440217778525,2022-06-10,169.05967804133206,2022,6,2022-06,7.281798522357463,-0.10333083592246606
0,0,02,Alcoholic beverages and tobacco,680.8440217778525,6.808440217778525,2022-07-10,174.03268615048182,2022,7,2022-07,10.20498129838321,2.9415696082977005
0,0,02,Alcoholic beverages and tobacco,680.8440217778525,6.808440217778525,2022-08-10,178.77846173368837,2022,8,2022-08,11.928095199976863,2.726944971189482
0,0,02,Alcoholic beverages and tobacco,680.8440217778525,6.808440217778525,2022-09-10,179.29324096404238,2022,9,2022-09,12.623289430953966,0.2879425325410967
0,0,02,Alcoholic beverages and tobacco,680.8440217778525,6.808440217778525,2022-10-10,183.8744308559401,2022,10,2022-10,14.430481580459453,2.55513808957053
0,0,02,Alcoholic beverages and tobacco,680.8440217778525,6.808440217778525,2022-11-10,192.27460765753708,2022,11,2022-11,19.351381269345435,4.5684311638621855
0,0,02,Alcoholic beverages and tobacco,680.8440217778525,6.808440217778525,2022-12-10,194.50858598629372,2022,12,2022-12,21.219496492189705,1.1618686190407512
0,0,02,Alcoholic beverages and tobacco,680.8440217778525,6.808440217778525,2023-01-10,199.44559795299705,2023,1,2023-01,22.380686216845614,2.5381974485441106
0,0,02,Alcoholic beverages and tobacco,680.8440217778525,6.808440217778525,2023-02-10,198.77786015403015,2023,2,2023-02,21.43022087463997,-0.33479696008344995
0,0,02,Alcoholic beverages and tobacco,680.8440217778525,6.808440217778525,2023-03-10,200.17256481815173,2023,3,2023-03,21.807234979043997,0.701639842103563
0,0,02,Alcoholic beverages and tobacco,680.8440217778525,6.808440217778525,2023-04-10,202.71684237353568,2023,4,2023-04,21.69780754106352,1.2710420919546772
0,0,02,Alcoholic beverages and tobacco,680.8440217778525,6.808440217778525,2023-05-10,202.000536975376,2023,5,2023-05,19.361287368959147,-0.3533526813917942
0,0,02,Alcoholic beverages and tobacco,680.8440217778525,6.808440217778525,2023-06-10,203.86518248261783,2023,6,2023-06,20.587703019744573,0.9230893814253127
0,0,02,Alcoholic beverages and tobacco,680.8440217778525,6.808440217778525,2023-07-10,201.62695914253743,2023,7,2023-07,15.855799046964947,-1.0978938692835616
0,0,02,Alcoholic beverages and tobacco,680.8440217778525,6.808440217778525,2023-08-10,199.8145193689725,2023,8,2023-08,11.76655030549476,-0.8989074582450352
0,0,02,Alcoholic beverages and tobacco,680.8440217778525,6.808440217778525,2023-09-10,199.77497697089825,2023,9,2023-09,11.423596281001757,-0.019789551930027294
0,0,02,Alcoholic beverages and tobacco,680.8440217778525,6.808440217778525,2023-10-10,199.1808702541332,2023,10,2023-10,8.324397974716359,-0.29738795407374674
0,0,02,Alcoholic beverages and tobacco,680.8440217778525,6.808440217778525,2023-11-10,202.9413704228961,2023,11,2023-11,5.5476710603189705,1.8879825979095877
0,0,02,Alcoholic beverages and tobacco,680.8440217778525,6.808440217778525,2023-12-10,210.7694757839655,2023,12,2023-12,8.359985609487497,3.857323592896278
0,0,02,Alcoholic beverages and tobacco,680.8440217778525,6.808440217778525,2024-01-10,211.94810327456636,2024,1,2024-01,6.268629365545464,0.5592021739471154
0,0,02,Alcoholic beverages and tobacco,680.8440217778525,6.808440217778525,2024-02-10,218.70548226247757,2024,2,2024-02,10.025071249386519,3.1882233827577267
0,0,02,Alcoholic beverages and tobacco,680.8440217778525,6.808440217778525,2024-03-10,217.40899418042534,2024,3,2024-03,8.610785088322249,-0.5928009067903806
0,0,02,Alcoholic beverages and tobacco,680.8440217778525,6.808440217778525,2024-04-10,218.24062884825418,2024,4,2024-04,7.657867147572084,0.3825208202465902
0,0,02,Alcoholic beverages and tobacco,680.8440217778525,6.808440217778525,2024-05-10,218.0986297852237,2024,5,2024-05,7.969331691336068,-0.06506536559204301
0,0,02,Alcoholic beverages and tobacco,680.8440217778525,6.808440217778525,2024-06-10,220.95618795355043,2024,6,2024-06,8.383484253074869,1.3102137189677787
0,0,02,Alcoholic beverages and tobacco,680.8440217778525,6.808440217778525,2024-07-10,221.30638204754848,2024,7,2024-07,9.760313297736612,0.158490285898516
0,0,02,Alcoholic beverages and tobacco,680.8440217778525,6.808440217778525,2024-08-10,222.95417221021063,2024,8,2024-08,11.580566274320159,0.7445741724285693
0,0,02,Alcoholic beverages and tobacco,680.8440217778525,6.808440217778525,2024-09-10,223.76329446331445,2024,9,2024-09,12.00766875618795,0.36290967111436423
0,0,02,Alcoholic beverages and tobacco,680.8440217778525,6.808440217778525,2024-10-10,222.33108405590528,2024,10,2024-10,11.622709436019086,-0.6400560068818506
0,0,02,Alcoholic beverages and tobacco,680.8440217778525,6.808440217778525,2024-11-10,226.509586477296,2024,11,2024-11,11.613312753968131,1.8794054097896806
0,0,02,Alcoholic beverages and tobacco,680.8440217778525,6.808440217778525,2024-12-10,224.87700624466518,2024,12,2024-12,6.693346087343133,-0.720755469126455
0,0,02,Alcoholic beverages and tobacco,680.8440217778525,6.808440217778525,2025-01-10,225.7515172373026,2025,1,2025-01,6.512638589105335,0.388884131482059
0,0,02,Alcoholic beverages and tobacco,680.8440217778525,6.808440217778525,2025-02-10,225.24160961550712,2025,2,2025-02,2.9885521320335506,-0.2258711826328419
0,0,02,Alcoholic beverages and tobacco,680.8440217778525,6.808440217778525,2025-03-10,230.86096195525172,2025,3,2025-03,6.187401687559779,2.4948109496007342
0,0,02,Alcoholic beverages and tobacco,680.8440217778525,6.808440217778525,2025-04-10,231.76801849750825,2025,4,2025-04,6.198382822045412,0.3929016558600118
0,0,02,Alcoholic beverages and tobacco,680.8440217778525,6.808440217778525,2025-05-10,233.901417096031,2025,5,2025-05,7.245706828314047,0.9204887768178738
0,0,02,Alcoholic beverages and tobacco,680.8440217778525,6.808440217778525,2025-06-10,240.4474836557594,2025,6,2025-06,8.821339598014099,2.7986433947259304
0,0,02,Alcoholic beverages and tobacco,680.8440217778525,6.808440217778525,2025-07-10,245.74897023685935,2025,7,2025-07,11.044682924715342,2.204841781039346
0,0,02,Alcoholic beverages and tobacco,680.8440217778525,6.808440217778525,2025-08-10,248.60250690367278,2025,8,2025-08,11.50385948789503,1.1611591552400435
0,0,02,Alcoholic beverages and tobacco,680.8440217778525,6.808440217778525,2025-09-10,251.27914818085367,2025,9,2025-09,12.296857616229984,1.0766750949209092
0,0,02,Alcoholic beverages and tobacco,680.8440217778525,6.808440217778525,2025-10-10,255.7876985078128,2025,10,2025-10,15.048104764107052,1.7942397368022611
0,0,02,Alcoholic beverages and tobacco,680.8440217778525,6.808440217778525,2025-11-10,259.21826393784033,2025,11,2025-11,14.440306023790672,1.3411768627030973
0,0,02,Alcoholic beverages and tobacco,680.8440217778525,6.808440217778525,2025-12-10,258.9025459907281,2025,12,2025-12,15.130733156880982,-0.12179618145577997
0,0,02,Alcoholic beverages and tobacco,680.8440217778525,6.808440217778525,2026-01-10,259.3996179487038,2026,1,2026-01,14.904927826478964,0.19199191575101082
0,0,02,Alcoholic beverages and tobacco,680.8440217778525,6.808440217778525,2026-02-10,261.14112383754684,2026,2,2026-02,15.938224861437034,0.6713602366166249
0,0,02,Alcoholic beverages and tobacco,680.8440217778525,6.808440217778525,2026-03-10,262.7104018901249,2026,3,2026-03,13.795940060687538,0.600931032813623
0,0,02,Alcoholic beverages and tobacco,680.8440217778525,6.808440217778525,2026-04-10,267.9504829017303,2026,4,2026-04,15.611500084775965,1.9946225858985978
0,0,02,Alcoholic beverages and tobacco,680.8440217778525,6.808440217778525,2026-05-10,267.1154891634478,2026,5,2026-05,14.200030286169829,-0.31162240472196734
0,0,02,Alcoholic beverages and tobacco,680.8440217778525,6.808440217778525,2026-06-10,272.8684607942758,2026,6,2026-06,13.483600096615023,2.153739436393276
0,0,02,Alcoholic beverages and tobacco,680.8440217778525,6.808440217778525,2026-07-10,272.7657129880424,2026,7,2026-07,10.993634164628908,-0.0376547021719853
0,0,02,Alcoholic beverages and tobacco,680.8440217778525,6.808440217778525,2026-08-10,269.0023517164134,2026,8,2026-08,8.205808166144134,-1.3797046668376556
0,0,03,Clothing and footwear,530.9944773078367,5.309944773078367,2009-02-01,83.50979341979308,2009,2,2009-02,,
0,0,03,Clothing and footwear,530.9944773078367,5.309944773078367,2009-03-01,83.2401623042982,2009,3,2009-03,,-0.32287364685419373
0,0,03,Clothing and footwear,530.9944773078367,5.309944773078367,2009-04-01,82.70073350529856,2009,4,2009-04,,-0.6480391004376806
0,0,03,Clothing and footwear,530.9944773078367,5.309944773078367,2009-05-01,82.28970879470465,2009,5,2009-05,,-0.4970024970426312
0,0,03,Clothing and footwear,530.9944773078367,5.309944773078367,2009-06-01,81.42074535577939,2009,6,2009-06,,-1.0559806950990014
0,0,03,Clothing and footwear,530.9944773078367,5.309944773078367,2009-07-01,82.14866132250346,2009,7,2009-07,,0.894017812712633
0,0,03,Clothing and footwear,530.9944773078367,5.309944773078367,2009-08-01,82.79522630562028,2009,8,2009-08,,0.7870669743217151
0,0,03,Clothing and footwear,530.9944773078367,5.309944773078367,2009-09-01,83.66301500759162,2009,9,2009-09,,1.0481144151573307
0,0,03,Clothing and footwear,530.9944773078367,5.309944773078367,2009-10-01,83.93770002608214,2009,10,2009-10,,0.32832311681043613
0,0,03,Clothing and footwear,530.9944773078367,5.309944773078367,2009-11-01,83.96110866896063,2009,11,2009-11,,0.027888115675334113
0,0,03,Clothing and footwear,530.9944773078367,5.309944773078367,2009-12-01,84.84956518847777,2009,12,2009-12,,1.0581762599397138
0,0,03,Clothing and footwear,530.9944773078367,5.309944773078367,2010-01-01,85.07317177158562,2010,1,2010-01,,0.263532974637104
0,0,03,Clothing and footwear,530.9944773078367,5.309944773078367,2010-02-01,85.79821738006845,2010,2,2010-02,2.7403060965218273,0.8522611692785009
0,0,03,Clothing and footwear,530.9944773078367,5.309944773078367,2010-03-01,86.7730164264299,2010,3,2010-03,4.244170150962434,1.1361530298972244
0,0,03,Clothing and footwear,530.9944773078367,5.309944773078367,2010-04-01,86.37015541863965,2010,4,2010-04,4.436988352837279,-0.4642699129075667
0,0,03,Clothing and footwear,530.9944773078367,5.309944773078367,2010-05-01,86.45457894127189,2010,5,2010-05,5.061228442256005,0.09774617426938637
0,0,03,Clothing and footwear,530.9944773078367,5.309944773078367,2010-06-01,86.0956102052135,2010,6,2010-06,5.741613920391719,-0.41521078519418664
0,0,03,Clothing and footwear,530.9944773078367,5.309944773078367,2010-07-01,86.3709673878098,2010,7,2010-07,5.139835509589363,0.3198272036634142
0,0,03,Clothing and footwear,530.9944773078367,5.309944773078367,2010-08-01,86.80496030555841,2010,8,2010-08,4.842953125264837,0.5024754623853767
0,0,03,Clothing and footwear,530.9944773078367,5.309944773078367,2010-09-01,86.93942985472718,2010,9,2010-09,3.9162046058682565,0.1549099829035505
0,0,03,Clothing and footwear,530.9944773078367,5.309944773078367,2010-10-01,86.94139151459999,2010,10,2010-10,3.5784772367893014,0.0022563523548235764
0,0,03,Clothing and footwear,530.9944773078367,5.309944773078367,2010-11-01,87.37524056537691,2010,11,2010-11,4.066325410110316,0.49901323548988685
0,0,03,Clothing and footwear,530.9944773078367,5.309944773078367,2010-12-01,87.81609816372153,2010,12,2010-12,3.4962264905590956,0.5045566632972509
0,0,03,Clothing and footwear,530.9944773078367,5.309944773078367,2011-01-01,89.53134022926008,2011,1,2011-01,5.240392905114999,1.9532205386086465
0,0,03,Clothing and footwear,530.9944773078367,5.309944773078367,2011-02-01,89.81928525791741,2011,2,2011-02,4.686656670308742,0.3216136694927263
0,0,03,Clothing and footwear,530.9944773078367,5.309944773078367,2011-03-01,89.84176549771986,2011,3,2011-03,3.536524599086377,0.02502829958832553
0,0,03,Clothing and footwear,530.9944773078367,5.309944773078367,2011-04-01,89.33080603637922,2011,4,2011-04,3.42786301980027,-0.5687326584801089
0,0,03,Clothing and footwear,530.9944773078367,5.309944773078367,2011-05-01,91.50791880005949,2011,5,2011-05,5.845080643120482,2.437135474624119
0,0,03,Clothing and footwear,530.9944773078367,5.309944773078367,2011-06-01,92.57082869873247,2011,6,2011-06,7.520962425476663,1.1615496370269263
0,0,03,Clothing and footwear,530.9944773078367,5.309944773078367,2011-07-01,93.72402985426372,2011,7,2011-07,8.513349669268289,1.245750061592621
0,0,03,Clothing and footwear,530.9944773078367,5.309944773078367,2011-08-01,94.2486682904631,2011,8,2011-08,8.575210401228706,0.5597693964025652
0,0,03,Clothing and footwear,530.9944773078367,5.309944773078367,2011-09-01,93.67237738959896,2011,9,2011-09,7.744411880917901,-0.6114578713070862
0,0,03,Clothing and footwear,530.9944773078367,5.309944773078367,2011-10-01,94.51555919410636,2011,10,2011-10,8.711808665075772,0.9001392171359868
0,0,03,Clothing and footwear,530.9944773078367,5.309944773078367,2011-11-01,95.6000755358206,2011,11,2011-11,9.41323299051704,1.1474474160248826
0,0,03,Clothing and footwear,530.9944773078367,5.309944773078367,2011-12-01,95.81491049789454,2011,12,2011-12,9.108594553199435,0.2247225861170543
0,0,03,Clothing and footwear,530.9944773078367,5.309944773078367,2012-01-01,96.21788913708426,2012,1,2012-01,7.4683891592621565,0.42058030122416046
0,0,03,Clothing and footwear,530.9944773078367,5.309944773078367,2012-02-01,95.6254075037214,2012,2,2012-02,6.464226729406297,-0.6157707664098955
0,0,03,Clothing and footwear,530.9944773078367,5.309944773078367,2012-03-01,96.88379053678773,2012,3,2012-03,7.838253177745691,1.3159505051179465
0,0,03,Clothing and footwear,530.9944773078367,5.309944773078367,2012-04-01,97.66625535878464,2012,4,2012-04,9.330990833118502,0.807632337320463
0,0,03,Clothing and footwear,530.9944773078367,5.309944773078367,2012-05-01,97.98708656636096,2012,5,2012-05,7.0804448962041855,0.3284975003881474
0,0,03,Clothing and footwear,530.9944773078367,5.309944773078367,2012-06-01,98.18960571152645,2012,6,2012-06,6.069705858505414,0.20667942303636
0,0,03,Clothing and footwear,530.9944773078367,5.309944773078367,2012-07-01,98.24797638175689,2012,7,2012-07,4.826880080303497,0.059446893393100275
0,0,03,Clothing and footwear,530.9944773078367,5.309944773078367,2012-08-01,98.49502950850538,2012,8,2012-08,4.505486703489003,0.25145874332161977
0,0,03,Clothing and footwear,530.9944773078367,5.309944773078367,2012-09-01,98.03430256616359,2012,9,2012-09,4.656575714335354,-0.4677666930411051
0,0,03,Clothing and footwear,530.9944773078367,5.309944773078367,2012-10-01,99.18909849656521,2012,10,2012-10,4.944730097677152,1.1779508806341044
0,0,03,Clothing and footwear,530.9944773078367,5.309944773078367,2012-11-01,98.98745578941434,2012,11,2012-11,3.543281984462987,-0.20329119853614852
0,0,03,Clothing and footwear,530.9944773078367,5.309944773078367,2012-12-01,99.67051835711557,2012,12,2012-12,4.024016553567367,0.6900496252316701
0,0,03,Clothing and footwear,530.9944773078367,5.309944773078367,2013-01-01,99.82412967228646,2013,1,2013-01,3.747993816476569,0.1541191093443528
0,0,03,Clothing and footwear,530.9944773078367,5.309944773078367,2013-02-01,99.33309327868268,2013,2,2013-02,3.877301934443511,-0.4919015023880591
0,0,03,Clothing and footwear,530.9944773078367,5.309944773078367,2013-03-01,98.96377076497559,2013,3,2013-03,2.1468815543484343,-0.3718020868140548
0,0,03,Clothing and footwear,530.9944773078367,5.309944773078367,2013-04-01,98.69479614348859,2013,4,2013-04,1.05311786647857,-0.2717909992797085
0,0,03,Clothing and footwear,530.9944773078367,5.309944773078367,2013-05-01,98.5031584568644,2013,5,2013-05,0.5266733695096892,-0.19417202741426332
0,0,03,Clothing and footwear,530.9944773078367,5.309944773078367,2013-06-01,98.16853420099227,2013,6,2013-06,-0.02146002153842197,-0.33970916376114824
0,0,03,Clothing and footwear,530.9944773078367,5.309944773078367,2013-07-01,98.31390011609719,2013,7,2013-07,0.06709933045760952,0.14807791140825088
0,0,03,Clothing and footwear,530.9944773078367,5.309944773078367,2013-08-01,98.27783683373542,2013,8,2013-08,-0.22051130483818904,-0.03668177370562686
0,0,03,Clothing and footwear,530.9944773078367,5.309944773078367,2013-09-01,97.74934115502806,2013,9,2013-09,-0.29067520620469356,-0.5377567269835848
0,0,03,Clothing and footwear,530.9944773078367,5.309944773078367,2013-10-01,98.08320541760348,2013,10,2013-10,-1.1149340963110155,0.3415514198156222
0,0,03,Clothing and footwear,530.9944773078367,5.309944773078367,2013-11-01,98.63807426740665,2013,11,2013-11,-0.35295535097998876,0.5657123943296316
0,0,03,Clothing and footwear,530.9944773078367,5.309944773078367,2013-12-01,99.06440765336404,2013,12,2013-12,-0.6081143288327762,0.43221989999684407
0,0,03,Clothing and footwear,530.9944773078367,5.309944773078367,2014-01-01,99.52047143144104,2014,1,2014-01,-0.3041932264696956,0.460370973672819
0,0,03,Clothing and footwear,530.9944773078367,5.309944773078367,2014-02-01,100,2014,2,2014-02,0.6713842278587734,0.4818391248169629
0,0,03,Clothing and footwear,530.9944773078367,5.309944773078367,2014-03-01,99.83505888083165,2014,3,2014-03,0.8804111940371007,-0.1649411191683492
0,0,03,Clothing and footwear,530.9944773078367,5.309944773078367,2014-04-01,99.88829289859481,2014,4,2014-04,1.2092803285910225,0.05332196761329566
0,0,03,Clothing and footwear,530.9944773078367,5.309944773078367,2014-05-01,100.63658744807695,2014,5,2014-05,2.1658483084548097,0.7491313824351753
0,0,03,Clothing and footwear,530.9944773078367,5.309944773078367,2014-06-01,101.26435324966812,2014,6,2014-06,3.1535757092363337,0.6237948021787343
0,0,03,Clothing and footwear,530.9944773078367,5.309944773078367,2014-07-01,101.59711855340196,2014,7,2014-07,3.339526184423236,0.328610506120941
0,0,03,Clothing and footwear,530.9944773078367,5.309944773078367,2014-08-01,101.36918545836765,2014,8,2014-08,3.14551960465117,-0.22434996019546904
0,0,03,Clothing and footwear,530.9944773078367,5.309944773078367,2014-09-01,101.58349416301486,2014,9,2014-09,3.922433606898612,0.2114140541606968
0,0,03,Clothing and footwear,530.9944773078367,5.309944773078367,2014-10-01,101.43927100802993,2014,10,2014-10,3.4216516233717353,-0.1419749893161626
0,0,03,Clothing and footwear,530.9944773078367,5.309944773078367,2014-11-01,102.00227437763193,2014,11,2014-11,3.410650638925672,0.555015196784514
0,0,03,Clothing and footwear,530.9944773078367,5.309944773078367,2014-12-01,101.94844991987932,2014,12,2014-12,2.911279979189718,-0.05276789961892181
0,0,03,Clothing and footwear,530.9944773078367,5.309944773078367,2015-01-01,102.83617094517913,2015,1,2015-01,3.3316758512566436,0.8707548040185698
0,0,03,Clothing and footwear,530.9944773078367,5.309944773078367,2015-02-01,102.11631916679298,2015,2,2015-02,2.1163191667929793,-0.6999986208839903
0,0,03,Clothing and footwear,530.9944773078367,5.309944773078367,2015-03-01,101.89714543228521,2015,3,2015-03,2.065493399382845,-0.21463144803502976
0,0,03,Clothing and footwear,530.9944773078367,5.309944773078367,2015-04-01,102.3370752438957,2015,4,2015-04,2.4515208682031053,0.43173909312586023
0,0,03,Clothing and footwear,530.9944773078367,5.309944773078367,2015-05-01,102.11502178840168,2015,5,2015-05,1.4690823465049574,-0.21698241323079293
0,0,03,Clothing and footwear,530.9944773078367,5.309944773078367,2015-06-01,102.01962138371788,2015,6,2015-06,0.7458381057227959,-0.09342445706126412
0,0,03,Clothing and footwear,530.9944773078367,5.309944773078367,2015-07-01,102.3121079572813,2015,7,2015-07,0.7037496870578419,0.2866963919257337
0,0,03,Clothing and footwear,530.9944773078367,5.309944773078367,2015-08-01,102.11434207505145,2015,8,2015-08,0.7350918460224065,-0.19329665489095094
0,0,03,Clothing and footwear,530.9944773078367,5.309944773078367,2015-09-01,102.1307381088577,2015,9,2015-09,0.5387134498097135,0.016056543550169167
0,0,03,Clothing and footwear,530.9944773078367,5.309944773078367,2015-10-01,102.03232826653102,2015,10,2015-10,0.5846426661072268,-0.09635673270252942
0,0,03,Clothing and footwear,530.9944773078367,5.309944773078367,2015-11-01,101.8088916083429,2015,11,2015-11,-0.18958672291276013,-0.2189861409458871
0,0,03,Clothing and footwear,530.9944773078367,5.309944773078367,2015-12-01,102.30376774111004,2015,12,2015-12,0.34852694818798824,0.4860834107407008
0,0,03,Clothing and footwear,530.9944773078367,5.309944773078367,2016-01-01,101.74361652748898,2016,1,2016-01,-1.0624223049617298,-0.5475372276010138
0,0,03,Clothing and footwear,530.9944773078367,5.309944773078367,2016-02-01,101.83414253726403,2016,2,2016-02,-0.2763286336908144,0.0889746333624597
0,0,03,Clothing and footwear,530.9944773078367,5.309944773078367,2016-03-01,101.90328835630896,2016,3,2016-03,0.006028553594594754,0.0679004284045881
0,0,03,Clothing and footwear,530.9944773078367,5.309944773078367,2016-04-01,102.22548038181705,2016,4,2016-04,-0.10904636644410992,0.3161743165554398
0,0,03,Clothing and footwear,530.9944773078367,5.309944773078367,2016-05-01,101.81031919599044,2016,5,2016-05,-0.2983915461944653,-0.4061229981761505
0,0,03,Clothing and footwear,530.9944773078367,5.309944773078367,2016-06-01,102.19858630170869,2016,6,2016-06,0.17542205662348653,0.3813632142443346
0,0,03,Clothing and footwear,530.9944773078367,5.309944773078367,2016-07-01,103.22718117854907,2016,7,2016-07,0.8943938694429443,1.0064668348775285
0,0,03,Clothing and footwear,530.9944773078367,5.309944773078367,2016-08-01,104.43584755732891,2016,8,2016-08,2.273437242117482,1.1708799610533172
0,0,03,Clothing and footwear,530.9944773078367,5.309944773078367,2016-09-01,104.920635340158,2016,9,2016-09,2.7316920282379975,0.464196723795407
0,0,03,Clothing and footwear,530.9944773078367,5.309944773078367,2016-10-01,106.22857042877624,2016,10,2016-10,4.112659422299658,1.2465947088271534
0,0,03,Clothing and footwear,530.9944773078367,5.309944773078367,2016-11-01,106.90749837672453,2016,11,2016-11,5.008017166119316,0.6391199139816228
0,0,03,Clothing and footwear,530.9944773078367,5.309944773078367,2016-12-01,107.25991524923714,2016,12,2016-12,4.844540545827347,0.3296465429120321
0,0,03,Clothing and footwear,530.9944773078367,5.309944773078367,2017-01-01,109.24972552293319,2017,1,2017-01,7.377474137078877,1.855129448007098
0,0,03,Clothing and footwear,530.9944773078367,5.309944773078367,2017-02-01,109.41397556636913,2017,2,2017-02,7.4433120761354,0.15034366690602763
0,0,03,Clothing and footwear,530.9944773078367,5.309944773078367,2017-03-01,109.24092667680169,2017,3,2017-03,7.200590323284151,-0.15815976768203122
0,0,03,Clothing and footwear,530.9944773078367,5.309944773078367,2017-04-01,110.10618712867331,2017,4,2017-04,7.709141319191115,0.7920661955125752
0,0,03,Clothing and footwear,530.9944773078367,5.309944773078367,2017-05-01,110.1635443676317,2017,5,2017-05,8.204694020810255,0.0520926575101166
0,0,03,Clothing and footwear,530.9944773078367,5.309944773078367,2017-06-01,110.47214283965202,2017,6,2017-06,8.09556847833326,0.28012758103577173
0,0,03,Clothing and footwear,530.9944773078367,5.309944773078367,2017-07-01,111.19920149349578,2017,7,2017-07,7.7227918305332155,0.6581375495712694
0,0,03,Clothing and footwear,530.9944773078367,5.309944773078367,2017-08-01,111.51697173335693,2017,8,2017-08,6.780357838471995,0.28576665622885855
0,0,03,Clothing and footwear,530.9944773078367,5.309944773078367,2017-09-01,111.26838248683661,2017,9,2017-09,6.050046424231903,-0.22291606618829451
0,0,03,Clothing and footwear,530.9944773078367,5.309944773078367,2017-10-01,111.82600316657549,2017,10,2017-10,5.269234740904483,0.5011492638574477
0,0,03,Clothing and footwear,530.9944773078367,5.309944773078367,2017-11-01,111.70859868245826,2017,11,2017-11,4.490892012845937,-0.10498853646977446
0,0,03,Clothing and footwear,530.9944773078367,5.309944773078367,2017-12-01,111.91246100990483,2017,12,2017-12,4.337636991281113,0.18249474959941558
0,0,03,Clothing and footwear,530.9944773078367,5.309944773078367,2018-01-01,112.7584500852251,2018,1,2018-01,3.2116552654911645,0.7559382285815319
0,0,03,Clothing and footwear,530.9944773078367,5.309944773078367,2018-02-01,112.87155784177413,2018,2,2018-02,3.16009198779883,0.10030978295954007
0,0,03,Clothing and footwear,530.9944773078367,5.309944773078367,2018-03-01,113.02221103043355,2018,3,2018-03,3.4614173173568075,0.13347311895048897
0,0,03,Clothing and footwear,530.9944773078367,5.309944773078367,2018-04-10,113.25161744534576,2018,4,2018-04,2.8567244027772887,0.2029746302259383
0,0,03,Clothing and footwear,530.9944773078367,5.309944773078367,2018-05-10,113.45985908218198,2018,5,2018-05,2.99220103480875,0.18387519890099568
0,0,03,Clothing and footwear,530.9944773078367,5.309944773078367,2018-06-10,113.60325567749592,2018,6,2018-06,2.8343008086560317,0.12638531060582547
0,0,03,Clothing and footwear,530.9944773078367,5.309944773078367,2018-07-10,113.53155441213164,2018,7,2018-07,2.0974547364643437,-0.06311550222454221
0,0,03,Clothing and footwear,530.9944773078367,5.309944773078367,2018-08-10,113.67818827117787,2018,8,2018-08,1.9380158053327712,0.129156920122786
0,0,03,Clothing and footwear,530.9944773078367,5.309944773078367,2018-09-10,113.89569387214344,2018,9,2018-09,2.361238050366765,0.1913345068859762
0,0,03,Clothing and footwear,530.9944773078367,5.309944773078367,2018-10-10,115.04033550304506,2018,10,2018-10,2.8744050985006764,1.0049911388103627
0,0,03,Clothing and footwear,530.9944773078367,5.309944773078367,2018-11-10,115.50180613046265,2018,11,2018-11,3.3956270983104275,0.40113810986355247
0,0,03,Clothing and footwear,530.9944773078367,5.309944773078367,2018-12-10,115.90342550011829,2018,12,2018-12,3.5661484469189153,0.34771696054864965
0,0,03,Clothing and footwear,530.9944773078367,5.309944773078367,2019-01-10,117.54521051402598,2019,1,2019-01,4.245145641131942,1.416511209072091
0,0,03,Clothing and footwear,530.9944773078367,5.309944773078367,2019-02-10,118.0120503044339,2019,2,2019-02,4.5542850306592,0.3971576454424808
0,0,03,Clothing and footwear,530.9944773078367,5.309944773078367,2019-03-10,119.15709142784524,2019,3,2019-03,5.428030775083448,0.9702747477545737
0,0,03,Clothing and footwear,530.9944773078367,5.309944773078367,2019-04-10,119.83737357794197,2019,4,2019-04,5.815154150689672,0.5709120136661472
0,0,03,Clothing and footwear,530.9944773078367,5.309944773078367,2019-05-10,120.13826603715862,2019,5,2019-05,5.886140710027932,0.2510839901050943
0,0,03,Clothing and footwear,530.9944773078367,5.309944773078367,2019-06-10,121.04987689535045,2019,6,2019-06,6.554936452696802,0.7588014112921204
0,0,03,Clothing and footwear,530.9944773078367,5.309944773078367,2019-07-10,121.55633333046609,2019,7,2019-07,7.068324713677088,0.41838657593471495
0,0,03,Clothing and footwear,530.9944773078367,5.309944773078367,2019-08-10,122.15833128372535,2019,8,2019-08,7.459780228303958,0.49524194812839983
0,0,03,Clothing and footwear,530.9944773078367,5.309944773078367,2019-09-10,122.28820243272156,2019,9,2019-09,7.368591625596799,0.1063137877142184
0,0,03,Clothing and footwear,530.9944773078367,5.309944773078367,2019-10-10,122.74027587455755,2019,10,2019-10,6.693252708141384,0.36967870394915003
0,0,03,Clothing and footwear,530.9944773078367,5.309944773078367,2019-11-10,123.18763348068961,2019,11,2019-11,6.654291917777977,0.3644749882990794
0,0,03,Clothing and footwear,530.9944773078367,5.309944773078367,2019-12-10,123.57582570010624,2019,12,2019-12,6.619649218202017,0.315122718448424
0,0,03,Clothing and footwear,530.9944773078367,5.309944773078367,2020-01-10,125.82272314339863,2020,1,2020-01,7.041982053692397,1.8182338095358297
0,0,03,Clothing and footwear,530.9944773078367,5.309944773078367,2020-02-10,126.07585294971197,2020,2,2020-02,6.833033257600385,0.20117972333570933
0,0,03,Clothing and footwear,530.9944773078367,5.309944773078367,2020-03-10,126.54601213370564,2020,3,2020-03,6.200991159921609,0.37291771024638987
0,0,03,Clothing and footwear,530.9944773078367,5.309944773078367,2020-04-10,126.56685561231032,2020,4,2020-04,5.615511950444652,0.016471067126677674
0,0,03,Clothing and footwear,530.9944773078367,5.309944773078367,2020-05-10,126.17401922544072,2020,5,2020-05,5.024005579051094,-0.3103785623567279
0,0,03,Clothing and footwear,530.9944773078367,5.309944773078367,2020-06-10,127.13263963238849,2020,6,2020-06,5.025005306115826,0.7597605377339667
0,0,03,Clothing and footwear,530.9944773078367,5.309944773078367,2020-07-10,127.60237959481125,2020,7,2020-07,4.973863638933751,0.36948809037635755
0,0,03,Clothing and footwear,530.9944773078367,5.309944773078367,2020-08-10,128.0692966373141,2020,8,2020-08,4.83877382039537,0.36591562319252535
0,0,03,Clothing and footwear,530.9944773078367,5.309944773078367,2020-09-10,128.68623012348422,2020,9,2020-09,5.231925536138804,0.48171849332261374
0,0,03,Clothing and footwear,530.9944773078367,5.309944773078367,2020-10-10,129.22620699447063,2020,10,2020-10,5.284272887362418,0.419607342967665
0,0,03,Clothing and footwear,530.9944773078367,5.309944773078367,2020-11-10,130.4118916255635,2020,11,2020-11,5.864434554631104,0.9175264512279568
0,0,03,Clothing and footwear,530.9944773078367,5.309944773078367,2020-12-10,130.71515353083575,2020,12,2020-12,5.777285152886802,0.23254160452097494
0,0,03,Clothing and footwear,530.9944773078367,5.309944773078367,2021-01-10,131.67501280633792,2021,1,2021-01,4.651218410103475,0.7343136962890462
0,0,03,Clothing and footwear,530.9944773078367,5.309944773078367,2021-02-10,132.169277940695,2021,2,2021-02,4.833141992236634,0.3753674473409907
0,0,03,Clothing and footwear,530.9944773078367,5.309944773078367,2021-03-10,131.97430264782682,2021,3,2021-03,4.289578488167423,-0.1475193750817505
0,0,03,Clothing and footwear,530.9944773078367,5.309944773078367,2021-04-10,132.62823155918232,2021,4,2021-04,4.78907050155275,0.495497152275548
0,0,03,Clothing and footwear,530.9944773078367,5.309944773078367,2021-05-10,132.91980475589244,2021,5,2021-05,5.3464140810151495,0.21984248246573745
0,0,03,Clothing and footwear,530.9944773078367,5.309944773078367,2021-06-10,133.02678695646273,2021,6,2021-06,4.6362187878089545,0.08048627574104295
0,0,03,Clothing and footwear,530.9944773078367,5.309944773078367,2021-07-10,133.03728903481638,2021,7,2021-07,4.259253986691425,0.00789470947464288
0,0,03,Clothing and footwear,530.9944773078367,5.309944773078367,2021-08-10,133.4812467013985,2021,8,2021-08,4.225798225011568,0.3337091952211546
0,0,03,Clothing and footwear,530.9944773078367,5.309944773078367,2021-09-10,133.9206800464467,2021,9,2021-09,4.0676068588998415,0.3292097998089716
0,0,03,Clothing and footwear,530.9944773078367,5.309944773078367,2021-10-10,135.63179178139393,2021,10,2021-10,4.956877506431323,1.2777053807923933
0,0,03,Clothing and footwear,530.9944773078367,5.309944773078367,2021-11-10,135.51301048378426,2021,11,2021-11,3.9115442576870274,-0.08757629465009353
0,0,03,Clothing and footwear,530.9944773078367,5.309944773078367,2021-12-10,135.72908138167256,2021,12,2021-12,3.8357663326723745,0.15944660746367578
0,0,03,Clothing and footwear,530.9944773078367,5.309944773078367,2022-01-10,136.76362739771136,2022,1,2022-01,3.864525609621583,0.7622139673439943
0,0,03,Clothing and footwear,530.9944773078367,5.309944773078367,2022-02-10,137.68437596715066,2022,2,2022-02,4.17275339048937,0.673240822109622
0,0,03,Clothing and footwear,530.9944773078367,5.309944773078367,2022-03-10,138.26090772285102,2022,3,2022-03,4.763506947106211,0.41873433470613897
0,0,03,Clothing and footwear,530.9944773078367,5.309944773078367,2022-04-10,139.51963711600868,2022,4,2022-04,5.196032153796182,0.9104015110914965
0,0,03,Clothing and footwear,530.9944773078367,5.309944773078367,2022-05-10,141.14665690300316,2022,5,2022-05,6.189335112415595,1.1661582703527573
0,0,03,Clothing and footwear,530.9944773078367,5.309944773078367,2022-06-10,142.96383180249364,2022,6,2022-06,7.4699577982614285,1.2874374351914408
0,0,03,Clothing and footwear,530.9944773078367,5.309944773078367,2022-07-10,143.91239115325402,2022,7,2022-07,8.174476642854312,0.6634960316892036
0,0,03,Clothing and footwear,530.9944773078367,5.309944773078367,2022-08-10,144.55322644351605,2022,8,2022-08,8.294782986920923,0.445295422532177
0,0,03,Clothing and footwear,530.9944773078367,5.309944773078367,2022-09-10,145.79493860848177,2022,9,2022-09,8.866635502386044,0.8589999652833136
0,0,03,Clothing and footwear,530.9944773078367,5.309944773078367,2022-10-10,147.4062763609969,2022,10,2022-10,8.68121288154966,1.1052082931645835
0,0,03,Clothing and footwear,530.9944773078367,5.309944773078367,2022-11-10,147.70369579069884,2022,11,2022-11,8.99595194837277,0.2017684979529255
0,0,03,Clothing and footwear,530.9944773078367,5.309944773078367,2022-12-10,149.1196344127782,2022,12,2022-12,9.86564772618712,0.9586345246809458
0,0,03,Clothing and footwear,530.9944773078367,5.309944773078367,2023-01-10,149.60042192051955,2023,1,2023-01,9.386117323050037,0.3224173058327784
0,0,03,Clothing and footwear,530.9944773078367,5.309944773078367,2023-02-10,149.96962932809024,2023,2,2023-02,8.922765037530954,0.24679569939103363
0,0,03,Clothing and footwear,530.9944773078367,5.309944773078367,2023-03-10,150.3185828790056,2023,3,2023-03,8.720957611767322,0.23268281216588527
0,0,03,Clothing and footwear,530.9944773078367,5.309944773078367,2023-04-10,151.11239514173596,2023,4,2023-04,8.30905115965006,0.5280865795344258
0,0,03,Clothing and footwear,530.9944773078367,5.309944773078367,2023-05-10,151.83973934094365,2023,5,2023-05,7.575866600431658,0.4813266301056718
0,0,03,Clothing and footwear,530.9944773078367,5.309944773078367,2023-06-10,152.56537624195937,2023,6,2023-06,6.716065398086402,0.4778965665808821
0,0,03,Clothing and footwear,530.9944773078367,5.309944773078367,2023-07-10,153.30571180160035,2023,7,2023-07,6.527110398953262,0.48525791229778736
0,0,03,Clothing and footwear,530.9944773078367,5.309944773078367,2023-08-10,153.76860877614158,2023,8,2023-08,6.375078965274028,0.30194372349301446
0,0,03,Clothing and footwear,530.9944773078367,5.309944773078367,2023-09-10,154.5532815372886,2023,9,2023-09,6.007302456724184,0.5102945050958763
0,0,03,Clothing and footwear,530.9944773078367,5.309944773078367,2023-10-10,155.49123256343964,2023,10,2023-10,5.4848113676263965,0.606878751988682
0,0,03,Clothing and footwear,530.9944773078367,5.309944773078367,2023-11-10,155.94037523194254,2023,11,2023-11,5.576488385852807,0.2888540151739116
0,0,03,Clothing and footwear,530.9944773078367,5.309944773078367,2023-12-10,156.3973193208736,2023,12,2023-12,4.880433711331422,0.29302487457236737
0,0,03,Clothing and footwear,530.9944773078367,5.309944773078367,2024-01-10,157.91152417990142,2024,1,2024-01,5.5555339702166195,0.9681782690412977
0,0,03,Clothing and footwear,530.9944773078367,5.309944773078367,2024-02-10,158.37317225138534,2024,2,2024-02,5.603496495220761,0.2923460297666436
0,0,03,Clothing and footwear,530.9944773078367,5.309944773078367,2024-03-10,159.22209484530867,2024,3,2024-03,5.9230946671907425,0.5360267663110596
0,0,03,Clothing and footwear,530.9944773078367,5.309944773078367,2024-04-10,159.5230687663812,2024,4,2024-04,5.565839663090788,0.18902773598408196
0,0,03,Clothing and footwear,530.9944773078367,5.309944773078367,2024-05-10,160.54038277449345,2024,5,2024-05,5.730149084366665,0.6377221902633456
0,0,03,Clothing and footwear,530.9944773078367,5.309944773078367,2024-06-10,161.20007979360057,2024,6,2024-06,5.659674406037629,0.4109227894602441
0,0,03,Clothing and footwear,530.9944773078367,5.309944773078367,2024-07-10,162.39352538364815,2024,7,2024-07,5.927902799739604,0.7403504958407359
0,0,03,Clothing and footwear,530.9944773078367,5.309944773078367,2024-08-10,163.0337752901409,2024,8,2024-08,6.025395292148139,0.394258271676895
0,0,03,Clothing and footwear,530.9944773078367,5.309944773078367,2024-09-10,164.87236605145117,2024,9,2024-09,6.6767165417144,1.1277361135986874
0,0,03,Clothing and footwear,530.9944773078367,5.309944773078367,2024-10-10,165.64236895485223,2024,10,2024-10,6.528430075484137,0.46702969202296885
0,0,03,Clothing and footwear,530.9944773078367,5.309944773078367,2024-11-10,166.4015317204686,2024,11,2024-11,6.708433574670036,0.45831436148036087
0,0,03,Clothing and footwear,530.9944773078367,5.309944773078367,2024-12-10,166.75619546275206,2024,12,2024-12,6.623435866330674,0.2131373062594477
0,0,03,Clothing and footwear,530.9944773078367,5.309944773078367,2025-01-10,167.7232088829434,2025,1,2025-01,6.213406370433083,0.5798965474762996
0,0,03,Clothing and footwear,530.9944773078367,5.309944773078367,2025-02-10,168.70546852369066,2025,2,2025-02,6.52401926754671,0.5856432435852099
0,0,03,Clothing and footwear,530.9944773078367,5.309944773078367,2025-03-10,169.52347165747756,2025,3,2025-03,6.469816153453523,0.4848705504006956
0,0,03,Clothing and footwear,530.9944773078367,5.309944773078367,2025-04-10,170.02519413576485,2025,4,2025-04,6.583452443962101,0.2959604787359682
0,0,03,Clothing and footwear,530.9944773078367,5.309944773078367,2025-05-10,170.84034900663377,2025,5,2025-05,6.415810186903803,0.4794318130394437
0,0,03,Clothing and footwear,530.9944773078367,5.309944773078367,2025-06-10,171.78685940818372,2025,6,2025-06,6.567477899600549,0.5540321165658613
0,0,03,Clothing and footwear,530.9944773078367,5.309944773078367,2025-07-10,172.46924467127025,2025,7,2025-07,6.2045080084434545,0.39722785866007637
0,0,03,Clothing and footwear,530.9944773078367,5.309944773078367,2025-08-10,173.11232222480018,2025,8,2025-08,6.181876679677645,0.37286506052465196
0,0,03,Clothing and footwear,530.9944773078367,5.309944773078367,2025-09-10,173.82830375826575,2025,9,2025-09,5.432042931936665,0.4135936276886243
0,0,03,Clothing and footwear,530.9944773078367,5.309944773078367,2025-10-10,174.6275732613185,2025,10,2025-10,5.424460156637401,0.4598040053156449
0,0,03,Clothing and footwear,530.9944773078367,5.309944773078367,2025-11-10,175.17077515743628,2025,11,2025-11,5.26992951705445,0.31106307324382243
0,0,03,Clothing and footwear,530.9944773078367,5.309944773078367,2025-12-10,175.26550959221464,2025,12,2025-12,5.102847366989294,0.05408118716905275
0,0,03,Clothing and footwear,530.9944773078367,5.309944773078367,2026-01-10,177.01520703542724,2026,1,2026-01,5.540078927877468,0.9983124730493564
0,0,03,Clothing and footwear,530.9944773078367,5.309944773078367,2026-02-10,176.9468932313116,2026,2,2026-02,4.885096363348551,-0.03859205390300824
0,0,03,Clothing and footwear,530.9944773078367,5.309944773078367,2026-03-10,176.86690968680566,2026,3,2026-03,4.331811965345733,-0.045202005553945934
0,0,03,Clothing and footwear,530.9944773078367,5.309944773078367,2026-04-10,177.84027020045755,2026,4,2026-04,4.596422373999687,0.55033500352073
0,0,03,Clothing and footwear,530.9944773078367,5.309944773078367,2026-05-10,179.00645293362098,2026,5,2026-05,4.7799620958805855,0.6557472792011243
0,0,03,Clothing and footwear,530.9944773078367,5.309944773078367,2026-06-10,179.86802777319662,2026,6,2026-06,4.704183074801538,0.48130937486099423
0,0,03,Clothing and footwear,530.9944773078367,5.309944773078367,2026-07-10,181.14706090275425,2026,7,2026-07,5.0315151829093185,0.711095321048627
0,0,03,Clothing and footwear,530.9944773078367,5.309944773078367,2026-08-10,181.78125524210114,2026,8,2026-08,5.007692639027539,0.3500991604204584
0,0,04,"Housing, water, electricity, gas and other fuels",1827.7758311936157,18.277758311936157,2009-02-01,90.3522508928491,2009,2,2009-02,,
0,0,04,"Housing, water, electricity, gas and other fuels",1827.7758311936157,18.277758311936157,2009-03-01,92.15687065271874,2009,3,2009-03,,1.9973157746892012
0,0,04,"Housing, water, electricity, gas and other fuels",1827.7758311936157,18.277758311936157,2009-04-01,92.34193878641707,2009,4,2009-04,,0.20081859593057416
0,0,04,"Housing, water, electricity, gas and other fuels",1827.7758311936157,18.277758311936157,2009-05-01,92.22428396885479,2009,5,2009-05,,-0.1274121153492458
0,0,04,"Housing, water, electricity, gas and other fuels",1827.7758311936157,18.277758311936157,2009-06-01,91.40207583101206,2009,6,2009-06,,-0.8915310615156491
0,0,04,"Housing, water, electricity, gas and other fuels",1827.7758311936157,18.277758311936157,2009-07-01,92.00917007328107,2009,7,2009-07,,0.6642018102427372
0,0,04,"Housing, water, electricity, gas and other fuels",1827.7758311936157,18.277758311936157,2009-08-01,90.65160868813715,2009,8,2009-08,,-1.4754631348839364
0,0,04,"Housing, water, electricity, gas and other fuels",1827.7758311936157,18.277758311936157,2009-09-01,92.43739322888585,2009,9,2009-09,,1.9699424716137504
0,0,04,"Housing, water, electricity, gas and other fuels",1827.7758311936157,18.277758311936157,2009-10-01,92.81327746915571,2009,10,2009-10,,0.40663656464123843
0,0,04,"Housing, water, electricity, gas and other fuels",1827.7758311936157,18.277758311936157,2009-11-01,90.58817996310142,2009,11,2009-11,,-2.397391371933544
0,0,04,"Housing, water, electricity, gas and other fuels",1827.7758311936157,18.277758311936157,2009-12-01,91.23378080555095,2009,12,2009-12,,0.712676689952807
0,0,04,"Housing, water, electricity, gas and other fuels",1827.7758311936157,18.277758311936157,2010-01-01,91.18238985821621,2010,1,2010-01,,-0.056328858544474336
0,0,04,"Housing, water, electricity, gas and other fuels",1827.7758311936157,18.277758311936157,2010-02-01,90.7502010644757,2010,2,2010-02,0.4404430079982591,-0.4739827442695188
0,0,04,"Housing, water, electricity, gas and other fuels",1827.7758311936157,18.277758311936157,2010-03-01,90.64434742643716,2010,3,2010-03,-1.6412484664125815,-0.11664286888283248
0,0,04,"Housing, water, electricity, gas and other fuels",1827.7758311936157,18.277758311936157,2010-04-01,87.7122386923265,2010,4,2010-04,-5.013648354079803,-3.234739746447224
0,0,04,"Housing, water, electricity, gas and other fuels",1827.7758311936157,18.277758311936157,2010-05-01,88.57739849367586,2010,5,2010-05,-3.9543657247699815,0.9863615548385773
0,0,04,"Housing, water, electricity, gas and other fuels",1827.7758311936157,18.277758311936157,2010-06-01,89.684554889697,2010,6,2010-06,-1.8790830795686553,1.2499310375436057
0,0,04,"Housing, water, electricity, gas and other fuels",1827.7758311936157,18.277758311936157,2010-07-01,91.52513567996648,2010,7,2010-07,-0.5260719044950402,2.0522829070548587
0,0,04,"Housing, water, electricity, gas and other fuels",1827.7758311936157,18.277758311936157,2010-08-01,91.77869194560972,2010,8,2010-08,1.2433130242067936,0.2770345695305432
0,0,04,"Housing, water, electricity, gas and other fuels",1827.7758311936157,18.277758311936157,2010-09-01,91.91333920873431,2010,9,2010-09,-0.5669286009114538,0.14670863167716153
0,0,04,"Housing, water, electricity, gas and other fuels",1827.7758311936157,18.277758311936157,2010-10-01,92.1227916636423,2010,10,2010-10,-0.7439515383376838,0.22788036721452798
0,0,04,"Housing, water, electricity, gas and other fuels",1827.7758311936157,18.277758311936157,2010-11-01,91.5394779492777,2010,11,2010-11,1.0501347820033091,-0.6331915303808833
0,0,04,"Housing, water, electricity, gas and other fuels",1827.7758311936157,18.277758311936157,2010-12-01,90.5825720665665,2010,12,2010-12,-0.7137802831742701,-1.045347760494575
0,0,04,"Housing, water, electricity, gas and other fuels",1827.7758311936157,18.277758311936157,2011-01-01,90.40354931009709,2011,1,2011-01,-0.8541567613331691,-0.19763487874671082
0,0,04,"Housing, water, electricity, gas and other fuels",1827.7758311936157,18.277758311936157,2011-02-01,90.77599928167292,2011,2,2011-02,0.028427724561064238,0.4119860054368818
0,0,04,"Housing, water, electricity, gas and other fuels",1827.7758311936157,18.277758311936157,2011-03-01,91.00002106617866,2011,3,2011-03,0.39238369500111947,0.24678525852479538
0,0,04,"Housing, water, electricity, gas and other fuels",1827.7758311936157,18.277758311936157,2011-04-01,90.91659153183015,2011,4,2011-04,3.653256247105663,-0.09168078575261251
0,0,04,"Housing, water, electricity, gas and other fuels",1827.7758311936157,18.277758311936157,2011-05-01,95.83449555574008,2011,5,2011-05,8.192944459282515,5.409248126276434
0,0,04,"Housing, water, electricity, gas and other fuels",1827.7758311936157,18.277758311936157,2011-06-01,94.91204871402823,2011,6,2011-06,5.82875594438812,-0.962541552874685
0,0,04,"Housing, water, electricity, gas and other fuels",1827.7758311936157,18.277758311936157,2011-07-01,94.08199398470708,2011,7,2011-07,2.7936132361290333,-0.8745514827333656
0,0,04,"Housing, water, electricity, gas and other fuels",1827.7758311936157,18.277758311936157,2011-08-01,94.41245268187802,2011,8,2011-08,2.8696865039535835,0.35124542239681755
0,0,04,"Housing, water, electricity, gas and other fuels",1827.7758311936157,18.277758311936157,2011-09-01,95.7025494104882,2011,9,2011-09,4.122590077103649,1.3664476368992817
0,0,04,"Housing, water, electricity, gas and other fuels",1827.7758311936157,18.277758311936157,2011-10-01,96.11698746121479,2011,10,2011-10,4.335730306736751,0.4330480779033197
0,0,04,"Housing, water, electricity, gas and other fuels",1827.7758311936157,18.277758311936157,2011-11-01,96.25764257843366,2011,11,2011-11,5.154240263168552,0.1463374174889065
0,0,04,"Housing, water, electricity, gas and other fuels",1827.7758311936157,18.277758311936157,2011-12-01,94.75617733520704,2011,12,2011-12,4.6075146393209865,-1.5598400324454031
0,0,04,"Housing, water, electricity, gas and other fuels",1827.7758311936157,18.277758311936157,2012-01-01,95.66352829002653,2012,1,2012-01,5.818332377512037,0.9575639080602327
0,0,04,"Housing, water, electricity, gas and other fuels",1827.7758311936157,18.277758311936157,2012-02-01,94.81409834504652,2012,2,2012-02,4.448421493927701,-0.8879349948339499
0,0,04,"Housing, water, electricity, gas and other fuels",1827.7758311936157,18.277758311936157,2012-03-01,95.32170905497453,2012,3,2012-03,4.749106580594065,0.5353747161954026
0,0,04,"Housing, water, electricity, gas and other fuels",1827.7758311936157,18.277758311936157,2012-04-01,95.91105029136043,2012,4,2012-04,5.493451388112924,0.6182654950573685
0,0,04,"Housing, water, electricity, gas and other fuels",1827.7758311936157,18.277758311936157,2012-05-01,97.30099086341458,2012,5,2012-05,1.5302374152129206,1.4491975302447058
0,0,04,"Housing, water, electricity, gas and other fuels",1827.7758311936157,18.277758311936157,2012-06-01,96.33716320154598,2012,6,2012-06,1.5015106162249658,-0.9905630490665507
0,0,04,"Housing, water, electricity, gas and other fuels",1827.7758311936157,18.277758311936157,2012-07-01,97.69152612815915,2012,7,2012-07,3.8365812527727527,1.4058571807639142
0,0,04,"Housing, water, electricity, gas and other fuels",1827.7758311936157,18.277758311936157,2012-08-01,97.02959012974061,2012,8,2012-08,2.772025695255498,-0.6775777026455376
0,0,04,"Housing, water, electricity, gas and other fuels",1827.7758311936157,18.277758311936157,2012-09-01,97.35640372250953,2012,9,2012-09,1.7281193888864843,0.3368184822093223
0,0,04,"Housing, water, electricity, gas and other fuels",1827.7758311936157,18.277758311936157,2012-10-01,97.48957605329865,2012,10,2012-10,1.4280395467426876,0.13678846557305668
0,0,04,"Housing, water, electricity, gas and other fuels",1827.7758311936157,18.277758311936157,2012-11-01,97.21291294287735,2012,11,2012-11,0.9924098895994771,-0.28378737668326437
0,0,04,"Housing, water, electricity, gas and other fuels",1827.7758311936157,18.277758311936157,2012-12-01,97.04967551350416,2012,12,2012-12,2.4204207501783204,-0.16791743445555563
0,0,04,"Housing, water, electricity, gas and other fuels",1827.7758311936157,18.277758311936157,2013-01-01,96.71555418048872,2013,1,2013-01,1.099714707649846,-0.34427867094614095
0,0,04,"Housing, water, electricity, gas and other fuels",1827.7758311936157,18.277758311936157,2013-02-01,96.87933279655508,2013,2,2013-02,2.178193420131236,0.1693405134821635
0,0,04,"Housing, water, electricity, gas and other fuels",1827.7758311936157,18.277758311936157,2013-03-01,97.45453683925317,2013,3,2013-03,2.2375047671969295,0.5937324567521607
0,0,04,"Housing, water, electricity, gas and other fuels",1827.7758311936157,18.277758311936157,2013-04-01,97.73775116056655,2013,4,2013-04,1.9045781102979609,0.29061173599391754
0,0,04,"Housing, water, electricity, gas and other fuels",1827.7758311936157,18.277758311936157,2013-05-01,98.29720932993354,2013,5,2013-05,1.023852334574249,0.5724074502674981
0,0,04,"Housing, water, electricity, gas and other fuels",1827.7758311936157,18.277758311936157,2013-06-01,97.21704440294121,2013,6,2013-06,0.9133351784029964,-1.0988764933974493
0,0,04,"Housing, water, electricity, gas and other fuels",1827.7758311936157,18.277758311936157,2013-07-01,96.60749078723565,2013,7,2013-07,-1.1096513524636586,-0.6270028259438898
0,0,04,"Housing, water, electricity, gas and other fuels",1827.7758311936157,18.277758311936157,2013-08-01,96.88415417002153,2013,8,2013-08,-0.1498882552473102,0.28637881030901813
0,0,04,"Housing, water, electricity, gas and other fuels",1827.7758311936157,18.277758311936157,2013-09-01,96.96961545276459,2013,9,2013-09,-0.3972910409133279,0.08820976296399774
0,0,04,"Housing, water, electricity, gas and other fuels",1827.7758311936157,18.277758311936157,2013-10-01,97.48910518597681,2013,10,2013-10,-0.0004829924807325803,0.5357242377281413
0,0,04,"Housing, water, electricity, gas and other fuels",1827.7758311936157,18.277758311936157,2013-11-01,99.58225055910418,2013,11,2013-11,2.4372663512501225,2.147055682924104
0,0,04,"Housing, water, electricity, gas and other fuels",1827.7758311936157,18.277758311936157,2013-12-01,99.08102979627894,2013,12,2013-12,2.0931077533506315,-0.5033233934874315
0,0,04,"Housing, water, electricity, gas and other fuels",1827.7758311936157,18.277758311936157,2014-01-01,99.67981672104398,2014,1,2014-01,3.0649284550687605,0.6043406351308622
0,0,04,"Housing, water, electricity, gas and other fuels",1827.7758311936157,18.277758311936157,2014-02-01,100,2014,2,2014-02,3.221189817644876,0.32121174525436835
0,0,04,"Housing, water, electricity, gas and other fuels",1827.7758311936157,18.277758311936157,2014-03-01,99.52120050780967,2014,3,2014-03,2.1206438772218172,-0.47879949219032936
0,0,04,"Housing, water, electricity, gas and other fuels",1827.7758311936157,18.277758311936157,2014-04-01,99.93623269540123,2014,4,2014-04,2.249367832520477,0.41702891994253033
0,0,04,"Housing, water, electricity, gas and other fuels",1827.7758311936157,18.277758311936157,2014-05-01,100.1723087405813,2014,5,2014-05,1.9075815309812283,0.2362266805670199
0,0,04,"Housing, water, electricity, gas and other fuels",1827.7758311936157,18.277758311936157,2014-06-01,100.15431759215939,2014,6,2014-06,3.0213561904267383,-0.017960201425026856
0,0,04,"Housing, water, electricity, gas and other fuels",1827.7758311936157,18.277758311936157,2014-07-01,100.39314533672226,2014,7,2014-07,3.9185931842738553,0.23845975920420148
0,0,04,"Housing, water, electricity, gas and other fuels",1827.7758311936157,18.277758311936157,2014-08-01,100.34614394834179,2014,8,2014-08,3.573329207421083,-0.04681732823772489
0,0,04,"Housing, water, electricity, gas and other fuels",1827.7758311936157,18.277758311936157,2014-09-01,100.74824408431748,2014,9,2014-09,3.8967140520357324,0.4007130918580071
0,0,04,"Housing, water, electricity, gas and other fuels",1827.7758311936157,18.277758311936157,2014-10-01,101.3286200846554,2014,10,2014-10,3.938404082542424,0.5760656233891215
0,0,04,"Housing, water, electricity, gas and other fuels",1827.7758311936157,18.277758311936157,2014-11-01,101.41275014622765,2014,11,2014-11,1.8381785678131868,0.08302694885409245
0,0,04,"Housing, water, electricity, gas and other fuels",1827.7758311936157,18.277758311936157,2014-12-01,101.49175827770179,2014,12,2014-12,2.4330878336443984,0.07790749324934065
0,0,04,"Housing, water, electricity, gas and other fuels",1827.7758311936157,18.277758311936157,2015-01-01,101.48400202994995,2015,1,2015-01,1.8099805640243272,-0.007642243945182869
0,0,04,"Housing, water, electricity, gas and other fuels",1827.7758311936157,18.277758311936157,2015-02-01,101.72102244188304,2015,2,2015-02,1.7210224418830355,0.2335544590201799
0,0,04,"Housing, water, electricity, gas and other fuels",1827.7758311936157,18.277758311936157,2015-03-01,102.19232698910012,2015,3,2015-03,2.6839773512185916,0.46333052490341586
0,0,04,"Housing, water, electricity, gas and other fuels",1827.7758311936157,18.277758311936157,2015-04-01,102.10977199776548,2015,4,2015-04,2.174926194175275,-0.08078394314618986
0,0,04,"Housing, water, electricity, gas and other fuels",1827.7758311936157,18.277758311936157,2015-05-01,102.7772517639148,2015,5,2015-05,2.6004621996679633,0.6536884306860724
0,0,04,"Housing, water, electricity, gas and other fuels",1827.7758311936157,18.277758311936157,2015-06-01,102.13446166891995,2015,6,2015-06,1.9770930743335136,-0.6254205906102372
0,0,04,"Housing, water, electricity, gas and other fuels",1827.7758311936157,18.277758311936157,2015-07-01,102.04342097548358,2015,7,2015-07,1.6438130643543936,-0.08913807538486473
0,0,04,"Housing, water, electricity, gas and other fuels",1827.7758311936157,18.277758311936157,2015-08-01,102.55726383786109,2015,8,2015-08,2.2034926331176097,0.5035531516538905
0,0,04,"Housing, water, electricity, gas and other fuels",1827.7758311936157,18.277758311936157,2015-09-01,104.27561426655761,2015,9,2015-09,3.501172863407964,1.675503386491628
0,0,04,"Housing, water, electricity, gas and other fuels",1827.7758311936157,18.277758311936157,2015-10-01,103.46673515814038,2015,10,2015-10,2.110080125140046,-0.7757126286012661
0,0,04,"Housing, water, electricity, gas and other fuels",1827.7758311936157,18.277758311936157,2015-11-01,103.32447261476845,2015,11,2015-11,1.8850908448733383,-0.13749592383918152
0,0,04,"Housing, water, electricity, gas and other fuels",1827.7758311936157,18.277758311936157,2015-12-01,103.23064467128981,2015,12,2015-12,1.7133276860078483,-0.09080902239730904
0,0,04,"Housing, water, electricity, gas and other fuels",1827.7758311936157,18.277758311936157,2016-01-01,103.27451035357699,2016,1,2016-01,1.7643256945056418,0.04249288806328355
0,0,04,"Housing, water, electricity, gas and other fuels",1827.7758311936157,18.277758311936157,2016-02-01,104.1091728781259,2016,2,2016-02,2.347745214227781,0.8081979974451814
0,0,04,"Housing, water, electricity, gas and other fuels",1827.7758311936157,18.277758311936157,2016-03-01,104.50265313206945,2016,3,2016-03,2.260762829302987,0.37794964945516707
0,0,04,"Housing, water, electricity, gas and other fuels",1827.7758311936157,18.277758311936157,2016-04-01,104.72034559382412,2016,4,2016-04,2.55663443858809,0.20831285640141584
0,0,04,"Housing, water, electricity, gas and other fuels",1827.7758311936157,18.277758311936157,2016-05-01,104.89744332637446,2016,5,2016-05,2.062899645662686,0.1691149237009304
0,0,04,"Housing, water, electricity, gas and other fuels",1827.7758311936157,18.277758311936157,2016-06-01,104.57452001255153,2016,6,2016-06,2.3890646739210153,-0.3078466963376769
0,0,04,"Housing, water, electricity, gas and other fuels",1827.7758311936157,18.277758311936157,2016-07-01,104.12358149797583,2016,7,2016-07,2.038505278054159,-0.431212607546827
0,0,04,"Housing, water, electricity, gas and other fuels",1827.7758311936157,18.277758311936157,2016-08-01,105.10679763779422,2016,8,2016-08,2.485961212814569,0.944278064270665
0,0,04,"Housing, water, electricity, gas and other fuels",1827.7758311936157,18.277758311936157,2016-09-01,104.82032965250127,2016,9,2016-09,0.5223804144190547,-0.2725494370784065
0,0,04,"Housing, water, electricity, gas and other fuels",1827.7758311936157,18.277758311936157,2016-10-01,105.04456164388058,2016,10,2016-10,1.5249601558690484,0.21392032645068948
0,0,04,"Housing, water, electricity, gas and other fuels",1827.7758311936157,18.277758311936157,2016-11-01,104.89096070465445,2016,11,2016-11,1.5160862187280966,-0.1462245515830407
0,0,04,"Housing, water, electricity, gas and other fuels",1827.7758311936157,18.277758311936157,2016-12-01,104.42362951626501,2016,12,2016-12,1.1556499029662604,-0.445540001969591
0,0,04,"Housing, water, electricity, gas and other fuels",1827.7758311936157,18.277758311936157,2017-01-01,101.36591026384515,2017,1,2017-01,-1.8480843755128262,-2.9281871034214424
0,0,04,"Housing, water, electricity, gas and other fuels",1827.7758311936157,18.277758311936157,2017-02-01,103.13721076641066,2017,2,2017-02,-0.9335989181789572,1.747432147508965
0,0,04,"Housing, water, electricity, gas and other fuels",1827.7758311936157,18.277758311936157,2017-03-01,102.27188525519469,2017,3,2017-03,-2.1346519059717517,-0.8390041816971339
0,0,04,"Housing, water, electricity, gas and other fuels",1827.7758311936157,18.277758311936157,2017-04-01,102.72722957456973,2017,4,2017-04,-1.9032748678896039,0.44522922232130835
0,0,04,"Housing, water, electricity, gas and other fuels",1827.7758311936157,18.277758311936157,2017-05-01,104.23443401532536,2017,5,2017-05,-0.6320547861078274,1.467190779891081
0,0,04,"Housing, water, electricity, gas and other fuels",1827.7758311936157,18.277758311936157,2017-06-01,106.5165042008524,2017,6,2017-06,1.8570338052402935,2.1893630517449747
0,0,04,"Housing, water, electricity, gas and other fuels",1827.7758311936157,18.277758311936157,2017-07-01,107.76059332116415,2017,7,2017-07,3.4929761067227894,1.1679777980376116
0,0,04,"Housing, water, electricity, gas and other fuels",1827.7758311936157,18.277758311936157,2017-08-01,107.31730552662766,2017,8,2017-08,2.1031064959766255,-0.41136354290045585
0,0,04,"Housing, water, electricity, gas and other fuels",1827.7758311936157,18.277758311936157,2017-09-01,108.65761141473007,2017,9,2017-09,3.6608182543883316,1.2489186916548656
0,0,04,"Housing, water, electricity, gas and other fuels",1827.7758311936157,18.277758311936157,2017-10-01,110.67059455687675,2017,10,2017-10,5.355853577712466,1.8525928519295576
0,0,04,"Housing, water, electricity, gas and other fuels",1827.7758311936157,18.277758311936157,2017-11-01,110.24350796656515,2017,11,2017-11,5.102963330636356,-0.38590792072785707
0,0,04,"Housing, water, electricity, gas and other fuels",1827.7758311936157,18.277758311936157,2017-12-01,110.23533928215028,2017,12,2017-12,5.565512128631811,-0.007409673880609535
0,0,04,"Housing, water, electricity, gas and other fuels",1827.7758311936157,18.277758311936157,2018-01-01,110.59996298024342,2018,1,2018-01,9.10962343490327,0.3307684273188283
0,0,04,"Housing, water, electricity, gas and other fuels",1827.7758311936157,18.277758311936157,2018-02-01,111.68893206930585,2018,2,2018-02,8.29159644646924,0.9846016759128107
0,0,04,"Housing, water, electricity, gas and other fuels",1827.7758311936157,18.277758311936157,2018-03-01,112.3422537390286,2018,3,2018-03,9.846663585701743,0.5849475481754629
0,0,04,"Housing, water, electricity, gas and other fuels",1827.7758311936157,18.277758311936157,2018-04-10,117.77088949745145,2018,4,2018-04,14.64427687301888,4.832229706761604
0,0,04,"Housing, water, electricity, gas and other fuels",1827.7758311936157,18.277758311936157,2018-05-10,119.78179110844933,2018,5,2018-05,14.915759115493522,1.7074691543714549
0,0,04,"Housing, water, electricity, gas and other fuels",1827.7758311936157,18.277758311936157,2018-06-10,119.30388074889619,2018,6,2018-06,12.005065922865189,-0.39898414870123133
0,0,04,"Housing, water, electricity, gas and other fuels",1827.7758311936157,18.277758311936157,2018-07-10,119.79826753794993,2018,7,2018-07,11.170757181068325,0.4143928813969522
0,0,04,"Housing, water, electricity, gas and other fuels",1827.7758311936157,18.277758311936157,2018-08-10,120.7553693904192,2018,8,2018-08,12.52180512532275,0.7989279579240005
0,0,04,"Housing, water, electricity, gas and other fuels",1827.7758311936157,18.277758311936157,2018-09-10,121.32649468798007,2018,9,2018-09,11.659453128317665,0.47296058174799427
0,0,04,"Housing, water, electricity, gas and other fuels",1827.7758311936157,18.277758311936157,2018-10-10,120.94670828428815,2018,10,2018-10,9.285315370859614,-0.3130284153256335
0,0,04,"Housing, water, electricity, gas and other fuels",1827.7758311936157,18.277758311936157,2018-11-10,120.30204745119475,2018,11,2018-11,9.123929082227832,-0.5330123012344479
0,0,04,"Housing, water, electricity, gas and other fuels",1827.7758311936157,18.277758311936157,2018-12-10,120.15019172135057,2018,12,2018-12,8.994259466851151,-0.12622871602063768
0,0,04,"Housing, water, electricity, gas and other fuels",1827.7758311936157,18.277758311936157,2019-01-10,120.45024472830362,2019,1,2019-01,8.906225176422321,0.24973160895900293
0,0,04,"Housing, water, electricity, gas and other fuels",1827.7758311936157,18.277758311936157,2019-02-10,119.45850285356009,2019,2,2019-02,6.956437527250259,-0.8233622745894564
0,0,04,"Housing, water, electricity, gas and other fuels",1827.7758311936157,18.277758311936157,2019-03-10,119.13517784380714,2019,3,2019-03,6.046633282396585,-0.27065884975078225
0,0,04,"Housing, water, electricity, gas and other fuels",1827.7758311936157,18.277758311936157,2019-04-10,120.47961706968034,2019,4,2019-04,2.2999975492989044,1.1284989456563643
0,0,04,"Housing, water, electricity, gas and other fuels",1827.7758311936157,18.277758311936157,2019-05-10,121.41786679768722,2019,5,2019-05,1.36588013428236,0.7787622095978497
0,0,04,"Housing, water, electricity, gas and other fuels",1827.7758311936157,18.277758311936157,2019-06-10,121.34198549717627,2019,6,2019-06,1.7083306389418906,-0.06249599215689683
0,0,04,"Housing, water, electricity, gas and other fuels",1827.7758311936157,18.277758311936157,2019-07-10,121.30493220609891,2019,7,2019-07,1.2576681609120177,-0.030536249201407184
0,0,04,"Housing, water, electricity, gas and other fuels",1827.7758311936157,18.277758311936157,2019-08-10,121.31755724870297,2019,8,2019-08,0.46555930483400676,0.01040769107607531
0,0,04,"Housing, water, electricity, gas and other fuels",1827.7758311936157,18.277758311936157,2019-09-10,121.66085944079784,2019,9,2019-09,0.27559087870927534,0.2829781606887183
0,0,04,"Housing, water, electricity, gas and other fuels",1827.7758311936157,18.277758311936157,2019-10-10,121.35737845282925,2019,10,2019-10,0.3395463790348163,-0.24944833479190187
0,0,04,"Housing, water, electricity, gas and other fuels",1827.7758311936157,18.277758311936157,2019-11-10,122.00326074264736,2019,11,2019-11,1.4141183192603268,0.5322150973038342
0,0,04,"Housing, water, electricity, gas and other fuels",1827.7758311936157,18.277758311936157,2019-12-10,122.00518476067889,2019,12,2019-12,1.5438951971299186,0.001577021810583723
0,0,04,"Housing, water, electricity, gas and other fuels",1827.7758311936157,18.277758311936157,2020-01-10,122.37685054375903,2020,1,2020-01,1.5995034462580104,0.30463113826613153
0,0,04,"Housing, water, electricity, gas and other fuels",1827.7758311936157,18.277758311936157,2020-02-10,123.66152644940527,2020,2,2020-02,3.5183963430359677,1.0497703609285702
0,0,04,"Housing, water, electricity, gas and other fuels",1827.7758311936157,18.277758311936157,2020-03-10,126.10549414732031,2020,3,2020-03,5.850762494896045,1.9763363497821373
0,0,04,"Housing, water, electricity, gas and other fuels",1827.7758311936157,18.277758311936157,2020-04-10,121.94619861622543,2020,4,2020-04,1.2172860291354226,-3.2982667085352135
0,0,04,"Housing, water, electricity, gas and other fuels",1827.7758311936157,18.277758311936157,2020-05-10,125.23767041867148,2020,5,2020-05,3.1459979669623106,2.6991180043295815
0,0,04,"Housing, water, electricity, gas and other fuels",1827.7758311936157,18.277758311936157,2020-06-10,124.65054802909759,2020,6,2020-06,2.7266428172945334,-0.4688065400858532
0,0,04,"Housing, water, electricity, gas and other fuels",1827.7758311936157,18.277758311936157,2020-07-10,124.50859888187534,2020,7,2020-07,2.641002816219662,-0.11387767600437027
0,0,04,"Housing, water, electricity, gas and other fuels",1827.7758311936157,18.277758311936157,2020-08-10,125.2945218315678,2020,8,2020-08,3.278144295892793,0.631219816743811
0,0,04,"Housing, water, electricity, gas and other fuels",1827.7758311936157,18.277758311936157,2020-09-10,127.1527012553115,2020,9,2020-09,4.514058046076919,1.4830492160236908
0,0,04,"Housing, water, electricity, gas and other fuels",1827.7758311936157,18.277758311936157,2020-10-10,126.67852559008534,2020,10,2020-10,4.3846918952063385,-0.3729182790022323
0,0,04,"Housing, water, electricity, gas and other fuels",1827.7758311936157,18.277758311936157,2020-11-10,127.93792186141805,2020,11,2020-11,4.864346315537604,0.9941671372209804
0,0,04,"Housing, water, electricity, gas and other fuels",1827.7758311936157,18.277758311936157,2020-12-10,126.85657776103423,2020,12,2020-12,3.976382651173127,-0.8452099929801338
0,0,04,"Housing, water, electricity, gas and other fuels",1827.7758311936157,18.277758311936157,2021-01-10,127.90757983831917,2021,1,2021-01,4.519424441784015,0.8284963190988481
0,0,04,"Housing, water, electricity, gas and other fuels",1827.7758311936157,18.277758311936157,2021-02-10,127.30663720260968,2021,2,2021-02,2.9476514303709234,-0.46982566355262545
0,0,04,"Housing, water, electricity, gas and other fuels",1827.7758311936157,18.277758311936157,2021-03-10,128.7890260533134,2021,3,2021-03,2.128005543404865,1.1644238535218454
0,0,04,"Housing, water, electricity, gas and other fuels",1827.7758311936157,18.277758311936157,2021-04-10,128.5536341317946,2021,4,2021-04,5.41832020230768,-0.18277327559053091
0,0,04,"Housing, water, electricity, gas and other fuels",1827.7758311936157,18.277758311936157,2021-05-10,129.84701316802517,2021,5,2021-05,3.680476276782052,1.006100718167624
0,0,04,"Housing, water, electricity, gas and other fuels",1827.7758311936157,18.277758311936157,2021-06-10,130.14626978666038,2021,6,2021-06,4.408903004806608,0.23046861944215902
0,0,04,"Housing, water, electricity, gas and other fuels",1827.7758311936157,18.277758311936157,2021-07-10,127.8226619167289,2021,7,2021-07,2.6617141824860635,-1.785381842860656
0,0,04,"Housing, water, electricity, gas and other fuels",1827.7758311936157,18.277758311936157,2021-08-10,129.72440763325784,2021,8,2021-08,3.5355782016113,1.4878001193308288
0,0,04,"Housing, water, electricity, gas and other fuels",1827.7758311936157,18.277758311936157,2021-09-10,129.32107304492558,2021,9,2021-09,1.7053289220023693,-0.31091650036477736
0,0,04,"Housing, water, electricity, gas and other fuels",1827.7758311936157,18.277758311936157,2021-10-10,128.98823224480873,2021,10,2021-10,1.823281920881592,-0.25737553229335797
0,0,04,"Housing, water, electricity, gas and other fuels",1827.7758311936157,18.277758311936157,2021-11-10,131.1091707750204,2021,11,2021-11,2.478740366783083,1.6442883922824114
0,0,04,"Housing, water, electricity, gas and other fuels",1827.7758311936157,18.277758311936157,2021-12-10,131.5038103938583,2021,12,2021-12,3.663375376228628,0.3010007740153142
0,0,04,"Housing, water, electricity, gas and other fuels",1827.7758311936157,18.277758311936157,2022-01-10,133.12546803170673,2022,1,2022-01,4.079420625410313,1.233163991972197
0,0,04,"Housing, water, electricity, gas and other fuels",1827.7758311936157,18.277758311936157,2022-02-10,141.19533513911864,2022,2,2022-02,10.909641666525971,6.061850693730442
0,0,04,"Housing, water, electricity, gas and other fuels",1827.7758311936157,18.277758311936157,2022-03-10,145.5795476800553,2022,3,2022-03,13.037230066318939,3.1050689717311952
0,0,04,"Housing, water, electricity, gas and other fuels",1827.7758311936157,18.277758311936157,2022-04-10,145.44139732266476,2022,4,2022-04,13.136745067476374,-0.09489681730167066
0,0,04,"Housing, water, electricity, gas and other fuels",1827.7758311936157,18.277758311936157,2022-05-10,142.7389751712676,2022,5,2022-05,9.928578015545053,-1.8580831875547488
0,0,04,"Housing, water, electricity, gas and other fuels",1827.7758311936157,18.277758311936157,2022-06-10,142.129640567523,2022,6,2022-06,9.20761755254771,-0.4268873326388145
0,0,04,"Housing, water, electricity, gas and other fuels",1827.7758311936157,18.277758311936157,2022-07-10,140.09806313811472,2022,7,2022-07,9.603462357389114,-1.429383358246883
0,0,04,"Housing, water, electricity, gas and other fuels",1827.7758311936157,18.277758311936157,2022-08-10,140.72082964230637,2022,8,2022-08,8.47675638661336,0.44452185151031554
0,0,04,"Housing, water, electricity, gas and other fuels",1827.7758311936157,18.277758311936157,2022-09-10,143.7275812418582,2022,9,2022-09,11.140108767832334,2.1366784200992806
0,0,04,"Housing, water, electricity, gas and other fuels",1827.7758311936157,18.277758311936157,2022-10-10,147.57945816770783,2022,10,2022-10,14.413117847537071,2.679984518328382
0,0,04,"Housing, water, electricity, gas and other fuels",1827.7758311936157,18.277758311936157,2022-11-10,150.2056852944346,2022,11,2022-11,14.565353747971809,1.7795343331199698
0,0,04,"Housing, water, electricity, gas and other fuels",1827.7758311936157,18.277758311936157,2022-12-10,148.79141966675635,2022,12,2022-12,13.146090003872214,-0.9415526615427328
0,0,04,"Housing, water, electricity, gas and other fuels",1827.7758311936157,18.277758311936157,2023-01-10,149.09323236637786,2023,1,2023-01,11.994522588921953,0.20284281196958354
0,0,04,"Housing, water, electricity, gas and other fuels",1827.7758311936157,18.277758311936157,2023-02-10,145.6183722019709,2023,2,2023-02,3.1325660004944744,-2.3306625721735807
0,0,04,"Housing, water, electricity, gas and other fuels",1827.7758311936157,18.277758311936157,2023-03-10,146.78083538670776,2023,3,2023-03,0.8251761499441956,0.7982943135255827
0,0,04,"Housing, water, electricity, gas and other fuels",1827.7758311936157,18.277758311936157,2023-04-10,146.40055308534943,2023,4,2023-04,0.6594791994171789,-0.25908171210257125
0,0,04,"Housing, water, electricity, gas and other fuels",1827.7758311936157,18.277758311936157,2023-05-10,147.9122413688201,2023,5,2023-05,3.62428425126724,1.032570063167304
0,0,04,"Housing, water, electricity, gas and other fuels",1827.7758311936157,18.277758311936157,2023-06-10,147.56645240407812,2023,6,2023-06,3.825248424498895,-0.23377981534318248
0,0,04,"Housing, water, electricity, gas and other fuels",1827.7758311936157,18.277758311936157,2023-07-10,146.12126936795244,2023,7,2023-07,4.299278730141887,-0.9793438905533636
0,0,04,"Housing, water, electricity, gas and other fuels",1827.7758311936157,18.277758311936157,2023-08-10,144.6410386214648,2023,8,2023-08,2.785805761039839,-1.0130152529405079
0,0,04,"Housing, water, electricity, gas and other fuels",1827.7758311936157,18.277758311936157,2023-09-10,146.667178762488,2023,9,2023-09,2.045256376841964,1.4008058572683169
0,0,04,"Housing, water, electricity, gas and other fuels",1827.7758311936157,18.277758311936157,2023-10-10,146.6157719893884,2023,10,2023-10,-0.6529947936414704,-0.03504995018881463
0,0,04,"Housing, water, electricity, gas and other fuels",1827.7758311936157,18.277758311936157,2023-11-10,146.91883871164953,2023,11,2023-11,-2.1882304763246263,0.20670813115730713
0,0,04,"Housing, water, electricity, gas and other fuels",1827.7758311936157,18.277758311936157,2023-12-10,146.98147281256425,2023,12,2023-12,-1.2164322769725455,0.042631769665457675
0,0,04,"Housing, water, electricity, gas and other fuels",1827.7758311936157,18.277758311936157,2024-01-10,147.6422421329056,2024,1,2024-01,-0.9732099911192615,0.4495595993816215
0,0,04,"Housing, water, electricity, gas and other fuels",1827.7758311936157,18.277758311936157,2024-02-10,151.20689862116336,2024,2,2024-02,3.837789376907219,2.414387939901985
0,0,04,"Housing, water, electricity, gas and other fuels",1827.7758311936157,18.277758311936157,2024-03-10,149.89856753603578,2024,3,2024-03,2.1240730379508133,-0.8652588585957965
0,0,04,"Housing, water, electricity, gas and other fuels",1827.7758311936157,18.277758311936157,2024-04-10,150.220249836229,2024,4,2024-04,2.6090726232794514,0.21459998282897796
0,0,04,"Housing, water, electricity, gas and other fuels",1827.7758311936157,18.277758311936157,2024-05-10,150.66954076806158,2024,5,2024-05,1.8641455052838651,0.2990881271482504
0,0,04,"Housing, water, electricity, gas and other fuels",1827.7758311936157,18.277758311936157,2024-06-10,150.48695699639174,2024,6,2024-06,1.9791114746842808,-0.12118160760237195
0,0,04,"Housing, water, electricity, gas and other fuels",1827.7758311936157,18.277758311936157,2024-07-10,151.56662706510429,2024,7,2024-07,3.726601692351661,0.7174509274836538
0,0,04,"Housing, water, electricity, gas and other fuels",1827.7758311936157,18.277758311936157,2024-08-10,152.29200607649736,2024,8,2024-08,5.289624250456093,0.4785875528400485
0,0,04,"Housing, water, electricity, gas and other fuels",1827.7758311936157,18.277758311936157,2024-09-10,152.48700403808982,2024,9,2024-09,3.9680488332201502,0.12804215179522682
0,0,04,"Housing, water, electricity, gas and other fuels",1827.7758311936157,18.277758311936157,2024-10-10,153.61044964486211,2024,10,2024-10,4.770753896777191,0.736748429060663
0,0,04,"Housing, water, electricity, gas and other fuels",1827.7758311936157,18.277758311936157,2024-11-10,154.239327040698,2024,11,2024-11,4.9826750559987865,0.4093975359682922
0,0,04,"Housing, water, electricity, gas and other fuels",1827.7758311936157,18.277758311936157,2024-12-10,153.91556236879592,2024,12,2024-12,4.717662317259719,-0.20991058384003392
0,0,04,"Housing, water, electricity, gas and other fuels",1827.7758311936157,18.277758311936157,2025-01-10,153.90581085316276,2025,1,2025-01,4.2423960986847975,-0.0063356268093173185
0,0,04,"Housing, water, electricity, gas and other fuels",1827.7758311936157,18.277758311936157,2025-02-10,153.82332749248863,2025,2,2025-02,1.7303634259971945,-0.05359340249526667
0,0,04,"Housing, water, electricity, gas and other fuels",1827.7758311936157,18.277758311936157,2025-03-10,154.00752471131517,2025,3,2025-03,2.7411583998570244,0.1197459591007366
0,0,04,"Housing, water, electricity, gas and other fuels",1827.7758311936157,18.277758311936157,2025-04-10,154.0997592434656,2025,4,2025-04,2.5825475669665643,0.0598896270317395
0,0,04,"Housing, water, electricity, gas and other fuels",1827.7758311936157,18.277758311936157,2025-05-10,154.72319716199706,2025,5,2025-05,2.69042858514823,0.4045677433839989
0,0,04,"Housing, water, electricity, gas and other fuels",1827.7758311936157,18.277758311936157,2025-06-10,154.46462718749157,2025,6,2025-06,2.64319929812602,-0.1671177814628333
0,0,04,"Housing, water, electricity, gas and other fuels",1827.7758311936157,18.277758311936157,2025-07-10,155.0723754837008,2025,7,2025-07,2.3130081380584144,0.3934546745589351
0,0,04,"Housing, water, electricity, gas and other fuels",1827.7758311936157,18.277758311936157,2025-08-10,155.2598739192157,2025,8,2025-08,1.9488008065423612,0.12091027491520911
0,0,04,"Housing, water, electricity, gas and other fuels",1827.7758311936157,18.277758311936157,2025-09-10,156.63541965262792,2025,9,2025-09,2.720504373934629,0.8859634486937384
0,0,04,"Housing, water, electricity, gas and other fuels",1827.7758311936157,18.277758311936157,2025-10-10,160.96334286818885,2025,10,2025-10,4.786714211387411,2.7630552688268084
0,0,04,"Housing, water, electricity, gas and other fuels",1827.7758311936157,18.277758311936157,2025-11-10,161.1587580884263,2025,11,2025-11,4.4861652215991255,0.12140355484384635
0,0,04,"Housing, water, electricity, gas and other fuels",1827.7758311936157,18.277758311936157,2025-12-10,161.4615331034854,2025,12,2025-12,4.902669111917768,0.18787375793314354
0,0,04,"Housing, water, electricity, gas and other fuels",1827.7758311936157,18.277758311936157,2026-01-10,162.98064171476526,2026,1,2026-01,5.896353627778583,0.9408486232483693
0,0,04,"Housing, water, electricity, gas and other fuels",1827.7758311936157,18.277758311936157,2026-02-10,166.56369026341872,2026,2,2026-02,8.282464681146774,2.1984503870859706
0,0,04,"Housing, water, electricity, gas and other fuels",1827.7758311936157,18.277758311936157,2026-03-10,170.31945470808083,2026,3,2026-03,10.591644809136525,2.2548518459950095
0,0,04,"Housing, water, electricity, gas and other fuels",1827.7758311936157,18.277758311936157,2026-04-10,189.159345812583,2026,4,2026-04,22.751227348594362,11.061502713705163
0,0,04,"Housing, water, electricity, gas and other fuels",1827.7758311936157,18.277758311936157,2026-05-10,188.45875776608733,2026,5,2026-05,21.80381560288516,-0.37036924794073833
0,0,04,"Housing, water, electricity, gas and other fuels",1827.7758311936157,18.277758311936157,2026-06-10,190.4604227994618,2026,6,2026-06,23.303584948467183,1.0621236482195817
0,0,04,"Housing, water, electricity, gas and other fuels",1827.7758311936157,18.277758311936157,2026-07-10,186.8734592821726,2026,7,2026-07,20.50725262915336,-1.8833117476936168
0,0,04,"Housing, water, electricity, gas and other fuels",1827.7758311936157,18.277758311936157,2026-08-10,186.13943774433454,2026,8,2026-08,19.88895330495115,-0.39279068341626644
0,0,05,"Furnishing, household equipment and routine household maintenance",345.92335209688025,3.4592335209688025,2009-02-01,94.19402731681835,2009,2,2009-02,,
0,0,05,"Furnishing, household equipment and routine household maintenance",345.92335209688025,3.4592335209688025,2009-03-01,93.646516077368,2009,3,2009-03,,-0.5812589768657062
0,0,05,"Furnishing, household equipment and routine household maintenance",345.92335209688025,3.4592335209688025,2009-04-01,93.56491309488484,2009,4,2009-04,,-0.08713936823420143
0,0,05,"Furnishing, household equipment and routine household maintenance",345.92335209688025,3.4592335209688025,2009-05-01,93.83042024678443,2009,5,2009-05,,0.28376786031996115
0,0,05,"Furnishing, household equipment and routine household maintenance",345.92335209688025,3.4592335209688025,2009-06-01,94.60706745387544,2009,6,2009-06,,0.8277136615698177
0,0,05,"Furnishing, household equipment and routine household maintenance",345.92335209688025,3.4592335209688025,2009-07-01,94.51171420717768,2009,7,2009-07,,-0.10078871406119516
0,0,05,"Furnishing, household equipment and routine household maintenance",345.92335209688025,3.4592335209688025,2009-08-01,94.89620999109692,2009,8,2009-08,,0.40682341564179936
0,0,05,"Furnishing, household equipment and routine household maintenance",345.92335209688025,3.4592335209688025,2009-09-01,94.82262008179381,2009,9,2009-09,,-0.07754778542790053
0,0,05,"Furnishing, household equipment and routine household maintenance",345.92335209688025,3.4592335209688025,2009-10-01,94.99353599148414,2009,10,2009-10,,0.1802480352714353
0,0,05,"Furnishing, household equipment and routine household maintenance",345.92335209688025,3.4592335209688025,2009-11-01,95.35111116562781,2009,11,2009-11,,0.3764205326304948
0,0,05,"Furnishing, household equipment and routine household maintenance",345.92335209688025,3.4592335209688025,2009-12-01,96.12988995971362,2009,12,2009-12,,0.8167485250728301
0,0,05,"Furnishing, household equipment and routine household maintenance",345.92335209688025,3.4592335209688025,2010-01-01,95.85840718495056,2010,1,2010-01,,-0.2824124472386558
0,0,05,"Furnishing, household equipment and routine household maintenance",345.92335209688025,3.4592335209688025,2010-02-01,95.35624744398496,2010,2,2010-02,1.2338575600526314,-0.523855711473209
0,0,05,"Furnishing, household equipment and routine household maintenance",345.92335209688025,3.4592335209688025,2010-03-01,95.26769344566176,2010,3,2010-03,1.7311667707471168,-0.09286648824473609
0,0,05,"Furnishing, household equipment and routine household maintenance",345.92335209688025,3.4592335209688025,2010-04-01,96.07443016415928,2010,4,2010-04,2.6821133972833477,0.8468103816932082
0,0,05,"Furnishing, household equipment and routine household maintenance",345.92335209688025,3.4592335209688025,2010-05-01,95.96256090023088,2010,5,2010-05,2.2723341191893676,-0.11644020551280221
0,0,05,"Furnishing, household equipment and routine household maintenance",345.92335209688025,3.4592335209688025,2010-06-01,95.73762719302294,2010,6,2010-06,1.1950055842272933,-0.23439735777976978
0,0,05,"Furnishing, household equipment and routine household maintenance",345.92335209688025,3.4592335209688025,2010-07-01,95.22073624335385,2010,7,2010-07,0.7501948749145892,-0.5399036562990567
0,0,05,"Furnishing, household equipment and routine household maintenance",345.92335209688025,3.4592335209688025,2010-08-01,95.41551058607035,2010,8,2010-08,0.5472300685371412,0.2045503431298057
0,0,05,"Furnishing, household equipment and routine household maintenance",345.92335209688025,3.4592335209688025,2010-09-01,95.22338764530905,2010,9,2010-09,0.42264974662113985,-0.20135399326716152
0,0,05,"Furnishing, household equipment and routine household maintenance",345.92335209688025,3.4592335209688025,2010-10-01,95.083600916872,2010,10,2010-10,0.09481163581059882,-0.1467987349470512
0,0,05,"Furnishing, household equipment and routine household maintenance",345.92335209688025,3.4592335209688025,2010-11-01,95.8213905045563,2010,11,2010-11,0.4932080320612098,0.7759377858746808
0,0,05,"Furnishing, household equipment and routine household maintenance",345.92335209688025,3.4592335209688025,2010-12-01,95.17007413673944,2010,12,2010-12,-0.9984572159360883,-0.6797191779281175
0,0,05,"Furnishing, household equipment and routine household maintenance",345.92335209688025,3.4592335209688025,2011-01-01,96.9550569302108,2011,1,2011-01,1.144030844518773,1.8755715067603207
0,0,05,"Furnishing, household equipment and routine household maintenance",345.92335209688025,3.4592335209688025,2011-02-01,95.91791117130471,2011,2,2011-02,0.5890161812939443,-1.0697180649923643
0,0,05,"Furnishing, household equipment and routine household maintenance",345.92335209688025,3.4592335209688025,2011-03-01,95.91667085287578,2011,3,2011-03,0.6812145689075289,-0.0012931040863750631
0,0,05,"Furnishing, household equipment and routine household maintenance",345.92335209688025,3.4592335209688025,2011-04-01,98.42101081480178,2011,4,2011-04,2.442461169567145,2.610953799436322
0,0,05,"Furnishing, household equipment and routine household maintenance",345.92335209688025,3.4592335209688025,2011-05-01,99.49045888976184,2011,5,2011-05,3.6763274723345507,1.0866054576216921
0,0,05,"Furnishing, household equipment and routine household maintenance",345.92335209688025,3.4592335209688025,2011-06-01,96.16390271362366,2011,6,2011-06,0.4452539018345192,-3.3435931578364664
0,0,05,"Furnishing, household equipment and routine household maintenance",345.92335209688025,3.4592335209688025,2011-07-01,96.74702006451048,2011,7,2011-07,1.6028901701158116,0.6063786248602598
0,0,05,"Furnishing, household equipment and routine household maintenance",345.92335209688025,3.4592335209688025,2011-08-01,99.42803406670701,2011,8,2011-08,4.205315735345905,2.771159256800715
0,0,05,"Furnishing, household equipment and routine household maintenance",345.92335209688025,3.4592335209688025,2011-09-01,98.96982942963109,2011,9,2011-09,3.9343714574374467,-0.4608404876722316
0,0,05,"Furnishing, household equipment and routine household maintenance",345.92335209688025,3.4592335209688025,2011-10-01,98.93010635711374,2011,10,2011-10,4.045393110011264,-0.040136547416802504
0,0,05,"Furnishing, household equipment and routine household maintenance",345.92335209688025,3.4592335209688025,2011-11-01,99.29939637115332,2011,11,2011-11,3.629675846158409,0.37328375318483875
0,0,05,"Furnishing, household equipment and routine household maintenance",345.92335209688025,3.4592335209688025,2011-12-01,98.91876701115382,2011,12,2011-12,3.9389407945908284,-0.3833148779442852
0,0,05,"Furnishing, household equipment and routine household maintenance",345.92335209688025,3.4592335209688025,2012-01-01,95.92088522237464,2012,1,2012-01,-1.066650611716491,-3.0306501782833117
0,0,05,"Furnishing, household equipment and routine household maintenance",345.92335209688025,3.4592335209688025,2012-02-01,98.51445062074993,2012,2,2012-02,2.7070433642032876,2.7038589066005647
0,0,05,"Furnishing, household equipment and routine household maintenance",345.92335209688025,3.4592335209688025,2012-03-01,98.33963084495402,2012,3,2012-03,2.5261093515169586,-0.17745597188468798
0,0,05,"Furnishing, household equipment and routine household maintenance",345.92335209688025,3.4592335209688025,2012-04-01,98.05099862848195,2012,4,2012-04,-0.3759483704308564,-0.2935054911149093
0,0,05,"Furnishing, household equipment and routine household maintenance",345.92335209688025,3.4592335209688025,2012-05-01,98.3621117408993,2012,5,2012-05,-1.1341259870082498,0.31729723997626635
0,0,05,"Furnishing, household equipment and routine household maintenance",345.92335209688025,3.4592335209688025,2012-06-01,97.24934685011515,2012,6,2012-06,1.1287438486392798,-1.1312942260891523
0,0,05,"Furnishing, household equipment and routine household maintenance",345.92335209688025,3.4592335209688025,2012-07-01,97.02277518358576,2012,7,2012-07,0.285026989866366,-0.23298014214797602
0,0,05,"Furnishing, household equipment and routine household maintenance",345.92335209688025,3.4592335209688025,2012-08-01,101.1888819943944,2012,8,2012-08,1.770977314613309,4.293947274673959
0,0,05,"Furnishing, household equipment and routine household maintenance",345.92335209688025,3.4592335209688025,2012-09-01,101.78764824188355,2012,9,2012-09,2.8471493065025166,0.5917312610710823
0,0,05,"Furnishing, household equipment and routine household maintenance",345.92335209688025,3.4592335209688025,2012-10-01,100.4591864179072,2012,10,2012-10,1.5456165136160438,-1.305130678350519
0,0,05,"Furnishing, household equipment and routine household maintenance",345.92335209688025,3.4592335209688025,2012-11-01,99.77216343555483,2012,11,2012-11,0.47610265689272957,-0.6838826859441038
0,0,05,"Furnishing, household equipment and routine household maintenance",345.92335209688025,3.4592335209688025,2012-12-01,100.78639522060948,2012,12,2012-12,1.8880423461455687,1.0165478527583094
0,0,05,"Furnishing, household equipment and routine household maintenance",345.92335209688025,3.4592335209688025,2013-01-01,100.8292171204931,2013,1,2013-01,5.117062761399049,0.04248777802786652
0,0,05,"Furnishing, household equipment and routine household maintenance",345.92335209688025,3.4592335209688025,2013-02-01,101.33871318972338,2013,2,2013-02,2.866851057055575,0.5053059854877473
0,0,05,"Furnishing, household equipment and routine household maintenance",345.92335209688025,3.4592335209688025,2013-03-01,101.46741158421534,2013,3,2013-03,3.180590279205653,0.12699825213984273
0,0,05,"Furnishing, household equipment and routine household maintenance",345.92335209688025,3.4592335209688025,2013-04-01,100.54602594513739,2013,4,2013-04,2.544622035017885,-0.9080606518805601
0,0,05,"Furnishing, household equipment and routine household maintenance",345.92335209688025,3.4592335209688025,2013-05-01,100.14149905733507,2013,5,2013-05,1.8090169933754119,-0.4023300612826297
0,0,05,"Furnishing, household equipment and routine household maintenance",345.92335209688025,3.4592335209688025,2013-06-01,100.35154982161265,2013,6,2013-06,3.1899473590077276,0.20975396439524285
0,0,05,"Furnishing, household equipment and routine household maintenance",345.92335209688025,3.4592335209688025,2013-07-01,101.5426318789161,2013,7,2013-07,4.658552269586069,1.1869094791468138
0,0,05,"Furnishing, household equipment and routine household maintenance",345.92335209688025,3.4592335209688025,2013-08-01,100.88001274607943,2013,8,2013-08,-0.30524030133278757,-0.6525526476670485
0,0,05,"Furnishing, household equipment and routine household maintenance",345.92335209688025,3.4592335209688025,2013-09-01,99.75343067900877,2013,9,2013-09,-1.998491563574345,-1.1167544852579758
0,0,05,"Furnishing, household equipment and routine household maintenance",345.92335209688025,3.4592335209688025,2013-10-01,99.90750192340917,2013,10,2013-10,-0.549162813446491,0.15445207583504317
0,0,05,"Furnishing, household equipment and routine household maintenance",345.92335209688025,3.4592335209688025,2013-11-01,99.3709361036944,2013,11,2013-11,-0.4021435619360747,-0.5370625922827221
0,0,05,"Furnishing, household equipment and routine household maintenance",345.92335209688025,3.4592335209688025,2013-12-01,99.495335702007,2013,12,2013-12,-1.2809859066558626,0.12518710519420218
0,0,05,"Furnishing, household equipment and routine household maintenance",345.92335209688025,3.4592335209688025,2014-01-01,99.84293832419232,2014,1,2014-01,-0.9781676625755797,0.34936574637669526
0,0,05,"Furnishing, household equipment and routine household maintenance",345.92335209688025,3.4592335209688025,2014-02-01,100,2014,2,2014-02,-1.3210284081830448,0.1573087475627899
0,0,05,"Furnishing, household equipment and routine household maintenance",345.92335209688025,3.4592335209688025,2014-03-01,100.6559047654327,2014,3,2014-03,-0.7997708881231413,0.655904765432691
0,0,05,"Furnishing, household equipment and routine household maintenance",345.92335209688025,3.4592335209688025,2014-04-01,100.13351840355314,2014,4,2014-04,-0.4102673752708341,-0.5189823320320031
0,0,05,"Furnishing, household equipment and routine household maintenance",345.92335209688025,3.4592335209688025,2014-05-01,100.64899764074912,2014,5,2014-05,0.506781492379571,0.5147918952757902
0,0,05,"Furnishing, household equipment and routine household maintenance",345.92335209688025,3.4592335209688025,2014-06-01,100.90340416636477,2014,6,2014-06,0.5499210981126934,0.25276607972164467
0,0,05,"Furnishing, household equipment and routine household maintenance",345.92335209688025,3.4592335209688025,2014-07-01,101.4724358133528,2014,7,2014-07,-0.06912964955152479,0.5639370164854274
0,0,05,"Furnishing, household equipment and routine household maintenance",345.92335209688025,3.4592335209688025,2014-08-01,101.54661296012756,2014,8,2014-08,0.6607852198889042,0.07310078464184411
0,0,05,"Furnishing, household equipment and routine household maintenance",345.92335209688025,3.4592335209688025,2014-09-01,102.14396584641965,2014,9,2014-09,2.3964440632656014,0.5882548603828308
0,0,05,"Furnishing, household equipment and routine household maintenance",345.92335209688025,3.4592335209688025,2014-10-01,102.08468718270143,2014,10,2014-10,2.179200978282214,-0.05803442545724291
0,0,05,"Furnishing, household equipment and routine household maintenance",345.92335209688025,3.4592335209688025,2014-11-01,102.18023856633019,2014,11,2014-11,2.827086644030663,0.0936001140481979
0,0,05,"Furnishing, household equipment and routine household maintenance",345.92335209688025,3.4592335209688025,2014-12-01,102.12866697960013,2014,12,2014-12,2.646688167855493,-0.05047119428732705
0,0,05,"Furnishing, household equipment and routine household maintenance",345.92335209688025,3.4592335209688025,2015-01-01,102.16148900315406,2015,1,2015-01,2.3221979619964195,0.03213791438254621
0,0,05,"Furnishing, household equipment and routine household maintenance",345.92335209688025,3.4592335209688025,2015-02-01,102.35451545841111,2015,2,2015-02,2.3545154584111216,0.188942484237975
0,0,05,"Furnishing, household equipment and routine household maintenance",345.92335209688025,3.4592335209688025,2015-03-01,102.3499902659259,2015,3,2015-03,1.6830463194792866,-0.004421097071238833
0,0,05,"Furnishing, household equipment and routine household maintenance",345.92335209688025,3.4592335209688025,2015-04-01,102.38453651315793,2015,4,2015-04,2.248016593737212,0.03375305375434845
0,0,05,"Furnishing, household equipment and routine household maintenance",345.92335209688025,3.4592335209688025,2015-05-01,102.16102217489924,2015,5,2015-05,1.5022748061009672,-0.21830868788467184
0,0,05,"Furnishing, household equipment and routine household maintenance",345.92335209688025,3.4592335209688025,2015-06-01,101.97310002715199,2015,6,2015-06,1.0601187042446725,-0.1839470120272857
0,0,05,"Furnishing, household equipment and routine household maintenance",345.92335209688025,3.4592335209688025,2015-07-01,103.02855502204494,2015,7,2015-07,1.53353883369316,1.0350327631619693
0,0,05,"Furnishing, household equipment and routine household maintenance",345.92335209688025,3.4592335209688025,2015-08-01,102.84699957606736,2015,8,2015-08,1.2805809844690819,-0.1762185696370655
0,0,05,"Furnishing, household equipment and routine household maintenance",345.92335209688025,3.4592335209688025,2015-09-01,102.88081671446153,2015,9,2015-09,0.7213846279963132,0.032881016007824115
0,0,05,"Furnishing, household equipment and routine household maintenance",345.92335209688025,3.4592335209688025,2015-10-01,103.62366694238685,2015,10,2015-10,1.5075520160345857,0.7220493106961268
0,0,05,"Furnishing, household equipment and routine household maintenance",345.92335209688025,3.4592335209688025,2015-11-01,104.07634110860465,2015,11,2015-11,1.85564505317104,0.43684438080104915
0,0,05,"Furnishing, household equipment and routine household maintenance",345.92335209688025,3.4592335209688025,2015-12-01,104.05779241998404,2015,12,2015-12,1.8889166944372704,-0.017822195153127662
0,0,05,"Furnishing, household equipment and routine household maintenance",345.92335209688025,3.4592335209688025,2016-01-01,103.82669542862601,2016,1,2016-01,1.6299747015438903,-0.22208523358376864
0,0,05,"Furnishing, household equipment and routine household maintenance",345.92335209688025,3.4592335209688025,2016-02-01,104.01294135713539,2016,2,2016-02,1.6202762440882479,0.1793815431960999
0,0,05,"Furnishing, household equipment and routine household maintenance",345.92335209688025,3.4592335209688025,2016-03-01,104.13125131229354,2016,3,2016-03,1.74036269250204,0.11374541822821715
0,0,05,"Furnishing, household equipment and routine household maintenance",345.92335209688025,3.4592335209688025,2016-04-01,104.00737261535575,2016,4,2016-04,1.5850402389517626,-0.11896399531997615
0,0,05,"Furnishing, household equipment and routine household maintenance",345.92335209688025,3.4592335209688025,2016-05-01,104.23443605212988,2016,5,2016-05,2.0295547490519095,0.21831475121851796
0,0,05,"Furnishing, household equipment and routine household maintenance",345.92335209688025,3.4592335209688025,2016-06-01,104.31058626481817,2016,6,2016-06,2.2922577003580358,0.07305667452377484
0,0,05,"Furnishing, household equipment and routine household maintenance",345.92335209688025,3.4592335209688025,2016-07-01,104.4188975572997,2016,7,2016-07,1.349473002855639,0.10383537890061856
0,0,05,"Furnishing, household equipment and routine household maintenance",345.92335209688025,3.4592335209688025,2016-08-01,104.53234968067204,2016,8,2016-08,1.6386964243503943,0.1086509492308041
0,0,05,"Furnishing, household equipment and routine household maintenance",345.92335209688025,3.4592335209688025,2016-09-01,104.5624868489667,2016,9,2016-09,1.6345808559943054,0.02883047055455279
0,0,05,"Furnishing, household equipment and routine household maintenance",345.92335209688025,3.4592335209688025,2016-10-01,105.50380468643185,2016,10,2016-10,1.8143902831486702,0.9002443092471779
0,0,05,"Furnishing, household equipment and routine household maintenance",345.92335209688025,3.4592335209688025,2016-11-01,105.9997969426552,2016,11,2016-11,1.8481201525363034,0.470117885982857
0,0,05,"Furnishing, household equipment and routine household maintenance",345.92335209688025,3.4592335209688025,2016-12-01,106.19245578069327,2016,12,2016-12,2.0514209566291575,0.18175396896495943
0,0,05,"Furnishing, household equipment and routine household maintenance",345.92335209688025,3.4592335209688025,2017-01-01,106.63422342620275,2017,1,2017-01,2.7040521572861964,0.4160066195491474
0,0,05,"Furnishing, household equipment and routine household maintenance",345.92335209688025,3.4592335209688025,2017-02-01,107.03901976875541,2017,2,2017-02,2.909328754803475,0.3796120321847729
0,0,05,"Furnishing, household equipment and routine household maintenance",345.92335209688025,3.4592335209688025,2017-03-01,107.00361952693007,2017,3,2017-03,2.758411311146336,-0.033072277662693494
0,0,05,"Furnishing, household equipment and routine household maintenance",345.92335209688025,3.4592335209688025,2017-04-01,106.97409419608047,2017,4,2017-04,2.8524146953470053,-0.0275928337565845
0,0,05,"Furnishing, household equipment and routine household maintenance",345.92335209688025,3.4592335209688025,2017-05-01,106.96551353858526,2017,5,2017-05,2.6201297669893986,-0.008021248097211942
0,0,05,"Furnishing, household equipment and routine household maintenance",345.92335209688025,3.4592335209688025,2017-06-01,107.21513717887427,2017,6,2017-06,2.7845217039449643,0.23336833716876004
0,0,05,"Furnishing, household equipment and routine household maintenance",345.92335209688025,3.4592335209688025,2017-07-01,107.47216472104466,2017,7,2017-07,2.9240561193145,0.23973064712081715
0,0,05,"Furnishing, household equipment and routine household maintenance",345.92335209688025,3.4592335209688025,2017-08-01,107.50405721874836,2017,8,2017-08,2.8428592174138956,0.029675123588024377
0,0,05,"Furnishing, household equipment and routine household maintenance",345.92335209688025,3.4592335209688025,2017-09-01,107.25126041740819,2017,9,2017-09,2.5714514348967654,-0.23515094023454086
0,0,05,"Furnishing, household equipment and routine household maintenance",345.92335209688025,3.4592335209688025,2017-10-01,107.25978689048382,2017,10,2017-10,1.6643780850092993,0.00794999801629892
0,0,05,"Furnishing, household equipment and routine household maintenance",345.92335209688025,3.4592335209688025,2017-11-01,107.71111078885205,2017,11,2017-11,1.6144501174117032,0.420776426517655
0,0,05,"Furnishing, household equipment and routine household maintenance",345.92335209688025,3.4592335209688025,2017-12-01,107.72719002228952,2017,12,2017-12,1.4452384873420376,0.01492811031258423
0,0,05,"Furnishing, household equipment and routine household maintenance",345.92335209688025,3.4592335209688025,2018-01-01,108.36128730562618,2018,1,2018-01,1.619615001574659,0.5886139638520804
0,0,05,"Furnishing, household equipment and routine household maintenance",345.92335209688025,3.4592335209688025,2018-02-01,108.66946151586399,2018,2,2018-02,1.5232218593097535,0.2843951173896908
0,0,05,"Furnishing, household equipment and routine household maintenance",345.92335209688025,3.4592335209688025,2018-03-01,109.45183297465842,2018,3,2018-03,2.2879725550893237,0.7199552182194369
0,0,05,"Furnishing, household equipment and routine household maintenance",345.92335209688025,3.4592335209688025,2018-04-10,110.091094182695,2018,4,2018-04,2.913789558153357,0.584057105909408
0,0,05,"Furnishing, household equipment and routine household maintenance",345.92335209688025,3.4592335209688025,2018-05-10,110.61341123725325,2018,5,2018-05,3.4103493527865902,0.4744407878183754
0,0,05,"Furnishing, household equipment and routine household maintenance",345.92335209688025,3.4592335209688025,2018-06-10,109.78215698328185,2018,6,2018-06,2.394269943548033,-0.7514949992713293
0,0,05,"Furnishing, household equipment and routine household maintenance",345.92335209688025,3.4592335209688025,2018-07-10,108.84783616528856,2018,7,2018-07,1.2800258074400883,-0.8510680092900458
0,0,05,"Furnishing, household equipment and routine household maintenance",345.92335209688025,3.4592335209688025,2018-08-10,109.1389356282176,2018,8,2018-08,1.5207597292282715,0.26743706920089316
0,0,05,"Furnishing, household equipment and routine household maintenance",345.92335209688025,3.4592335209688025,2018-09-10,109.17050535159346,2018,9,2018-09,1.7894847358584043,0.02892617853944568
0,0,05,"Furnishing, household equipment and routine household maintenance",345.92335209688025,3.4592335209688025,2018-10-10,110.05469690938037,2018,10,2018-10,2.605738925950174,0.8099179855761252
0,0,05,"Furnishing, household equipment and routine household maintenance",345.92335209688025,3.4592335209688025,2018-11-10,110.7676725710533,2018,11,2018-11,2.837740470612249,0.647837558682296
0,0,05,"Furnishing, household equipment and routine household maintenance",345.92335209688025,3.4592335209688025,2018-12-10,111.04356525828669,2018,12,2018-12,3.0784941436892588,0.24907329081633733
0,0,05,"Furnishing, household equipment and routine household maintenance",345.92335209688025,3.4592335209688025,2019-01-10,111.55371776122895,2019,1,2019-01,2.9460986806097322,0.4594165377846515
0,0,05,"Furnishing, household equipment and routine household maintenance",345.92335209688025,3.4592335209688025,2019-02-10,112.07265623355714,2019,2,2019-02,3.1316937345790885,0.4651915532200679
0,0,05,"Furnishing, household equipment and routine household maintenance",345.92335209688025,3.4592335209688025,2019-03-10,112.58687409183361,2019,3,2019-03,2.8643112061001785,0.45882544017235016
0,0,05,"Furnishing, household equipment and routine household maintenance",345.92335209688025,3.4592335209688025,2019-04-10,112.83367929710565,2019,4,2019-04,2.491196163296694,0.21921312520918335
0,0,05,"Furnishing, household equipment and routine household maintenance",345.92335209688025,3.4592335209688025,2019-05-10,112.99639833936178,2019,5,2019-05,2.154338317075588,0.14421141211540256
0,0,05,"Furnishing, household equipment and routine household maintenance",345.92335209688025,3.4592335209688025,2019-06-10,113.57717572128733,2019,6,2019-06,3.4568629750856505,0.51397866698486
0,0,05,"Furnishing, household equipment and routine household maintenance",345.92335209688025,3.4592335209688025,2019-07-10,113.7074649416716,2019,7,2019-07,4.464607609657545,0.11471426328120149
0,0,05,"Furnishing, household equipment and routine household maintenance",345.92335209688025,3.4592335209688025,2019-08-10,114.04144614423726,2019,8,2019-08,4.49199040452446,0.2937196803542985
0,0,05,"Furnishing, household equipment and routine household maintenance",345.92335209688025,3.4592335209688025,2019-09-10,114.29972983627667,2019,9,2019-09,4.698361034570708,0.22648230162982674
0,0,05,"Furnishing, household equipment and routine household maintenance",345.92335209688025,3.4592335209688025,2019-10-10,114.53580758990134,2019,10,2019-10,4.071712345190259,0.20654270483650983
0,0,05,"Furnishing, household equipment and routine household maintenance",345.92335209688025,3.4592335209688025,2019-11-10,114.2461696765993,2019,11,2019-11,3.140354062521866,-0.25287979313779463
0,0,05,"Furnishing, household equipment and routine household maintenance",345.92335209688025,3.4592335209688025,2019-12-10,114.46925852546214,2019,12,2019-12,3.0849993506668394,0.19527030927544153
0,0,05,"Furnishing, household equipment and routine household maintenance",345.92335209688025,3.4592335209688025,2020-01-10,114.91294699703452,2020,1,2020-01,3.011310876250417,0.38760491444407297
0,0,05,"Furnishing, household equipment and routine household maintenance",345.92335209688025,3.4592335209688025,2020-02-10,115.053617197903,2020,2,2020-02,2.659846803428656,0.12241457950956658
0,0,05,"Furnishing, household equipment and routine household maintenance",345.92335209688025,3.4592335209688025,2020-03-10,115.24041834340404,2020,3,2020-03,2.3568859806925913,0.16236008050032336
0,0,05,"Furnishing, household equipment and routine household maintenance",345.92335209688025,3.4592335209688025,2020-04-10,115.86241410320557,2020,4,2020-04,2.6842471369961096,0.5397375059400078
0,0,05,"Furnishing, household equipment and routine household maintenance",345.92335209688025,3.4592335209688025,2020-05-10,115.67829728164665,2020,5,2020-05,2.3734375446466283,-0.15890987856934657
0,0,05,"Furnishing, household equipment and routine household maintenance",345.92335209688025,3.4592335209688025,2020-06-10,116.05694594102847,2020,6,2020-06,2.1833349913774613,0.3273290394825823
0,0,05,"Furnishing, household equipment and routine household maintenance",345.92335209688025,3.4592335209688025,2020-07-10,116.39167170674726,2020,7,2020-07,2.360624930344346,0.2884151077772401
0,0,05,"Furnishing, household equipment and routine household maintenance",345.92335209688025,3.4592335209688025,2020-08-10,116.38203858045017,2020,8,2020-08,2.052405081966935,-0.008276473871227097
0,0,05,"Furnishing, household equipment and routine household maintenance",345.92335209688025,3.4592335209688025,2020-09-10,117.19689281039322,2020,9,2020-09,2.534706755883387,0.7001546285682059
0,0,05,"Furnishing, household equipment and routine household maintenance",345.92335209688025,3.4592335209688025,2020-10-10,120.68316692798778,2020,10,2020-10,5.367194301451339,2.9747154843386747
0,0,05,"Furnishing, household equipment and routine household maintenance",345.92335209688025,3.4592335209688025,2020-11-10,121.2350808905321,2020,11,2020-11,6.117414031224477,0.4573247260520219
0,0,05,"Furnishing, household equipment and routine household maintenance",345.92335209688025,3.4592335209688025,2020-12-10,121.13877001455438,2020,12,2020-12,5.82646517939025,-0.07944142509764829
0,0,05,"Furnishing, household equipment and routine household maintenance",345.92335209688025,3.4592335209688025,2021-01-10,120.7190919129833,2021,1,2021-01,5.052646431649355,-0.34644408352557665
0,0,05,"Furnishing, household equipment and routine household maintenance",345.92335209688025,3.4592335209688025,2021-02-10,120.88402515149195,2021,2,2021-02,5.0675572794552926,0.13662564545096068
0,0,05,"Furnishing, household equipment and routine household maintenance",345.92335209688025,3.4592335209688025,2021-03-10,121.82863832463036,2021,3,2021-03,5.7169351482169395,0.7814210123749721
0,0,05,"Furnishing, household equipment and routine household maintenance",345.92335209688025,3.4592335209688025,2021-04-10,122.15161515000057,2021,4,2021-04,5.428163305136069,0.26510747375307897
0,0,05,"Furnishing, household equipment and routine household maintenance",345.92335209688025,3.4592335209688025,2021-05-10,122.60909924978753,2021,5,2021-05,5.991445354063418,0.374521531479699
0,0,05,"Furnishing, household equipment and routine household maintenance",345.92335209688025,3.4592335209688025,2021-06-10,122.5708977859341,2021,6,2021-06,5.6127203693741246,-0.031157119730251814
0,0,05,"Furnishing, household equipment and routine household maintenance",345.92335209688025,3.4592335209688025,2021-07-10,122.97592644770334,2021,7,2021-07,5.656980988764682,0.3304443951096969
0,0,05,"Furnishing, household equipment and routine household maintenance",345.92335209688025,3.4592335209688025,2021-08-10,123.61424067501304,2021,8,2021-08,6.21419093768798,0.5190562460053005
0,0,05,"Furnishing, household equipment and routine household maintenance",345.92335209688025,3.4592335209688025,2021-09-10,124.22499006300444,2021,9,2021-09,5.996828997831538,0.49407688358260593
0,0,05,"Furnishing, household equipment and routine household maintenance",345.92335209688025,3.4592335209688025,2021-10-10,126.49535479616836,2021,10,2021-10,4.816071715824899,1.8276231956327216
0,0,05,"Furnishing, household equipment and routine household maintenance",345.92335209688025,3.4592335209688025,2021-11-10,130.90898514885902,2021,11,2021-11,7.979459565059277,3.489163977446186
0,0,05,"Furnishing, household equipment and routine household maintenance",345.92335209688025,3.4592335209688025,2021-12-10,133.06048354519294,2021,12,2021-12,9.84136914152769,1.6435070471957358
0,0,05,"Furnishing, household equipment and routine household maintenance",345.92335209688025,3.4592335209688025,2022-01-10,135.2600558077409,2022,1,2022-01,12.045289327755238,1.6530619789916212
0,0,05,"Furnishing, household equipment and routine household maintenance",345.92335209688025,3.4592335209688025,2022-02-10,135.73103430560533,2022,2,2022-02,12.282027451937584,0.3482022057819334
0,0,05,"Furnishing, household equipment and routine household maintenance",345.92335209688025,3.4592335209688025,2022-03-10,136.99781733826498,2022,3,2022-03,12.451242353389947,0.9333038970346541
0,0,05,"Furnishing, household equipment and routine household maintenance",345.92335209688025,3.4592335209688025,2022-04-10,139.51301168118513,2022,4,2022-04,14.212989742186387,1.8359375293621083
0,0,05,"Furnishing, household equipment and routine household maintenance",345.92335209688025,3.4592335209688025,2022-05-10,142.57095324755537,2022,5,2022-05,16.280891157270627,2.191868363761107
0,0,05,"Furnishing, household equipment and routine household maintenance",345.92335209688025,3.4592335209688025,2022-06-10,146.23682093038292,2022,6,2022-06,19.307946316735446,2.5712584501432545
0,0,05,"Furnishing, household equipment and routine household maintenance",345.92335209688025,3.4592335209688025,2022-07-10,149.91512789306455,2022,7,2022-07,21.906077249043832,2.5153083466117776
0,0,05,"Furnishing, household equipment and routine household maintenance",345.92335209688025,3.4592335209688025,2022-08-10,151.85306674847575,2022,8,2022-08,22.844314634997254,1.2926906594733722
0,0,05,"Furnishing, household equipment and routine household maintenance",345.92335209688025,3.4592335209688025,2022-09-10,152.12267054438004,2022,9,2022-09,22.45738193838973,0.17754254272048797
0,0,05,"Furnishing, household equipment and routine household maintenance",345.92335209688025,3.4592335209688025,2022-10-10,153.58453570876478,2022,10,2022-10,21.415158648511067,0.9609778471238783
0,0,05,"Furnishing, household equipment and routine household maintenance",345.92335209688025,3.4592335209688025,2022-11-10,154.20609112946443,2022,11,2022-11,17.796414779408632,0.4046992217226153
0,0,05,"Furnishing, household equipment and routine household maintenance",345.92335209688025,3.4592335209688025,2022-12-10,154.5040723508357,2022,12,2022-12,16.11567028340133,0.19323570112488309
0,0,05,"Furnishing, household equipment and routine household maintenance",345.92335209688025,3.4592335209688025,2023-01-10,155.04501651715717,2023,1,2023-01,14.627349213531794,0.3501164455349315
0,0,05,"Furnishing, household equipment and routine household maintenance",345.92335209688025,3.4592335209688025,2023-02-10,154.89166414229177,2023,2,2023-02,14.116616685868099,-0.09890829019223446
0,0,05,"Furnishing, household equipment and routine household maintenance",345.92335209688025,3.4592335209688025,2023-03-10,155.1869008842186,2023,3,2023-03,13.276914843863885,0.19060854150008133
0,0,05,"Furnishing, household equipment and routine household maintenance",345.92335209688025,3.4592335209688025,2023-04-10,155.58007050450883,2023,4,2023-04,11.516530701838846,0.25335232422971643
0,0,05,"Furnishing, household equipment and routine household maintenance",345.92335209688025,3.4592335209688025,2023-05-10,156.52337842250017,2023,5,2023-05,9.786302789684154,0.6063166798500719
0,0,05,"Furnishing, household equipment and routine household maintenance",345.92335209688025,3.4592335209688025,2023-06-10,155.73839956340672,2023,6,2023-06,6.497391404280517,-0.5015090186557214
0,0,05,"Furnishing, household equipment and routine household maintenance",345.92335209688025,3.4592335209688025,2023-07-10,155.93489216616996,2023,7,2023-07,4.015448179051906,0.12616837165020378
0,0,05,"Furnishing, household equipment and routine household maintenance",345.92335209688025,3.4592335209688025,2023-08-10,156.2159755242501,2023,8,2023-08,2.8731120610167915,0.18025687142593227
0,0,05,"Furnishing, household equipment and routine household maintenance",345.92335209688025,3.4592335209688025,2023-09-10,157.56955276041444,2023,9,2023-09,3.580585455502727,0.8664781125117482
0,0,05,"Furnishing, household equipment and routine household maintenance",345.92335209688025,3.4592335209688025,2023-10-10,157.78638418885848,2023,10,2023-10,2.7358538805374755,0.13760997898732974
0,0,05,"Furnishing, household equipment and routine household maintenance",345.92335209688025,3.4592335209688025,2023-11-10,159.08459374229182,2023,11,2023-11,3.163625105270085,0.8227639920308283
0,0,05,"Furnishing, household equipment and routine household maintenance",345.92335209688025,3.4592335209688025,2023-12-10,159.5532623374443,2023,12,2023-12,3.2679979949934657,0.29460338309799106
0,0,05,"Furnishing, household equipment and routine household maintenance",345.92335209688025,3.4592335209688025,2024-01-10,159.93443313168495,2024,1,2024-01,3.153546450160638,0.23889877816130056
0,0,05,"Furnishing, household equipment and routine household maintenance",345.92335209688025,3.4592335209688025,2024-02-10,160.48410771253043,2024,2,2024-02,3.6105516724910025,0.34368745371604614
0,0,05,"Furnishing, household equipment and routine household maintenance",345.92335209688025,3.4592335209688025,2024-03-10,160.414251945403,2024,3,2024-03,3.3684228703583674,-0.0435281524900577
0,0,05,"Furnishing, household equipment and routine household maintenance",345.92335209688025,3.4592335209688025,2024-04-10,160.50228631281797,2024,4,2024-04,3.1637829911939086,0.05487939278918663
0,0,05,"Furnishing, household equipment and routine household maintenance",345.92335209688025,3.4592335209688025,2024-05-10,161.43032583252807,2024,5,2024-05,3.134961345379783,0.5782095327298675
0,0,05,"Furnishing, household equipment and routine household maintenance",345.92335209688025,3.4592335209688025,2024-06-10,161.86352083705518,2024,6,2024-06,3.9329550649162215,0.26834797135733
0,0,05,"Furnishing, household equipment and routine household maintenance",345.92335209688025,3.4592335209688025,2024-07-10,162.3304238852974,2024,7,2024-07,4.101411576513692,0.28845477092533933
0,0,05,"Furnishing, household equipment and routine household maintenance",345.92335209688025,3.4592335209688025,2024-08-10,163.58229103519082,2024,8,2024-08,4.715468751656071,0.7711845505793846
0,0,05,"Furnishing, household equipment and routine household maintenance",345.92335209688025,3.4592335209688025,2024-09-10,164.00372198203195,2024,9,2024-09,4.083383565478993,0.2576262651502237
0,0,05,"Furnishing, household equipment and routine household maintenance",345.92335209688025,3.4592335209688025,2024-10-10,164.48976327156797,2024,10,2024-10,4.2483888056437324,0.2963599140690665
0,0,05,"Furnishing, household equipment and routine household maintenance",345.92335209688025,3.4592335209688025,2024-11-10,164.6649566256874,2024,11,2024-11,3.5077959167029604,0.10650714709230513
0,0,05,"Furnishing, household equipment and routine household maintenance",345.92335209688025,3.4592335209688025,2024-12-10,165.41134577872847,2024,12,2024-12,3.671553533574712,0.45327747222971837
0,0,05,"Furnishing, household equipment and routine household maintenance",345.92335209688025,3.4592335209688025,2025-01-10,166.79729188289588,2025,1,2025-01,4.291045159462481,0.8378785008021028
0,0,05,"Furnishing, household equipment and routine household maintenance",345.92335209688025,3.4592335209688025,2025-02-10,167.44174222300785,2025,2,2025-02,4.335404053179137,0.3863673881254748
0,0,05,"Furnishing, household equipment and routine household maintenance",345.92335209688025,3.4592335209688025,2025-03-10,168.05582406358633,2025,3,2025-03,4.76364913061722,0.3667435804392216
0,0,05,"Furnishing, household equipment and routine household maintenance",345.92335209688025,3.4592335209688025,2025-04-10,168.70579349334267,2025,4,2025-04,5.111146619142937,0.3867580510095392
0,0,05,"Furnishing, household equipment and routine household maintenance",345.92335209688025,3.4592335209688025,2025-05-10,169.74253170888113,2025,5,2025-05,5.149098122354268,0.6145243705453218
0,0,05,"Furnishing, household equipment and routine household maintenance",345.92335209688025,3.4592335209688025,2025-06-10,170.27688856603376,2025,6,2025-06,5.197815842303433,0.3148043402988021
0,0,05,"Furnishing, household equipment and routine household maintenance",345.92335209688025,3.4592335209688025,2025-07-10,171.44632153725516,2025,7,2025-07,5.6156433487779545,0.6867831454225204
0,0,05,"Furnishing, household equipment and routine household maintenance",345.92335209688025,3.4592335209688025,2025-08-10,174.12096940927174,2025,8,2025-08,6.442432311828772,1.560049727538404
0,0,05,"Furnishing, household equipment and routine household maintenance",345.92335209688025,3.4592335209688025,2025-09-10,174.32651594081386,2025,9,2025-09,6.294243712293834,0.11804812036106949
0,0,05,"Furnishing, household equipment and routine household maintenance",345.92335209688025,3.4592335209688025,2025-10-10,175.73925465946928,2025,10,2025-10,6.839022176309362,0.810398068837137
0,0,05,"Furnishing, household equipment and routine household maintenance",345.92335209688025,3.4592335209688025,2025-11-10,177.73724511540894,2025,11,2025-11,7.93871917716964,1.13690618513842
0,0,05,"Furnishing, household equipment and routine household maintenance",345.92335209688025,3.4592335209688025,2025-12-10,177.63731914135846,2025,12,2025-12,7.391254393749214,-0.0562211786199307
0,0,05,"Furnishing, household equipment and routine household maintenance",345.92335209688025,3.4592335209688025,2026-01-10,177.94705462858482,2026,1,2026-01,6.684618568937495,0.1743639730229729
0,0,05,"Furnishing, household equipment and routine household maintenance",345.92335209688025,3.4592335209688025,2026-02-10,179.2630578437148,2026,2,2026-02,7.059957370105896,0.7395476243631904
0,0,05,"Furnishing, household equipment and routine household maintenance",345.92335209688025,3.4592335209688025,2026-03-10,180.06220198546396,2026,3,2026-03,7.144279580179758,0.4457941035714619
0,0,05,"Furnishing, household equipment and routine household maintenance",345.92335209688025,3.4592335209688025,2026-04-10,182.59764959965423,2026,4,2026-04,8.234368137961878,1.40809541715754
0,0,05,"Furnishing, household equipment and routine household maintenance",345.92335209688025,3.4592335209688025,2026-05-10,186.3530526928513,2026,5,2026-05,9.785715351800107,2.056654672954883
0,0,05,"Furnishing, household equipment and routine household maintenance",345.92335209688025,3.4592335209688025,2026-06-10,187.65598554933027,2026,6,2026-06,10.2063745289525,0.6991744098909347
0,0,05,"Furnishing, household equipment and routine household maintenance",345.92335209688025,3.4592335209688025,2026-07-10,189.25900911957325,2026,7,2026-07,10.389658653858834,0.854235246240842
0,0,05,"Furnishing, household equipment and routine household maintenance",345.92335209688025,3.4592335209688025,2026-08-10,191.83132213627374,2026,8,2026-08,10.171292284373724,1.3591495742616422
0,0,06,Health,121.09522911844475,1.2109522911844475,2009-02-01,85.51096142058383,2009,2,2009-02,,
0,0,06,Health,121.09522911844475,1.2109522911844475,2009-03-01,86.03312473124267,2009,3,2009-03,,0.6106390361939606
0,0,06,Health,121.09522911844475,1.2109522911844475,2009-04-01,85.80956287840014,2009,4,2009-04,,-0.25985555394030246
0,0,06,Health,121.09522911844475,1.2109522911844475,2009-05-01,85.99544541627846,2009,5,2009-05,,0.21662217081996893
0,0,06,Health,121.09522911844475,1.2109522911844475,2009-06-01,85.95895507552127,2009,6,2009-06,,-0.04243287604424051
0,0,06,Health,121.09522911844475,1.2109522911844475,2009-07-01,87.07062396811416,2009,7,2009-07,,1.2932554747974834
0,0,06,Health,121.09522911844475,1.2109522911844475,2009-08-01,87.38357753406468,2009,8,2009-08,,0.35942497215264435
0,0,06,Health,121.09522911844475,1.2109522911844475,2009-09-01,87.08057155967803,2009,9,2009-09,,-0.3467539129632602
0,0,06,Health,121.09522911844475,1.2109522911844475,2009-10-01,87.8842533850721,2009,10,2009-10,,0.92291749008937
0,0,06,Health,121.09522911844475,1.2109522911844475,2009-11-01,88.10818362622592,2009,11,2009-11,,0.25480132393302934
0,0,06,Health,121.09522911844475,1.2109522911844475,2009-12-01,87.83565955999426,2009,12,2009-12,,-0.30930619043035845
0,0,06,Health,121.09522911844475,1.2109522911844475,2010-01-01,88.04021373123494,2010,1,2010-01,,0.2328828317170739
0,0,06,Health,121.09522911844475,1.2109522911844475,2010-02-01,87.91755301051177,2010,2,2010-02,2.8143661934651565,-0.13932351538540333
0,0,06,Health,121.09522911844475,1.2109522911844475,2010-03-01,87.16564960818349,2010,3,2010-03,1.3163823590956358,-0.855236953920202
0,0,06,Health,121.09522911844475,1.2109522911844475,2010-04-01,87.19075677461197,2010,4,2010-04,1.6096036966988247,0.028803968697932447
0,0,06,Health,121.09522911844475,1.2109522911844475,2010-05-01,87.03110949806465,2010,5,2010-05,1.2043243415658322,-0.18310114793476107
0,0,06,Health,121.09522911844475,1.2109522911844475,2010-06-01,87.01443050793273,2010,6,2010-06,1.2278830419519826,-0.019164400210580634
0,0,06,Health,121.09522911844475,1.2109522911844475,2010-07-01,86.44051226604392,2010,7,2010-07,-0.7236788636096003,-0.6595667391473437
0,0,06,Health,121.09522911844475,1.2109522911844475,2010-08-01,86.36529287973217,2010,8,2010-08,-1.165304377628118,-0.08701867254123918
0,0,06,Health,121.09522911844475,1.2109522911844475,2010-09-01,85.72896212116363,2010,9,2010-09,-1.5521366181986074,-0.7367899040817916
0,0,06,Health,121.09522911844475,1.2109522911844475,2010-10-01,85.903507704256,2010,10,2010-10,-2.2538118087404135,0.203601651966423
0,0,06,Health,121.09522911844475,1.2109522911844475,2010-11-01,85.51674973658757,2010,11,2010-11,-2.941195451981826,-0.45022371961799257
0,0,06,Health,121.09522911844475,1.2109522911844475,2010-12-01,85.99256953076112,2010,12,2010-12,-2.0983391466130596,0.5564053774718802
0,0,06,Health,121.09522911844475,1.2109522911844475,2011-01-01,87.03992176087004,2011,1,2011-01,-1.1361762176299806,1.2179566627954719
0,0,06,Health,121.09522911844475,1.2109522911844475,2011-02-01,86.81822208608824,2011,2,2011-02,-1.250411194101464,-0.25471033325477066
0,0,06,Health,121.09522911844475,1.2109522911844475,2011-03-01,86.99892294272173,2011,3,2011-03,-0.19127565297936133,0.20813701581485766
0,0,06,Health,121.09522911844475,1.2109522911844475,2011-04-01,86.85075293697425,2011,4,2011-04,-0.3899539930782292,-0.17031245989681532
0,0,06,Health,121.09522911844475,1.2109522911844475,2011-05-01,86.5654185596893,2011,5,2011-05,-0.5350856045167385,-0.32853414350016985
0,0,06,Health,121.09522911844475,1.2109522911844475,2011-06-01,87.28288807748311,2011,6,2011-06,0.30852074533305185,0.8288177077305781
0,0,06,Health,121.09522911844475,1.2109522911844475,2011-07-01,87.49121938673267,2011,7,2011-07,1.2155262540033407,0.23868516938236883
0,0,06,Health,121.09522911844475,1.2109522911844475,2011-08-01,87.56354540066586,2011,8,2011-08,1.3874236756220126,0.08266659721987146
0,0,06,Health,121.09522911844475,1.2109522911844475,2011-09-01,87.60295316114777,2011,9,2011-09,2.1859485914871524,0.04500475660458303
0,0,06,Health,121.09522911844475,1.2109522911844475,2011-10-01,87.83553892826441,2011,10,2011-10,2.249071400739422,0.26549991606881207
0,0,06,Health,121.09522911844475,1.2109522911844475,2011-11-01,87.5268175543463,2011,11,2011-11,2.3504960419452603,-0.35147660922334456
0,0,06,Health,121.09522911844475,1.2109522911844475,2011-12-01,87.46184669418639,2011,12,2011-12,1.7086094431678633,-0.07422966123447061
0,0,06,Health,121.09522911844475,1.2109522911844475,2012-01-01,87.52137410322958,2012,1,2012-01,0.5531396773106545,0.06806100178895491
0,0,06,Health,121.09522911844475,1.2109522911844475,2012-02-01,87.62447614545745,2012,2,2012-02,0.928669166444962,0.11780212923333533
0,0,06,Health,121.09522911844475,1.2109522911844475,2012-03-01,88.2419614856664,2012,3,2012-03,1.4287976228890331,0.7046950434076438
0,0,06,Health,121.09522911844475,1.2109522911844475,2012-04-01,88.31809442497043,2012,4,2012-04,1.689497716917887,0.08627747844929257
0,0,06,Health,121.09522911844475,1.2109522911844475,2012-05-01,88.1714646395645,2012,5,2012-05,1.8552975386675774,-0.16602462537332885
0,0,06,Health,121.09522911844475,1.2109522911844475,2012-06-01,88.52681978883201,2012,6,2012-06,1.4251724922812459,0.4030273861505673
0,0,06,Health,121.09522911844475,1.2109522911844475,2012-07-01,88.82437894330775,2012,7,2012-07,1.5237638312962432,0.3361231716958901
0,0,06,Health,121.09522911844475,1.2109522911844475,2012-08-01,89.13170414073974,2012,8,2012-08,1.7908808202071302,0.34599194622924045
0,0,06,Health,121.09522911844475,1.2109522911844475,2012-09-01,89.10667877579661,2012,9,2012-09,1.71652388462602,-0.028076838858170916
0,0,06,Health,121.09522911844475,1.2109522911844475,2012-10-01,89.2369171094031,2012,10,2012-10,1.5954569166851673,0.14616001336351658
0,0,06,Health,121.09522911844475,1.2109522911844475,2012-11-01,88.98793266259322,2012,11,2012-11,1.6693342098719643,-0.2790150700798244
0,0,06,Health,121.09522911844475,1.2109522911844475,2012-12-01,88.83243055981194,2012,12,2012-12,1.567064860198819,-0.17474515715617533
0,0,06,Health,121.09522911844475,1.2109522911844475,2013-01-01,88.59582305643708,2013,1,2013-01,1.2276417780417992,-0.26635261681323685
0,0,06,Health,121.09522911844475,1.2109522911844475,2013-02-01,88.58952821136884,2013,2,2013-02,1.101349883461089,-0.007105126236295334
0,0,06,Health,121.09522911844475,1.2109522911844475,2013-03-01,88.95667214177404,2013,3,2013-03,0.8099442080327535,0.41443265114722294
0,0,06,Health,121.09522911844475,1.2109522911844475,2013-04-01,89.72152080545617,2013,4,2013-04,1.58905871964663,0.8597990968717495
0,0,06,Health,121.09522911844475,1.2109522911844475,2013-05-01,89.67166414971379,2013,5,2013-05,1.7014569467366236,-0.05556822409472639
0,0,06,Health,121.09522911844475,1.2109522911844475,2013-06-01,89.83104260651592,2013,6,2013-06,1.4732516324374334,0.17773558494023067
0,0,06,Health,121.09522911844475,1.2109522911844475,2013-07-01,89.552018824132,2013,7,2013-07,0.8191893818797924,-0.3106095335062675
0,0,06,Health,121.09522911844475,1.2109522911844475,2013-08-01,89.68362087761234,2013,8,2013-08,0.6192148374063677,0.14695598737843873
0,0,06,Health,121.09522911844475,1.2109522911844475,2013-09-01,90.01063448295483,2013,9,2013-09,1.0144645940992625,0.3646302436748794
0,0,06,Health,121.09522911844475,1.2109522911844475,2013-10-01,89.92888236348263,2013,10,2013-10,0.775424876266384,-0.09082495634188392
0,0,06,Health,121.09522911844475,1.2109522911844475,2013-11-01,89.94998775345672,2013,11,2013-11,1.081107361501732,0.023468978396490314
0,0,06,Health,121.09522911844475,1.2109522911844475,2013-12-01,90.05713882653585,2013,12,2013-12,1.378672472435949,0.1191229434881258
0,0,06,Health,121.09522911844475,1.2109522911844475,2014-01-01,100.37605607149328,2014,1,2014-01,13.296600910352163,11.458189077973358
0,0,06,Health,121.09522911844475,1.2109522911844475,2014-02-01,100,2014,2,2014-02,12.880158658714723,-0.3746471879961466
0,0,06,Health,121.09522911844475,1.2109522911844475,2014-03-01,100.2487105149612,2014,3,2014-03,12.693863317178234,0.24871051496120344
0,0,06,Health,121.09522911844475,1.2109522911844475,2014-04-01,100.17771873951247,2014,4,2014-04,11.654057844971843,-0.07081564948223651
0,0,06,Health,121.09522911844475,1.2109522911844475,2014-05-01,100.36463519274089,2014,5,2014-05,11.924581911599574,0.18658485697249372
0,0,06,Health,121.09522911844475,1.2109522911844475,2014-06-01,101.28589988816523,2014,6,2014-06,12.751557756960086,0.9179176446515669
0,0,06,Health,121.09522911844475,1.2109522911844475,2014-07-01,101.48833042481603,2014,7,2014-07,13.328914029426087,0.19986053031497697
0,0,06,Health,121.09522911844475,1.2109522911844475,2014-08-01,101.93506847393807,2014,8,2014-08,13.660741478139915,0.44018661776390466
0,0,06,Health,121.09522911844475,1.2109522911844475,2014-09-01,101.8962846496297,2014,9,2014-09,13.204717681359801,-0.03804757762857491
0,0,06,Health,121.09522911844475,1.2109522911844475,2014-10-01,101.49552861345458,2014,10,2014-10,12.861992661290778,-0.3932979868236819
0,0,06,Health,121.09522911844475,1.2109522911844475,2014-11-01,101.68871668673016,2014,11,2014-11,13.050284081692197,0.1903414622444366
0,0,06,Health,121.09522911844475,1.2109522911844475,2014-12-01,101.52187681451707,2014,12,2014-12,12.730515467590076,-0.1640692081178119
0,0,06,Health,121.09522911844475,1.2109522911844475,2015-01-01,101.41944510278888,2015,1,2015-01,1.039480003629989,-0.10089619591581167
0,0,06,Health,121.09522911844475,1.2109522911844475,2015-02-01,101.77229890634507,2015,2,2015-02,1.7722989063450711,0.34791533635247784
0,0,06,Health,121.09522911844475,1.2109522911844475,2015-03-01,101.87860971105299,2015,3,2015-03,1.625855522449382,0.10445947065198524
0,0,06,Health,121.09522911844475,1.2109522911844475,2015-04-01,102.1088589432631,2015,4,2015-04,1.9277142942055736,0.22600350835484395
0,0,06,Health,121.09522911844475,1.2109522911844475,2015-05-01,102.18062006731624,2015,5,2015-05,1.8093872120273469,0.07027903826934967
0,0,06,Health,121.09522911844475,1.2109522911844475,2015-06-01,102.12548134284678,2015,6,2015-06,0.8289223431974024,-0.053962017878861346
0,0,06,Health,121.09522911844475,1.2109522911844475,2015-07-01,102.11644261820129,2015,7,2015-07,0.6189009029472281,-0.008850606652366366
0,0,06,Health,121.09522911844475,1.2109522911844475,2015-08-01,101.97065691137918,2015,8,2015-08,0.03491284988954568,-0.14276418477207065
0,0,06,Health,121.09522911844475,1.2109522911844475,2015-09-01,101.83918494171714,2015,9,2015-09,-0.05603708526655815,-0.12893117848236102
0,0,06,Health,121.09522911844475,1.2109522911844475,2015-10-01,101.55738297015981,2015,10,2015-10,0.06094293763501124,-0.27671271300787614
0,0,06,Health,121.09522911844475,1.2109522911844475,2015-11-01,101.6882425271465,2015,11,2015-11,-0.0004662853452241933,0.1288528250330545
0,0,06,Health,121.09522911844475,1.2109522911844475,2015-12-01,101.74863977796537,2015,12,2015-12,0.223363643939134,0.059394527152667465
0,0,06,Health,121.09522911844475,1.2109522911844475,2016-01-01,101.6909778100377,2016,1,2016-01,0.26773239290909245,-0.05667099634304451
0,0,06,Health,121.09522911844475,1.2109522911844475,2016-02-01,101.68518230394993,2016,2,2016-02,-0.0855995229854356,-0.005699134979886278
0,0,06,Health,121.09522911844475,1.2109522911844475,2016-03-01,101.75776464220301,2016,3,2016-03,-0.11861672356220376,0.07137946415449736
0,0,06,Health,121.09522911844475,1.2109522911844475,2016-04-01,101.8196859476537,2016,4,2016-04,-0.28320069247868007,0.060851676202200444
0,0,06,Health,121.09522911844475,1.2109522911844475,2016-05-01,101.2358213530711,2016,5,2016-05,-0.9246359178704422,-0.5734299699988843
0,0,06,Health,121.09522911844475,1.2109522911844475,2016-06-01,101.03709624986445,2016,6,2016-06,-1.0657331340534926,-0.19629919582869748
0,0,06,Health,121.09522911844475,1.2109522911844475,2016-07-01,101.53870011146383,2016,7,2016-07,-0.5657683443767825,0.4964551439195386
0,0,06,Health,121.09522911844475,1.2109522911844475,2016-08-01,101.57874773096934,2016,8,2016-08,-0.38433525121882584,0.03944074472250758
0,0,06,Health,121.09522911844475,1.2109522911844475,2016-09-01,101.30174691771724,2016,9,2016-09,-0.5277320555024834,-0.27269563706942
0,0,06,Health,121.09522911844475,1.2109522911844475,2016-10-01,101.7344846244685,2016,10,2016-10,0.1743857995639031,0.4271769440489015
0,0,06,Health,121.09522911844475,1.2109522911844475,2016-11-01,101.76028580381085,2016,11,2016-11,0.07084720403651712,0.025361291638326122
0,0,06,Health,121.09522911844475,1.2109522911844475,2016-12-01,101.71845969886466,2016,12,2016-12,-0.02966140792305394,-0.04110258202971728
0,0,06,Health,121.09522911844475,1.2109522911844475,2017-01-01,106.35287633984626,2017,1,2017-01,4.5843777198377955,4.556121528679946
0,0,06,Health,121.09522911844475,1.2109522911844475,2017-02-01,106.51428381355987,2017,2,2017-02,4.749071005424521,0.15176596935455589
0,0,06,Health,121.09522911844475,1.2109522911844475,2017-03-01,106.64697161574446,2017,3,2017-03,4.804750763475107,0.12457277787911725
0,0,06,Health,121.09522911844475,1.2109522911844475,2017-04-01,106.58228565253111,2017,4,2017-04,4.677484182504665,-0.06065428978744292
0,0,06,Health,121.09522911844475,1.2109522911844475,2017-05-01,106.53686601706997,2017,5,2017-05,5.23633294336685,-0.042614619477399085
0,0,06,Health,121.09522911844475,1.2109522911844475,2017-06-01,106.4127729027449,2017,6,2017-06,5.32049796798042,-0.11647903581580854
0,0,06,Health,121.09522911844475,1.2109522911844475,2017-07-01,106.55123142667918,2017,7,2017-07,4.9365722721611105,0.13011457192344533
0,0,06,Health,121.09522911844475,1.2109522911844475,2017-08-01,106.54472799129394,2017,8,2017-08,4.888798465479183,-0.006103575996407873
0,0,06,Health,121.09522911844475,1.2109522911844475,2017-09-01,106.4570789060772,2017,9,2017-09,5.089084981473624,-0.08226506075823536
0,0,06,Health,121.09522911844475,1.2109522911844475,2017-10-01,106.37125518708567,2017,10,2017-10,4.557717650738424,-0.08061814195301498
0,0,06,Health,121.09522911844475,1.2109522911844475,2017-11-01,106.42755365412556,2017,11,2017-11,4.586531782460779,0.052926391571550546
0,0,06,Health,121.09522911844475,1.2109522911844475,2017-12-01,106.65849782161456,2017,12,2017-12,4.856579756884605,0.21699659492271373
0,0,06,Health,121.09522911844475,1.2109522911844475,2018-01-01,106.49975089636372,2018,1,2018-01,0.13810116056300892,-0.14883664076756897
0,0,06,Health,121.09522911844475,1.2109522911844475,2018-02-01,106.39473707635248,2018,2,2018-02,-0.11223540442391045,-0.09860475646880085
0,0,06,Health,121.09522911844475,1.2109522911844475,2018-03-01,106.46598470408033,2018,3,2018-03,-0.16970656449227794,0.06696536848125323
0,0,06,Health,121.09522911844475,1.2109522911844475,2018-04-10,106.42953091385723,2018,4,2018-04,-0.14332094469420298,-0.03423984695620774
0,0,06,Health,121.09522911844475,1.2109522911844475,2018-05-10,106.45704809825259,2018,5,2018-05,-0.07492046819229659,0.025854839497152504
0,0,06,Health,121.09522911844475,1.2109522911844475,2018-06-10,106.34401342658226,2018,6,2018-06,-0.0646158109473216,-0.10617866424963429
0,0,06,Health,121.09522911844475,1.2109522911844475,2018-07-10,106.51404811494103,2018,7,2018-07,-0.03489712060600336,0.15989117100245753
0,0,06,Health,121.09522911844475,1.2109522911844475,2018-08-10,106.67435554927661,2018,8,2018-08,0.12166491991350004,0.1505035600211091
0,0,06,Health,121.09522911844475,1.2109522911844475,2018-09-10,106.6028666905755,2018,9,2018-09,0.13694512943278614,-0.06701597430143202
0,0,06,Health,121.09522911844475,1.2109522911844475,2018-10-10,106.40454758077297,2018,10,2018-10,0.031298299177495714,-0.186035437844434
0,0,06,Health,121.09522911844475,1.2109522911844475,2018-11-10,106.43312737407821,2018,11,2018-11,0.005237102386823622,0.026859560004743877
0,0,06,Health,121.09522911844475,1.2109522911844475,2018-12-10,106.4341856235677,2018,12,2018-12,-0.21030879173079553,0.000994285816457996
0,0,06,Health,121.09522911844475,1.2109522911844475,2019-01-10,106.22734420615502,2019,1,2019-01,-0.25578152804675014,-0.19433738906428077
0,0,06,Health,121.09522911844475,1.2109522911844475,2019-02-10,106.37507286431396,2019,2,2019-02,-0.018482316493162454,0.139068390782926
0,0,06,Health,121.09522911844475,1.2109522911844475,2019-03-10,106.48140660001283,2019,3,2019-03,0.014485279946807594,0.09996114017660762
0,0,06,Health,121.09522911844475,1.2109522911844475,2019-04-10,106.66611384083271,2019,4,2019-04,0.22229067904748767,0.17346431336477952
0,0,06,Health,121.09522911844475,1.2109522911844475,2019-05-10,106.70816003271744,2019,5,2019-05,0.23588098575972882,0.03941850918791623
0,0,06,Health,121.09522911844475,1.2109522911844475,2019-06-10,106.62879108027016,2019,6,2019-06,0.2677890785873993,-0.07437945928685519
0,0,06,Health,121.09522911844475,1.2109522911844475,2019-07-10,107.01117466803157,2019,7,2019-07,0.46672393162081605,0.3586119507568597
0,0,06,Health,121.09522911844475,1.2109522911844475,2019-08-10,107.28846104529426,2019,8,2019-08,0.5756824054437004,0.25911908557483265
0,0,06,Health,121.09522911844475,1.2109522911844475,2019-09-10,107.17211666314738,2019,9,2019-09,0.5339912426784776,-0.10844072234176272
0,0,06,Health,121.09522911844475,1.2109522911844475,2019-10-10,106.95315023630491,2019,10,2019-10,0.5155819633700265,-0.20431286948516814
0,0,06,Health,121.09522911844475,1.2109522911844475,2019-11-10,107.42984440938764,2019,11,2019-11,0.9364725625380599,0.4457037235738426
0,0,06,Health,121.09522911844475,1.2109522911844475,2019-12-10,107.42469660184923,2019,12,2019-12,0.9306323644780123,-0.0047917853429946256
0,0,06,Health,121.09522911844475,1.2109522911844475,2020-01-10,107.41495633268013,2020,1,2020-01,1.1179909800063559,-0.009067066956869319
0,0,06,Health,121.09522911844475,1.2109522911844475,2020-02-10,107.21947805376607,2020,2,2020-02,0.7937998693821724,-0.18198422788409108
0,0,06,Health,121.09522911844475,1.2109522911844475,2020-03-10,107.24507037814074,2020,3,2020-03,0.717180400327111,0.023869099942674943
0,0,06,Health,121.09522911844475,1.2109522911844475,2020-04-10,107.26113155278912,2020,4,2020-04,0.5578319960585665,0.014976142578637663
0,0,06,Health,121.09522911844475,1.2109522911844475,2020-05-10,107.29358553302829,2020,5,2020-05,0.5486229920292462,0.03025698104182073
0,0,06,Health,121.09522911844475,1.2109522911844475,2020-06-10,107.25939833229923,2020,6,2020-06,0.5914042967572808,-0.03186322887731574
0,0,06,Health,121.09522911844475,1.2109522911844475,2020-07-10,107.20631835124985,2020,7,2020-07,0.18235822924441702,-0.04948748722692908
0,0,06,Health,121.09522911844475,1.2109522911844475,2020-08-10,107.1275725868636,2020,8,2020-08,-0.14995877176646744,-0.07345254048204408
0,0,06,Health,121.09522911844475,1.2109522911844475,2020-09-10,107.38345681849023,2020,9,2020-09,0.1971969593612899,0.2388593575376241
0,0,06,Health,121.09522911844475,1.2109522911844475,2020-10-10,107.33184011381425,2020,10,2020-10,0.3540708026576578,-0.048067650460559275
0,0,06,Health,121.09522911844475,1.2109522911844475,2020-11-10,107.24622136659528,2020,11,2020-11,-0.17092367935731545,-0.07977012890879598
0,0,06,Health,121.09522911844475,1.2109522911844475,2020-12-10,107.33346259424886,2020,12,2020-12,-0.0849283363010267,0.08134666801487
0,0,06,Health,121.09522911844475,1.2109522911844475,2021-01-10,107.32358388599734,2021,1,2021-01,-0.0850649200096476,-0.00920375436770371
0,0,06,Health,121.09522911844475,1.2109522911844475,2021-02-10,107.2909281855793,2021,2,2021-02,0.06663913414819422,-0.030427329423443616
0,0,06,Health,121.09522911844475,1.2109522911844475,2021-03-10,107.320592539587,2021,3,2021-03,0.07042017053089378,0.02764852025176623
0,0,06,Health,121.09522911844475,1.2109522911844475,2021-04-10,107.33464941697116,2021,4,2021-04,0.06854101119178058,0.0130980243879808
0,0,06,Health,121.09522911844475,1.2109522911844475,2021-05-10,107.33948972066429,2021,5,2021-05,0.04278372039479006,0.004509544419639688
0,0,06,Health,121.09522911844475,1.2109522911844475,2021-06-10,107.47260336668803,2021,6,2021-06,0.19877515416251157,0.12401181184125143
0,0,06,Health,121.09522911844475,1.2109522911844475,2021-07-10,107.4873620691335,2021,7,2021-07,0.26215219607004236,0.013732525297727172
0,0,06,Health,121.09522911844475,1.2109522911844475,2021-08-10,107.70922085403328,2021,8,2021-08,0.5429491709037393,0.20640453038291984
0,0,06,Health,121.09522911844475,1.2109522911844475,2021-09-10,107.87347607200839,2021,9,2021-09,0.4563265777022263,0.1524987523563226
0,0,06,Health,121.09522911844475,1.2109522911844475,2021-10-10,108.575550097286,2021,10,2021-10,1.158752129985774,0.6508310020611141
0,0,06,Health,121.09522911844475,1.2109522911844475,2021-11-10,108.85202621361795,2021,11,2021-11,1.497306689746769,0.25463938804290986
0,0,06,Health,121.09522911844475,1.2109522911844475,2021-12-10,109.15631018041613,2021,12,2021-12,1.69830315924695,0.279539093007819
0,0,06,Health,121.09522911844475,1.2109522911844475,2022-01-10,109.11210348244519,2022,1,2022-01,1.6664739768173176,-0.040498527201837664
0,0,06,Health,121.09522911844475,1.2109522911844475,2022-02-10,109.47380289353013,2022,2,2022-02,2.0345380032272153,0.33149339032139125
0,0,06,Health,121.09522911844475,1.2109522911844475,2022-03-10,109.2986148570919,2022,3,2022-03,1.843096716760373,-0.16002735979548932
0,0,06,Health,121.09522911844475,1.2109522911844475,2022-04-10,109.31454215768794,2022,4,2022-04,1.8445979480729902,0.014572280368652102
0,0,06,Health,121.09522911844475,1.2109522911844475,2022-05-10,109.66106933561473,2022,5,2022-05,2.162838318862903,0.31700007253099294
0,0,06,Health,121.09522911844475,1.2109522911844475,2022-06-10,109.89956943426662,2022,6,2022-06,2.2582183659383137,0.21748839410089538
0,0,06,Health,121.09522911844475,1.2109522911844475,2022-07-10,109.6009385145927,2022,7,2022-07,1.9663487918698763,-0.2717307458174778
0,0,06,Health,121.09522911844475,1.2109522911844475,2022-08-10,109.43518005650412,2022,8,2022-08,1.6024247402270708,-0.15123817399291806
0,0,06,Health,121.09522911844475,1.2109522911844475,2022-09-10,109.95624189809384,2022,9,2022-09,1.9307487826712322,0.47613741880871974
0,0,06,Health,121.09522911844475,1.2109522911844475,2022-10-10,110.61229810851496,2022,10,2022-10,1.8758809044982838,0.5966520854988389
0,0,06,Health,121.09522911844475,1.2109522911844475,2022-11-10,110.42411416929971,2022,11,2022-11,1.4442431715479653,-0.170129309699929
0,0,06,Health,121.09522911844475,1.2109522911844475,2022-12-10,110.66275063212741,2022,12,2022-12,1.3800763778304859,0.21610901262185678
0,0,06,Health,121.09522911844475,1.2109522911844475,2023-01-10,110.64650721455851,2023,1,2023-01,1.4062635428526926,-0.014678306364257487
0,0,06,Health,121.09522911844475,1.2109522911844475,2023-02-10,110.50848523411568,2023,2,2023-02,0.9451414980000683,-0.12474138038102156
0,0,06,Health,121.09522911844475,1.2109522911844475,2023-03-10,110.67767537430626,2023,3,2023-03,1.2617364996047487,0.15310149246199334
0,0,06,Health,121.09522911844475,1.2109522911844475,2023-04-10,111.16094489439355,2023,4,2023-04,1.6890732927757668,0.43664588947400773
0,0,06,Health,121.09522911844475,1.2109522911844475,2023-05-10,111.08160639790796,2023,5,2023-05,1.2953886651841051,-0.07137263592079668
0,0,06,Health,121.09522911844475,1.2109522911844475,2023-06-10,111.13320501903645,2023,6,2023-06,1.122511754250044,0.04645109375143175
0,0,06,Health,121.09522911844475,1.2109522911844475,2023-07-10,111.09898655664198,2023,7,2023-07,1.3668204509488024,-0.030790493614052394
0,0,06,Health,121.09522911844475,1.2109522911844475,2023-08-10,111.07672275867426,2023,8,2023-08,1.5000137079525633,-0.02003960491246959
0,0,06,Health,121.09522911844475,1.2109522911844475,2023-09-10,111.53021065042205,2023,9,2023-09,1.43145011611705,0.4082654587613588
0,0,06,Health,121.09522911844475,1.2109522911844475,2023-10-10,111.56004428833093,2023,10,2023-10,0.8568180898711475,0.026749378249091293
0,0,06,Health,121.09522911844475,1.2109522911844475,2023-11-10,111.62681751884293,2023,11,2023-11,1.089167306064387,0.059854073147747044
0,0,06,Health,121.09522911844475,1.2109522911844475,2023-12-10,111.78882132645208,2023,12,2023-12,1.0175697675074424,0.145129827410706
0,0,06,Health,121.09522911844475,1.2109522911844475,2024-01-10,112.18483645261014,2024,1,2024-01,1.3903098044194095,0.3542528863432537
0,0,06,Health,121.09522911844475,1.2109522911844475,2024-02-10,112.52024825259208,2024,2,2024-02,1.8204602245831314,0.298981404785148
0,0,06,Health,121.09522911844475,1.2109522911844475,2024-03-10,113.0248448152245,2024,3,2024-03,2.1207252799448684,0.4484495639395236
0,0,06,Health,121.09522911844475,1.2109522911844475,2024-04-10,112.97282488112549,2024,4,2024-04,1.6299609439747842,-0.04602522054690805
0,0,06,Health,121.09522911844475,1.2109522911844475,2024-05-10,113.69472585331388,2024,5,2024-05,2.3524321803966464,0.6390040905394745
0,0,06,Health,121.09522911844475,1.2109522911844475,2024-06-10,113.80627658197041,2024,6,2024-06,2.40528612710853,0.09811425096397652
0,0,06,Health,121.09522911844475,1.2109522911844475,2024-07-10,114.20236227671396,2024,7,2024-07,2.7933429604146465,0.3480350176101821
0,0,06,Health,121.09522911844475,1.2109522911844475,2024-08-10,115.18216229594454,2024,8,2024-08,3.696039489920633,0.8579507461119906
0,0,06,Health,121.09522911844475,1.2109522911844475,2024-09-10,114.84345524263865,2024,9,2024-09,2.9707149057590865,-0.29406207224659253
0,0,06,Health,121.09522911844475,1.2109522911844475,2024-10-10,114.75833714136216,2024,10,2024-10,2.866880228879376,-0.0741166321551856
0,0,06,Health,121.09522911844475,1.2109522911844475,2024-11-10,114.85391778283243,2024,11,2024-11,2.8909722015901362,0.08328862534190407
0,0,06,Health,121.09522911844475,1.2109522911844475,2024-12-10,114.20023440353606,2024,12,2024-12,2.1571146814778785,-0.5691433012606217
0,0,06,Health,121.09522911844475,1.2109522911844475,2025-01-10,114.59517399819826,2025,1,2025-01,2.1485413018418997,0.3458308091265794
0,0,06,Health,121.09522911844475,1.2109522911844475,2025-02-10,114.47209141312538,2025,2,2025-02,1.7346594864878773,-0.10740642976362347
0,0,06,Health,121.09522911844475,1.2109522911844475,2025-03-10,115.1755863418506,2025,3,2025-03,1.9028927048227118,0.614555845045528
0,0,06,Health,121.09522911844475,1.2109522911844475,2025-04-10,115.59958439743187,2025,4,2025-04,2.3251251078038937,0.36813188371604966
0,0,06,Health,121.09522911844475,1.2109522911844475,2025-05-10,115.25765893560936,2025,5,2025-05,1.3746750964613197,-0.29578433487007505
0,0,06,Health,121.09522911844475,1.2109522911844475,2025-06-10,115.57978080353838,2025,6,2025-06,1.5583536117980135,0.2794797941445104
0,0,06,Health,121.09522911844475,1.2109522911844475,2025-07-10,186.99452133003496,2025,7,2025-07,63.739626398396695,61.78826437461997
0,0,06,Health,121.09522911844475,1.2109522911844475,2025-08-10,186.56391175287834,2025,8,2025-08,61.972920141513164,-0.23027924780566478
0,0,06,Health,121.09522911844475,1.2109522911844475,2025-09-10,186.67213755377855,2025,9,2025-09,62.54486349211794,0.05801004057182091
0,0,06,Health,121.09522911844475,1.2109522911844475,2025-10-10,186.75162031649674,2025,10,2025-10,62.73468661928368,0.04257880354281429
0,0,06,Health,121.09522911844475,1.2109522911844475,2025-11-10,187.1014101588577,2025,11,2025-11,62.903811877477224,0.18730217267628468
0,0,06,Health,121.09522911844475,1.2109522911844475,2025-12-10,186.7817704643855,2025,12,2025-12,63.55638098287655,-0.17083767257597415
0,0,06,Health,121.09522911844475,1.2109522911844475,2026-01-10,187.37236815985085,2026,1,2026-01,63.50807946135397,0.3161966470266231
0,0,06,Health,121.09522911844475,1.2109522911844475,2026-02-10,187.38547353875202,2026,2,2026-02,63.695335016187514,0.006994296453566307
0,0,06,Health,121.09522911844475,1.2109522911844475,2026-03-10,187.71371719487828,2026,3,2026-03,62.98047455797495,0.17517027863869217
0,0,06,Health,121.09522911844475,1.2109522911844475,2026-04-10,189.7179812796344,2026,4,2026-04,64.11649078891422,1.0677238268502975
0,0,06,Health,121.09522911844475,1.2109522911844475,2026-05-10,190.5117131399062,2026,5,2026-05,65.29202041691545,0.41837460788805014
0,0,06,Health,121.09522911844475,1.2109522911844475,2026-06-10,190.66434188454835,2026,6,2026-06,64.96340498225908,0.0801151499435937
0,0,06,Health,121.09522911844475,1.2109522911844475,2026-07-10,191.46183815177656,2026,7,2026-07,2.3890094693507224,0.41827237298053266
0,0,06,Health,121.09522911844475,1.2109522911844475,2026-08-10,191.53067571515973,2026,8,2026-08,2.6622318944836243,0.03595367309103814
0,0,07,Transport,772.5927231856721,7.72592723185672,2009-02-01,83.03137930858033,2009,2,2009-02,,
0,0,07,Transport,772.5927231856721,7.72592723185672,2009-03-01,82.57821593264033,2009,3,2009-03,,-0.5457736336714869
0,0,07,Transport,772.5927231856721,7.72592723185672,2009-04-01,81.66816980711849,2009,4,2009-04,,-1.1020413982595345
0,0,07,Transport,772.5927231856721,7.72592723185672,2009-05-01,81.30329172384477,2009,5,2009-05,,-0.44678126635564475
0,0,07,Transport,772.5927231856721,7.72592723185672,2009-06-01,81.37521488370972,2009,6,2009-06,,0.0884627895623824
0,0,07,Transport,772.5927231856721,7.72592723185672,2009-07-01,85.65566789441282,2009,7,2009-07,,5.260143419369312
0,0,07,Transport,772.5927231856721,7.72592723185672,2009-08-01,87.03852701326329,2009,8,2009-08,,1.6144397129155719
0,0,07,Transport,772.5927231856721,7.72592723185672,2009-09-01,88.48768796285144,2009,9,2009-09,,1.6649649291138768
0,0,07,Transport,772.5927231856721,7.72592723185672,2009-10-01,88.73094287704083,2009,10,2009-10,,0.2749025540044858
0,0,07,Transport,772.5927231856721,7.72592723185672,2009-11-01,89.7173718363722,2009,11,2009-11,,1.1117079649410666
0,0,07,Transport,772.5927231856721,7.72592723185672,2009-12-01,88.98068426659977,2009,12,2009-12,,-0.8211203189456007
0,0,07,Transport,772.5927231856721,7.72592723185672,2010-01-01,89.21011684292993,2010,1,2010-01,,0.2578453719716878
0,0,07,Transport,772.5927231856721,7.72592723185672,2010-02-01,88.18536458304744,2010,2,2010-02,6.207274066004231,-1.1486951213019347
0,0,07,Transport,772.5927231856721,7.72592723185672,2010-03-01,88.42608018557603,2010,3,2010-03,7.081606434444931,0.2729654786445712
0,0,07,Transport,772.5927231856721,7.72592723185672,2010-04-01,88.12773089227407,2010,4,2010-04,7.909521053810309,-0.3373996593265427
0,0,07,Transport,772.5927231856721,7.72592723185672,2010-05-01,88.68050611798522,2010,5,2010-05,9.07369706407206,0.6272432299282205
0,0,07,Transport,772.5927231856721,7.72592723185672,2010-06-01,89.31973245879297,2010,6,2010-06,9.762822238241053,0.7208194549062297
0,0,07,Transport,772.5927231856721,7.72592723185672,2010-07-01,89.30061031388149,2010,7,2010-07,4.2553429435186585,-0.021408645531151294
0,0,07,Transport,772.5927231856721,7.72592723185672,2010-08-01,89.55250531152201,2010,8,2010-08,2.888351152674762,0.2820753371731044
0,0,07,Transport,772.5927231856721,7.72592723185672,2010-09-01,89.67858899262477,2010,9,2010-09,1.345838112838127,0.1407930249010425
0,0,07,Transport,772.5927231856721,7.72592723185672,2010-10-01,90.27982092658296,2010,10,2010-10,1.7455895309131275,0.6704297432775563
0,0,07,Transport,772.5927231856721,7.72592723185672,2010-11-01,91.13743081241984,2010,11,2010-11,1.5828138374779366,0.9499463745439973
0,0,07,Transport,772.5927231856721,7.72592723185672,2010-12-01,91.6028388060275,2010,12,2010-12,2.9468806191367936,0.5106661329586704
0,0,07,Transport,772.5927231856721,7.72592723185672,2011-01-01,91.36756113389963,2011,1,2011-01,2.4183852317649635,-0.2568453938704751
0,0,07,Transport,772.5927231856721,7.72592723185672,2011-02-01,91.6495944818795,2011,2,2011-02,3.928350146548021,0.3086799565182208
0,0,07,Transport,772.5927231856721,7.72592723185672,2011-03-01,93.11129428378894,2011,3,2011-03,5.298452773639006,1.594878635495145
0,0,07,Transport,772.5927231856721,7.72592723185672,2011-04-01,95.0113640036971,2011,4,2011-04,7.810972825157014,2.040643656092933
0,0,07,Transport,772.5927231856721,7.72592723185672,2011-05-01,95.94443910688126,2011,5,2011-05,8.191127122382147,0.9820668432334756
0,0,07,Transport,772.5927231856721,7.72592723185672,2011-06-01,98.20301743059782,2011,6,2011-06,9.945489901576998,2.3540481811567204
0,0,07,Transport,772.5927231856721,7.72592723185672,2011-07-01,98.32588858623944,2011,7,2011-07,10.106625520962421,0.12511953181932878
0,0,07,Transport,772.5927231856721,7.72592723185672,2011-08-01,99.18843016092497,2011,8,2011-08,10.760084060052733,0.8772273376700834
0,0,07,Transport,772.5927231856721,7.72592723185672,2011-09-01,99.02099524132318,2011,9,2011-09,10.417655266037617,-0.1688048891691718
0,0,07,Transport,772.5927231856721,7.72592723185672,2011-10-01,98.85594535597887,2011,10,2011-10,9.4994920696289,-0.16668170718953101
0,0,07,Transport,772.5927231856721,7.72592723185672,2011-11-01,98.50965243581936,2011,11,2011-11,8.089126012969494,-0.35030054986830983
0,0,07,Transport,772.5927231856721,7.72592723185672,2011-12-01,98.78156476590715,2011,12,2011-12,7.836794201412101,0.27602607801802126
0,0,07,Transport,772.5927231856721,7.72592723185672,2012-01-01,97.70395702759033,2012,1,2012-01,6.935060775459112,-1.090899643947263
0,0,07,Transport,772.5927231856721,7.72592723185672,2012-02-01,96.86647645621584,2012,2,2012-02,5.692204099569453,-0.85716136464975
0,0,07,Transport,772.5927231856721,7.72592723185672,2012-03-01,97.09775272315781,2012,3,2012-03,4.281390855999456,0.23875779877935432
0,0,07,Transport,772.5927231856721,7.72592723185672,2012-04-01,97.55662975708309,2012,4,2012-04,2.6789066550891194,0.47259284695662096
0,0,07,Transport,772.5927231856721,7.72592723185672,2012-05-01,97.83356723438733,2012,5,2012-05,1.9689813657689959,0.28387355938168657
0,0,07,Transport,772.5927231856721,7.72592723185672,2012-06-01,98.19085072406776,2012,6,2012-06,-0.012389340825158524,0.36519519811073486
0,0,07,Transport,772.5927231856721,7.72592723185672,2012-07-01,98.06162351242382,2012,7,2012-07,-0.26876449083278464,-0.1316082004494401
0,0,07,Transport,772.5927231856721,7.72592723185672,2012-08-01,97.52180669521314,2012,8,2012-08,-1.6802599486733127,-0.5504873342651595
0,0,07,Transport,772.5927231856721,7.72592723185672,2012-09-01,97.53041528917927,2012,9,2012-09,-1.505317077970414,0.0088273528330296
0,0,07,Transport,772.5927231856721,7.72592723185672,2012-10-01,98.47786951019654,2012,10,2012-10,-0.38245129761380614,0.9714448751274585
0,0,07,Transport,772.5927231856721,7.72592723185672,2012-11-01,99.219776966581,2012,11,2012-11,0.720867968978256,0.7533748039783017
0,0,07,Transport,772.5927231856721,7.72592723185672,2012-12-01,99.44595409481755,2012,12,2012-12,0.672584333407622,0.22795569104407942
0,0,07,Transport,772.5927231856721,7.72592723185672,2013-01-01,98.65183824430116,2013,1,2013-01,0.9701564251314299,-0.7985401294046013
0,0,07,Transport,772.5927231856721,7.72592723185672,2013-02-01,98.82421170064504,2013,2,2013-02,2.021065817660972,0.17472908707185653
0,0,07,Transport,772.5927231856721,7.72592723185672,2013-03-01,99.81234002952866,2013,3,2013-03,2.795726193695325,0.9998848580516029
0,0,07,Transport,772.5927231856721,7.72592723185672,2013-04-01,99.68245348506719,2013,4,2013-04,2.1790663876739336,-0.13013074778434053
0,0,07,Transport,772.5927231856721,7.72592723185672,2013-05-01,99.65757282283964,2013,5,2013-05,1.8643964847794958,-0.02495992158868532
0,0,07,Transport,772.5927231856721,7.72592723185672,2013-06-01,99.23770663431372,2013,6,2013-06,1.0661440475628448,-0.4213088645780183
0,0,07,Transport,772.5927231856721,7.72592723185672,2013-07-01,98.9793436198168,2013,7,2013-07,0.9358606094021171,-0.2603476271866856
0,0,07,Transport,772.5927231856721,7.72592723185672,2013-08-01,99.24625823468718,2013,8,2013-08,1.7682727565369039,0.26966698819059776
0,0,07,Transport,772.5927231856721,7.72592723185672,2013-09-01,99.18239246401917,2013,9,2013-09,1.6938071779370123,-0.0643508095962475
0,0,07,Transport,772.5927231856721,7.72592723185672,2013-10-01,99.60205426184451,2013,10,2013-10,1.1415607965925556,0.42312126920873716
0,0,07,Transport,772.5927231856721,7.72592723185672,2013-11-01,99.86993134140147,2013,11,2013-11,0.6552669182470217,0.26894734405047416
0,0,07,Transport,772.5927231856721,7.72592723185672,2013-12-01,100.12626416655966,2013,12,2013-12,0.6841003014496305,0.2566666680503982
0,0,07,Transport,772.5927231856721,7.72592723185672,2014-01-01,100.20967875598411,2014,1,2014-01,1.579129734840956,0.08330939950549343
0,0,07,Transport,772.5927231856721,7.72592723185672,2014-02-01,100,2014,2,2014-02,1.18977756474965,-0.20924002410455111
0,0,07,Transport,772.5927231856721,7.72592723185672,2014-03-01,99.55058889746567,2014,3,2014-03,-0.2622432576829148,-0.44941110253432504
0,0,07,Transport,772.5927231856721,7.72592723185672,2014-04-01,99.88964096849179,2014,4,2014-04,0.20784749590423424,0.34058268743677456
0,0,07,Transport,772.5927231856721,7.72592723185672,2014-05-01,99.27983165655206,2014,5,2014-05,-0.3790390991752157,-0.6104830351047918
0,0,07,Transport,772.5927231856721,7.72592723185672,2014-06-01,97.4866391186163,2014,6,2014-06,-1.7645183218008342,-1.806200220140508
0,0,07,Transport,772.5927231856721,7.72592723185672,2014-07-01,97.6687081924193,2014,7,2014-07,-1.3241504534842075,0.1867631046152729
0,0,07,Transport,772.5927231856721,7.72592723185672,2014-08-01,98.6247052564751,2014,8,2014-08,-0.6262734628667777,0.9788161241698345
0,0,07,Transport,772.5927231856721,7.72592723185672,2014-09-01,99.44467772485717,2014,9,2014-09,0.2644474027314381,0.8314067618754528
0,0,07,Transport,772.5927231856721,7.72592723185672,2014-10-01,100.32187823405386,2014,10,2014-10,0.7226999257635702,0.882099001440495
0,0,07,Transport,772.5927231856721,7.72592723185672,2014-11-01,100.05301091239184,2014,11,2014-11,0.1833180102672971,-0.2680046729535257
0,0,07,Transport,772.5927231856721,7.72592723185672,2014-12-01,99.66587520304165,2014,12,2014-12,-0.45980839028624265,-0.3869305939120382
0,0,07,Transport,772.5927231856721,7.72592723185672,2015-01-01,97.56113504586365,2015,1,2015-01,-2.6430018966229873,-2.111796191916415
0,0,07,Transport,772.5927231856721,7.72592723185672,2015-02-01,96.92933312169785,2015,2,2015-02,-3.070666878302153,-0.6475959139556786
0,0,07,Transport,772.5927231856721,7.72592723185672,2015-03-01,96.7478862971301,2015,3,2015-03,-2.815355118815299,-0.1871949581453758
0,0,07,Transport,772.5927231856721,7.72592723185672,2015-04-01,96.82530075125214,2015,4,2015-04,-3.0677257296442106,0.08001668779025195
0,0,07,Transport,772.5927231856721,7.72592723185672,2015-05-01,97.34178449791152,2015,5,2015-05,-1.9521056052401509,0.5334181692719264
0,0,07,Transport,772.5927231856721,7.72592723185672,2015-06-01,97.93302171551844,2015,6,2015-06,0.457891051469117,0.6073827602981696
0,0,07,Transport,772.5927231856721,7.72592723185672,2015-07-01,99.12538098771327,2015,7,2015-07,1.4914426762194344,1.21752525482004
0,0,07,Transport,772.5927231856721,7.72592723185672,2015-08-01,99.3535398219405,2015,8,2015-08,0.7389979656416301,0.2301719619675513
0,0,07,Transport,772.5927231856721,7.72592723185672,2015-09-01,99.19405102119472,2015,9,2015-09,-0.25202626163249864,-0.16052654090796814
0,0,07,Transport,772.5927231856721,7.72592723185672,2015-10-01,99.03225935758933,2015,10,2015-10,-1.2854811923036502,-0.16310621649158197
0,0,07,Transport,772.5927231856721,7.72592723185672,2015-11-01,100.35940273221078,2015,11,2015-11,0.30622948477505574,1.34011218488852
0,0,07,Transport,772.5927231856721,7.72592723185672,2015-12-01,100.44423901685039,2015,12,2015-12,0.780973239058036,0.0845324726233887
0,0,07,Transport,772.5927231856721,7.72592723185672,2016-01-01,100.13508853296645,2016,1,2016-01,2.63829801272073,-0.30778319086282035
0,0,07,Transport,772.5927231856721,7.72592723185672,2016-02-01,100.29206506807567,2016,2,2016-02,3.4692614073345673,0.15676476388948313
0,0,07,Transport,772.5927231856721,7.72592723185672,2016-03-01,100.10655332840061,2016,3,2016-03,3.4715663151083653,-0.1849715025302734
0,0,07,Transport,772.5927231856721,7.72592723185672,2016-04-01,101.82121319160784,2016,4,2016-04,5.159717967920785,1.7128347807383593
0,0,07,Transport,772.5927231856721,7.72592723185672,2016-05-01,102.56342179964443,2016,5,2016-05,5.364230097759237,0.7289331807900368
0,0,07,Transport,772.5927231856721,7.72592723185672,2016-06-01,102.84187839779673,2016,6,2016-06,5.012463208311724,0.2714969852471105
0,0,07,Transport,772.5927231856721,7.72592723185672,2016-07-01,104.97335772670498,2016,7,2016-07,5.899575548382074,2.07257914977359
0,0,07,Transport,772.5927231856721,7.72592723185672,2016-08-01,104.77911843944342,2016,8,2016-08,5.4608810387899,-0.18503674786439772
0,0,07,Transport,772.5927231856721,7.72592723185672,2016-09-01,104.7060479896543,2016,9,2016-09,5.556781794587495,-0.0697376069558775
0,0,07,Transport,772.5927231856721,7.72592723185672,2016-10-01,103.88382058993672,2016,10,2016-10,4.8989705615310575,-0.785272117040281
0,0,07,Transport,772.5927231856721,7.72592723185672,2016-11-01,105.08458758198594,2016,11,2016-11,4.7082632231116195,1.1558748852615208
0,0,07,Transport,772.5927231856721,7.72592723185672,2016-12-01,105.40344211709142,2016,12,2016-12,4.937269821327517,0.3034265465967634
0,0,07,Transport,772.5927231856721,7.72592723185672,2017-01-01,105.3274535355583,2017,1,2017-01,5.1853601756016054,-0.07209307400862786
0,0,07,Transport,772.5927231856721,7.72592723185672,2017-02-01,105.58210816290766,2017,2,2017-02,5.274637720582631,0.24177421821309775
0,0,07,Transport,772.5927231856721,7.72592723185672,2017-03-01,105.91612467217229,2017,3,2017-03,5.803387641080127,0.3163571130340159
0,0,07,Transport,772.5927231856721,7.72592723185672,2017-04-01,106.167350566234,2017,4,2017-04,4.268400698042729,0.23719324591917612
0,0,07,Transport,772.5927231856721,7.72592723185672,2017-05-01,106.28908068827648,2017,5,2017-05,3.6325415272416173,0.11465871700975239
0,0,07,Transport,772.5927231856721,7.72592723185672,2017-06-01,106.15161055300305,2017,6,2017-06,3.218272756944529,-0.12933608455660828
0,0,07,Transport,772.5927231856721,7.72592723185672,2017-07-01,105.59406394059175,2017,7,2017-07,0.5912988088870863,-0.5252361311399167
0,0,07,Transport,772.5927231856721,7.72592723185672,2017-08-01,105.93262973144037,2017,8,2017-08,1.1008980693644643,0.32062956781273577
0,0,07,Transport,772.5927231856721,7.72592723185672,2017-09-01,106.1942865543343,2017,9,2017-09,1.4213491897116182,0.2470030467073947
0,0,07,Transport,772.5927231856721,7.72592723185672,2017-10-01,106.72238214265803,2017,10,2017-10,2.732438542019011,0.497291902849728
0,0,07,Transport,772.5927231856721,7.72592723185672,2017-11-01,107.70942939341957,2017,11,2017-11,2.497837096601585,0.9248737059130985
0,0,07,Transport,772.5927231856721,7.72592723185672,2017-12-01,107.98686859183088,2017,12,2017-12,2.45098871806253,0.2575811606966516
0,0,07,Transport,772.5927231856721,7.72592723185672,2018-01-01,108.0223038400093,2018,1,2018-01,2.558545007965307,0.032814404788750196
0,0,07,Transport,772.5927231856721,7.72592723185672,2018-02-01,108.02545152275587,2018,2,2018-02,2.314164210548131,0.0029139192876614928
0,0,07,Transport,772.5927231856721,7.72592723185672,2018-03-01,109.25170629399194,2018,3,2018-03,3.1492670564976066,1.1351535716356276
0,0,07,Transport,772.5927231856721,7.72592723185672,2018-04-10,118.51058422530484,2018,4,2018-04,11.626204848514444,8.474813113122126
0,0,07,Transport,772.5927231856721,7.72592723185672,2018-05-10,115.37032427760852,2018,5,2018-05,8.543910183930748,-2.6497717214238548
0,0,07,Transport,772.5927231856721,7.72592723185672,2018-06-10,115.6899807834032,2018,6,2018-06,8.985610468564209,0.27706995520400124
0,0,07,Transport,772.5927231856721,7.72592723185672,2018-07-10,116.3619766044194,2018,7,2018-07,10.197460218867782,0.58085913444339
0,0,07,Transport,772.5927231856721,7.72592723185672,2018-08-10,116.89252044415313,2018,8,2018-08,10.346095193235726,0.45594261563410843
0,0,07,Transport,772.5927231856721,7.72592723185672,2018-09-10,116.99343652950176,2018,9,2018-09,10.169238219461164,0.08633237179349607
0,0,07,Transport,772.5927231856721,7.72592723185672,2018-10-10,117.30885288046268,2018,10,2018-10,9.919634968092716,0.2696017488821978
0,0,07,Transport,772.5927231856721,7.72592723185672,2018-11-10,118.10040364826915,2018,11,2018-11,9.64722802206619,0.6747579132949655
0,0,07,Transport,772.5927231856721,7.72592723185672,2018-12-10,118.21173183922878,2018,12,2018-12,9.468617231643094,0.09426571588289079
0,0,07,Transport,772.5927231856721,7.72592723185672,2019-01-10,117.10426929281347,2019,1,2019-01,8.40749098098794,-0.9368465626757638
0,0,07,Transport,772.5927231856721,7.72592723185672,2019-02-10,117.06944873292886,2019,2,2019-02,8.372098503349324,-0.029734663044211906
0,0,07,Transport,772.5927231856721,7.72592723185672,2019-03-10,117.2615908882653,2019,3,2019-03,7.331587639207293,0.16412664227605234
0,0,07,Transport,772.5927231856721,7.72592723185672,2019-04-10,117.46710608135974,2019,4,2019-04,-0.8804936291270771,0.17526215663428157
0,0,07,Transport,772.5927231856721,7.72592723185672,2019-05-10,118.3276507544534,2019,5,2019-05,2.563333764867348,0.7325835306589035
0,0,07,Transport,772.5927231856721,7.72592723185672,2019-06-10,118.53839449365134,2019,6,2019-06,2.462109243134014,0.1781018535010448
0,0,07,Transport,772.5927231856721,7.72592723185672,2019-07-10,118.48997153416637,2019,7,2019-07,1.828771727538836,-0.0408500213722407
0,0,07,Transport,772.5927231856721,7.72592723185672,2019-08-10,118.45656985374237,2019,8,2019-08,1.3380235139479835,-0.028189457716576438
0,0,07,Transport,772.5927231856721,7.72592723185672,2019-09-10,118.51448597946231,2019,9,2019-09,1.3001151988359494,0.04889228667641632
0,0,07,Transport,772.5927231856721,7.72592723185672,2019-10-10,118.90679632986894,2019,10,2019-10,1.3621678246522162,0.3310231210677639
0,0,07,Transport,772.5927231856721,7.72592723185672,2019-11-10,119.21767739290868,2019,11,2019-11,0.9460371938837975,0.2614493642375981
0,0,07,Transport,772.5927231856721,7.72592723185672,2019-12-10,119.42856218805262,2019,12,2019-12,1.0293651314395413,0.17689054153346984
0,0,07,Transport,772.5927231856721,7.72592723185672,2020-01-10,119.89690614984576,2020,1,2020-01,2.3847438474249305,0.39215406533630315
0,0,07,Transport,772.5927231856721,7.72592723185672,2020-02-10,119.93527989944242,2020,2,2020-02,2.447975280938919,0.03200562118650385
0,0,07,Transport,772.5927231856721,7.72592723185672,2020-03-10,120.07617052121434,2020,3,2020-03,2.400257076190404,0.11747220825268911
0,0,07,Transport,772.5927231856721,7.72592723185672,2020-04-10,120.07617052121434,2020,4,2020-04,2.221102167995448,0.0
0,0,07,Transport,772.5927231856721,7.72592723185672,2020-05-10,145.7306799024123,2020,5,2020-05,23.158601538387735,21.36519616659951
0,0,07,Transport,772.5927231856721,7.72592723185672,2020-06-10,146.17821257661373,2020,6,2020-06,23.317186132837932,0.30709571553575454
0,0,07,Transport,772.5927231856721,7.72592723185672,2020-07-10,145.55518808286138,2020,7,2020-07,22.841778252002353,-0.42620886024709037
0,0,07,Transport,772.5927231856721,7.72592723185672,2020-08-10,144.74811507705874,2020,8,2020-08,22.19509247632141,-0.5544790374240605
0,0,07,Transport,772.5927231856721,7.72592723185672,2020-09-10,145.46132793819646,2020,9,2020-09,22.737171524672384,0.4927268729945311
0,0,07,Transport,772.5927231856721,7.72592723185672,2020-10-10,132.22843393996212,2020,10,2020-10,11.203428249077163,-9.09719042566195
0,0,07,Transport,772.5927231856721,7.72592723185672,2020-11-10,120.96223900575143,2020,11,2020-11,1.463341386104311,-8.520251354807751
0,0,07,Transport,772.5927231856721,7.72592723185672,2020-12-10,120.76526067183472,2020,12,2020-12,1.1192452285219145,-0.16284283056907656
0,0,07,Transport,772.5927231856721,7.72592723185672,2021-01-10,121.37068850340353,2021,1,2021-01,1.2292079928366562,0.5013261497559096
0,0,07,Transport,772.5927231856721,7.72592723185672,2021-02-10,121.54018065303259,2021,2,2021-02,1.3381389987464631,0.1396483382594571
0,0,07,Transport,772.5927231856721,7.72592723185672,2021-03-10,122.68096976396653,2021,3,2021-03,2.1692890699674505,0.9386106757489632
0,0,07,Transport,772.5927231856721,7.72592723185672,2021-04-10,122.82559230775766,2021,4,2021-04,2.2897314051646633,0.11788506731678083
0,0,07,Transport,772.5927231856721,7.72592723185672,2021-05-10,123.10845288150384,2021,5,2021-05,-15.52331124513885,0.23029449191454
0,0,07,Transport,772.5927231856721,7.72592723185672,2021-06-10,122.68236703089937,2021,6,2021-06,-16.073425123733752,-0.34610608827534417
0,0,07,Transport,772.5927231856721,7.72592723185672,2021-07-10,122.59596525685498,2021,7,2021-07,-15.773551687443954,-0.07042721471344215
0,0,07,Transport,772.5927231856721,7.72592723185672,2021-08-10,123.77104866780141,2021,8,2021-08,-14.492117149912376,0.9585008841722198
0,0,07,Transport,772.5927231856721,7.72592723185672,2021-09-10,123.8462190339643,2021,9,2021-09,-14.859694470420326,0.06073340007375361
0,0,07,Transport,772.5927231856721,7.72592723185672,2021-10-10,124.27467364085365,2021,10,2021-10,-6.015166376938142,0.3459569538992957
0,0,07,Transport,772.5927231856721,7.72592723185672,2021-11-10,124.50563915633343,2021,11,2021-11,2.9293440496033885,0.18585083244495593
0,0,07,Transport,772.5927231856721,7.72592723185672,2021-12-10,125.1468871726314,2021,12,2021-12,3.628217648370935,0.5150353193984936
0,0,07,Transport,772.5927231856721,7.72592723185672,2022-01-10,125.84409710714993,2022,1,2022-01,3.6857404855382025,0.5571132852523863
0,0,07,Transport,772.5927231856721,7.72592723185672,2022-02-10,126.10078604059268,2022,2,2022-02,3.7523437624134237,0.20397375748517632
0,0,07,Transport,772.5927231856721,7.72592723185672,2022-03-10,126.25831268121371,2022,3,2022-03,2.915972154548374,0.1249212202137473
0,0,07,Transport,772.5927231856721,7.72592723185672,2022-04-10,129.49105647532858,2022,4,2022-04,5.426771442607503,2.5604205580325834
0,0,07,Transport,772.5927231856721,7.72592723185672,2022-05-10,130.3673158681964,2022,5,2022-05,5.896315660533458,0.676694913702236
0,0,07,Transport,772.5927231856721,7.72592723185672,2022-06-10,133.46068889570438,2022,6,2022-06,8.785550952151366,2.3728133136033946
0,0,07,Transport,772.5927231856721,7.72592723185672,2022-07-10,134.19697956047673,2022,7,2022-07,9.462802694457428,0.5516910416577758
0,0,07,Transport,772.5927231856721,7.72592723185672,2022-08-10,135.72316325419132,2022,8,2022-08,9.656631914357527,1.1372712699742937
0,0,07,Transport,772.5927231856721,7.72592723185672,2022-09-10,137.74431921214259,2022,9,2022-09,11.222062559993695,1.4891753990186052
0,0,07,Transport,772.5927231856721,7.72592723185672,2022-10-10,137.33089237632547,2022,10,2022-10,10.505936851786469,-0.30014075221526104
0,0,07,Transport,772.5927231856721,7.72592723185672,2022-11-10,137.65190467458058,2022,11,2022-11,10.558771158742664,0.23375097379798593
0,0,07,Transport,772.5927231856721,7.72592723185672,2022-12-10,137.55895532923705,2022,12,2022-12,9.917999909565523,-0.06752492496436835
0,0,07,Transport,772.5927231856721,7.72592723185672,2023-01-10,138.08875575245415,2023,1,2023-01,9.730022247192483,0.3851442619268619
0,0,07,Transport,772.5927231856721,7.72592723185672,2023-02-10,137.88700429625644,2023,2,2023-02,9.346665176115309,-0.14610274029797088
0,0,07,Transport,772.5927231856721,7.72592723185672,2023-03-10,137.92391221121306,2023,3,2023-03,9.23947048100786,0.02676678280524314
0,0,07,Transport,772.5927231856721,7.72592723185672,2023-04-10,137.92299913775327,2023,4,2023-04,6.511602339140077,-0.0006620124423428742
0,0,07,Transport,772.5927231856721,7.72592723185672,2023-05-10,138.14565509763463,2023,5,2023-05,5.966479541008773,0.16143497551048824
0,0,07,Transport,772.5927231856721,7.72592723185672,2023-06-10,138.77636090482162,2023,6,2023-06,3.982949625916654,0.4565513166094437
0,0,07,Transport,772.5927231856721,7.72592723185672,2023-07-10,140.4051636096105,2023,7,2023-07,4.6261727122822505,1.1736888719152905
0,0,07,Transport,772.5927231856721,7.72592723185672,2023-08-10,143.26598090601246,2023,8,2023-08,5.557502102787315,2.0375442204934258
0,0,07,Transport,772.5927231856721,7.72592723185672,2023-09-10,144.14418957804241,2023,9,2023-09,4.646195503745809,0.6129917699067011
0,0,07,Transport,772.5927231856721,7.72592723185672,2023-10-10,146.59349795214254,2023,10,2023-10,6.744735591198903,1.699207148945825
0,0,07,Transport,772.5927231856721,7.72592723185672,2023-11-10,146.79311463340375,2023,11,2023-11,6.640816180810338,0.13617021494798376
0,0,07,Transport,772.5927231856721,7.72592723185672,2023-12-10,144.78403344137837,2023,12,2023-12,5.2523502340132255,-1.368648112033588
0,0,07,Transport,772.5927231856721,7.72592723185672,2024-01-10,145.02446774640393,2024,1,2024-01,5.022647902181943,0.16606410203574562
0,0,07,Transport,772.5927231856721,7.72592723185672,2024-02-10,146.61448458880665,2024,2,2024-02,6.329443689848269,1.0963783333327592
0,0,07,Transport,772.5927231856721,7.72592723185672,2024-03-10,156.92103825699579,2024,3,2024-03,13.773627604683236,7.029696756834625
0,0,07,Transport,772.5927231856721,7.72592723185672,2024-04-10,170.8239942219912,2024,4,2024-04,23.85461111629208,8.859841943070744
0,0,07,Transport,772.5927231856721,7.72592723185672,2024-05-10,171.5593373553511,2024,5,2024-05,24.18728423568681,0.4304682938184312
0,0,07,Transport,772.5927231856721,7.72592723185672,2024-06-10,170.61008940846344,2024,6,2024-06,22.938869628866154,-0.5533059065863988
0,0,07,Transport,772.5927231856721,7.72592723185672,2024-07-10,170.98308690266916,2024,7,2024-07,21.778346683943226,0.21862569529091935
0,0,07,Transport,772.5927231856721,7.72592723185672,2024-08-10,171.39578438787993,2024,8,2024-08,19.634670634281015,0.24136743153180262
0,0,07,Transport,772.5927231856721,7.72592723185672,2024-09-10,171.53217471993548,2024,9,2024-09,19.000408703303773,0.07957624660528406
0,0,07,Transport,772.5927231856721,7.72592723185672,2024-10-10,171.5148740464394,2024,10,2024-10,17.000328420045463,-0.010085964061457009
0,0,07,Transport,772.5927231856721,7.72592723185672,2024-11-10,171.30245963334437,2024,11,2024-11,16.69652221846334,-0.12384605957702632
0,0,07,Transport,772.5927231856721,7.72592723185672,2024-12-10,171.95403734995767,2024,12,2024-12,18.765884098387243,0.38036681902171576
0,0,07,Transport,772.5927231856721,7.72592723185672,2025-01-10,173.00860261915076,2025,1,2025-01,19.2961472692188,0.6132832269863275
0,0,07,Transport,772.5927231856721,7.72592723185672,2025-02-10,173.72916392287107,2025,2,2025-02,18.49386123759187,0.4164887137470874
0,0,07,Transport,772.5927231856721,7.72592723185672,2025-03-10,175.4953058476135,2025,3,2025-03,11.836696848894102,1.016606472317183
0,0,07,Transport,772.5927231856721,7.72592723185672,2025-04-10,175.94219166406685,2025,4,2025-04,2.9961818100473714,0.2546426038548155
0,0,07,Transport,772.5927231856721,7.72592723185672,2025-05-10,176.50260161615043,2025,5,2025-05,2.881372903976853,0.31851936524331936
0,0,07,Transport,772.5927231856721,7.72592723185672,2025-06-10,176.6912458725291,2025,6,2025-06,3.5643592270246938,0.10687902311430353
0,0,07,Transport,772.5927231856721,7.72592723185672,2025-07-10,180.5790913699859,2025,7,2025-07,5.6122536100773335,2.2003611317912286
0,0,07,Transport,772.5927231856721,7.72592723185672,2025-08-10,180.79164915657256,2025,8,2025-08,5.481969584169688,0.1177089689476718
0,0,07,Transport,772.5927231856721,7.72592723185672,2025-09-10,183.2101406825415,2025,9,2025-09,6.808032359919003,1.3377230293830866
0,0,07,Transport,772.5927231856721,7.72592723185672,2025-10-10,183.4064805530715,2025,10,2025-10,6.933280027604094,0.10716648641748705
0,0,07,Transport,772.5927231856721,7.72592723185672,2025-11-10,184.3324517310318,2025,11,2025-11,7.606424406034096,0.5048737510081391
0,0,07,Transport,772.5927231856721,7.72592723185672,2025-12-10,185.36800446595714,2025,12,2025-12,7.800902684651478,0.5617853639989345
0,0,07,Transport,772.5927231856721,7.72592723185672,2026-01-10,185.454384369695,2026,1,2026-01,7.193735780839483,0.04659914421947242
0,0,07,Transport,772.5927231856721,7.72592723185672,2026-02-10,186.11441712067167,2026,2,2026-02,7.129058195030047,0.3559003219147039
0,0,07,Transport,772.5927231856721,7.72592723185672,2026-03-10,186.93820082236743,2026,3,2026-03,6.520342478385177,0.4426221860940771
0,0,07,Transport,772.5927231856721,7.72592723185672,2026-04-10,222.80314280957523,2026,4,2026-04,26.634288627586145,19.18545371113709
0,0,07,Transport,772.5927231856721,7.72592723185672,2026-05-10,225.8906433464483,2026,5,2026-05,27.98148088361023,1.3857526864025749
0,0,07,Transport,772.5927231856721,7.72592723185672,2026-06-10,228.05367936372517,2026,6,2026-06,29.069031257072364,0.9575589255192973
0,0,07,Transport,772.5927231856721,7.72592723185672,2026-07-10,230.2852150577625,2026,7,2026-07,27.525957357895024,0.9785133483763087
0,0,07,Transport,772.5927231856721,7.72592723185672,2026-08-10,230.58589896364882,2026,8,2026-08,27.54233950482552,0.13057021737625796
0,0,08,Communication,238.1321768462081,2.381321768462081,2009-02-01,111.39903137372717,2009,2,2009-02,,
0,0,08,Communication,238.1321768462081,2.381321768462081,2009-03-01,110.84189420760588,2009,3,2009-03,,-0.5001274779959042
0,0,08,Communication,238.1321768462081,2.381321768462081,2009-04-01,111.08434607558466,2009,4,2009-04,,0.21873666966090166
0,0,08,Communication,238.1321768462081,2.381321768462081,2009-05-01,108.37158892672605,2009,5,2009-05,,-2.4420696927115015
0,0,08,Communication,238.1321768462081,2.381321768462081,2009-06-01,108.77253950569049,2009,6,2009-06,,0.3699775770894531
0,0,08,Communication,238.1321768462081,2.381321768462081,2009-07-01,108.01520133139297,2009,7,2009-07,,-0.6962586124578785
0,0,08,Communication,238.1321768462081,2.381321768462081,2009-08-01,110.25295334046336,2009,8,2009-08,,2.0717010027180516
0,0,08,Communication,238.1321768462081,2.381321768462081,2009-09-01,110.05755973522002,2009,9,2009-09,,-0.17722301246657635
0,0,08,Communication,238.1321768462081,2.381321768462081,2009-10-01,109.97266747999828,2009,10,2009-10,,-0.07713441532410936
0,0,08,Communication,238.1321768462081,2.381321768462081,2009-11-01,109.27504550755349,2009,11,2009-11,,-0.6343594171448808
0,0,08,Communication,238.1321768462081,2.381321768462081,2009-12-01,108.93816317939152,2009,12,2009-12,,-0.3082884354769555
0,0,08,Communication,238.1321768462081,2.381321768462081,2010-01-01,109.50843590840437,2010,1,2010-01,,0.5234829671891594
0,0,08,Communication,238.1321768462081,2.381321768462081,2010-02-01,109.57648201029642,2010,2,2010-02,-1.6360549467583474,0.06213777169548074
0,0,08,Communication,238.1321768462081,2.381321768462081,2010-03-01,109.5298043571873,2010,3,2010-03,-1.1837490326185196,-0.0425982402909475
0,0,08,Communication,238.1321768462081,2.381321768462081,2010-04-01,109.59851780505053,2010,4,2010-04,-1.3375676438902806,0.0627349316165482
0,0,08,Communication,238.1321768462081,2.381321768462081,2010-05-01,109.40249753443625,2010,5,2010-05,0.9512720242638828,-0.17885303062488145
0,0,08,Communication,238.1321768462081,2.381321768462081,2010-06-01,109.82225016908318,2010,6,2010-06,0.9650511683950924,0.3836773785852676
0,0,08,Communication,238.1321768462081,2.381321768462081,2010-07-01,109.87461094061887,2010,7,2010-07,1.7214332670835608,0.04767774422311799
0,0,08,Communication,238.1321768462081,2.381321768462081,2010-08-01,109.86467837477606,2010,8,2010-08,-0.3521674058819091,-0.00903990990982484
0,0,08,Communication,238.1321768462081,2.381321768462081,2010-09-01,110.3025180521732,2010,9,2010-09,0.22257291324876416,0.398526336101912
0,0,08,Communication,238.1321768462081,2.381321768462081,2010-10-01,109.11706874764444,2010,10,2010-10,-0.7780103474433364,-1.0747255143967238
0,0,08,Communication,238.1321768462081,2.381321768462081,2010-11-01,107.70923253185323,2010,11,2010-11,-1.4329099278133195,-1.2902071435286766
0,0,08,Communication,238.1321768462081,2.381321768462081,2010-12-01,107.91695872520106,2010,12,2010-12,-0.9374166264478179,0.1928582986480576
0,0,08,Communication,238.1321768462081,2.381321768462081,2011-01-01,107.92173671723964,2011,1,2011-01,-1.448928731382737,0.004427470987899973
0,0,08,Communication,238.1321768462081,2.381321768462081,2011-02-01,110.53111954972016,2011,2,2011-02,0.8712065964428861,2.417847332569556
0,0,08,Communication,238.1321768462081,2.381321768462081,2011-03-01,112.39738215956248,2011,3,2011-03,2.618079909121107,1.6884499292552757
0,0,08,Communication,238.1321768462081,2.381321768462081,2011-04-01,110.3004642440989,2011,4,2011-04,0.6404707409428445,-1.8656287852743203
0,0,08,Communication,238.1321768462081,2.381321768462081,2011-05-01,112.07635981174121,2011,5,2011-05,2.4440596307806706,1.6100526682391703
0,0,08,Communication,238.1321768462081,2.381321768462081,2011-06-01,111.85705286705488,2011,6,2011-06,1.8528146116464583,-0.1956763630213465
0,0,08,Communication,238.1321768462081,2.381321768462081,2011-07-01,111.74572056613718,2011,7,2011-07,1.7029499440317064,-0.09953087272022154
0,0,08,Communication,238.1321768462081,2.381321768462081,2011-08-01,110.54448651056198,2011,8,2011-08,0.6187686031964956,-1.0749709693484322
0,0,08,Communication,238.1321768462081,2.381321768462081,2011-09-01,105.82013195860203,2011,9,2011-09,-4.063720550287886,-4.273713417184821
0,0,08,Communication,238.1321768462081,2.381321768462081,2011-10-01,105.43598003647702,2011,10,2011-10,-3.373522358523662,-0.3630234767381446
0,0,08,Communication,238.1321768462081,2.381321768462081,2011-11-01,103.16450744382344,2011,11,2011-11,-4.21943874373607,-2.154361909347957
0,0,08,Communication,238.1321768462081,2.381321768462081,2011-12-01,102.97233638803304,2011,12,2011-12,-4.58187702431363,-0.18627632753933643
0,0,08,Communication,238.1321768462081,2.381321768462081,2012-01-01,103.61767896182991,2012,1,2012-01,-3.9881286998619925,0.626714510356452
0,0,08,Communication,238.1321768462081,2.381321768462081,2012-02-01,102.96842991330588,2012,2,2012-02,-6.84213610359059,-0.6265813469564341
0,0,08,Communication,238.1321768462081,2.381321768462081,2012-03-01,104.38433214568983,2012,3,2012-03,-7.129214097261716,1.3750838325650383
0,0,08,Communication,238.1321768462081,2.381321768462081,2012-04-01,104.17782748286139,2012,4,2012-04,-5.550871252624923,-0.19783109072366578
0,0,08,Communication,238.1321768462081,2.381321768462081,2012-05-01,103.84462648912861,2012,5,2012-05,-7.344754358938621,-0.3198386852399926
0,0,08,Communication,238.1321768462081,2.381321768462081,2012-06-01,103.83109691934325,2012,6,2012-06,-7.175189889233613,-0.013028666232217656
0,0,08,Communication,238.1321768462081,2.381321768462081,2012-07-01,103.56836899609861,2012,7,2012-07,-7.317820788670614,-0.25303394747792085
0,0,08,Communication,238.1321768462081,2.381321768462081,2012-08-01,103.34532889118879,2012,8,2012-08,-6.512452901651821,-0.21535542856547796
0,0,08,Communication,238.1321768462081,2.381321768462081,2012-09-01,102.95587586553688,2012,9,2012-09,-2.7067213393626055,-0.3768462782308801
0,0,08,Communication,238.1321768462081,2.381321768462081,2012-10-01,102.39160879856556,2012,10,2012-10,-2.8874120929669567,-0.5480668900415875
0,0,08,Communication,238.1321768462081,2.381321768462081,2012-11-01,102.38450070029413,2012,11,2012-11,-0.7560805192173836,-0.006942071088478219
0,0,08,Communication,238.1321768462081,2.381321768462081,2012-12-01,102.12243436741548,2012,12,2012-12,-0.8253692694850212,-0.25596289583497134
0,0,08,Communication,238.1321768462081,2.381321768462081,2013-01-01,102.66096482459055,2013,1,2013-01,-0.9233116846709022,0.5273380531035432
0,0,08,Communication,238.1321768462081,2.381321768462081,2013-02-01,102.86034883031463,2013,2,2013-02,-0.10496526273368056,0.1942159866359594
0,0,08,Communication,238.1321768462081,2.381321768462081,2013-03-01,102.41282844926447,2013,3,2013-03,-1.8886969489575467,-0.4350756984000004
0,0,08,Communication,238.1321768462081,2.381321768462081,2013-04-01,102.58912996024286,2013,4,2013-04,-1.5249862288401972,0.17214787800312603
0,0,08,Communication,238.1321768462081,2.381321768462081,2013-05-01,102.39071025331297,2013,5,2013-05,-1.4000880786718906,-0.19341201841440725
0,0,08,Communication,238.1321768462081,2.381321768462081,2013-06-01,101.99088493394358,2013,6,2013-06,-1.7723129582548514,-0.390489838756114
0,0,08,Communication,238.1321768462081,2.381321768462081,2013-07-01,101.94978797435746,2013,7,2013-07,-1.562814049724126,-0.040294737723600704
0,0,08,Communication,238.1321768462081,2.381321768462081,2013-08-01,101.9733246798944,2013,8,2013-08,-1.3275918960391042,0.02308656644078866
0,0,08,Communication,238.1321768462081,2.381321768462081,2013-09-01,101.97362303001971,2013,9,2013-09,-0.9540522357364245,0.00029257663829440617
0,0,08,Communication,238.1321768462081,2.381321768462081,2013-10-01,101.97366839540933,2013,10,2013-10,-0.40817837326732054,4.4487376515967014e-05
0,0,08,Communication,238.1321768462081,2.381321768462081,2013-11-01,101.99360747638156,2013,11,2013-11,-0.38178945176166046,0.019553166308483583
0,0,08,Communication,238.1321768462081,2.381321768462081,2013-12-01,101.99633229264323,2013,12,2013-12,-0.12348126594647901,0.0026715559230616748
0,0,08,Communication,238.1321768462081,2.381321768462081,2014-01-01,101.99971230171096,2014,1,2014-01,-0.6441129050456795,0.0033138535393772983
0,0,08,Communication,238.1321768462081,2.381321768462081,2014-02-01,100,2014,2,2014-02,-2.7808080206234376,-1.9605077863316778
0,0,08,Communication,238.1321768462081,2.381321768462081,2014-03-01,100,2014,3,2014-03,-2.3559826301055464,0.0
0,0,08,Communication,238.1321768462081,2.381321768462081,2014-04-01,101.11399031373725,2014,4,2014-04,-1.4379102806284516,1.1139903137372453
0,0,08,Communication,238.1321768462081,2.381321768462081,2014-05-01,99.9658246209156,2014,5,2014-05,-2.368267225022902,-1.135516152867777
0,0,08,Communication,238.1321768462081,2.381321768462081,2014-06-01,99.96490445281772,2014,6,2014-06,-1.9864328880350612,-0.0009204826763253848
0,0,08,Communication,238.1321768462081,2.381321768462081,2014-07-01,99.95285135660593,2014,7,2014-07,-1.9587452386402249,-0.012057327796954898
0,0,08,Communication,238.1321768462081,2.381321768462081,2014-08-01,99.96639703766608,2014,8,2014-08,-1.9680908203476677,0.013552070677635975
0,0,08,Communication,238.1321768462081,2.381321768462081,2014-09-01,99.9578861306148,2014,9,2014-09,-1.9767238227982764,-0.008513767929518856
0,0,08,Communication,238.1321768462081,2.381321768462081,2014-10-01,100.04367489887385,2014,10,2014-10,-1.8926390772290524,0.08582491245057167
0,0,08,Communication,238.1321768462081,2.381321768462081,2014-11-01,99.97720109754505,2014,11,2014-11,-1.9769929005633458,-0.06644478163760903
0,0,08,Communication,238.1321768462081,2.381321768462081,2014-12-01,100.00054941842919,2014,12,2014-12,-1.9567202362608782,0.023353645258938904
0,0,08,Communication,238.1321768462081,2.381321768462081,2015-01-01,100.20270276175361,2015,1,2015-01,-1.7617790280053613,0.20215223266280002
0,0,08,Communication,238.1321768462081,2.381321768462081,2015-02-01,100.34035496444895,2015,2,2015-02,0.3403549644489523,0.1373737423257193
0,0,08,Communication,238.1321768462081,2.381321768462081,2015-03-01,100.0579898906554,2015,3,2015-03,0.057989890655396614,-0.28140729011132404
0,0,08,Communication,238.1321768462081,2.381321768462081,2015-04-01,100.0616301408386,2015,4,2015-04,-1.0407661389223888,0.0036381404295404707
0,0,08,Communication,238.1321768462081,2.381321768462081,2015-05-01,100.0616301408386,2015,5,2015-05,0.09583827301611336,0.0
0,0,08,Communication,238.1321768462081,2.381321768462081,2015-06-01,100.05851997034796,2015,6,2015-06,0.09364838394301245,-0.003108254868788851
0,0,08,Communication,238.1321768462081,2.381321768462081,2015-07-01,100.05697650247971,2015,7,2015-07,0.10417426262536722,-0.0015425651595735168
0,0,08,Communication,238.1321768462081,2.381321768462081,2015-08-01,100.0558293357905,2015,8,2015-08,0.08946236012759012,-0.001146513445948738
0,0,08,Communication,238.1321768462081,2.381321768462081,2015-09-01,100.05985179460026,2015,9,2015-09,0.1020086237640383,0.0040202143507972465
0,0,08,Communication,238.1321768462081,2.381321768462081,2015-10-01,100.05985179460026,2015,10,2015-10,0.016169833567958314,0.0
0,0,08,Communication,238.1321768462081,2.381321768462081,2015-11-01,100.05985179460026,2015,11,2015-11,0.08266954480409261,0.0
0,0,08,Communication,238.1321768462081,2.381321768462081,2015-12-01,100.05985179460026,2015,12,2015-12,0.059302050354692604,0.0
0,0,08,Communication,238.1321768462081,2.381321768462081,2016-01-01,100.05985179460026,2016,1,2016-01,-0.14256199006228432,0.0
0,0,08,Communication,238.1321768462081,2.381321768462081,2016-02-01,100.06146243318204,2016,2,2016-02,-0.2779465264655667,0.0016096751623173589
0,0,08,Communication,238.1321768462081,2.381321768462081,2016-03-01,100.06146243318204,2016,3,2016-03,0.0034705299700954484,0.0
0,0,08,Communication,238.1321768462081,2.381321768462081,2016-04-01,100.3723960798592,2016,4,2016-04,0.31057453149943015,0.31074265667943024
0,0,08,Communication,238.1321768462081,2.381321768462081,2016-05-01,100.3723960798592,2016,5,2016-05,0.31057453149943015,0.0
0,0,08,Communication,238.1321768462081,2.381321768462081,2016-06-01,103.40400254578611,2016,6,2016-06,3.3435259450465438,3.0203587682761768
0,0,08,Communication,238.1321768462081,2.381321768462081,2016-07-01,103.44953840138292,2016,7,2016-07,3.390630036496378,0.04403684042757483
0,0,08,Communication,238.1321768462081,2.381321768462081,2016-08-01,103.7187656168611,2016,8,2016-08,3.660892429143403,0.26024979873142673
0,0,08,Communication,238.1321768462081,2.381321768462081,2016-09-01,103.99826076765095,2016,9,2016-09,3.9360531745892713,0.2694740427419795
0,0,08,Communication,238.1321768462081,2.381321768462081,2016-10-01,103.99826076765095,2016,10,2016-10,3.9360531745892713,0.0
0,0,08,Communication,238.1321768462081,2.381321768462081,2016-11-01,104.04291328015002,2016,11,2016-11,3.980678977744301,0.042935826204670846
0,0,08,Communication,238.1321768462081,2.381321768462081,2016-12-01,104.04291328015002,2016,12,2016-12,3.980678977744301,0.0
0,0,08,Communication,238.1321768462081,2.381321768462081,2017-01-01,104.00739498894444,2017,1,2017-01,3.9451819321575377,-0.03413811674990441
0,0,08,Communication,238.1321768462081,2.381321768462081,2017-02-01,104.00739498894444,2017,2,2017-02,3.9435087793138868,0.0
0,0,08,Communication,238.1321768462081,2.381321768462081,2017-03-01,104.00739498894444,2017,3,2017-03,3.9435087793138868,0.0
0,0,08,Communication,238.1321768462081,2.381321768462081,2017-04-01,104.00732289727651,2017,4,2017-04,3.6214407141633487,-6.931398285336954e-05
0,0,08,Communication,238.1321768462081,2.381321768462081,2017-05-01,104.00739498894444,2017,5,2017-05,3.6215125383607827,6.931403089271981e-05
0,0,08,Communication,238.1321768462081,2.381321768462081,2017-06-01,102.98428432636308,2017,6,2017-06,-0.4059013278883361,-0.9836903065307157
0,0,08,Communication,238.1321768462081,2.381321768462081,2017-07-01,102.99448335679615,2017,7,2017-07,-0.43988117455020515,0.009903482361206528
0,0,08,Communication,238.1321768462081,2.381321768462081,2017-08-01,102.60806304305507,2017,8,2017-08,-1.0708790903942944,-0.37518544794524766
0,0,08,Communication,238.1321768462081,2.381321768462081,2017-09-01,102.44598752053875,2017,9,2017-09,-1.492595391167384,-0.15795593222367454
0,0,08,Communication,238.1321768462081,2.381321768462081,2017-10-01,102.44508693730859,2017,10,2017-10,-1.4934613510627859,-0.0008790810181680264
0,0,08,Communication,238.1321768462081,2.381321768462081,2017-11-01,102.44508693730859,2017,11,2017-11,-1.535737795556591,0.0
0,0,08,Communication,238.1321768462081,2.381321768462081,2017-12-01,102.44508693730859,2017,12,2017-12,-1.535737795556591,0.0
0,0,08,Communication,238.1321768462081,2.381321768462081,2018-01-01,102.44508693730859,2018,1,2018-01,-1.5021124717159995,0.0
0,0,08,Communication,238.1321768462081,2.381321768462081,2018-02-01,102.4599405671021,2018,2,2018-02,-1.487831150858876,0.014499113854626877
0,0,08,Communication,238.1321768462081,2.381321768462081,2018-03-01,102.47490259676934,2018,3,2018-03,-1.4734456067647894,0.014602809238839498
0,0,08,Communication,238.1321768462081,2.381321768462081,2018-04-10,102.47490259676934,2018,4,2018-04,-1.4733773140384265,0.0
0,0,08,Communication,238.1321768462081,2.381321768462081,2018-05-10,102.47490259676934,2018,5,2018-05,-1.4734456067647894,0.0
0,0,08,Communication,238.1321768462081,2.381321768462081,2018-06-10,102.47490259676934,2018,6,2018-06,-0.4946208374663086,0.0
0,0,08,Communication,238.1321768462081,2.381321768462081,2018-07-10,102.47490259676934,2018,7,2018-07,-0.5044743592983236,0.0
0,0,08,Communication,238.1321768462081,2.381321768462081,2018-08-10,102.47490259676934,2018,8,2018-08,-0.12977581131207172,0.0
0,0,08,Communication,238.1321768462081,2.381321768462081,2018-09-10,102.47693510795,2018,9,2018-09,0.030208686704336074,0.0019834233838222914
0,0,08,Communication,238.1321768462081,2.381321768462081,2018-10-10,102.478986054106,2018,10,2018-10,0.033090036634120246,0.0020013734347568146
0,0,08,Communication,238.1321768462081,2.381321768462081,2018-11-10,102.478986054106,2018,11,2018-11,0.033090036634120246,0.0
0,0,08,Communication,238.1321768462081,2.381321768462081,2018-12-10,102.478986054106,2018,12,2018-12,0.033090036634120246,0.0
0,0,08,Communication,238.1321768462081,2.381321768462081,2019-01-10,102.478986054106,2019,1,2019-01,0.033090036634120246,0.0
0,0,08,Communication,238.1321768462081,2.381321768462081,2019-02-10,102.478986054106,2019,2,2019-02,0.01858822765121726,0.0
0,0,08,Communication,238.1321768462081,2.381321768462081,2019-03-10,102.48230939979341,2019,3,2019-03,0.007227919067376298,0.003242953326698661
0,0,08,Communication,238.1321768462081,2.381321768462081,2019-04-10,102.48230939979341,2019,4,2019-04,0.007227919067376298,0.0
0,0,08,Communication,238.1321768462081,2.381321768462081,2019-05-10,102.48230939979341,2019,5,2019-05,0.007227919067376298,0.0
0,0,08,Communication,238.1321768462081,2.381321768462081,2019-06-10,102.48230939979341,2019,6,2019-06,0.007227919067376298,0.0
0,0,08,Communication,238.1321768462081,2.381321768462081,2019-07-10,102.46586327712663,2019,7,2019-07,-0.008821008279735754,-0.016047767427473936
0,0,08,Communication,238.1321768462081,2.381321768462081,2019-08-10,102.46586327712663,2019,8,2019-08,-0.008821008279735754,0.0
0,0,08,Communication,238.1321768462081,2.381321768462081,2019-09-10,102.45049182198426,2019,9,2019-09,-0.025804134303863968,-0.015001537732428627
0,0,08,Communication,238.1321768462081,2.381321768462081,2019-10-10,102.45049182198426,2019,10,2019-10,-0.027804951257714983,0.0
0,0,08,Communication,238.1321768462081,2.381321768462081,2019-11-10,102.45049182198426,2019,11,2019-11,-0.027804951257714983,0.0
0,0,08,Communication,238.1321768462081,2.381321768462081,2019-12-10,102.45049182198426,2019,12,2019-12,-0.027804951257714983,0.0
0,0,08,Communication,238.1321768462081,2.381321768462081,2020-01-10,102.45049182198426,2020,1,2020-01,-0.027804951257714983,0.0
0,0,08,Communication,238.1321768462081,2.381321768462081,2020-02-10,102.4554161107812,2020,2,2020-02,-0.022999781938082275,0.004806505766219438
0,0,08,Communication,238.1321768462081,2.381321768462081,2020-03-10,102.4554161107812,2020,3,2020-03,-0.026241884252720116,0.0
0,0,08,Communication,238.1321768462081,2.381321768462081,2020-04-10,102.4554161107812,2020,4,2020-04,-0.026241884252720116,0.0
0,0,08,Communication,238.1321768462081,2.381321768462081,2020-05-10,102.45771881924772,2020,5,2020-05,-0.023994951606487458,0.002247522438469929
0,0,08,Communication,238.1321768462081,2.381321768462081,2020-06-10,102.45771881924772,2020,6,2020-06,-0.023994951606487458,0.0
0,0,08,Communication,238.1321768462081,2.381321768462081,2020-07-10,102.45771881924772,2020,7,2020-07,-0.007948459729345547,0.0
0,0,08,Communication,238.1321768462081,2.381321768462081,2020-08-10,102.45771881924772,2020,8,2020-08,-0.007948459729345547,0.0
0,0,08,Communication,238.1321768462081,2.381321768462081,2020-09-10,102.45771881924772,2020,9,2020-09,0.0070541362319875844,0.0
0,0,08,Communication,238.1321768462081,2.381321768462081,2020-10-10,102.45771881924772,2020,10,2020-10,0.0070541362319875844,0.0
0,0,08,Communication,238.1321768462081,2.381321768462081,2020-11-10,102.45771881924772,2020,11,2020-11,0.0070541362319875844,0.0
0,0,08,Communication,238.1321768462081,2.381321768462081,2020-12-10,102.45771881924772,2020,12,2020-12,0.0070541362319875844,0.0
0,0,08,Communication,238.1321768462081,2.381321768462081,2021-01-10,102.45771881924772,2021,1,2021-01,0.0070541362319875844,0.0
0,0,08,Communication,238.1321768462081,2.381321768462081,2021-02-10,102.45771881924772,2021,2,2021-02,0.002247522438469929,0.0
0,0,08,Communication,238.1321768462081,2.381321768462081,2021-03-10,102.45771881924772,2021,3,2021-03,0.002247522438469929,0.0
0,0,08,Communication,238.1321768462081,2.381321768462081,2021-04-10,102.45771881924772,2021,4,2021-04,0.002247522438469929,0.0
0,0,08,Communication,238.1321768462081,2.381321768462081,2021-05-10,102.45771881924772,2021,5,2021-05,0.0,0.0
0,0,08,Communication,238.1321768462081,2.381321768462081,2021-06-10,102.45771881924772,2021,6,2021-06,0.0,0.0
0,0,08,Communication,238.1321768462081,2.381321768462081,2021-07-10,102.45771881924772,2021,7,2021-07,0.0,0.0
0,0,08,Communication,238.1321768462081,2.381321768462081,2021-08-10,102.45771881924772,2021,8,2021-08,0.0,0.0
0,0,08,Communication,238.1321768462081,2.381321768462081,2021-09-10,102.45771881924772,2021,9,2021-09,0.0,0.0
0,0,08,Communication,238.1321768462081,2.381321768462081,2021-10-10,102.45771881924772,2021,10,2021-10,0.0,0.0
0,0,08,Communication,238.1321768462081,2.381321768462081,2021-11-10,102.45771881924772,2021,11,2021-11,0.0,0.0
0,0,08,Communication,238.1321768462081,2.381321768462081,2021-12-10,102.45771881924772,2021,12,2021-12,0.0,0.0
0,0,08,Communication,238.1321768462081,2.381321768462081,2022-01-10,102.45771881924772,2022,1,2022-01,0.0,0.0
0,0,08,Communication,238.1321768462081,2.381321768462081,2022-02-10,102.45771881924772,2022,2,2022-02,0.0,0.0
0,0,08,Communication,238.1321768462081,2.381321768462081,2022-03-10,102.45771881924772,2022,3,2022-03,0.0,0.0
0,0,08,Communication,238.1321768462081,2.381321768462081,2022-04-10,102.45771881924772,2022,4,2022-04,0.0,0.0
0,0,08,Communication,238.1321768462081,2.381321768462081,2022-05-10,102.93575355894494,2022,5,2022-05,0.4665678147105279,0.4665678147105279
0,0,08,Communication,238.1321768462081,2.381321768462081,2022-06-10,103.83633764785925,2022,6,2022-06,1.34554901719377,0.8748992043844162
0,0,08,Communication,238.1321768462081,2.381321768462081,2022-07-10,103.83633764785925,2022,7,2022-07,1.34554901719377,0.0
0,0,08,Communication,238.1321768462081,2.381321768462081,2022-08-10,103.91981903230504,2022,8,2022-08,1.4270278802875902,0.0803970809611032
0,0,08,Communication,238.1321768462081,2.381321768462081,2022-09-10,104.33652269241028,2022,9,2022-09,1.8337358032312734,0.40098574457265723
0,0,08,Communication,238.1321768462081,2.381321768462081,2022-10-10,104.08402828662388,2022,10,2022-10,1.5872981422173194,-0.2420000200033301
0,0,08,Communication,238.1321768462081,2.381321768462081,2022-11-10,104.08402828662388,2022,11,2022-11,1.5872981422173194,0.0
0,0,08,Communication,238.1321768462081,2.381321768462081,2022-12-10,104.08402828662388,2022,12,2022-12,1.5872981422173194,0.0
0,0,08,Communication,238.1321768462081,2.381321768462081,2023-01-10,104.08402828662388,2023,1,2023-01,1.5872981422173194,0.0
0,0,08,Communication,238.1321768462081,2.381321768462081,2023-02-10,104.08402828662388,2023,2,2023-02,1.5872981422173194,0.0
0,0,08,Communication,238.1321768462081,2.381321768462081,2023-03-10,104.08402828662388,2023,3,2023-03,1.5872981422173194,0.0
0,0,08,Communication,238.1321768462081,2.381321768462081,2023-04-10,104.08402828662388,2023,4,2023-04,1.5872981422173194,0.0
0,0,08,Communication,238.1321768462081,2.381321768462081,2023-05-10,104.08402828662388,2023,5,2023-05,1.1155256438875716,0.0
0,0,08,Communication,238.1321768462081,2.381321768462081,2023-06-10,104.08402828662388,2023,6,2023-06,0.2385394596683632,0.0
0,0,08,Communication,238.1321768462081,2.381321768462081,2023-07-10,104.08402828662388,2023,7,2023-07,0.2385394596683632,0.0
0,0,08,Communication,238.1321768462081,2.381321768462081,2023-08-10,104.08402828662388,2023,8,2023-08,0.15801533898724962,0.0
0,0,08,Communication,238.1321768462081,2.381321768462081,2023-09-10,104.08402828662388,2023,9,2023-09,-0.2420000200033301,0.0
0,0,08,Communication,238.1321768462081,2.381321768462081,2023-10-10,104.08402828662388,2023,10,2023-10,0.0,0.0
0,0,08,Communication,238.1321768462081,2.381321768462081,2023-11-10,104.08402828662388,2023,11,2023-11,0.0,0.0
0,0,08,Communication,238.1321768462081,2.381321768462081,2023-12-10,104.08402828662388,2023,12,2023-12,0.0,0.0
0,0,08,Communication,238.1321768462081,2.381321768462081,2024-01-10,104.08402828662388,2024,1,2024-01,0.0,0.0
0,0,08,Communication,238.1321768462081,2.381321768462081,2024-02-10,104.08402828662388,2024,2,2024-02,0.0,0.0
0,0,08,Communication,238.1321768462081,2.381321768462081,2024-03-10,104.4496755509968,2024,3,2024-03,0.35130007013757236,0.35130007013757236
0,0,08,Communication,238.1321768462081,2.381321768462081,2024-04-10,104.85295653682384,2024,4,2024-04,0.7387571972930385,0.38610075493259455
0,0,08,Communication,238.1321768462081,2.381321768462081,2024-05-10,104.85295653682384,2024,5,2024-05,0.7387571972930385,0.0
0,0,08,Communication,238.1321768462081,2.381321768462081,2024-06-10,104.85295653682384,2024,6,2024-06,0.7387571972930385,0.0
0,0,08,Communication,238.1321768462081,2.381321768462081,2024-07-10,104.85295653682384,2024,7,2024-07,0.7387571972930385,0.0
0,0,08,Communication,238.1321768462081,2.381321768462081,2024-08-10,104.85295653682384,2024,8,2024-08,0.7387571972930385,0.0
0,0,08,Communication,238.1321768462081,2.381321768462081,2024-09-10,104.85295653682384,2024,9,2024-09,0.7387571972930385,0.0
0,0,08,Communication,238.1321768462081,2.381321768462081,2024-10-10,120.85800283393645,2024,10,2024-10,16.115800688575234,15.26427754232349
0,0,08,Communication,238.1321768462081,2.381321768462081,2024-11-10,120.85800283393645,2024,11,2024-11,16.115800688575234,0.0
0,0,08,Communication,238.1321768462081,2.381321768462081,2024-12-10,120.85800283393645,2024,12,2024-12,16.115800688575234,0.0
0,0,08,Communication,238.1321768462081,2.381321768462081,2025-01-10,121.79030506211632,2025,1,2025-01,17.01152142837261,0.771402974001556
0,0,08,Communication,238.1321768462081,2.381321768462081,2025-02-10,122.92691090382917,2025,2,2025-02,18.103529357372917,0.9332482098087791
0,0,08,Communication,238.1321768462081,2.381321768462081,2025-03-10,122.92691090382917,2025,3,2025-03,17.690084009701867,0.0
0,0,08,Communication,238.1321768462081,2.381321768462081,2025-04-10,122.92691090382917,2025,4,2025-04,17.23742940968751,0.0
0,0,08,Communication,238.1321768462081,2.381321768462081,2025-05-10,122.92691090382917,2025,5,2025-05,17.23742940968751,0.0
0,0,08,Communication,238.1321768462081,2.381321768462081,2025-06-10,122.92691090382917,2025,6,2025-06,17.23742940968751,0.0
0,0,08,Communication,238.1321768462081,2.381321768462081,2025-07-10,123.34101844416962,2025,7,2025-07,17.63237062452585,0.3368729737823095
0,0,08,Communication,238.1321768462081,2.381321768462081,2025-08-10,123.34101844416962,2025,8,2025-08,17.63237062452585,0.0
0,0,08,Communication,238.1321768462081,2.381321768462081,2025-09-10,123.34101844416962,2025,9,2025-09,17.63237062452585,0.0
0,0,08,Communication,238.1321768462081,2.381321768462081,2025-10-10,123.34101844416962,2025,10,2025-10,2.0544900230106578,0.0
0,0,08,Communication,238.1321768462081,2.381321768462081,2025-11-10,123.34101844416962,2025,11,2025-11,2.0544900230106578,0.0
0,0,08,Communication,238.1321768462081,2.381321768462081,2025-12-10,123.3338593416761,2025,12,2025-12,2.048566457896528,-0.005804316020596723
0,0,08,Communication,238.1321768462081,2.381321768462081,2026-01-10,123.32541273771025,2026,1,2026-01,1.2604514577831072,-0.006848568601469651
0,0,08,Communication,238.1321768462081,2.381321768462081,2026-02-10,123.31698163614767,2026,2,2026-02,0.3173192342103892,-0.006836467339066399
0,0,08,Communication,238.1321768462081,2.381321768462081,2026-03-10,123.31698163614767,2026,3,2026-03,0.3173192342103892,0.0
0,0,08,Communication,238.1321768462081,2.381321768462081,2026-04-10,125.50981140861396,2026,4,2026-04,2.1011676660495526,1.7782058426764946
0,0,08,Communication,238.1321768462081,2.381321768462081,2026-05-10,125.50981140861396,2026,5,2026-05,2.1011676660495526,0.0
0,0,08,Communication,238.1321768462081,2.381321768462081,2026-06-10,125.54522451059606,2026,6,2026-06,2.12997592432409,0.028215405301512675
0,0,08,Communication,238.1321768462081,2.381321768462081,2026-07-10,125.58100574143342,2026,7,2026-07,1.8160927528563686,0.028500670556641516
0,0,08,Communication,238.1321768462081,2.381321768462081,2026-08-10,157.4060511384677,2026,8,2026-08,27.618575818487855,25.342244401642123
0,0,09,Recreation and culture,218.13981330048003,2.1813981330048002,2009-02-01,94.85407608052869,2009,2,2009-02,,
0,0,09,Recreation and culture,218.13981330048003,2.1813981330048002,2009-03-01,95.29200189392367,2009,3,2009-03,,0.461683705635596
0,0,09,Recreation and culture,218.13981330048003,2.1813981330048002,2009-04-01,98.365378551208,2009,4,2009-04,,3.2252199515186097
0,0,09,Recreation and culture,218.13981330048003,2.1813981330048002,2009-05-01,98.30062034081246,2009,5,2009-05,,-0.06583435284785999
0,0,09,Recreation and culture,218.13981330048003,2.1813981330048002,2009-06-01,97.19872699518113,2009,6,2009-06,,-1.1209424129888679
0,0,09,Recreation and culture,218.13981330048003,2.1813981330048002,2009-07-01,96.74451059569138,2009,7,2009-07,,-0.4673069427259757
0,0,09,Recreation and culture,218.13981330048003,2.1813981330048002,2009-08-01,96.23186689528139,2009,8,2009-08,,-0.5298943549907453
0,0,09,Recreation and culture,218.13981330048003,2.1813981330048002,2009-09-01,96.32884105438777,2009,9,2009-09,,0.10077135800754533
0,0,09,Recreation and culture,218.13981330048003,2.1813981330048002,2009-10-01,95.53075726914766,2009,10,2009-10,,-0.8284993118411021
0,0,09,Recreation and culture,218.13981330048003,2.1813981330048002,2009-11-01,96.42077223848054,2009,11,2009-11,,0.9316527941104491
0,0,09,Recreation and culture,218.13981330048003,2.1813981330048002,2009-12-01,94.8092671021884,2009,12,2009-12,,-1.6713256893507888
0,0,09,Recreation and culture,218.13981330048003,2.1813981330048002,2010-01-01,96.34259592866454,2010,1,2010-01,,1.6172773752416658
0,0,09,Recreation and culture,218.13981330048003,2.1813981330048002,2010-02-01,95.21320492120317,2010,2,2010-02,0.3786119221377504,-1.1722654933417065
0,0,09,Recreation and culture,218.13981330048003,2.1813981330048002,2010-03-01,95.55287857623233,2010,3,2010-03,0.27376555967315586,0.3567505739463961
0,0,09,Recreation and culture,218.13981330048003,2.1813981330048002,2010-04-01,96.14099810665708,2010,4,2010-04,-2.2613448728740715,0.6154911701122145
0,0,09,Recreation and culture,218.13981330048003,2.1813981330048002,2010-05-01,96.02051482219666,2010,5,2010-05,-2.3195230210252715,-0.12531936097309737
0,0,09,Recreation and culture,218.13981330048003,2.1813981330048002,2010-06-01,95.27072410223782,2010,6,2010-06,-1.9835680492388486,-0.7808651321514426
0,0,09,Recreation and culture,218.13981330048003,2.1813981330048002,2010-07-01,94.90945889570628,2010,7,2010-07,-1.8968018843508738,-0.37919855226864474
0,0,09,Recreation and culture,218.13981330048003,2.1813981330048002,2010-08-01,95.9281539896461,2010,8,2010-08,-0.3156053347336374,1.0733335810704014
0,0,09,Recreation and culture,218.13981330048003,2.1813981330048002,2010-09-01,95.21176434734372,2010,9,2010-09,-1.1596492751463128,-0.7467981114071209
0,0,09,Recreation and culture,218.13981330048003,2.1813981330048002,2010-10-01,96.81831604407063,2010,10,2010-10,1.3477950052205756,1.6873457893984867
0,0,09,Recreation and culture,218.13981330048003,2.1813981330048002,2010-11-01,97.24648393927622,2010,11,2010-11,0.8563628786890654,0.4422385274813978
0,0,09,Recreation and culture,218.13981330048003,2.1813981330048002,2010-12-01,96.61107629291615,2010,12,2010-12,1.9004568285352352,-0.6533990953923152
0,0,09,Recreation and culture,218.13981330048003,2.1813981330048002,2011-01-01,98.17581589435488,2011,1,2011-01,1.9028135457837658,1.6196275432172724
0,0,09,Recreation and culture,218.13981330048003,2.1813981330048002,2011-02-01,98.177228574533,2011,2,2011-02,3.113038423381309,0.0014389288902183495
0,0,09,Recreation and culture,218.13981330048003,2.1813981330048002,2011-03-01,100.39482130180814,2011,3,2011-03,5.067291323633838,2.258764847483552
0,0,09,Recreation and culture,218.13981330048003,2.1813981330048002,2011-04-01,100.28551933613562,2011,4,2011-04,4.310878096855908,-0.1088721153693073
0,0,09,Recreation and culture,218.13981330048003,2.1813981330048002,2011-05-01,100.44345410971896,2011,5,2011-05,4.606244088268374,0.1574851231053387
0,0,09,Recreation and culture,218.13981330048003,2.1813981330048002,2011-06-01,100.43757520417134,2011,6,2011-06,5.423335605583124,-0.00585295039853273
0,0,09,Recreation and culture,218.13981330048003,2.1813981330048002,2011-07-01,99.52370473496036,2011,7,2011-07,4.861734428730191,-0.9098890204719101
0,0,09,Recreation and culture,218.13981330048003,2.1813981330048002,2011-08-01,100.32755063581074,2011,8,2011-08,4.586137086135822,0.8076929039077418
0,0,09,Recreation and culture,218.13981330048003,2.1813981330048002,2011-09-01,101.63671188394635,2011,9,2011-09,6.748060579114634,1.3048870822012448
0,0,09,Recreation and culture,218.13981330048003,2.1813981330048002,2011-10-01,103.16686276283293,2011,10,2011-10,6.5571753136798305,1.5055100175159097
0,0,09,Recreation and culture,218.13981330048003,2.1813981330048002,2011-11-01,101.70621853994896,2011,11,2011-11,4.586011154354486,-1.415807541072367
0,0,09,Recreation and culture,218.13981330048003,2.1813981330048002,2011-12-01,101.66402840688622,2011,12,2011-12,5.230199587726325,-0.04148235345725615
0,0,09,Recreation and culture,218.13981330048003,2.1813981330048002,2012-01-01,100.71766366466042,2012,1,2012-01,2.5890773070231132,-0.9308747224123337
0,0,09,Recreation and culture,218.13981330048003,2.1813981330048002,2012-02-01,100.34298289388803,2012,2,2012-02,2.205964000818028,-0.3720109831179985
0,0,09,Recreation and culture,218.13981330048003,2.1813981330048002,2012-03-01,100.19901516232254,2012,3,2012-03,-0.19503609543460865,-0.1434756346816446
0,0,09,Recreation and culture,218.13981330048003,2.1813981330048002,2012-04-01,100.24535917967728,2012,4,2012-04,-0.04004581790491013,0.04625196892371619
0,0,09,Recreation and culture,218.13981330048003,2.1813981330048002,2012-05-01,99.47884735462036,2012,5,2012-05,-0.9603480521935381,-0.7646357211240518
0,0,09,Recreation and culture,218.13981330048003,2.1813981330048002,2012-06-01,99.83738656102423,2012,6,2012-06,-0.5975738083352056,0.36041753190581005
0,0,09,Recreation and culture,218.13981330048003,2.1813981330048002,2012-07-01,99.36100460913408,2012,7,2012-07,-0.16347876745500534,-0.4771578747195693
0,0,09,Recreation and culture,218.13981330048003,2.1813981330048002,2012-08-01,99.71519342426457,2012,8,2012-08,-0.6103579801016279,0.35646662040484944
0,0,09,Recreation and culture,218.13981330048003,2.1813981330048002,2012-09-01,99.61667472067192,2012,9,2012-09,-1.9875073935695542,-0.09880009275363699
0,0,09,Recreation and culture,218.13981330048003,2.1813981330048002,2012-10-01,99.49845542615208,2012,10,2012-10,-3.5558000296219583,-0.11867420273898865
0,0,09,Recreation and culture,218.13981330048003,2.1813981330048002,2012-11-01,99.66777746025663,2012,11,2012-11,-2.0042442919964265,0.17017554029290505
0,0,09,Recreation and culture,218.13981330048003,2.1813981330048002,2012-12-01,99.59124053445836,2012,12,2012-12,-2.038860652001717,-0.07679204628475711
0,0,09,Recreation and culture,218.13981330048003,2.1813981330048002,2013-01-01,99.94069995922224,2013,1,2013-01,-0.7714274509236785,0.3508937361242692
0,0,09,Recreation and culture,218.13981330048003,2.1813981330048002,2013-02-01,100.87933846684047,2013,2,2013-02,0.5345222530604099,0.939195450903596
0,0,09,Recreation and culture,218.13981330048003,2.1813981330048002,2013-03-01,100.23621763033067,2013,3,2013-03,0.03712857651132495,-0.6375149225638421
0,0,09,Recreation and culture,218.13981330048003,2.1813981330048002,2013-04-01,99.88238547847868,2013,4,2013-04,-0.3620852916971562,-0.35299830761463813
0,0,09,Recreation and culture,218.13981330048003,2.1813981330048002,2013-05-01,100.1234605188487,2013,5,2013-05,0.6479901822047163,0.24135891350127725
0,0,09,Recreation and culture,218.13981330048003,2.1813981330048002,2013-06-01,99.20106687116362,2013,6,2013-06,-0.6373561165602726,-0.9212562599266505
0,0,09,Recreation and culture,218.13981330048003,2.1813981330048002,2013-07-01,99.8345084575039,2013,7,2013-07,0.4765489743511431,0.6385431188587587
0,0,09,Recreation and culture,218.13981330048003,2.1813981330048002,2013-08-01,100.12403899689085,2013,8,2013-08,0.41001331751595593,0.29001048220735903
0,0,09,Recreation and culture,218.13981330048003,2.1813981330048002,2013-09-01,100.34018674369761,2013,9,2013-09,0.7262960995781498,0.21587997145569027
0,0,09,Recreation and culture,218.13981330048003,2.1813981330048002,2013-10-01,100.29448030657896,2013,10,2013-10,0.8000374247193243,-0.045551477032235166
0,0,09,Recreation and culture,218.13981330048003,2.1813981330048002,2013-11-01,99.59228726470863,2013,11,2013-11,-0.07574182696920007,-0.7001312930919767
0,0,09,Recreation and culture,218.13981330048003,2.1813981330048002,2013-12-01,99.69092833932176,2013,12,2013-12,0.10009696066481943,0.0990448932565835
0,0,09,Recreation and culture,218.13981330048003,2.1813981330048002,2014-01-01,100.53185319278614,2014,1,2014-01,0.591503995674536,0.8435319717377876
0,0,09,Recreation and culture,218.13981330048003,2.1813981330048002,2014-02-01,100,2014,2,2014-02,-0.8716735063934888,-0.5290394794237319
0,0,09,Recreation and culture,218.13981330048003,2.1813981330048002,2014-03-01,99.93803509597664,2014,3,2014-03,-0.2974798345381724,-0.06196490402335941
0,0,09,Recreation and culture,218.13981330048003,2.1813981330048002,2014-04-01,99.9079336326736,2014,4,2014-04,0.025578237917067703,-0.03012012721095303
0,0,09,Recreation and culture,218.13981330048003,2.1813981330048002,2014-05-01,100.55226294798027,2014,5,2014-05,0.42827368022386736,0.6449230725516175
0,0,09,Recreation and culture,218.13981330048003,2.1813981330048002,2014-06-01,101.69481383689562,2014,6,2014-06,2.513830792738081,1.1362756594612389
0,0,09,Recreation and culture,218.13981330048003,2.1813981330048002,2014-07-01,101.8976846418856,2014,7,2014-07,2.066596226353856,0.1994898238521392
0,0,09,Recreation and culture,218.13981330048003,2.1813981330048002,2014-08-01,102.34311625483727,2014,8,2014-08,2.2163281467453944,0.43713614741798246
0,0,09,Recreation and culture,218.13981330048003,2.1813981330048002,2014-09-01,102.46049983796046,2014,9,2014-09,2.1131245247518082,0.11469611969885385
0,0,09,Recreation and culture,218.13981330048003,2.1813981330048002,2014-10-01,102.87226907714654,2014,10,2014-10,2.570219978893973,0.4018809588449024
0,0,09,Recreation and culture,218.13981330048003,2.1813981330048002,2014-11-01,102.78203043954683,2014,11,2014-11,3.2028014040486052,-0.08771910876393951
0,0,09,Recreation and culture,218.13981330048003,2.1813981330048002,2014-12-01,101.8189642745867,2014,12,2014-12,2.1346334824184465,-0.9369985792668012
0,0,09,Recreation and culture,218.13981330048003,2.1813981330048002,2015-01-01,102.53137725306074,2015,1,2015-01,1.9889457885951645,0.6996859411698475
0,0,09,Recreation and culture,218.13981330048003,2.1813981330048002,2015-02-01,103.22916133783679,2015,2,2015-02,3.2291613378367945,0.6805566290734921
0,0,09,Recreation and culture,218.13981330048003,2.1813981330048002,2015-03-01,103.45552124826476,2015,3,2015-03,3.5196671106351607,0.21927903655747372
0,0,09,Recreation and culture,218.13981330048003,2.1813981330048002,2015-04-01,103.41407183571599,2015,4,2015-04,3.5093691517364523,-0.04006495936481613
0,0,09,Recreation and culture,218.13981330048003,2.1813981330048002,2015-05-01,103.44273737692068,2015,5,2015-05,2.8745990833003665,0.027719188207031564
0,0,09,Recreation and culture,218.13981330048003,2.1813981330048002,2015-06-01,106.30047438927106,2015,6,2015-06,4.528904059711714,2.7626270193696456
0,0,09,Recreation and culture,218.13981330048003,2.1813981330048002,2015-07-01,106.57505814813956,2015,7,2015-07,4.5902647569396215,0.25830906253812014
0,0,09,Recreation and culture,218.13981330048003,2.1813981330048002,2015-08-01,106.44205356258949,2015,8,2015-08,4.0050933152609325,-0.12479898004389423
0,0,09,Recreation and culture,218.13981330048003,2.1813981330048002,2015-09-01,107.53516604545206,2015,9,2015-09,4.9528025097643535,1.0269554619404264
0,0,09,Recreation and culture,218.13981330048003,2.1813981330048002,2015-10-01,104.1158666089263,2015,10,2015-10,1.2088753781129835,-3.1797034981845163
0,0,09,Recreation and culture,218.13981330048003,2.1813981330048002,2015-11-01,104.43250224765396,2015,11,2015-11,1.6057980184365883,0.30411852586982313
0,0,09,Recreation and culture,218.13981330048003,2.1813981330048002,2015-12-01,105.7483515794011,2015,12,2015-12,3.8591900171146554,1.2599998117700073
0,0,09,Recreation and culture,218.13981330048003,2.1813981330048002,2016-01-01,105.71524266495601,2016,1,2016-01,3.105259577306829,-0.03130915418595448
0,0,09,Recreation and culture,218.13981330048003,2.1813981330048002,2016-02-01,106.05719936248728,2016,2,2016-02,2.739572799003187,0.3234696235953738
0,0,09,Recreation and culture,218.13981330048003,2.1813981330048002,2016-03-01,106.4108604791342,2016,3,2016-03,2.856627848577986,0.3334626208996605
0,0,09,Recreation and culture,218.13981330048003,2.1813981330048002,2016-04-01,106.53423117830566,2016,4,2016-04,3.0171516189270386,0.11593807118555066
0,0,09,Recreation and culture,218.13981330048003,2.1813981330048002,2016-05-01,106.51344647796545,2016,5,2016-05,2.9685110612027277,-0.019509879698131893
0,0,09,Recreation and culture,218.13981330048003,2.1813981330048002,2016-06-01,107.13484182712072,2016,6,2016-06,0.7849141244602675,0.5833961529766452
0,0,09,Recreation and culture,218.13981330048003,2.1813981330048002,2016-07-01,107.14124137962037,2016,7,2016-07,0.5312530354839806,0.005973362531275228
0,0,09,Recreation and culture,218.13981330048003,2.1813981330048002,2016-08-01,107.17564953348945,2016,8,2016-08,0.6891974988706862,0.03211476124975743
0,0,09,Recreation and culture,218.13981330048003,2.1813981330048002,2016-09-01,107.4822353120659,2016,9,2016-09,-0.04922178979459568,0.2860591747388064
0,0,09,Recreation and culture,218.13981330048003,2.1813981330048002,2016-10-01,107.59385051264,2016,10,2016-10,3.340493641355846,0.10384525428788205
0,0,09,Recreation and culture,218.13981330048003,2.1813981330048002,2016-11-01,107.87399062498784,2016,11,2016-11,3.2954188621973746,0.2603681446598394
0,0,09,Recreation and culture,218.13981330048003,2.1813981330048002,2016-12-01,107.60046368541471,2016,12,2016-12,1.7514335479952514,-0.2535615285838566
0,0,09,Recreation and culture,218.13981330048003,2.1813981330048002,2017-01-01,107.99856831015947,2017,1,2017-01,2.1598830855830586,0.3699841163405049
0,0,09,Recreation and culture,218.13981330048003,2.1813981330048002,2017-02-01,108.09543274371097,2017,2,2017-02,1.9218246318737142,0.08969047929721086
0,0,09,Recreation and culture,218.13981330048003,2.1813981330048002,2017-03-01,110.10289026521994,2017,3,2017-03,3.469598656999584,1.8571159488935507
0,0,09,Recreation and culture,218.13981330048003,2.1813981330048002,2017-04-01,111.03984214428914,2017,4,2017-04,4.229261258235839,0.8509784591596459
0,0,09,Recreation and culture,218.13981330048003,2.1813981330048002,2017-05-01,110.85518998238449,2017,5,2017-05,4.076239806320814,-0.1662936098780765
0,0,09,Recreation and culture,218.13981330048003,2.1813981330048002,2017-06-01,110.17199232509357,2017,6,2017-06,2.834885874824722,-0.616297403305599
0,0,09,Recreation and culture,218.13981330048003,2.1813981330048002,2017-07-01,110.9300409599047,2017,7,2017-07,3.5362662701097003,0.6880592960271548
0,0,09,Recreation and culture,218.13981330048003,2.1813981330048002,2017-08-01,110.87962796130692,2017,8,2017-08,3.4559887847099846,-0.045445758571383
0,0,09,Recreation and culture,218.13981330048003,2.1813981330048002,2017-09-01,110.33746109520457,2017,9,2017-09,2.6564629725542632,-0.48896887198389694
0,0,09,Recreation and culture,218.13981330048003,2.1813981330048002,2017-10-01,113.40348608269069,2017,10,2017-10,5.39959815767368,2.7787706523721756
0,0,09,Recreation and culture,218.13981330048003,2.1813981330048002,2017-11-01,113.38626885926573,2017,11,2017-11,5.109923348845702,-0.015182269981017793
0,0,09,Recreation and culture,218.13981330048003,2.1813981330048002,2017-12-01,113.33445383929995,2017,12,2017-12,5.328964167523842,-0.04569779082340686
0,0,09,Recreation and culture,218.13981330048003,2.1813981330048002,2018-01-01,113.36590705437021,2018,1,2018-01,4.969823978403465,0.027752562442184825
0,0,09,Recreation and culture,218.13981330048003,2.1813981330048002,2018-02-01,113.34121656335074,2018,2,2018-02,4.852919023949198,-0.021779467620386406
0,0,09,Recreation and culture,218.13981330048003,2.1813981330048002,2018-03-01,113.42296190223044,2018,3,2018-03,3.0154264152493893,0.07212322344714028
0,0,09,Recreation and culture,218.13981330048003,2.1813981330048002,2018-04-10,113.69227893725513,2018,4,2018-04,2.388725291521321,0.23744489696613247
0,0,09,Recreation and culture,218.13981330048003,2.1813981330048002,2018-05-10,113.55529811254833,2018,5,2018-05,2.4357074581649263,-0.12048384110797672
0,0,09,Recreation and culture,218.13981330048003,2.1813981330048002,2018-06-10,112.74595347445944,2018,6,2018-06,2.3363117023160296,-0.7127317276616418
0,0,09,Recreation and culture,218.13981330048003,2.1813981330048002,2018-07-10,112.58981654782092,2018,7,2018-07,1.4962363427920566,-0.13848561462908027
0,0,09,Recreation and culture,218.13981330048003,2.1813981330048002,2018-08-10,112.43473578733392,2018,8,2018-08,1.4025189790226156,-0.1377395978091167
0,0,09,Recreation and culture,218.13981330048003,2.1813981330048002,2018-09-10,111.99499847041422,2018,9,2018-09,1.5022435342965101,-0.39110450506278926
0,0,09,Recreation and culture,218.13981330048003,2.1813981330048002,2018-10-10,112.21950364048864,2018,10,2018-10,-1.0440441322400962,0.20045999655398106
0,0,09,Recreation and culture,218.13981330048003,2.1813981330048002,2018-11-10,112.16648945815874,2018,11,2018-11,-1.0757734718486733,-0.047241504916772925
0,0,09,Recreation and culture,218.13981330048003,2.1813981330048002,2018-12-10,112.13874121987487,2018,12,2018-12,-1.0550301156614816,-0.02473843874217785
0,0,09,Recreation and culture,218.13981330048003,2.1813981330048002,2019-01-10,117.41680870807447,2019,1,2019-01,3.5732979684637067,4.7067297445854805
0,0,09,Recreation and culture,218.13981330048003,2.1813981330048002,2019-02-10,117.56689276061918,2019,2,2019-02,3.728278489852399,0.1278216076523231
0,0,09,Recreation and culture,218.13981330048003,2.1813981330048002,2019-03-10,117.52541338642602,2019,3,2019-03,3.6169497034752585,-0.0352815092915848
0,0,09,Recreation and culture,218.13981330048003,2.1813981330048002,2019-04-10,117.6566045840647,2019,4,2019-04,3.486890828353806,0.11162793974381913
0,0,09,Recreation and culture,218.13981330048003,2.1813981330048002,2019-05-10,117.83191028843517,2019,5,2019-05,3.766105366257899,0.14899775919099412
0,0,09,Recreation and culture,218.13981330048003,2.1813981330048002,2019-06-10,118.3199777593381,2019,6,2019-06,4.943879680915875,0.4142065334493905
0,0,09,Recreation and culture,218.13981330048003,2.1813981330048002,2019-07-10,117.93023825748737,2019,7,2019-07,4.743254650742057,-0.3293945022906031
0,0,09,Recreation and culture,218.13981330048003,2.1813981330048002,2019-08-10,118.4792018605907,2019,8,2019-08,5.375977477894089,0.46549859579247954
0,0,09,Recreation and culture,218.13981330048003,2.1813981330048002,2019-09-10,118.63447705889479,2019,9,2019-09,5.928370622938606,0.13105692464638885
0,0,09,Recreation and culture,218.13981330048003,2.1813981330048002,2019-10-10,119.69598520605105,2019,10,2019-10,6.662372691929197,0.8947720540204207
0,0,09,Recreation and culture,218.13981330048003,2.1813981330048002,2019-11-10,119.69038806588698,2019,11,2019-11,6.7077953888668995,-0.004676130243164156
0,0,09,Recreation and culture,218.13981330048003,2.1813981330048002,2019-12-10,119.37722810251408,2019,12,2019-12,6.454938591156845,-0.2616416977447744
0,0,09,Recreation and culture,218.13981330048003,2.1813981330048002,2020-01-10,119.24421066921334,2020,1,2020-01,1.5563376157516018,-0.11142613663848167
0,0,09,Recreation and culture,218.13981330048003,2.1813981330048002,2020-02-10,120.15852277268291,2020,2,2020-02,2.204387605395519,0.7667559693995463
0,0,09,Recreation and culture,218.13981330048003,2.1813981330048002,2020-03-10,120.68960291872699,2020,3,2020-03,2.692344950021197,0.4419829187221058
0,0,09,Recreation and culture,218.13981330048003,2.1813981330048002,2020-04-10,121.51281959808229,2020,4,2020-04,3.2775168275932742,0.6820941153561133
0,0,09,Recreation and culture,218.13981330048003,2.1813981330048002,2020-05-10,122.3629148259454,2020,5,2020-05,3.8453119587206874,0.6995930393804528
0,0,09,Recreation and culture,218.13981330048003,2.1813981330048002,2020-06-10,122.07661321878372,2020,6,2020-06,3.174979855968685,-0.23397743308822827
0,0,09,Recreation and culture,218.13981330048003,2.1813981330048002,2020-07-10,122.41204452466702,2020,7,2020-07,3.800387698186558,0.2747711433328748
0,0,09,Recreation and culture,218.13981330048003,2.1813981330048002,2020-08-10,122.19642312477096,2020,8,2020-08,3.1374462401883463,-0.17614394133627087
0,0,09,Recreation and culture,218.13981330048003,2.1813981330048002,2020-09-10,122.50325174745979,2020,9,2020-09,3.261087994381584,0.251094602315427
0,0,09,Recreation and culture,218.13981330048003,2.1813981330048002,2020-10-10,122.61056807176088,2020,10,2020-10,2.434987991194948,0.08760283728821427
0,0,09,Recreation and culture,218.13981330048003,2.1813981330048002,2020-11-10,125.5733359349154,2020,11,2020-11,4.915138102643635,2.4164049720579506
0,0,09,Recreation and culture,218.13981330048003,2.1813981330048002,2020-12-10,125.8941904780977,2020,12,2020-12,5.459133604599398,0.2555116823117487
0,0,09,Recreation and culture,218.13981330048003,2.1813981330048002,2021-01-10,126.04019494248357,2021,1,2021-01,5.69921527857018,0.11597394910074499
0,0,09,Recreation and culture,218.13981330048003,2.1813981330048002,2021-02-10,126.45293929409156,2021,2,2021-02,5.238427018045555,0.32747041671614685
0,0,09,Recreation and culture,218.13981330048003,2.1813981330048002,2021-03-10,126.59952835869052,2021,3,2021-03,4.896797484654347,0.11592380961429338
0,0,09,Recreation and culture,218.13981330048003,2.1813981330048002,2021-04-10,126.75056183477577,2021,4,2021-04,4.3104441605568145,0.11930018858943292
0,0,09,Recreation and culture,218.13981330048003,2.1813981330048002,2021-05-10,127.36523130555983,2021,5,2021-05,4.08809849514451,0.48494417846076665
0,0,09,Recreation and culture,218.13981330048003,2.1813981330048002,2021-06-10,127.3766555381058,2021,6,2021-06,4.341570575703502,0.008969663407243367
0,0,09,Recreation and culture,218.13981330048003,2.1813981330048002,2021-07-10,128.0301100851977,2021,7,2021-07,4.589471225928743,0.5130096596832168
0,0,09,Recreation and culture,218.13981330048003,2.1813981330048002,2021-08-10,128.12118745819888,2021,8,2021-08,4.848557905314732,0.07113746363303086
0,0,09,Recreation and culture,218.13981330048003,2.1813981330048002,2021-09-10,128.43234482076485,2021,9,2021-09,4.839947502396003,0.24286175357803863
0,0,09,Recreation and culture,218.13981330048003,2.1813981330048002,2021-10-10,128.85568204592255,2021,10,2021-10,5.093454889228277,0.32961885555269355
0,0,09,Recreation and culture,218.13981330048003,2.1813981330048002,2021-11-10,129.41389128217318,2021,11,2021-11,3.0584162781566393,0.43320498358132564
0,0,09,Recreation and culture,218.13981330048003,2.1813981330048002,2021-12-10,130.15864775237853,2021,12,2021-12,3.3873344417927997,0.5754841793463195
0,0,09,Recreation and culture,218.13981330048003,2.1813981330048002,2022-01-10,134.91001728586335,2022,1,2022-01,7.037296592112852,3.65044475763463
0,0,09,Recreation and culture,218.13981330048003,2.1813981330048002,2022-02-10,136.4801734320467,2022,2,2022-02,7.929617289982338,1.1638543806990587
0,0,09,Recreation and culture,218.13981330048003,2.1813981330048002,2022-03-10,138.03765322283408,2022,3,2022-03,9.034887422120775,1.1411765911645944
0,0,09,Recreation and culture,218.13981330048003,2.1813981330048002,2022-04-10,138.62164481580265,2022,4,2022-04,9.36570442701572,0.42306688018365346
0,0,09,Recreation and culture,218.13981330048003,2.1813981330048002,2022-05-10,139.75259102459543,2022,5,2022-05,9.725856571733683,0.8158510961946419
0,0,09,Recreation and culture,218.13981330048003,2.1813981330048002,2022-06-10,141.86844691647417,2022,6,2022-06,11.377117194000297,1.5140011905084183
0,0,09,Recreation and culture,218.13981330048003,2.1813981330048002,2022-07-10,141.41419831911574,2022,7,2022-07,10.453859818609557,-0.32019001210739084
0,0,09,Recreation and culture,218.13981330048003,2.1813981330048002,2022-08-10,141.57865832182247,2022,8,2022-08,10.503704446241002,0.11629666940204952
0,0,09,Recreation and culture,218.13981330048003,2.1813981330048002,2022-09-10,144.17407182844696,2022,9,2022-09,12.256824423513123,1.8331954387679206
0,0,09,Recreation and culture,218.13981330048003,2.1813981330048002,2022-10-10,148.60979307620576,2022,10,2022-10,15.330415171946466,3.0766428328644846
0,0,09,Recreation and culture,218.13981330048003,2.1813981330048002,2022-11-10,150.7414877791644,2022,11,2022-11,16.480144662746188,1.434424110842758
0,0,09,Recreation and culture,218.13981330048003,2.1813981330048002,2022-12-10,151.68457036944665,2022,12,2022-12,16.538219310652558,0.6256290847174384
0,0,09,Recreation and culture,218.13981330048003,2.1813981330048002,2023-01-10,151.3669602106203,2023,1,2023-01,12.19845883637094,-0.20938857396817223
0,0,09,Recreation and culture,218.13981330048003,2.1813981330048002,2023-02-10,151.6133306465447,2023,2,2023-02,11.088172614341518,0.16276368078051995
0,0,09,Recreation and culture,218.13981330048003,2.1813981330048002,2023-03-10,153.3752763557187,2023,3,2023-03,11.111187980083326,1.1621311276919455
0,0,09,Recreation and culture,218.13981330048003,2.1813981330048002,2023-04-10,154.005491653006,2023,4,2023-04,11.09772348874165,0.41089757897201373
0,0,09,Recreation and culture,218.13981330048003,2.1813981330048002,2023-05-10,154.37794112754545,2023,5,2023-05,10.465172771198251,0.24184168404761675
0,0,09,Recreation and culture,218.13981330048003,2.1813981330048002,2023-06-10,154.4683022545913,2023,6,2023-06,8.881365526990903,0.058532408442468764
0,0,09,Recreation and culture,218.13981330048003,2.1813981330048002,2023-07-10,154.41765050828667,2023,7,2023-07,9.195294633589256,-0.03279102933437805
0,0,09,Recreation and culture,218.13981330048003,2.1813981330048002,2023-08-10,154.85010374460984,2023,8,2023-08,9.373902521819378,0.28005427805675165
0,0,09,Recreation and culture,218.13981330048003,2.1813981330048002,2023-09-10,154.56301740095392,2023,9,2023-09,7.205834891636265,-0.18539628757976434
0,0,09,Recreation and culture,218.13981330048003,2.1813981330048002,2023-10-10,155.27404237539542,2023,10,2023-10,4.484394440797246,0.4600227055590045
0,0,09,Recreation and culture,218.13981330048003,2.1813981330048002,2023-11-10,154.7408390184355,2023,11,2023-11,2.653119123469283,-0.34339503809067695
0,0,09,Recreation and culture,218.13981330048003,2.1813981330048002,2023-12-10,153.8453345455845,2023,12,2023-12,1.42451151812939,-0.5787124320453696
0,0,09,Recreation and culture,218.13981330048003,2.1813981330048002,2024-01-10,154.13370424050711,2024,1,2024-01,1.8278388005130042,0.18744129990966307
0,0,09,Recreation and culture,218.13981330048003,2.1813981330048002,2024-02-10,155.46510968952356,2024,2,2024-02,2.5405279513042833,0.8637990344661617
0,0,09,Recreation and culture,218.13981330048003,2.1813981330048002,2024-03-10,156.20186766673086,2024,3,2024-03,1.8429249995002506,0.4739056748351178
0,0,09,Recreation and culture,218.13981330048003,2.1813981330048002,2024-04-10,156.92001097355586,2024,4,2024-04,1.8924775274355987,0.45975334197490003
0,0,09,Recreation and culture,218.13981330048003,2.1813981330048002,2024-05-10,157.18402129894818,2024,5,2024-05,1.8176691248164678,0.16824516118394417
0,0,09,Recreation and culture,218.13981330048003,2.1813981330048002,2024-06-10,157.94282165483574,2024,6,2024-06,2.2493413532297613,0.4827464965057704
0,0,09,Recreation and culture,218.13981330048003,2.1813981330048002,2024-07-10,158.95818208378057,2024,7,2024-07,2.940422652817287,0.642865828472905
0,0,09,Recreation and culture,218.13981330048003,2.1813981330048002,2024-08-10,158.7852533957506,2024,8,2024-08,2.541263813184713,-0.10878879323042989
0,0,09,Recreation and culture,218.13981330048003,2.1813981330048002,2024-09-10,160.28971344568222,2024,9,2024-09,3.705088151761826,0.947480964231584
0,0,09,Recreation and culture,218.13981330048003,2.1813981330048002,2024-10-10,160.61502276083493,2024,10,2024-10,3.439712332939071,0.20295083705601513
0,0,09,Recreation and culture,218.13981330048003,2.1813981330048002,2024-11-10,161.61344289723883,2024,11,2024-11,4.441363975016666,0.6216231329061905
0,0,09,Recreation and culture,218.13981330048003,2.1813981330048002,2024-12-10,162.9987038106995,2024,12,2024-12,5.949721707292244,0.8571446091532708
0,0,09,Recreation and culture,218.13981330048003,2.1813981330048002,2025-01-10,163.76193527577902,2025,1,2025-01,6.246674653486695,0.46824388613906365
0,0,09,Recreation and culture,218.13981330048003,2.1813981330048002,2025-02-10,161.92443228400043,2025,2,2025-02,4.154837447049475,-1.1220574480169554
0,0,09,Recreation and culture,218.13981330048003,2.1813981330048002,2025-03-10,161.23219547211667,2025,3,2025-03,3.2204018303535253,-0.4275060916499873
0,0,09,Recreation and culture,218.13981330048003,2.1813981330048002,2025-04-10,160.2832223436031,2025,4,2025-04,2.1432648068154814,-0.5885754552524824
0,0,09,Recreation and culture,218.13981330048003,2.1813981330048002,2025-05-10,161.0212213668066,2025,5,2025-05,2.441215103258143,0.4604343563928692
0,0,09,Recreation and culture,218.13981330048003,2.1813981330048002,2025-06-10,161.07042817412332,2025,6,2025-06,1.9802144133669985,0.030559206357416713
0,0,09,Recreation and culture,218.13981330048003,2.1813981330048002,2025-07-10,161.72355110091453,2025,7,2025-07,1.7396833436837067,0.40548903619053167
0,0,09,Recreation and culture,218.13981330048003,2.1813981330048002,2025-08-10,161.7515828242034,2025,8,2025-08,1.868139115576195,0.017333111410211544
0,0,09,Recreation and culture,218.13981330048003,2.1813981330048002,2025-09-10,163.01570893623196,2025,9,2025-09,1.7006677671012937,0.7815231789122246
0,0,09,Recreation and culture,218.13981330048003,2.1813981330048002,2025-10-10,165.16296897526018,2025,10,2025-10,2.8315820875594033,1.3172105026198366
0,0,09,Recreation and culture,218.13981330048003,2.1813981330048002,2025-11-10,166.34733275519523,2025,11,2025-11,2.929143623879371,0.7170879691030807
0,0,09,Recreation and culture,218.13981330048003,2.1813981330048002,2025-12-10,170.10588218082762,2025,12,2025-12,4.360266802110346,2.259458786251578
0,0,09,Recreation and culture,218.13981330048003,2.1813981330048002,2026-01-10,169.54259893424546,2026,1,2026-01,3.5299189941372378,-0.33113684216009576
0,0,09,Recreation and culture,218.13981330048003,2.1813981330048002,2026-02-10,170.0979550734554,2026,2,2026-02,5.047739043555444,0.32756141683620843
0,0,09,Recreation and culture,218.13981330048003,2.1813981330048002,2026-03-10,172.84978716554483,2026,3,2026-03,7.205503627491883,1.6177925777538293
0,0,09,Recreation and culture,218.13981330048003,2.1813981330048002,2026-04-10,174.344690848146,2026,4,2026-04,8.772888577445116,0.8648571150217554
0,0,09,Recreation and culture,218.13981330048003,2.1813981330048002,2026-05-10,174.75799532861618,2026,5,2026-05,8.531033267048183,0.23706169569004398
0,0,09,Recreation and culture,218.13981330048003,2.1813981330048002,2026-06-10,179.26351364103968,2026,6,2026-06,11.295112127751295,2.578147170864087
0,0,09,Recreation and culture,218.13981330048003,2.1813981330048002,2026-07-10,179.8928586452515,2026,7,2026-07,11.234793832222634,0.35107255873163545
0,0,09,Recreation and culture,218.13981330048003,2.1813981330048002,2026-08-10,180.54002082576608,2026,8,2026-08,11.615613073772835,0.3597486778454062
0,0,10,Education,200.9885867838568,2.009885867838568,2009-02-01,61.1584032904033,2009,2,2009-02,,
0,0,10,Education,200.9885867838568,2.009885867838568,2009-03-01,61.165481599343266,2009,3,2009-03,,0.011573730769853796
0,0,10,Education,200.9885867838568,2.009885867838568,2009-04-01,61.16887099772875,2009,4,2009-04,,0.005541358126937013
0,0,10,Education,200.9885867838568,2.009885867838568,2009-05-01,61.17359927493985,2009,5,2009-05,,0.007729874908557477
0,0,10,Education,200.9885867838568,2.009885867838568,2009-06-01,61.16680420338327,2009,6,2009-06,,-0.011107849852087792
0,0,10,Education,200.9885867838568,2.009885867838568,2009-07-01,61.17338677544654,2009,7,2009-07,,0.010761673997849996
0,0,10,Education,200.9885867838568,2.009885867838568,2009-08-01,61.1716466863018,2009,8,2009-08,,-0.0028445198745119527
0,0,10,Education,200.9885867838568,2.009885867838568,2009-09-01,61.173708129512086,2009,9,2009-09,,0.0033699325127756197
0,0,10,Education,200.9885867838568,2.009885867838568,2009-10-01,61.174560591297514,2009,10,2009-10,,0.0013935100739992379
0,0,10,Education,200.9885867838568,2.009885867838568,2009-11-01,61.178995414783856,2009,11,2009-11,,0.007249457034874673
0,0,10,Education,200.9885867838568,2.009885867838568,2009-12-01,61.173634481470174,2009,12,2009-12,,-0.008762702423170676
0,0,10,Education,200.9885867838568,2.009885867838568,2010-01-01,61.167142523645964,2010,1,2010-01,,-0.010612346118121785
0,0,10,Education,200.9885867838568,2.009885867838568,2010-02-01,65.50305296586605,2010,2,2010-02,7.10392920958498,7.0886267746509635
0,0,10,Education,200.9885867838568,2.009885867838568,2010-03-01,65.66504432154642,2010,3,2010-03,7.356375858653363,0.24730351998216715
0,0,10,Education,200.9885867838568,2.009885867838568,2010-04-01,65.44247309808502,2010,4,2010-04,6.986563640376731,-0.3389493234353447
0,0,10,Education,200.9885867838568,2.009885867838568,2010-05-01,65.44350925368889,2010,5,2010-05,6.979988147433125,0.001583307529218203
0,0,10,Education,200.9885867838568,2.009885867838568,2010-06-01,65.66268606210834,2010,6,2010-06,7.350199045508399,0.33490992600935243
0,0,10,Education,200.9885867838568,2.009885867838568,2010-07-01,65.66228979638655,2010,7,2010-07,7.337999835480313,-0.0006034869201254622
0,0,10,Education,200.9885867838568,2.009885867838568,2010-08-01,65.69729488213042,2010,8,2010-08,7.398277537037523,0.053310790489380366
0,0,10,Education,200.9885867838568,2.009885867838568,2010-09-01,65.70166245464878,2010,9,2010-09,7.401798033152529,0.0066480248938738384
0,0,10,Education,200.9885867838568,2.009885867838568,2010-10-01,65.70345849498568,2010,10,2010-10,7.4032373259619755,0.002733629971896079
0,0,10,Education,200.9885867838568,2.009885867838568,2010-11-01,65.70025993444229,2010,11,2010-11,7.39022353833203,-0.00486817683066354
0,0,10,Education,200.9885867838568,2.009885867838568,2010-12-01,65.69679807916751,2010,12,2010-12,7.393975584477364,-0.005269165263932507
0,0,10,Education,200.9885867838568,2.009885867838568,2011-01-01,70.70481329666639,2011,1,2011-01,15.592800937747509,7.622921305029218
0,0,10,Education,200.9885867838568,2.009885867838568,2011-02-01,72.3393398666839,2011,2,2011-02,10.4365927865687,2.3117613834284345
0,0,10,Education,200.9885867838568,2.009885867838568,2011-03-01,72.56479874215839,2011,3,2011-03,10.507499830237643,0.3116684170604733
0,0,10,Education,200.9885867838568,2.009885867838568,2011-04-01,72.56479874215839,2011,4,2011-04,10.883338154715583,0.0
0,0,10,Education,200.9885867838568,2.009885867838568,2011-05-01,72.74978917841966,2011,5,2011-05,11.16425449681846,0.25493137095107254
0,0,10,Education,200.9885867838568,2.009885867838568,2011-06-01,72.72731543173545,2011,6,2011-06,10.758971027997388,-0.030891837540714118
0,0,10,Education,200.9885867838568,2.009885867838568,2011-07-01,72.74164686493782,2011,7,2011-07,10.781465420264503,0.019705709082340483
0,0,10,Education,200.9885867838568,2.009885867838568,2011-08-01,72.72745751745839,2011,8,2011-08,10.700840343489038,-0.019506497434373937
0,0,10,Education,200.9885867838568,2.009885867838568,2011-09-01,72.72709944847445,2011,9,2011-09,10.692936421015276,-0.0004923436019432792
0,0,10,Education,200.9885867838568,2.009885867838568,2011-10-01,72.72709944847445,2011,10,2011-10,10.689910568444105,0.0
0,0,10,Education,200.9885867838568,2.009885867838568,2011-11-01,72.72709944847445,2011,11,2011-11,10.69529941136269,0.0
0,0,10,Education,200.9885867838568,2.009885867838568,2011-12-01,72.72709944847445,2011,12,2011-12,10.701132436979833,0.0
0,0,10,Education,200.9885867838568,2.009885867838568,2012-01-01,77.02950362587481,2012,1,2012-01,8.945204766570857,5.915819838860092
0,0,10,Education,200.9885867838568,2.009885867838568,2012-02-01,77.02950362587481,2012,2,2012-02,6.483558970588521,0.0
0,0,10,Education,200.9885867838568,2.009885867838568,2012-03-01,77.02950362587481,2012,3,2012-03,6.152714485684285,0.0
0,0,10,Education,200.9885867838568,2.009885867838568,2012-04-01,77.02950362587481,2012,4,2012-04,6.152714485684285,0.0
0,0,10,Education,200.9885867838568,2.009885867838568,2012-05-01,77.02950362587481,2012,5,2012-05,5.882786047611899,0.0
0,0,10,Education,200.9885867838568,2.009885867838568,2012-06-01,77.02950362587481,2012,6,2012-06,5.915505293437584,0.0
0,0,10,Education,200.9885867838568,2.009885867838568,2012-07-01,77.02950362587481,2012,7,2012-07,5.894638004138697,0.0
0,0,10,Education,200.9885867838568,2.009885867838568,2012-08-01,77.02950362587481,2012,8,2012-08,5.915298369097677,0.0
0,0,10,Education,200.9885867838568,2.009885867838568,2012-09-01,77.02950362587481,2012,9,2012-09,5.915819838860092,0.0
0,0,10,Education,200.9885867838568,2.009885867838568,2012-10-01,77.02950362587481,2012,10,2012-10,5.915819838860092,0.0
0,0,10,Education,200.9885867838568,2.009885867838568,2012-11-01,77.02950362587481,2012,11,2012-11,5.915819838860092,0.0
0,0,10,Education,200.9885867838568,2.009885867838568,2012-12-01,77.02950362587481,2012,12,2012-12,5.915819838860092,0.0
0,0,10,Education,200.9885867838568,2.009885867838568,2013-01-01,94.88341704860518,2013,1,2013-01,23.178019566950848,23.178019566950848
0,0,10,Education,200.9885867838568,2.009885867838568,2013-02-01,94.88341704860518,2013,2,2013-02,23.178019566950848,0.0
0,0,10,Education,200.9885867838568,2.009885867838568,2013-03-01,94.88341704860518,2013,3,2013-03,23.178019566950848,0.0
0,0,10,Education,200.9885867838568,2.009885867838568,2013-04-01,94.88341704860518,2013,4,2013-04,23.178019566950848,0.0
0,0,10,Education,200.9885867838568,2.009885867838568,2013-05-01,94.88341704860518,2013,5,2013-05,23.178019566950848,0.0
0,0,10,Education,200.9885867838568,2.009885867838568,2013-06-01,94.88341704860518,2013,6,2013-06,23.178019566950848,0.0
0,0,10,Education,200.9885867838568,2.009885867838568,2013-07-01,94.88341704860518,2013,7,2013-07,23.178019566950848,0.0
0,0,10,Education,200.9885867838568,2.009885867838568,2013-08-01,94.88341704860518,2013,8,2013-08,23.178019566950848,0.0
0,0,10,Education,200.9885867838568,2.009885867838568,2013-09-01,94.88341704860518,2013,9,2013-09,23.178019566950848,0.0
0,0,10,Education,200.9885867838568,2.009885867838568,2013-10-01,94.88341704860518,2013,10,2013-10,23.178019566950848,0.0
0,0,10,Education,200.9885867838568,2.009885867838568,2013-11-01,94.88341704860518,2013,11,2013-11,23.178019566950848,0.0
0,0,10,Education,200.9885867838568,2.009885867838568,2013-12-01,94.88341704860518,2013,12,2013-12,23.178019566950848,0.0
0,0,10,Education,200.9885867838568,2.009885867838568,2014-01-01,100,2014,1,2014-01,5.392494400548187,5.392494400548187
0,0,10,Education,200.9885867838568,2.009885867838568,2014-02-01,100,2014,2,2014-02,5.392494400548187,0.0
0,0,10,Education,200.9885867838568,2.009885867838568,2014-03-01,100,2014,3,2014-03,5.392494400548187,0.0
0,0,10,Education,200.9885867838568,2.009885867838568,2014-04-01,100.00287293199108,2014,4,2014-04,5.395522255236007,0.002872931991082517
0,0,10,Education,200.9885867838568,2.009885867838568,2014-05-01,100.00021085356317,2014,5,2014-05,5.392716624377947,-0.0026620019503931225
0,0,10,Education,200.9885867838568,2.009885867838568,2014-06-01,100.00043945489897,2014,6,2014-06,5.392957553027977,0.00022860085377995887
0,0,10,Education,200.9885867838568,2.009885867838568,2014-07-01,100.00027884035234,2014,7,2014-07,5.392788277350902,-0.00016061384080501284
0,0,10,Education,200.9885867838568,2.009885867838568,2014-08-01,100.00027802768214,2014,8,2014-08,5.392787420857514,-8.126679329478748e-07
0,0,10,Education,200.9885867838568,2.009885867838568,2014-09-01,99.99968955327638,2014,9,2014-09,5.392167213002375,-0.0005884727696470193
0,0,10,Education,200.9885867838568,2.009885867838568,2014-10-01,99.99968956759903,2014,10,2014-10,5.392167228097389,1.4322698582702742e-08
0,0,10,Education,200.9885867838568,2.009885867838568,2014-11-01,100.17814618757862,2014,11,2014-11,5.580247111316772,0.1784571739684715
0,0,10,Education,200.9885867838568,2.009885867838568,2014-12-01,100.17829961289468,2014,12,2014-12,5.580408810084414,0.00015315248074188048
0,0,10,Education,200.9885867838568,2.009885867838568,2015-01-01,101.56911497035736,2015,1,2015-01,1.569114970357366,1.3883399527013562
0,0,10,Education,200.9885867838568,2.009885867838568,2015-02-01,102.78963751292713,2015,2,2015-02,2.7896375129271345,1.201667005689644
0,0,10,Education,200.9885867838568,2.009885867838568,2015-03-01,102.78930471520191,2015,3,2015-03,2.7893047152019124,-0.0003237658321109116
0,0,10,Education,200.9885867838568,2.009885867838568,2015-04-01,102.75902641365121,2015,4,2015-04,2.7560743015198286,-0.02945666539392322
0,0,10,Education,200.9885867838568,2.009885867838568,2015-05-01,102.78879699207117,2015,5,2015-05,2.7885802586871566,0.028971253873222302
0,0,10,Education,200.9885867838568,2.009885867838568,2015-06-01,102.78892024097144,2015,6,2015-06,2.7884685320108904,0.00011990499342307004
0,0,10,Education,200.9885867838568,2.009885867838568,2015-07-01,102.78892024097144,2015,7,2015-07,2.7886336247832766,0.0
0,0,10,Education,200.9885867838568,2.009885867838568,2015-08-01,102.78813308306889,2015,8,2015-08,2.7878473043994934,-0.0007658003418176129
0,0,10,Education,200.9885867838568,2.009885867838568,2015-09-01,102.78813308306889,2015,9,2015-09,2.7884521864509626,0.0
0,0,10,Education,200.9885867838568,2.009885867838568,2015-10-01,102.78813308306889,2015,10,2015-10,2.7884521717288724,0.0
0,0,10,Education,200.9885867838568,2.009885867838568,2015-11-01,102.78718862719171,2015,11,2015-11,2.6044027953240345,-0.000918837465813116
0,0,10,Education,200.9885867838568,2.009885867838568,2015-12-01,102.78813309608992,2015,12,2015-12,2.605188442287476,0.0009188585764707824
0,0,10,Education,200.9885867838568,2.009885867838568,2016-01-01,102.78813309608994,2016,1,2016-01,1.2001858301988078,2.220446049250313e-14
0,0,10,Education,200.9885867838568,2.009885867838568,2016-02-01,104.87776771199816,2016,2,2016-02,2.0314598334957967,2.032953175591534
0,0,10,Education,200.9885867838568,2.009885867838568,2016-03-01,104.88256646077427,2016,3,2016-03,2.0364587068393503,0.004575563420927686
0,0,10,Education,200.9885867838568,2.009885867838568,2016-04-01,104.88256646077427,2016,4,2016-04,2.066524101323086,0.0
0,0,10,Education,200.9885867838568,2.009885867838568,2016-05-01,104.88256646077427,2016,5,2016-05,2.0369627138107305,0.0
0,0,10,Education,200.9885867838568,2.009885867838568,2016-06-01,104.88256646077427,2016,6,2016-06,2.0368403665440127,0.0
0,0,10,Education,200.9885867838568,2.009885867838568,2016-07-01,104.88248858095449,2016,7,2016-07,2.0367645997983352,-7.425430403884548e-05
0,0,10,Education,200.9885867838568,2.009885867838568,2016-08-01,104.88256647363362,2016,8,2016-08,2.0376217835108568,7.426661989828887e-05
0,0,10,Education,200.9885867838568,2.009885867838568,2016-09-01,105.18783707418865,2016,9,2016-09,2.3346119042559454,0.29105943038854054
0,0,10,Education,200.9885867838568,2.009885867838568,2016-10-01,105.18783707418865,2016,10,2016-10,2.3346119042559454,0.0
0,0,10,Education,200.9885867838568,2.009885867838568,2016-11-01,105.18783707418865,2016,11,2016-11,2.335552201650404,0.0
0,0,10,Education,200.9885867838568,2.009885867838568,2016-12-01,105.18783707418865,2016,12,2016-12,2.3346118912923597,0.0
0,0,10,Education,200.9885867838568,2.009885867838568,2017-01-01,129.6138246643929,2017,1,2017-01,26.098043383301217,23.221304163690213
0,0,10,Education,200.9885867838568,2.009885867838568,2017-02-01,129.613814801405,2017,2,2017-02,23.585596479640756,-7.609518448692398e-06
0,0,10,Education,200.9885867838568,2.009885867838568,2017-03-01,129.6138246643929,2017,3,2017-03,23.579951404858157,7.609519014906141e-06
0,0,10,Education,200.9885867838568,2.009885867838568,2017-04-01,129.6137606479385,2017,4,2017-04,23.579890368542443,-4.939014379701234e-05
0,0,10,Education,200.9885867838568,2.009885867838568,2017-05-01,129.6137606479385,2017,5,2017-05,23.579890368542443,0.0
0,0,10,Education,200.9885867838568,2.009885867838568,2017-06-01,129.61247816401934,2017,6,2017-06,23.57866758771008,-0.0009894658659415079
0,0,10,Education,200.9885867838568,2.009885867838568,2017-07-01,129.39448757174407,2017,7,2017-07,23.37091665389859,-0.16818642414923035
0,0,10,Education,200.9885867838568,2.009885867838568,2017-08-01,129.39448757174407,2017,8,2017-08,23.370825030556897,0.0
0,0,10,Education,200.9885867838568,2.009885867838568,2017-09-01,129.39448757174407,2017,9,2017-09,23.012784720045666,0.0
0,0,10,Education,200.9885867838568,2.009885867838568,2017-10-01,129.39448757174407,2017,10,2017-10,23.012784720045666,0.0
0,0,10,Education,200.9885867838568,2.009885867838568,2017-11-01,129.85528148499475,2017,11,2017-11,23.450852395993493,0.35611556712968895
0,0,10,Education,200.9885867838568,2.009885867838568,2017-12-01,129.85528148499475,2017,12,2017-12,23.450852395993493,0.0
0,0,10,Education,200.9885867838568,2.009885867838568,2018-01-01,133.29742192792907,2018,1,2018-01,2.8419786801863633,2.650751208245672
0,0,10,Education,200.9885867838568,2.009885867838568,2018-02-01,133.29742192792907,2018,2,2018-02,2.8419865059662985,0.0
0,0,10,Education,200.9885867838568,2.009885867838568,2018-03-01,133.29742192792907,2018,3,2018-03,2.8419786801863633,0.0
0,0,10,Education,200.9885867838568,2.009885867838568,2018-04-10,133.30274175865625,2018,4,2018-04,2.8461338458791285,0.003990947949517043
0,0,10,Education,200.9885867838568,2.009885867838568,2018-05-10,133.30274175865625,2018,5,2018-05,2.8461338458791285,0.0
0,0,10,Education,200.9885867838568,2.009885867838568,2018-06-10,133.30271761059544,2018,6,2018-06,2.847132852367995,-1.8115201905199996e-05
0,0,10,Education,200.9885867838568,2.009885867838568,2018-07-10,133.31931486846022,2018,7,2018-07,3.0332260441465975,0.012450802325925103
0,0,10,Education,200.9885867838568,2.009885867838568,2018-08-10,133.3190397794457,2018,8,2018-08,3.0330134469798153,-0.00020633845501105696
0,0,10,Education,200.9885867838568,2.009885867838568,2018-09-10,133.3190397794457,2018,9,2018-09,3.0330134469798153,0.0
0,0,10,Education,200.9885867838568,2.009885867838568,2018-10-10,133.3190397794457,2018,10,2018-10,3.0330134469798153,0.0
0,0,10,Education,200.9885867838568,2.009885867838568,2018-11-10,133.3190397794457,2018,11,2018-11,2.6673988572818885,0.0
0,0,10,Education,200.9885867838568,2.009885867838568,2018-12-10,133.3190397794457,2018,12,2018-12,2.6673988572818885,0.0
0,0,10,Education,200.9885867838568,2.009885867838568,2019-01-10,136.05692498571548,2019,1,2019-01,2.0701848677001644,2.0536340576703616
0,0,10,Education,200.9885867838568,2.009885867838568,2019-02-10,136.05692498571548,2019,2,2019-02,2.0701848677001644,0.0
0,0,10,Education,200.9885867838568,2.009885867838568,2019-03-10,136.05779321438536,2019,3,2019-03,2.0708362146334425,0.0006381363315099975
0,0,10,Education,200.9885867838568,2.009885867838568,2019-04-10,136.05779321438536,2019,4,2019-04,2.0667627832570146,0.0
0,0,10,Education,200.9885867838568,2.009885867838568,2019-05-10,136.05813472408826,2019,5,2019-05,2.06701897431385,0.0002510034117442217
0,0,10,Education,200.9885867838568,2.009885867838568,2019-06-10,136.05779321438536,2019,6,2019-06,2.0667812728605073,-0.0002510027817148597
0,0,10,Education,200.9885867838568,2.009885867838568,2019-07-10,136.05779321438536,2019,7,2019-07,2.054074721751342,0.0
0,0,10,Education,200.9885867838568,2.009885867838568,2019-08-10,136.05779321438536,2019,8,2019-08,2.054285298986902,0.0
0,0,10,Education,200.9885867838568,2.009885867838568,2019-09-10,136.05779321438536,2019,9,2019-09,2.054285298986902,0.0
0,0,10,Education,200.9885867838568,2.009885867838568,2019-10-10,136.05779321438536,2019,10,2019-10,2.054285298986902,0.0
0,0,10,Education,200.9885867838568,2.009885867838568,2019-11-10,136.05741985725192,2019,11,2019-11,2.054005251115232,-0.0002744106931462653
0,0,10,Education,200.9885867838568,2.009885867838568,2019-12-10,136.05741985725192,2019,12,2019-12,2.054005251115232,0.0
0,0,10,Education,200.9885867838568,2.009885867838568,2020-01-10,139.55298506374072,2020,1,2020-01,2.569556880983659,2.5691838123611754
0,0,10,Education,200.9885867838568,2.009885867838568,2020-02-10,139.55068267955394,2020,2,2020-02,2.5678646597409704,-0.0016498279744592281
0,0,10,Education,200.9885867838568,2.009885867838568,2020-03-10,139.55068267955394,2020,3,2020-03,2.5672101411088333,0.0
0,0,10,Education,200.9885867838568,2.009885867838568,2020-04-10,139.55068267955394,2020,4,2020-04,2.5672101411088333,0.0
0,0,10,Education,200.9885867838568,2.009885867838568,2020-05-10,139.55068267955394,2020,5,2020-05,2.5669526945582444,0.0
0,0,10,Education,200.9885867838568,2.009885867838568,2020-06-10,139.55068267955394,2020,6,2020-06,2.5672101411088333,0.0
0,0,10,Education,200.9885867838568,2.009885867838568,2020-07-10,139.55064949671004,2020,7,2020-07,2.567185752322909,-2.3778345814573498e-05
0,0,10,Education,200.9885867838568,2.009885867838568,2020-08-10,139.55064949671004,2020,8,2020-08,2.567185752322909,0.0
0,0,10,Education,200.9885867838568,2.009885867838568,2020-09-10,139.55064949671004,2020,9,2020-09,2.567185752322909,0.0
0,0,10,Education,200.9885867838568,2.009885867838568,2020-10-10,139.55064949671004,2020,10,2020-10,2.567185752322909,0.0
0,0,10,Education,200.9885867838568,2.009885867838568,2020-11-10,139.55212345870962,2020,11,2020-11,2.5685505466179315,0.001056220092765514
0,0,10,Education,200.9885867838568,2.009885867838568,2020-12-10,139.5532530649182,2020,12,2020-12,2.5693807888860665,0.0008094511072975763
0,0,10,Education,200.9885867838568,2.009885867838568,2021-01-10,139.5532530649182,2021,1,2021-01,0.0001920425975576734,0.0
0,0,10,Education,200.9885867838568,2.009885867838568,2021-02-10,139.6236013755945,2021,2,2021-02,0.05225248249625114,0.05040965304015099
0,0,10,Education,200.9885867838568,2.009885867838568,2021-03-10,147.23665560677017,2021,3,2021-03,5.507656988583354,5.452555410525606
0,0,10,Education,200.9885867838568,2.009885867838568,2021-04-10,147.286825383441,2021,4,2021-04,5.54360792462143,0.03407424358021771
0,0,10,Education,200.9885867838568,2.009885867838568,2021-05-10,147.28848033669385,2021,5,2021-05,5.544793840176321,0.001123626127830235
0,0,10,Education,200.9885867838568,2.009885867838568,2021-06-10,147.28848033669385,2021,6,2021-06,5.544793840176321,0.0
0,0,10,Education,200.9885867838568,2.009885867838568,2021-07-10,147.28848033669385,2021,7,2021-07,5.544818936988349,0.0
0,0,10,Education,200.9885867838568,2.009885867838568,2021-08-10,147.28848033669385,2021,8,2021-08,5.544818936988349,0.0
0,0,10,Education,200.9885867838568,2.009885867838568,2021-09-10,147.28848033669385,2021,9,2021-09,5.544818936988349,0.0
0,0,10,Education,200.9885867838568,2.009885867838568,2021-10-10,157.11598282071785,2021,10,2021-10,12.587066693961834,6.672281811557035
0,0,10,Education,200.9885867838568,2.009885867838568,2021-11-10,157.11598282071785,2021,11,2021-11,12.585877539301649,0.0
0,0,10,Education,200.9885867838568,2.009885867838568,2021-12-10,157.11598282071785,2021,12,2021-12,12.584966219045924,0.0
0,0,10,Education,200.9885867838568,2.009885867838568,2022-01-10,157.1391791110532,2022,1,2022-01,12.601588038907474,0.014763800549699724
0,0,10,Education,200.9885867838568,2.009885867838568,2022-02-10,157.1391791110532,2022,2,2022-02,12.54485456820509,0.0
0,0,10,Education,200.9885867838568,2.009885867838568,2022-03-10,157.1391791110532,2022,3,2022-03,6.725583016996817,0.0
0,0,10,Education,200.9885867838568,2.009885867838568,2022-04-10,157.156331339407,2022,4,2022-04,6.70087492908622,0.010915309886949665
0,0,10,Education,200.9885867838568,2.009885867838568,2022-05-10,157.08775633038292,2022,5,2022-05,6.653117726035629,-0.043634900636602136
0,0,10,Education,200.9885867838568,2.009885867838568,2022-06-10,157.08775633038292,2022,6,2022-06,6.653117726035629,0.0
0,0,10,Education,200.9885867838568,2.009885867838568,2022-07-10,157.08775633038292,2022,7,2022-07,6.653117726035629,0.0
0,0,10,Education,200.9885867838568,2.009885867838568,2022-08-10,157.08775633038292,2022,8,2022-08,6.653117726035629,0.0
0,0,10,Education,200.9885867838568,2.009885867838568,2022-09-10,157.10971919478663,2022,9,2022-09,6.668029187104074,0.013981270671115098
0,0,10,Education,200.9885867838568,2.009885867838568,2022-10-10,178.89801567002812,2022,10,2022-10,13.86366457330146,13.868204072230617
0,0,10,Education,200.9885867838568,2.009885867838568,2022-11-10,178.89801567002812,2022,11,2022-11,13.86366457330146,0.0
0,0,10,Education,200.9885867838568,2.009885867838568,2022-12-10,178.89801567002812,2022,12,2022-12,13.86366457330146,0.0
0,0,10,Education,200.9885867838568,2.009885867838568,2023-01-10,178.9064693828079,2023,1,2023-01,13.852236211805158,0.004725436863073362
0,0,10,Education,200.9885867838568,2.009885867838568,2023-02-10,178.91057994320474,2023,2,2023-02,13.854852084192991,0.0022976029939059117
0,0,10,Education,200.9885867838568,2.009885867838568,2023-03-10,178.91057994320474,2023,3,2023-03,13.854852084192991,0.0
0,0,10,Education,200.9885867838568,2.009885867838568,2023-04-10,178.91057994320474,2023,4,2023-04,13.842425830630777,0.0
0,0,10,Education,200.9885867838568,2.009885867838568,2023-05-10,178.91057994320474,2023,5,2023-05,13.892122545136253,0.0
0,0,10,Education,200.9885867838568,2.009885867838568,2023-06-10,178.91057994320474,2023,6,2023-06,13.892122545136253,0.0
0,0,10,Education,200.9885867838568,2.009885867838568,2023-07-10,178.91057994320474,2023,7,2023-07,13.892122545136253,0.0
0,0,10,Education,200.9885867838568,2.009885867838568,2023-08-10,178.91057994320474,2023,8,2023-08,13.892122545136253,0.0
0,0,10,Education,200.9885867838568,2.009885867838568,2023-09-10,178.91057994320474,2023,9,2023-09,13.876201205215777,0.0
0,0,10,Education,200.9885867838568,2.009885867838568,2023-10-10,183.23764794790162,2023,10,2023-10,2.4257576371768286,2.418564629364295
0,0,10,Education,200.9885867838568,2.009885867838568,2023-11-10,183.23764794790162,2023,11,2023-11,2.4257576371768286,0.0
0,0,10,Education,200.9885867838568,2.009885867838568,2023-12-10,183.23764794790162,2023,12,2023-12,2.4257576371768286,0.0
0,0,10,Education,200.9885867838568,2.009885867838568,2024-01-10,183.4147616828859,2024,1,2024-01,2.5199157501853975,0.09665793954889423
0,0,10,Education,200.9885867838568,2.009885867838568,2024-02-10,183.4147616828859,2024,2,2024-02,2.517560303650579,0.0
0,0,10,Education,200.9885867838568,2.009885867838568,2024-03-10,183.4147616828859,2024,3,2024-03,2.517560303650579,0.0
0,0,10,Education,200.9885867838568,2.009885867838568,2024-04-10,183.47947028599796,2024,4,2024-04,2.553728429164792,0.035279931952225674
0,0,10,Education,200.9885867838568,2.009885867838568,2024-05-10,183.47947028599796,2024,5,2024-05,2.553728429164792,0.0
0,0,10,Education,200.9885867838568,2.009885867838568,2024-06-10,183.47947028599796,2024,6,2024-06,2.553728429164792,0.0
0,0,10,Education,200.9885867838568,2.009885867838568,2024-07-10,183.47947028599796,2024,7,2024-07,2.553728429164792,0.0
0,0,10,Education,200.9885867838568,2.009885867838568,2024-08-10,183.47947028599796,2024,8,2024-08,2.553728429164792,0.0
0,0,10,Education,200.9885867838568,2.009885867838568,2024-09-10,193.54353904167678,2024,9,2024-09,8.178923294037332,5.4851198011371505
0,0,10,Education,200.9885867838568,2.009885867838568,2024-10-10,193.54353904167678,2024,10,2024-10,5.624330594281224,0.0
0,0,10,Education,200.9885867838568,2.009885867838568,2024-11-10,193.54353904167678,2024,11,2024-11,5.624330594281224,0.0
0,0,10,Education,200.9885867838568,2.009885867838568,2024-12-10,193.54353904167678,2024,12,2024-12,5.624330594281224,0.0
0,0,10,Education,200.9885867838568,2.009885867838568,2025-01-10,193.6455227594217,2025,1,2025-01,5.577937665793886,0.05269290736849008
0,0,10,Education,200.9885867838568,2.009885867838568,2025-02-10,193.6455227594217,2025,2,2025-02,5.577937665793886,0.0
0,0,10,Education,200.9885867838568,2.009885867838568,2025-03-10,193.6455227594217,2025,3,2025-03,5.577937665793886,0.0
0,0,10,Education,200.9885867838568,2.009885867838568,2025-04-10,193.6455227594217,2025,4,2025-04,5.540702977601497,0.0
0,0,10,Education,200.9885867838568,2.009885867838568,2025-05-10,193.6455227594217,2025,5,2025-05,5.540702977601497,0.0
0,0,10,Education,200.9885867838568,2.009885867838568,2025-06-10,193.6455227594217,2025,6,2025-06,5.540702977601497,0.0
0,0,10,Education,200.9885867838568,2.009885867838568,2025-07-10,193.6455227594217,2025,7,2025-07,5.540702977601497,0.0
0,0,10,Education,200.9885867838568,2.009885867838568,2025-08-10,193.6455227594217,2025,8,2025-08,5.540702977601497,0.0
0,0,10,Education,200.9885867838568,2.009885867838568,2025-09-10,213.9663789258565,2025,9,2025-09,10.552064917952109,10.493842499875772
0,0,10,Education,200.9885867838568,2.009885867838568,2025-10-10,213.9663789258565,2025,10,2025-10,10.552064917952109,0.0
0,0,10,Education,200.9885867838568,2.009885867838568,2025-11-10,213.9567492406754,2025,11,2025-11,10.547089455981752,-0.004500559961539974
0,0,10,Education,200.9885867838568,2.009885867838568,2025-12-10,213.9567492406754,2025,12,2025-12,10.547089455981752,0.0
0,0,10,Education,200.9885867838568,2.009885867838568,2026-01-10,214.054224117952,2026,1,2026-01,10.53920641577928,0.04555821567795437
0,0,10,Education,200.9885867838568,2.009885867838568,2026-02-10,214.054224117952,2026,2,2026-02,10.53920641577928,0.0
0,0,10,Education,200.9885867838568,2.009885867838568,2026-03-10,214.054224117952,2026,3,2026-03,10.53920641577928,0.0
0,0,10,Education,200.9885867838568,2.009885867838568,2026-04-10,215.54133476089626,2026,4,2026-04,11.307161502864771,0.6947354807279149
0,0,10,Education,200.9885867838568,2.009885867838568,2026-05-10,215.54133476089626,2026,5,2026-05,11.307161502864771,0.0
0,0,10,Education,200.9885867838568,2.009885867838568,2026-06-10,215.54133476089626,2026,6,2026-06,11.307161502864771,0.0
0,0,10,Education,200.9885867838568,2.009885867838568,2026-07-10,216.56954487694378,2026,7,2026-07,11.838136916804443,0.4770361644035104
0,0,10,Education,200.9885867838568,2.009885867838568,2026-08-10,216.56954487694378,2026,8,2026-08,11.838136916804443,0.0
0,0,11,Restaurants and hotels,643.9875038495742,6.4398750384957415,2009-02-01,83.8307099882881,2009,2,2009-02,,
0,0,11,Restaurants and hotels,643.9875038495742,6.4398750384957415,2009-03-01,84.16255347533637,2009,3,2009-03,,0.3958495485659297
0,0,11,Restaurants and hotels,643.9875038495742,6.4398750384957415,2009-04-01,83.81868902204306,2009,4,2009-04,,-0.40857179243507513
0,0,11,Restaurants and hotels,643.9875038495742,6.4398750384957415,2009-05-01,83.93193627793256,2009,5,2009-05,,0.13510979139714774
0,0,11,Restaurants and hotels,643.9875038495742,6.4398750384957415,2009-06-01,84.19874190220227,2009,6,2009-06,,0.3178833184381835
0,0,11,Restaurants and hotels,643.9875038495742,6.4398750384957415,2009-07-01,84.11412268315527,2009,7,2009-07,,-0.10049938649354662
0,0,11,Restaurants and hotels,643.9875038495742,6.4398750384957415,2009-08-01,84.20012960771061,2009,8,2009-08,,0.10225027832639899
0,0,11,Restaurants and hotels,643.9875038495742,6.4398750384957415,2009-09-01,84.51594977387197,2009,9,2009-09,,0.375082755374323
0,0,11,Restaurants and hotels,643.9875038495742,6.4398750384957415,2009-10-01,84.3016790380216,2009,10,2009-10,,-0.2535269809114782
0,0,11,Restaurants and hotels,643.9875038495742,6.4398750384957415,2009-11-01,84.36486205539543,2009,11,2009-11,,0.07494870576105761
0,0,11,Restaurants and hotels,643.9875038495742,6.4398750384957415,2009-12-01,84.40753718871339,2009,12,2009-12,,0.050584013626364666
0,0,11,Restaurants and hotels,643.9875038495742,6.4398750384957415,2010-01-01,84.74479320044784,2010,1,2010-01,,0.39955674927516505
0,0,11,Restaurants and hotels,643.9875038495742,6.4398750384957415,2010-02-01,85.43384669338158,2010,2,2010-02,1.912350146285835,0.8130924236299908
0,0,11,Restaurants and hotels,643.9875038495742,6.4398750384957415,2010-03-01,86.59363053744285,2010,3,2010-03,2.888549552882691,1.3575226785979666
0,0,11,Restaurants and hotels,643.9875038495742,6.4398750384957415,2010-04-01,86.74781295839743,2010,4,2010-04,3.4945952633356647,0.17805284291425583
0,0,11,Restaurants and hotels,643.9875038495742,6.4398750384957415,2010-05-01,87.8947428474123,2010,5,2010-05,4.7214525783812356,1.3221427144969322
0,0,11,Restaurants and hotels,643.9875038495742,6.4398750384957415,2010-06-01,87.53522467772449,2010,6,2010-06,3.962627825719256,-0.40903262020113296
0,0,11,Restaurants and hotels,643.9875038495742,6.4398750384957415,2010-07-01,87.71419630726204,2010,7,2010-07,4.279987128520246,0.20445669751403273
0,0,11,Restaurants and hotels,643.9875038495742,6.4398750384957415,2010-08-01,87.69960836747715,2010,8,2010-08,4.156144148554941,-0.01663121866133377
0,0,11,Restaurants and hotels,643.9875038495742,6.4398750384957415,2010-09-01,87.00812900587566,2010,9,2010-09,2.9487679410474366,-0.7884634543680824
0,0,11,Restaurants and hotels,643.9875038495742,6.4398750384957415,2010-10-01,87.09899581730801,2010,10,2010-10,3.3182219040083005,0.1044348527782013
0,0,11,Restaurants and hotels,643.9875038495742,6.4398750384957415,2010-11-01,86.96496299701266,2010,11,2010-11,3.0819714253903063,-0.1538856091710672
0,0,11,Restaurants and hotels,643.9875038495742,6.4398750384957415,2010-12-01,86.49713555832275,2010,12,2010-12,2.4756063726128597,-0.537949333349319
0,0,11,Restaurants and hotels,643.9875038495742,6.4398750384957415,2011-01-01,87.16669281004742,2011,1,2011-01,2.857874234079527,0.7740802598869889
0,0,11,Restaurants and hotels,643.9875038495742,6.4398750384957415,2011-02-01,87.24745461300265,2011,2,2011-02,2.122821328799618,0.09265213621356683
0,0,11,Restaurants and hotels,643.9875038495742,6.4398750384957415,2011-03-01,87.41042366467104,2011,3,2011-03,0.9432485070308028,0.18678946267403074
0,0,11,Restaurants and hotels,643.9875038495742,6.4398750384957415,2011-04-01,87.33498662841613,2011,4,2011-04,0.676874321085541,-0.08630210573546959
0,0,11,Restaurants and hotels,643.9875038495742,6.4398750384957415,2011-05-01,88.23239143000352,2011,5,2011-05,0.3841510557433203,1.027543297631195
0,0,11,Restaurants and hotels,643.9875038495742,6.4398750384957415,2011-06-01,87.9793683925061,2011,6,2011-06,0.507388558625177,-0.2867688763691034
0,0,11,Restaurants and hotels,643.9875038495742,6.4398750384957415,2011-07-01,88.5829937781306,2011,7,2011-07,0.9904867255753791,0.6860987941303742
0,0,11,Restaurants and hotels,643.9875038495742,6.4398750384957415,2011-08-01,89.2429711575691,2011,8,2011-08,1.7598285999465224,0.7450384676448429
0,0,11,Restaurants and hotels,643.9875038495742,6.4398750384957415,2011-09-01,90.4041226611833,2011,9,2011-09,3.903076291961538,1.3011125566001702
0,0,11,Restaurants and hotels,643.9875038495742,6.4398750384957415,2011-10-01,89.9825556657503,2011,10,2011-10,3.310669453056181,-0.4663139058524446
0,0,11,Restaurants and hotels,643.9875038495742,6.4398750384957415,2011-11-01,89.53864327509055,2011,11,2011-11,2.959445033244368,-0.4933316100830809
0,0,11,Restaurants and hotels,643.9875038495742,6.4398750384957415,2011-12-01,89.89709646575619,2011,12,2011-12,3.930720809986754,0.40033350691317526
0,0,11,Restaurants and hotels,643.9875038495742,6.4398750384957415,2012-01-01,90.57308476071088,2012,1,2012-01,3.907905463485495,0.7519578735362131
0,0,11,Restaurants and hotels,643.9875038495742,6.4398750384957415,2012-02-01,91.16816229790334,2012,2,2012-02,4.493778875603294,0.6570136578262886
0,0,11,Restaurants and hotels,643.9875038495742,6.4398750384957415,2012-03-01,91.42488122989556,2012,3,2012-03,4.592653137828284,0.2815883588322965
0,0,11,Restaurants and hotels,643.9875038495742,6.4398750384957415,2012-04-01,91.2313226488549,2012,4,2012-04,4.461369000966919,-0.21171324308745243
0,0,11,Restaurants and hotels,643.9875038495742,6.4398750384957415,2012-05-01,91.42009018897072,2012,5,2012-05,3.6128441123530752,0.20691088831670257
0,0,11,Restaurants and hotels,643.9875038495742,6.4398750384957415,2012-06-01,91.99285600116404,2012,6,2012-06,4.561850899806874,0.6265207253781879
0,0,11,Restaurants and hotels,643.9875038495742,6.4398750384957415,2012-07-01,91.85529087849184,2012,7,2012-07,3.6940466344558276,-0.1495389192726626
0,0,11,Restaurants and hotels,643.9875038495742,6.4398750384957415,2012-08-01,91.6665054917445,2012,8,2012-08,2.7156585025574387,-0.20552478245055017
0,0,11,Restaurants and hotels,643.9875038495742,6.4398750384957415,2012-09-01,92.08189052900201,2012,9,2012-09,1.8558532713233156,0.4531481101293977
0,0,11,Restaurants and hotels,643.9875038495742,6.4398750384957415,2012-10-01,91.99674619674413,2012,10,2012-10,2.238423343381979,-0.09246588201951011
0,0,11,Restaurants and hotels,643.9875038495742,6.4398750384957415,2012-11-01,91.75983917983926,2012,11,2012-11,2.4807120406376004,-0.25751673477474313
0,0,11,Restaurants and hotels,643.9875038495742,6.4398750384957415,2012-12-01,91.79466234685849,2012,12,2012-12,2.110819988301982,0.03795033571383222
0,0,11,Restaurants and hotels,643.9875038495742,6.4398750384957415,2013-01-01,91.85492205384044,2013,1,2013-01,1.4152518891413557,0.06564619929017024
0,0,11,Restaurants and hotels,643.9875038495742,6.4398750384957415,2013-02-01,92.08533564905098,2013,2,2013-02,1.0060237346351864,0.25084512626931676
0,0,11,Restaurants and hotels,643.9875038495742,6.4398750384957415,2013-03-01,92.22057929190343,2013,3,2013-03,0.8703298831824746,0.14686773078385063
0,0,11,Restaurants and hotels,643.9875038495742,6.4398750384957415,2013-04-01,92.29439112035968,2013,4,2013-04,1.1652450503172984,0.08003834829817258
0,0,11,Restaurants and hotels,643.9875038495742,6.4398750384957415,2013-05-01,92.32222504231082,2013,5,2013-05,0.9868015350622983,0.03015776106571888
0,0,11,Restaurants and hotels,643.9875038495742,6.4398750384957415,2013-06-01,94.99436141945961,2013,6,2013-06,3.2627592497591174,2.8943587266491377
0,0,11,Restaurants and hotels,643.9875038495742,6.4398750384957415,2013-07-01,96.29634622475722,2013,7,2013-07,4.834838912153794,1.370591670750354
0,0,11,Restaurants and hotels,643.9875038495742,6.4398750384957415,2013-08-01,96.05304468841479,2013,8,2013-08,4.785323901177119,-0.2526591567395098
0,0,11,Restaurants and hotels,643.9875038495742,6.4398750384957415,2013-09-01,96.9107364610067,2013,9,2013-09,5.2440777489074275,0.8929355392889082
0,0,11,Restaurants and hotels,643.9875038495742,6.4398750384957415,2013-10-01,97.34777459080095,2013,10,2013-10,5.816540927016178,0.4509697746132524
0,0,11,Restaurants and hotels,643.9875038495742,6.4398750384957415,2013-11-01,98.08038313294794,2013,11,2013-11,6.8881375660664546,0.7525683511785397
0,0,11,Restaurants and hotels,643.9875038495742,6.4398750384957415,2013-12-01,98.4437266332669,2013,12,2013-12,7.24341058228859,0.3704548134018326
0,0,11,Restaurants and hotels,643.9875038495742,6.4398750384957415,2014-01-01,98.91314568764608,2014,1,2014-01,7.684099529983257,0.47683998811616224
0,0,11,Restaurants and hotels,643.9875038495742,6.4398750384957415,2014-02-01,100,2014,2,2014-02,8.59492371414361,1.098796630921095
0,0,11,Restaurants and hotels,643.9875038495742,6.4398750384957415,2014-03-01,100.17783790844213,2014,3,2014-03,8.62850643276898,0.17783790844212444
0,0,11,Restaurants and hotels,643.9875038495742,6.4398750384957415,2014-04-01,100.22744054619571,2014,4,2014-04,8.59537543889386,0.049514582056486844
0,0,11,Restaurants and hotels,643.9875038495742,6.4398750384957415,2014-05-01,100.67717030522732,2014,5,2014-05,9.049765924821962,0.4487092123482084
0,0,11,Restaurants and hotels,643.9875038495742,6.4398750384957415,2014-06-01,101.05447058894975,2014,6,2014-06,6.379440925689228,0.3747625033347246
0,0,11,Restaurants and hotels,643.9875038495742,6.4398750384957415,2014-07-01,100.93534179334264,2014,7,2014-07,4.817415977297768,-0.11788572530520014
0,0,11,Restaurants and hotels,643.9875038495742,6.4398750384957415,2014-08-01,100.79162569071401,2014,8,2014-08,4.933295990429709,-0.14238432255262445
0,0,11,Restaurants and hotels,643.9875038495742,6.4398750384957415,2014-09-01,100.85930621044139,2014,9,2014-09,4.074439936821084,0.0671489513772272
0,0,11,Restaurants and hotels,643.9875038495742,6.4398750384957415,2014-10-01,100.66674068976363,2014,10,2014-10,3.409390828823633,-0.19092489123013756
0,0,11,Restaurants and hotels,643.9875038495742,6.4398750384957415,2014-11-01,101.49109232352812,2014,11,2014-11,3.4774631599439942,0.8188917492670145
0,0,11,Restaurants and hotels,643.9875038495742,6.4398750384957415,2014-12-01,101.51439934869478,2014,12,2014-12,3.1192162471328055,0.022964601752795133
0,0,11,Restaurants and hotels,643.9875038495742,6.4398750384957415,2015-01-01,101.89989957606132,2015,1,2015-01,3.019572239515056,0.37974930634459003
0,0,11,Restaurants and hotels,643.9875038495742,6.4398750384957415,2015-02-01,101.95773080825396,2015,2,2015-02,1.9577308082539657,0.05675298251837102
0,0,11,Restaurants and hotels,643.9875038495742,6.4398750384957415,2015-03-01,102.10491754033417,2015,3,2015-03,1.9236586376053522,0.14436054128845743
0,0,11,Restaurants and hotels,643.9875038495742,6.4398750384957415,2015-04-01,102.35112488314441,2015,4,2015-04,2.1188651784137535,0.24113171896249508
0,0,11,Restaurants and hotels,643.9875038495742,6.4398750384957415,2015-05-01,102.34331694700313,2015,5,2015-05,1.6549398803368032,-0.007628578728557933
0,0,11,Restaurants and hotels,643.9875038495742,6.4398750384957415,2015-06-01,102.80870640095254,2015,6,2015-06,1.73593093089206,0.4547336043353001
0,0,11,Restaurants and hotels,643.9875038495742,6.4398750384957415,2015-07-01,102.0975920826633,2015,7,2015-07,1.1514800154937443,-0.6916868650364227
0,0,11,Restaurants and hotels,643.9875038495742,6.4398750384957415,2015-08-01,101.70190634799782,2015,8,2015-08,0.9031312383799284,-0.38755638266679826
0,0,11,Restaurants and hotels,643.9875038495742,6.4398750384957415,2015-09-01,101.40092656895862,2015,9,2015-09,0.5370058340349315,-0.29594310455629547
0,0,11,Restaurants and hotels,643.9875038495742,6.4398750384957415,2015-10-01,101.54159642453978,2015,10,2015-10,0.8690613491423971,0.1387264005773048
0,0,11,Restaurants and hotels,643.9875038495742,6.4398750384957415,2015-11-01,102.5022897985689,2015,11,2015-11,0.9963411092446695,0.9461082037872659
0,0,11,Restaurants and hotels,643.9875038495742,6.4398750384957415,2015-12-01,102.85768940743418,2015,12,2015-12,1.3232507578804675,0.3467235800914237
0,0,11,Restaurants and hotels,643.9875038495742,6.4398750384957415,2016-01-01,102.97521635031089,2016,1,2016-01,1.0552677468017801,0.11426169842407852
0,0,11,Restaurants and hotels,643.9875038495742,6.4398750384957415,2016-02-01,102.93801502076444,2016,2,2016-02,0.9614613867329425,-0.03612648835802368
0,0,11,Restaurants and hotels,643.9875038495742,6.4398750384957415,2016-03-01,103.47899496805394,2016,3,2016-03,1.3457504896147388,0.5255395173302757
0,0,11,Restaurants and hotels,643.9875038495742,6.4398750384957415,2016-04-01,103.4944824764984,2016,4,2016-04,1.117093334010133,0.014966813747308017
0,0,11,Restaurants and hotels,643.9875038495742,6.4398750384957415,2016-05-01,104.26334973602228,2016,5,2016-05,1.8760705108018083,0.7429065213195862
0,0,11,Restaurants and hotels,643.9875038495742,6.4398750384957415,2016-06-01,104.36643282443113,2016,6,2016-06,1.515169753623269,0.098867999800345
0,0,11,Restaurants and hotels,643.9875038495742,6.4398750384957415,2016-07-01,104.46752847097119,2016,7,2016-07,2.3212461136096874,0.09686605530547787
0,0,11,Restaurants and hotels,643.9875038495742,6.4398750384957415,2016-08-01,104.40965558266839,2016,8,2016-08,2.6624370495134553,-0.05539796829679977
0,0,11,Restaurants and hotels,643.9875038495742,6.4398750384957415,2016-09-01,105.42420708718267,2016,9,2016-09,3.9676960106355352,0.9717027595316452
0,0,11,Restaurants and hotels,643.9875038495742,6.4398750384957415,2016-10-01,106.46176329253721,2016,10,2016-10,4.84546928672116,0.9841726430975362
0,0,11,Restaurants and hotels,643.9875038495742,6.4398750384957415,2016-11-01,105.96557354852213,2016,11,2016-11,3.3787379352783864,-0.4660731972395027
0,0,11,Restaurants and hotels,643.9875038495742,6.4398750384957415,2016-12-01,105.51533918887245,2016,12,2016-12,2.5838124468370305,-0.4248873899064254
0,0,11,Restaurants and hotels,643.9875038495742,6.4398750384957415,2017-01-01,106.94002279072726,2017,1,2017-01,3.850253081215693,1.3502146823455075
0,0,11,Restaurants and hotels,643.9875038495742,6.4398750384957415,2017-02-01,107.79569085905999,2017,2,2017-02,4.7190300272602625,0.8001382887370401
0,0,11,Restaurants and hotels,643.9875038495742,6.4398750384957415,2017-03-01,108.5653904161021,2017,3,2017-03,4.915389301585726,0.7140355527276876
0,0,11,Restaurants and hotels,643.9875038495742,6.4398750384957415,2017-04-01,108.52156267501299,2017,4,2017-04,4.857341259381753,-0.040369901421744014
0,0,11,Restaurants and hotels,643.9875038495742,6.4398750384957415,2017-05-01,108.70159716842122,2017,5,2017-05,4.256766585416494,0.16589743915444988
0,0,11,Restaurants and hotels,643.9875038495742,6.4398750384957415,2017-06-01,108.83515049906326,2017,6,2017-06,4.281757605100456,0.1228623443638277
0,0,11,Restaurants and hotels,643.9875038495742,6.4398750384957415,2017-07-01,108.95574673448101,2017,7,2017-07,4.296280700042576,0.11080632944848734
0,0,11,Restaurants and hotels,643.9875038495742,6.4398750384957415,2017-08-01,108.98911952613031,2017,8,2017-08,4.386054065503586,0.03062967548708162
0,0,11,Restaurants and hotels,643.9875038495742,6.4398750384957415,2017-09-01,109.24900780628542,2017,9,2017-09,3.6280099464630178,0.23845341744668236
0,0,11,Restaurants and hotels,643.9875038495742,6.4398750384957415,2017-10-01,109.29258527468076,2017,10,2017-10,2.659003471852106,0.03988820518407987
0,0,11,Restaurants and hotels,643.9875038495742,6.4398750384957415,2017-11-01,109.36632752296053,2017,11,2017-11,3.2093007762385994,0.06747232494723754
0,0,11,Restaurants and hotels,643.9875038495742,6.4398750384957415,2017-12-01,109.2574534445785,2017,12,2017-12,3.546512084852105,-0.0995499079542328
0,0,11,Restaurants and hotels,643.9875038495742,6.4398750384957415,2018-01-01,109.75349769816539,2018,1,2018-01,2.6308905066757537,0.4540141088301253
0,0,11,Restaurants and hotels,643.9875038495742,6.4398750384957415,2018-02-01,109.37617637638813,2018,2,2018-02,1.4661861756557482,-0.3437897922988653
0,0,11,Restaurants and hotels,643.9875038495742,6.4398750384957415,2018-03-01,109.34177706170465,2018,3,2018-03,0.7151327348677627,-0.03145046373270732
0,0,11,Restaurants and hotels,643.9875038495742,6.4398750384957415,2018-04-10,109.35843563211706,2018,4,2018-04,0.7711582255871541,0.015235320716455725
0,0,11,Restaurants and hotels,643.9875038495742,6.4398750384957415,2018-05-10,109.39204846876254,2018,5,2018-05,0.635180455786255,0.030736391254304607
0,0,11,Restaurants and hotels,643.9875038495742,6.4398750384957415,2018-06-10,108.95920808071934,2018,6,2018-06,0.11398668636668496,-0.39567810832868977
0,0,11,Restaurants and hotels,643.9875038495742,6.4398750384957415,2018-07-10,109.19839023101744,2018,7,2018-07,0.2226991267635814,0.21951531633830346
0,0,11,Restaurants and hotels,643.9875038495742,6.4398750384957415,2018-08-10,109.55363364469127,2018,8,2018-08,0.5179545637357119,0.3253192770720226
0,0,11,Restaurants and hotels,643.9875038495742,6.4398750384957415,2018-09-10,109.23618951975874,2018,9,2018-09,-0.011733091937471407,-0.28976138387347694
0,0,11,Restaurants and hotels,643.9875038495742,6.4398750384957415,2018-10-10,109.67023741600028,2018,10,2018-10,0.34554232601449186,0.39734807498299496
0,0,11,Restaurants and hotels,643.9875038495742,6.4398750384957415,2018-11-10,110.3339845053667,2018,11,2018-11,0.8847851110324711,0.605220801017059
0,0,11,Restaurants and hotels,643.9875038495742,6.4398750384957415,2018-12-10,110.35544170163728,2018,12,2018-12,1.004955014456499,0.01944749513649313
0,0,11,Restaurants and hotels,643.9875038495742,6.4398750384957415,2019-01-10,109.97617802403323,2019,1,2019-01,0.20289132514048625,-0.34367464961939653
0,0,11,Restaurants and hotels,643.9875038495742,6.4398750384957415,2019-02-10,110.07659209541052,2019,2,2019-02,0.6403731984670147,0.0913052928201763
0,0,11,Restaurants and hotels,643.9875038495742,6.4398750384957415,2019-03-10,110.52230350931228,2019,3,2019-03,1.079666417842673,0.40491025877276154
0,0,11,Restaurants and hotels,643.9875038495742,6.4398750384957415,2019-04-10,110.58722091072632,2019,4,2019-04,1.1236309951825785,0.05873692399884778
0,0,11,Restaurants and hotels,643.9875038495742,6.4398750384957415,2019-05-10,110.66120688490157,2019,5,2019-05,1.1601925678368152,0.06690282436430106
0,0,11,Restaurants and hotels,643.9875038495742,6.4398750384957415,2019-06-10,110.58676027209363,2019,6,2019-06,1.4937261568279459,-0.06727435467550613
0,0,11,Restaurants and hotels,643.9875038495742,6.4398750384957415,2019-07-10,110.6748309746332,2019,7,2019-07,1.3520718945510435,0.07963946346096762
0,0,11,Restaurants and hotels,643.9875038495742,6.4398750384957415,2019-08-10,110.66818838790603,2019,8,2019-08,1.0173599050393278,-0.006001894621088244
0,0,11,Restaurants and hotels,643.9875038495742,6.4398750384957415,2019-09-10,110.68794355116643,2019,9,2019-09,1.3290046437816283,0.017850805681529636
0,0,11,Restaurants and hotels,643.9875038495742,6.4398750384957415,2019-10-10,110.72974521283241,2019,10,2019-10,0.9660850763121953,0.03776532504342622
0,0,11,Restaurants and hotels,643.9875038495742,6.4398750384957415,2019-11-10,110.80824621773381,2019,11,2019-11,0.42984191542909667,0.07089423420103547
0,0,11,Restaurants and hotels,643.9875038495742,6.4398750384957415,2019-12-10,110.75331153559705,2019,12,2019-12,0.36053485702634,-0.04957634834217295
0,0,11,Restaurants and hotels,643.9875038495742,6.4398750384957415,2020-01-10,110.66005796173437,2020,1,2020-01,0.6218437028714385,-0.0841993549174469
0,0,11,Restaurants and hotels,643.9875038495742,6.4398750384957415,2020-02-10,111.57083359404432,2020,2,2020-02,1.3574561768215476,0.8230391788018876
0,0,11,Restaurants and hotels,643.9875038495742,6.4398750384957415,2020-03-10,111.69595226547582,2020,3,2020-03,1.0619112332061142,0.11214281313587371
0,0,11,Restaurants and hotels,643.9875038495742,6.4398750384957415,2020-04-10,111.69595226547582,2020,4,2020-04,1.0025854213703056,0.0
0,0,11,Restaurants and hotels,643.9875038495742,6.4398750384957415,2020-05-10,111.69595226547582,2020,5,2020-05,0.9350570174519124,0.0
0,0,11,Restaurants and hotels,643.9875038495742,6.4398750384957415,2020-06-10,111.69498479834373,2020,6,2020-06,1.0021312890651224,-0.0008661613178251315
0,0,11,Restaurants and hotels,643.9875038495742,6.4398750384957415,2020-07-10,111.71117364116401,2020,7,2020-07,0.9363851359920794,0.014493795625214467
0,0,11,Restaurants and hotels,643.9875038495742,6.4398750384957415,2020-08-10,111.69891296352225,2020,8,2020-08,0.9313648218432835,-0.010975336881824393
0,0,11,Restaurants and hotels,643.9875038495742,6.4398750384957415,2020-09-10,111.72563602697045,2020,9,2020-09,0.9374936804425582,0.023924192939039912
0,0,11,Restaurants and hotels,643.9875038495742,6.4398750384957415,2020-10-10,111.79693118022213,2020,10,2020-10,0.9637753300510976,0.0638127074384931
0,0,11,Restaurants and hotels,643.9875038495742,6.4398750384957415,2020-11-10,113.8163776547001,2020,11,2020-11,2.7147180283455086,1.8063523328941233
0,0,11,Restaurants and hotels,643.9875038495742,6.4398750384957415,2020-12-10,115.97133046702074,2020,12,2020-12,4.711388633961144,1.8933591603647715
0,0,11,Restaurants and hotels,643.9875038495742,6.4398750384957415,2021-01-10,115.90378206620578,2021,1,2021-01,4.738587888942414,-0.0582457755230803
0,0,11,Restaurants and hotels,643.9875038495742,6.4398750384957415,2021-02-10,115.61696912779901,2021,2,2021-02,3.6265172567202963,-0.2474577906723896
0,0,11,Restaurants and hotels,643.9875038495742,6.4398750384957415,2021-03-10,115.66206280442711,2021,3,2021-03,3.5508095490557556,0.03900264551846
0,0,11,Restaurants and hotels,643.9875038495742,6.4398750384957415,2021-04-10,115.67275215130717,2021,4,2021-04,3.5603795886706813,0.009241878123966707
0,0,11,Restaurants and hotels,643.9875038495742,6.4398750384957415,2021-05-10,116.15131134378257,2021,5,2021-05,3.9888276951320245,0.41371816921016435
0,0,11,Restaurants and hotels,643.9875038495742,6.4398750384957415,2021-06-10,116.31430196096295,2021,6,2021-06,4.135653154847585,0.1403261102218334
0,0,11,Restaurants and hotels,643.9875038495742,6.4398750384957415,2021-07-10,116.33043927305717,2021,7,2021-07,4.1350077000632535,0.013873884657478186
0,0,11,Restaurants and hotels,643.9875038495742,6.4398750384957415,2021-08-10,116.33964038681457,2021,8,2021-08,4.154675547118214,0.007909463606337042
0,0,11,Restaurants and hotels,643.9875038495742,6.4398750384957415,2021-09-10,117.21379625887529,2021,9,2021-09,4.9121763160784315,0.751382649245147
0,0,11,Restaurants and hotels,643.9875038495742,6.4398750384957415,2021-10-10,118.038453654312,2021,10,2021-10,5.58291037884413,0.7035497712363004
0,0,11,Restaurants and hotels,643.9875038495742,6.4398750384957415,2021-11-10,118.73806267479681,2021,11,2021-11,4.324232699645636,0.5926958536187632
0,0,11,Restaurants and hotels,643.9875038495742,6.4398750384957415,2021-12-10,118.59260969677739,2021,12,2021-12,2.2602821052415845,-0.122499032528256
0,0,11,Restaurants and hotels,643.9875038495742,6.4398750384957415,2022-01-10,119.2567340155894,2022,1,2022-01,2.892875357137492,0.560004810173309
0,0,11,Restaurants and hotels,643.9875038495742,6.4398750384957415,2022-02-10,123.3493440778974,2022,2,2022-02,6.6879239340302155,3.4317643327151703
0,0,11,Restaurants and hotels,643.9875038495742,6.4398750384957415,2022-03-10,130.36726434231971,2022,3,2022-03,12.713936775239443,5.689467031126139
0,0,11,Restaurants and hotels,643.9875038495742,6.4398750384957415,2022-04-10,131.13530194742307,2022,4,2022-04,13.36749537686277,0.5891337898190852
0,0,11,Restaurants and hotels,643.9875038495742,6.4398750384957415,2022-05-10,131.0718891639675,2022,5,2022-05,12.84581090610617,-0.04835676016591295
0,0,11,Restaurants and hotels,643.9875038495742,6.4398750384957415,2022-06-10,132.1968538678445,2022,6,2022-06,13.654857260985853,0.8582806817331257
0,0,11,Restaurants and hotels,643.9875038495742,6.4398750384957415,2022-07-10,137.5573010107097,2022,7,2022-07,18.247039958155465,4.0548976666448855
0,0,11,Restaurants and hotels,643.9875038495742,6.4398750384957415,2022-08-10,138.5417676638291,2022,8,2022-08,19.083888520881853,0.7156775001297522
0,0,11,Restaurants and hotels,643.9875038495742,6.4398750384957415,2022-09-10,139.50708682168786,2022,9,2022-09,19.01934010700941,0.6967712150180772
0,0,11,Restaurants and hotels,643.9875038495742,6.4398750384957415,2022-10-10,140.55606317057587,2022,10,2022-10,19.076503308158422,0.7519161734262036
0,0,11,Restaurants and hotels,643.9875038495742,6.4398750384957415,2022-11-10,139.9714861525318,2022,11,2022-11,17.882575308550976,-0.4159030957879284
0,0,11,Restaurants and hotels,643.9875038495742,6.4398750384957415,2022-12-10,142.59489567300756,2022,12,2022-12,20.239276323879054,1.874245671448338
0,0,11,Restaurants and hotels,643.9875038495742,6.4398750384957415,2023-01-10,145.6204568560015,2023,1,2023-01,22.106695322518057,2.1217878583340344
0,0,11,Restaurants and hotels,643.9875038495742,6.4398750384957415,2023-02-10,146.62352727626572,2023,2,2023-02,18.8685098995502,0.6888252117325244
0,0,11,Restaurants and hotels,643.9875038495742,6.4398750384957415,2023-03-10,149.38125023000617,2023,3,2023-03,14.58493892896251,1.8808188596802777
0,0,11,Restaurants and hotels,643.9875038495742,6.4398750384957415,2023-04-10,152.23213619785045,2023,4,2023-04,16.08783747559133,1.9084630523942492
0,0,11,Restaurants and hotels,643.9875038495742,6.4398750384957415,2023-05-10,151.9450401355512,2023,5,2023-05,15.9249638535933,-0.18859096999473968
0,0,11,Restaurants and hotels,643.9875038495742,6.4398750384957415,2023-06-10,152.50552804007373,2023,6,2023-06,15.362448937348795,0.36887541970602733
0,0,11,Restaurants and hotels,643.9875038495742,6.4398750384957415,2023-07-10,153.15768129909688,2023,7,2023-07,11.34100492940946,0.42762598012302533
0,0,11,Restaurants and hotels,643.9875038495742,6.4398750384957415,2023-08-10,153.16466357945626,2023,8,2023-08,10.554864545333032,0.004558883563765548
0,0,11,Restaurants and hotels,643.9875038495742,6.4398750384957415,2023-09-10,153.72560280560486,2023,9,2023-09,10.191966808174069,0.36623279354353055
0,0,11,Restaurants and hotels,643.9875038495742,6.4398750384957415,2023-10-10,154.2654190929372,2023,10,2023-10,9.753656735336946,0.35115574600477206
0,0,11,Restaurants and hotels,643.9875038495742,6.4398750384957415,2023-11-10,155.5617116697051,2023,11,2023-11,11.138143878949801,0.8403001686249079
0,0,11,Restaurants and hotels,643.9875038495742,6.4398750384957415,2023-12-10,156.3327731690863,2023,12,2023-12,9.634200040078467,0.4956627765952737
0,0,11,Restaurants and hotels,643.9875038495742,6.4398750384957415,2024-01-10,157.3189551932374,2024,1,2024-01,8.033554206469828,0.6308223184171791
0,0,11,Restaurants and hotels,643.9875038495742,6.4398750384957415,2024-02-10,157.39457665119204,2024,2,2024-02,7.346058013344403,0.04806887883392896
0,0,11,Restaurants and hotels,643.9875038495742,6.4398750384957415,2024-03-10,157.50428791891002,2024,3,2024-03,5.437789331925247,0.06970460485504759
0,0,11,Restaurants and hotels,643.9875038495742,6.4398750384957415,2024-04-10,157.77928870867677,2024,4,2024-04,3.6438774685634723,0.17459892260731635
0,0,11,Restaurants and hotels,643.9875038495742,6.4398750384957415,2024-05-10,158.56736724003903,2024,5,2024-05,4.358370038653447,0.4994816099199051
0,0,11,Restaurants and hotels,643.9875038495742,6.4398750384957415,2024-06-10,158.63583775050634,2024,6,2024-06,4.019729506999736,0.0431807071398671
0,0,11,Restaurants and hotels,643.9875038495742,6.4398750384957415,2024-07-10,159.07026928839983,2024,7,2024-07,3.86045801892001,0.2738545993476782
0,0,11,Restaurants and hotels,643.9875038495742,6.4398750384957415,2024-08-10,161.42907419185732,2024,8,2024-08,5.395768462034178,1.4828697493312948
0,0,11,Restaurants and hotels,643.9875038495742,6.4398750384957415,2024-09-10,161.22949375582718,2024,9,2024-09,4.88135405766561,-0.12363351337376649
0,0,11,Restaurants and hotels,643.9875038495742,6.4398750384957415,2024-10-10,161.34286056465078,2024,10,2024-10,4.587834080591824,0.07031393957936949
0,0,11,Restaurants and hotels,643.9875038495742,6.4398750384957415,2024-11-10,161.87826596445257,2024,11,2024-11,4.060481352994527,0.3318432547483319
0,0,11,Restaurants and hotels,643.9875038495742,6.4398750384957415,2024-12-10,164.5910195177946,2024,12,2024-12,5.282479278849839,1.6757985002988196
0,0,11,Restaurants and hotels,643.9875038495742,6.4398750384957415,2025-01-10,168.37189576463632,2025,1,2025-01,7.025816156624232,2.2971339857536854
0,0,11,Restaurants and hotels,643.9875038495742,6.4398750384957415,2025-02-10,171.11863770035905,2025,2,2025-02,8.719526009832856,1.6313541658771413
0,0,11,Restaurants and hotels,643.9875038495742,6.4398750384957415,2025-03-10,174.51161393904422,2025,3,2025-03,10.798008260505455,1.982820973964583
0,0,11,Restaurants and hotels,643.9875038495742,6.4398750384957415,2025-04-10,176.56350227341653,2025,4,2025-04,11.905373460912783,1.1757889850752434
0,0,11,Restaurants and hotels,643.9875038495742,6.4398750384957415,2025-05-10,179.92301744308202,2025,5,2025-05,13.467872094208921,1.902723454399502
0,0,11,Restaurants and hotels,643.9875038495742,6.4398750384957415,2025-06-10,183.92723812911214,2025,6,2025-06,15.943055955857034,2.2255188596405295
0,0,11,Restaurants and hotels,643.9875038495742,6.4398750384957415,2025-07-10,186.99767753275316,2025,7,2025-07,17.55664862408699,1.669377213985923
0,0,11,Restaurants and hotels,643.9875038495742,6.4398750384957415,2025-08-10,188.54902393634072,2025,8,2025-08,16.799916545548378,0.8296073106661028
0,0,11,Restaurants and hotels,643.9875038495742,6.4398750384957415,2025-09-10,188.80304764500175,2025,9,2025-09,17.10205325765839,0.13472554954556681
0,0,11,Restaurants and hotels,643.9875038495742,6.4398750384957415,2025-10-10,190.59087214086858,2025,10,2025-10,18.12786228895329,0.9469256551559502
0,0,11,Restaurants and hotels,643.9875038495742,6.4398750384957415,2025-11-10,191.13584354344445,2025,11,2025-11,18.07381454494741,0.2859378292644932
0,0,11,Restaurants and hotels,643.9875038495742,6.4398750384957415,2025-12-10,191.1791213171265,2025,12,2025-12,16.15404162221461,0.022642416450890934
0,0,11,Restaurants and hotels,643.9875038495742,6.4398750384957415,2026-01-10,198.9804524812964,2026,1,2026-01,18.179136475036884,4.080639721755563
0,0,11,Restaurants and hotels,643.9875038495742,6.4398750384957415,2026-02-10,203.3148201274899,2026,2,2026-02,18.81512315654865,2.1782881645627583
0,0,11,Restaurants and hotels,643.9875038495742,6.4398750384957415,2026-03-10,206.15450547317909,2026,3,2026-03,18.132255395441767,1.3966937303973026
0,0,11,Restaurants and hotels,643.9875038495742,6.4398750384957415,2026-04-10,206.68477174174654,2026,4,2026-04,17.059737193979018,0.25721788973291915
0,0,11,Restaurants and hotels,643.9875038495742,6.4398750384957415,2026-05-10,207.14362409737495,2026,5,2026-05,15.129029648974225,0.2220058844982331
0,0,11,Restaurants and hotels,643.9875038495742,6.4398750384957415,2026-06-10,208.62879111926455,2026,6,2026-06,13.430067912405974,0.7169745283549966
0,0,11,Restaurants and hotels,643.9875038495742,6.4398750384957415,2026-07-10,211.0125098475408,2026,7,2026-07,12.842315814634308,1.1425646074484375
0,0,11,Restaurants and hotels,643.9875038495742,6.4398750384957415,2026-08-10,214.45756987955824,2026,8,2026-08,13.74101302797779,1.6326330768287267
0,0,12,Miscellaneous goods and services,515.9834508284413,5.159834508284413,2009-02-01,88.24534059192264,2009,2,2009-02,,
0,0,12,Miscellaneous goods and services,515.9834508284413,5.159834508284413,2009-03-01,87.64508460652972,2009,3,2009-03,,-0.6802126677358689
0,0,12,Miscellaneous goods and services,515.9834508284413,5.159834508284413,2009-04-01,87.18598852723274,2009,4,2009-04,,-0.5238126945259158
0,0,12,Miscellaneous goods and services,515.9834508284413,5.159834508284413,2009-05-01,88.18847305374929,2009,5,2009-05,,1.149822974368675
0,0,12,Miscellaneous goods and services,515.9834508284413,5.159834508284413,2009-06-01,88.46338622041459,2009,6,2009-06,,0.311733673512804
0,0,12,Miscellaneous goods and services,515.9834508284413,5.159834508284413,2009-07-01,86.82637517846977,2009,7,2009-07,,-1.8504955687159153
0,0,12,Miscellaneous goods and services,515.9834508284413,5.159834508284413,2009-08-01,87.66727796072095,2009,8,2009-08,,0.9684877210671461
0,0,12,Miscellaneous goods and services,515.9834508284413,5.159834508284413,2009-09-01,86.63902007425925,2009,9,2009-09,,-1.1729095625877761
0,0,12,Miscellaneous goods and services,515.9834508284413,5.159834508284413,2009-10-01,86.66923848132097,2009,10,2009-10,,0.03487851898120731
0,0,12,Miscellaneous goods and services,515.9834508284413,5.159834508284413,2009-11-01,86.87621806950104,2009,11,2009-11,,0.23881551494728814
0,0,12,Miscellaneous goods and services,515.9834508284413,5.159834508284413,2009-12-01,86.349292840158,2009,12,2009-12,,-0.6065241340518446
0,0,12,Miscellaneous goods and services,515.9834508284413,5.159834508284413,2010-01-01,85.40937976932341,2010,1,2010-01,,-1.0885011792447163
0,0,12,Miscellaneous goods and services,515.9834508284413,5.159834508284413,2010-02-01,85.40433122427311,2010,2,2010-02,-3.219444050635323,-0.0059109960333869616
0,0,12,Miscellaneous goods and services,515.9834508284413,5.159834508284413,2010-03-01,85.15094321102934,2010,3,2010-03,-2.845728778399237,-0.2966922281474993
0,0,12,Miscellaneous goods and services,515.9834508284413,5.159834508284413,2010-04-01,84.7609882736306,2010,4,2010-04,-2.7814105162605074,-0.45795727292452515
0,0,12,Miscellaneous goods and services,515.9834508284413,5.159834508284413,2010-05-01,84.85236227413506,2010,5,2010-05,-3.7829329209282614,0.10780195272084292
0,0,12,Miscellaneous goods and services,515.9834508284413,5.159834508284413,2010-06-01,85.27531141550561,2010,6,2010-06,-3.603835373162856,0.4984529953380834
0,0,12,Miscellaneous goods and services,515.9834508284413,5.159834508284413,2010-07-01,85.76583237074405,2010,7,2010-07,-1.221452358855013,0.5752203622551022
0,0,12,Miscellaneous goods and services,515.9834508284413,5.159834508284413,2010-08-01,85.19465220202768,2010,8,2010-08,-2.8204659893753314,-0.665976360198195
0,0,12,Miscellaneous goods and services,515.9834508284413,5.159834508284413,2010-09-01,85.88965345065907,2010,9,2010-09,-0.8649297082975904,0.8157803696214216
0,0,12,Miscellaneous goods and services,515.9834508284413,5.159834508284413,2010-10-01,85.14011199391254,2010,10,2010-10,-1.7643243602953662,-0.872679568065915
0,0,12,Miscellaneous goods and services,515.9834508284413,5.159834508284413,2010-11-01,86.60382316710799,2010,11,2010-11,-0.31354369290699236,1.7191792903679781
0,0,12,Miscellaneous goods and services,515.9834508284413,5.159834508284413,2010-12-01,86.49410059742628,2010,12,2010-12,0.16769999209644837,-0.1266948336333673
0,0,12,Miscellaneous goods and services,515.9834508284413,5.159834508284413,2011-01-01,87.73338729859421,2011,1,2011-01,2.721021432947479,1.432799107231597
0,0,12,Miscellaneous goods and services,515.9834508284413,5.159834508284413,2011-02-01,88.69887612258663,2011,2,2011-02,3.857585266562169,1.1004805054505074
0,0,12,Miscellaneous goods and services,515.9834508284413,5.159834508284413,2011-03-01,89.38504817549804,2011,3,2011-03,4.972469833922255,0.773597234719281
0,0,12,Miscellaneous goods and services,515.9834508284413,5.159834508284413,2011-04-01,89.79441129030455,2011,4,2011-04,5.938372262041991,0.45797717086057954
0,0,12,Miscellaneous goods and services,515.9834508284413,5.159834508284413,2011-05-01,89.82542456907115,2011,5,2011-05,5.860841303238518,0.034538094655278684
0,0,12,Miscellaneous goods and services,515.9834508284413,5.159834508284413,2011-06-01,92.28806070599941,2011,6,2011-06,8.223657204045898,2.741580291707524
0,0,12,Miscellaneous goods and services,515.9834508284413,5.159834508284413,2011-07-01,91.69141804857543,2011,7,2011-07,6.909028355507085,-0.6465003737858299
0,0,12,Miscellaneous goods and services,515.9834508284413,5.159834508284413,2011-08-01,92.20517784623783,2011,8,2011-08,8.22883298776269,0.5603139406026303
0,0,12,Miscellaneous goods and services,515.9834508284413,5.159834508284413,2011-09-01,92.46504497275623,2011,9,2011-09,7.655627025989253,0.28183571962927534
0,0,12,Miscellaneous goods and services,515.9834508284413,5.159834508284413,2011-10-01,94.78171940922206,2011,10,2011-10,11.324400672621726,2.505459697930612
0,0,12,Miscellaneous goods and services,515.9834508284413,5.159834508284413,2011-11-01,94.11030006745895,2011,11,2011-11,8.667604530422057,-0.7083848509481516
0,0,12,Miscellaneous goods and services,515.9834508284413,5.159834508284413,2011-12-01,93.94222926703277,2011,12,2011-12,8.611140665272288,-0.1785891664416117
0,0,12,Miscellaneous goods and services,515.9834508284413,5.159834508284413,2012-01-01,93.91879965533228,2012,1,2012-01,7.050237711313323,-0.024940446786603232
0,0,12,Miscellaneous goods and services,515.9834508284413,5.159834508284413,2012-02-01,92.66748158468658,2012,2,2012-02,4.47424548718649,-1.3323403570295267
0,0,12,Miscellaneous goods and services,515.9834508284413,5.159834508284413,2012-03-01,96.28376837371246,2012,3,2012-03,7.717980063812813,3.902433439632258
0,0,12,Miscellaneous goods and services,515.9834508284413,5.159834508284413,2012-04-01,94.28943793310378,2012,4,2012-04,5.0059091409006,-2.071304929474671
0,0,12,Miscellaneous goods and services,515.9834508284413,5.159834508284413,2012-05-01,94.39801454368917,2012,5,2012-05,5.090529765436225,0.11515246348421382
0,0,12,Miscellaneous goods and services,515.9834508284413,5.159834508284413,2012-06-01,94.14609276461663,2012,6,2012-06,2.0132962426595125,-0.2668719043406931
0,0,12,Miscellaneous goods and services,515.9834508284413,5.159834508284413,2012-07-01,94.95197746728044,2012,7,2012-07,3.5560137339981646,0.8559937847645749
0,0,12,Miscellaneous goods and services,515.9834508284413,5.159834508284413,2012-08-01,94.67129339803829,2012,8,2012-08,2.674595515571765,-0.29560634410049635
0,0,12,Miscellaneous goods and services,515.9834508284413,5.159834508284413,2012-09-01,94.85955611092508,2012,9,2012-09,2.589639294367263,0.1988593438723374
0,0,12,Miscellaneous goods and services,515.9834508284413,5.159834508284413,2012-10-01,94.52054940983001,2012,10,2012-10,-0.27554891493838385,-0.3573774904645943
0,0,12,Miscellaneous goods and services,515.9834508284413,5.159834508284413,2012-11-01,94.85380634586511,2012,11,2012-11,0.7900370925108202,0.35257617324051527
0,0,12,Miscellaneous goods and services,515.9834508284413,5.159834508284413,2012-12-01,95.71469921513535,2012,12,2012-12,1.8867659006305937,0.9075997078400677
0,0,12,Miscellaneous goods and services,515.9834508284413,5.159834508284413,2013-01-01,96.48040452309874,2013,1,2013-01,2.727467639244918,0.7999871641892087
0,0,12,Miscellaneous goods and services,515.9834508284413,5.159834508284413,2013-02-01,96.78508520241472,2013,2,2013-02,4.443418065662175,0.31579539992812045
0,0,12,Miscellaneous goods and services,515.9834508284413,5.159834508284413,2013-03-01,96.6747260054237,2013,3,2013-03,0.4060472895013545,-0.11402500370818469
0,0,12,Miscellaneous goods and services,515.9834508284413,5.159834508284413,2013-04-01,97.53881361617631,2013,4,2013-04,3.4461714422116874,0.8938092161793643
0,0,12,Miscellaneous goods and services,515.9834508284413,5.159834508284413,2013-05-01,98.3857345716603,2013,5,2013-05,4.2243685391555985,0.8682912207818028
0,0,12,Miscellaneous goods and services,515.9834508284413,5.159834508284413,2013-06-01,98.28047453365282,2013,6,2013-06,4.3914533759493946,-0.1069870936734274
0,0,12,Miscellaneous goods and services,515.9834508284413,5.159834508284413,2013-07-01,98.78873646556694,2013,7,2013-07,4.0407362759860455,0.5171545358585883
0,0,12,Miscellaneous goods and services,515.9834508284413,5.159834508284413,2013-08-01,99.27552856946106,2013,8,2013-08,4.863391009209739,0.4927607349890506
0,0,12,Miscellaneous goods and services,515.9834508284413,5.159834508284413,2013-09-01,98.94582347320222,2013,9,2013-09,4.307702386356116,-0.3321111466338289
0,0,12,Miscellaneous goods and services,515.9834508284413,5.159834508284413,2013-10-01,98.99015122740136,2013,10,2013-10,4.728709096041839,0.04480002555249385
0,0,12,Miscellaneous goods and services,515.9834508284413,5.159834508284413,2013-11-01,98.9554736622274,2013,11,2013-11,4.324198969313264,-0.03503132861600866
0,0,12,Miscellaneous goods and services,515.9834508284413,5.159834508284413,2013-12-01,99.14490701256088,2013,12,2013-12,3.58378370882777,0.1914329175767282
0,0,12,Miscellaneous goods and services,515.9834508284413,5.159834508284413,2014-01-01,99.65262787076814,2014,1,2014-01,3.287945737115905,0.5120997875795563
0,0,12,Miscellaneous goods and services,515.9834508284413,5.159834508284413,2014-02-01,100,2014,2,2014-02,3.3217047759596996,0.34858300945392884
0,0,12,Miscellaneous goods and services,515.9834508284413,5.159834508284413,2014-03-01,99.87513779458291,2014,3,2014-03,3.310494812242526,-0.1248622054170867
0,0,12,Miscellaneous goods and services,515.9834508284413,5.159834508284413,2014-04-01,100.26045872700439,2014,4,2014-04,2.7903200889217272,0.38580265412397896
0,0,12,Miscellaneous goods and services,515.9834508284413,5.159834508284413,2014-05-01,101.01835006690084,2014,5,2014-05,2.6758101738042717,0.7559224738439285
0,0,12,Miscellaneous goods and services,515.9834508284413,5.159834508284413,2014-06-01,101.06454382534423,2014,6,2014-06,2.8327796593392573,0.04572808644449644
0,0,12,Miscellaneous goods and services,515.9834508284413,5.159834508284413,2014-07-01,101.1747320538039,2014,7,2014-07,2.4152506384860883,0.10902758206685625
0,0,12,Miscellaneous goods and services,515.9834508284413,5.159834508284413,2014-08-01,101.30913289347617,2014,8,2014-08,2.048444720787601,0.1328403218313623
0,0,12,Miscellaneous goods and services,515.9834508284413,5.159834508284413,2014-09-01,101.77470749351534,2014,9,2014-09,2.8590231714825887,0.4595583702495132
0,0,12,Miscellaneous goods and services,515.9834508284413,5.159834508284413,2014-10-01,102.0729420353682,2014,10,2014-10,3.114239921590811,0.2930340447029778
0,0,12,Miscellaneous goods and services,515.9834508284413,5.159834508284413,2014-11-01,102.16113897719292,2014,11,2014-11,3.2395027746597194,0.08640579968210993
0,0,12,Miscellaneous goods and services,515.9834508284413,5.159834508284413,2014-12-01,101.72446191026295,2014,12,2014-12,2.601802730396696,-0.4274395051796165
0,0,12,Miscellaneous goods and services,515.9834508284413,5.159834508284413,2015-01-01,101.41325880401911,2015,1,2015-01,1.7667681935434665,-0.3059275029818953
0,0,12,Miscellaneous goods and services,515.9834508284413,5.159834508284413,2015-02-01,101.3767557067741,2015,2,2015-02,1.3767557067741132,-0.035994403173200684
0,0,12,Miscellaneous goods and services,515.9834508284413,5.159834508284413,2015-03-01,101.66928430426616,2015,3,2015-03,1.7963895212573577,0.28855588783900377
0,0,12,Miscellaneous goods and services,515.9834508284413,5.159834508284413,2015-04-01,101.73098359197603,2015,4,2015-04,1.4667047045691994,0.060686261472264746
0,0,12,Miscellaneous goods and services,515.9834508284413,5.159834508284413,2015-05-01,101.96017703879544,2015,5,2015-05,0.9323325626194201,0.225293650692171
0,0,12,Miscellaneous goods and services,515.9834508284413,5.159834508284413,2015-06-01,102.23339831758823,2015,6,2015-06,1.1565425895197823,0.26796861944329287
0,0,12,Miscellaneous goods and services,515.9834508284413,5.159834508284413,2015-07-01,102.21045184799081,2015,7,2015-07,1.0236941310960201,-0.022445179339658505
0,0,12,Miscellaneous goods and services,515.9834508284413,5.159834508284413,2015-08-01,102.2089635585661,2015,8,2015-08,0.8882029086519472,-0.0014561029697102157
0,0,12,Miscellaneous goods and services,515.9834508284413,5.159834508284413,2015-09-01,102.88521633851903,2015,9,2015-09,1.0911442266483107,0.6616374497970812
0,0,12,Miscellaneous goods and services,515.9834508284413,5.159834508284413,2015-10-01,102.94636792010472,2015,10,2015-10,0.855687969132779,0.059436704088255965
0,0,12,Miscellaneous goods and services,515.9834508284413,5.159834508284413,2015-11-01,103.1765676905181,2015,11,2015-11,0.9939481132369421,0.22361135712143376
0,0,12,Miscellaneous goods and services,515.9834508284413,5.159834508284413,2015-12-01,102.78060743932178,2015,12,2015-12,1.0382414507048798,-0.38376955161371074
0,0,12,Miscellaneous goods and services,515.9834508284413,5.159834508284413,2016-01-01,103.18070836090834,2016,1,2016-01,1.7428190137394495,0.3892766656616198
0,0,12,Miscellaneous goods and services,515.9834508284413,5.159834508284413,2016-02-01,103.58325796656263,2016,2,2016-02,2.1765366670153607,0.3901403780309787
0,0,12,Miscellaneous goods and services,515.9834508284413,5.159834508284413,2016-03-01,104.270304302688,2016,3,2016-03,2.558314456741684,0.6632793268070092
0,0,12,Miscellaneous goods and services,515.9834508284413,5.159834508284413,2016-04-01,104.07218873331273,2016,4,2016-04,2.3013688245921538,-0.19000190965220431
0,0,12,Miscellaneous goods and services,515.9834508284413,5.159834508284413,2016-05-01,104.46576899138897,2016,5,2016-05,2.4574221282885444,0.378180052583299
0,0,12,Miscellaneous goods and services,515.9834508284413,5.159834508284413,2016-06-01,104.29028131781693,2016,6,2016-06,2.011948183350998,-0.16798581513002286
0,0,12,Miscellaneous goods and services,515.9834508284413,5.159834508284413,2016-07-01,104.34587645287556,2016,7,2016-07,2.0892428966663656,0.053308068936175346
0,0,12,Miscellaneous goods and services,515.9834508284413,5.159834508284413,2016-08-01,104.30112249948236,2016,8,2016-08,2.0469427221199155,-0.04289000669174259
0,0,12,Miscellaneous goods and services,515.9834508284413,5.159834508284413,2016-09-01,108.67459537027655,2016,9,2016-09,5.627027125752404,4.193121575288794
0,0,12,Miscellaneous goods and services,515.9834508284413,5.159834508284413,2016-10-01,106.39294910423884,2016,10,2016-10,3.3479385953751883,-2.0995212894639015
0,0,12,Miscellaneous goods and services,515.9834508284413,5.159834508284413,2016-11-01,106.03765653663604,2016,11,2016-11,2.7730025432711303,-0.3339437158140113
0,0,12,Miscellaneous goods and services,515.9834508284413,5.159834508284413,2016-12-01,105.73686500063798,2016,12,2016-12,2.8762795190342416,-0.28366482796998715
0,0,12,Miscellaneous goods and services,515.9834508284413,5.159834508284413,2017-01-01,105.89267001046349,2017,1,2017-01,2.6283611468038925,0.1473516448823986
0,0,12,Miscellaneous goods and services,515.9834508284413,5.159834508284413,2017-02-01,107.57386940825245,2017,2,2017-02,3.8525641305644287,1.5876447327495269
0,0,12,Miscellaneous goods and services,515.9834508284413,5.159834508284413,2017-03-01,107.1717990919711,2017,3,2017-03,2.782666463560224,-0.3737620655397844
0,0,12,Miscellaneous goods and services,515.9834508284413,5.159834508284413,2017-04-01,107.85838086907519,2017,4,2017-04,3.638044113268979,0.640636606757794
0,0,12,Miscellaneous goods and services,515.9834508284413,5.159834508284413,2017-05-01,107.99571528209779,2017,5,2017-05,3.3790459064153344,0.12732845785001778
0,0,12,Miscellaneous goods and services,515.9834508284413,5.159834508284413,2017-06-01,107.85985926590709,2017,6,2017-06,3.422733070603323,-0.1257975983915971
0,0,12,Miscellaneous goods and services,515.9834508284413,5.159834508284413,2017-07-01,106.04442883538773,2017,7,2017-07,1.6278097805611624,-1.6831381413578317
0,0,12,Miscellaneous goods and services,515.9834508284413,5.159834508284413,2017-08-01,105.98745418975605,2017,8,2017-08,1.61679150699654,-0.05372714649641841
0,0,12,Miscellaneous goods and services,515.9834508284413,5.159834508284413,2017-09-01,105.48993320948945,2017,9,2017-09,-2.930456883631638,-0.46941497375326824
0,0,12,Miscellaneous goods and services,515.9834508284413,5.159834508284413,2017-10-01,105.56643037318422,2017,10,2017-10,-0.7768547991322539,0.07251607937115434
0,0,12,Miscellaneous goods and services,515.9834508284413,5.159834508284413,2017-11-01,105.63400024027914,2017,11,2017-11,-0.3806725926816745,0.06400696400934436
0,0,12,Miscellaneous goods and services,515.9834508284413,5.159834508284413,2017-12-01,105.91762324363394,2017,12,2017-12,0.17095101409982938,0.26849594137272614
0,0,12,Miscellaneous goods and services,515.9834508284413,5.159834508284413,2018-01-01,106.32722674370781,2018,1,2018-01,0.41037470601259507,0.38671893074082586
0,0,12,Miscellaneous goods and services,515.9834508284413,5.159834508284413,2018-02-01,107.20461874908014,2018,2,2018-02,-0.343253116396669,0.8251809364756557
0,0,12,Miscellaneous goods and services,515.9834508284413,5.159834508284413,2018-03-01,107.06545776883215,2018,3,2018-03,-0.09922509843068861,-0.12980875439118078
0,0,12,Miscellaneous goods and services,515.9834508284413,5.159834508284413,2018-04-10,107.05278367300404,2018,4,2018-04,-0.7469027344745971,-0.011837707597039948
0,0,12,Miscellaneous goods and services,515.9834508284413,5.159834508284413,2018-05-10,108.21132928109034,2018,5,2018-05,0.19965051245722787,1.0822190403054988
0,0,12,Miscellaneous goods and services,515.9834508284413,5.159834508284413,2018-06-10,108.37481486219963,2018,6,2018-06,0.47743025050961396,0.1510799120530315
0,0,12,Miscellaneous goods and services,515.9834508284413,5.159834508284413,2018-07-10,108.39739735636432,2018,7,2018-07,2.2188516141937953,0.020837400454531974
0,0,12,Miscellaneous goods and services,515.9834508284413,5.159834508284413,2018-08-10,108.60484212850187,2018,8,2018-08,2.4695261894485565,0.19137431081999168
0,0,12,Miscellaneous goods and services,515.9834508284413,5.159834508284413,2018-09-10,108.51387929891972,2018,9,2018-09,2.866573138713724,-0.08375577718212623
0,0,12,Miscellaneous goods and services,515.9834508284413,5.159834508284413,2018-10-10,108.81906299549617,2018,10,2018-10,3.081124000133073,0.28123932030461596
0,0,12,Miscellaneous goods and services,515.9834508284413,5.159834508284413,2018-11-10,109.01058714385844,2018,11,2018-11,3.196496294657769,0.1760023869808558
0,0,12,Miscellaneous goods and services,515.9834508284413,5.159834508284413,2018-12-10,111.17509001225137,2018,12,2018-12,4.963731820647155,1.9855895882264107
0,0,12,Miscellaneous goods and services,515.9834508284413,5.159834508284413,2019-01-10,109.15943129791052,2019,1,2019-01,2.6636682258528888,-1.8130488710364268
0,0,12,Miscellaneous goods and services,515.9834508284413,5.159834508284413,2019-02-10,109.07544302396671,2019,2,2019-02,1.745096710119709,-0.07694092296486321
0,0,12,Miscellaneous goods and services,515.9834508284413,5.159834508284413,2019-03-10,109.58314295151767,2019,3,2019-03,2.351538241326656,0.46545758923886016
0,0,12,Miscellaneous goods and services,515.9834508284413,5.159834508284413,2019-04-10,109.62752087039256,2019,4,2019-04,2.405109992518395,0.04049703054649356
0,0,12,Miscellaneous goods and services,515.9834508284413,5.159834508284413,2019-05-10,109.81537219930442,2019,5,2019-05,1.482324382179434,0.17135417039482181
0,0,12,Miscellaneous goods and services,515.9834508284413,5.159834508284413,2019-06-10,109.5135372929933,2019,6,2019-06,1.0507260678983332,-0.27485669835304316
0,0,12,Miscellaneous goods and services,515.9834508284413,5.159834508284413,2019-07-10,109.77229173362568,2019,7,2019-07,1.2683831999593886,0.23627621482091854
0,0,12,Miscellaneous goods and services,515.9834508284413,5.159834508284413,2019-08-10,112.0050052167123,2019,8,2019-08,3.130765646882794,2.033949959343606
0,0,12,Miscellaneous goods and services,515.9834508284413,5.159834508284413,2019-09-10,111.97773728842543,2019,9,2019-09,3.1920875116481007,-0.02434527656519636
0,0,12,Miscellaneous goods and services,515.9834508284413,5.159834508284413,2019-10-10,112.48367494593202,2019,10,2019-10,3.367619468095895,0.4518198614814173
0,0,12,Miscellaneous goods and services,515.9834508284413,5.159834508284413,2019-11-10,112.90870421184064,2019,11,2019-11,3.575906863833289,0.37785862358508115
0,0,12,Miscellaneous goods and services,515.9834508284413,5.159834508284413,2019-12-10,112.94606241218324,2019,12,2019-12,1.5929579186638954,0.033087086246696984
0,0,12,Miscellaneous goods and services,515.9834508284413,5.159834508284413,2020-01-10,113.12076946376996,2020,1,2020-01,3.628947236861668,0.1546818435769426
0,0,12,Miscellaneous goods and services,515.9834508284413,5.159834508284413,2020-02-10,113.27862123079962,2020,2,2020-02,3.85345967002797,0.13954269209617287
0,0,12,Miscellaneous goods and services,515.9834508284413,5.159834508284413,2020-03-10,113.95920367309016,2020,3,2020-03,3.99337033389211,0.6008039600904791
0,0,12,Miscellaneous goods and services,515.9834508284413,5.159834508284413,2020-04-10,114.36669809358902,2020,4,2020-04,4.32298129663935,0.3575792102477493
0,0,12,Miscellaneous goods and services,515.9834508284413,5.159834508284413,2020-05-10,114.61090213453934,2020,5,2020-05,4.366902227979064,0.21352722866099239
0,0,12,Miscellaneous goods and services,515.9834508284413,5.159834508284413,2020-06-10,114.82719025413257,2020,6,2020-06,4.852051255474543,0.1887151357899075
0,0,12,Miscellaneous goods and services,515.9834508284413,5.159834508284413,2020-07-10,115.21332960861908,2020,7,2020-07,4.956658724222196,0.3362786754878444
0,0,12,Miscellaneous goods and services,515.9834508284413,5.159834508284413,2020-08-10,115.44070201301865,2020,8,2020-08,3.067449342695716,0.19734904387536112
0,0,12,Miscellaneous goods and services,515.9834508284413,5.159834508284413,2020-09-10,115.52704945105147,2020,9,2020-09,3.169658763048533,0.0747980881327992
0,0,12,Miscellaneous goods and services,515.9834508284413,5.159834508284413,2020-10-10,115.84023256395794,2020,10,2020-10,2.984039790342319,0.27109072238460374
0,0,12,Miscellaneous goods and services,515.9834508284413,5.159834508284413,2020-11-10,116.07507276365675,2020,11,2020-11,2.80436178407939,0.2027276659420929
0,0,12,Miscellaneous goods and services,515.9834508284413,5.159834508284413,2020-12-10,116.14912493591217,2020,12,2020-12,2.8359222582189147,0.06379679158694529
0,0,12,Miscellaneous goods and services,515.9834508284413,5.159834508284413,2021-01-10,116.26943718665765,2021,1,2021-01,2.7834567761635842,0.10358429373606981
0,0,12,Miscellaneous goods and services,515.9834508284413,5.159834508284413,2021-02-10,116.35453801629049,2021,2,2021-02,2.7153550705952156,0.07319277678812242
0,0,12,Miscellaneous goods and services,515.9834508284413,5.159834508284413,2021-03-10,116.45485567756866,2021,3,2021-03,2.1899521267607858,0.08621723139334847
0,0,12,Miscellaneous goods and services,515.9834508284413,5.159834508284413,2021-04-10,116.52137416159187,2021,4,2021-04,1.8840065367976333,0.05711954528317964
0,0,12,Miscellaneous goods and services,515.9834508284413,5.159834508284413,2021-05-10,116.59701208710462,2021,5,2021-05,1.7329153820234477,0.06491334835088125
0,0,12,Miscellaneous goods and services,515.9834508284413,5.159834508284413,2021-06-10,116.68626645590143,2021,6,2021-06,1.6190208936179618,0.07654944770809635
0,0,12,Miscellaneous goods and services,515.9834508284413,5.159834508284413,2021-07-10,116.69355343398654,2021,7,2021-07,1.284767856632385,0.006244932078502963
0,0,12,Miscellaneous goods and services,515.9834508284413,5.159834508284413,2021-08-10,116.68528112810955,2021,8,2021-08,1.0781111803621402,-0.007088914197528329
0,0,12,Miscellaneous goods and services,515.9834508284413,5.159834508284413,2021-09-10,116.92888687827386,2021,9,2021-09,1.2134278802094167,0.2087716186730093
0,0,12,Miscellaneous goods and services,515.9834508284413,5.159834508284413,2021-10-10,116.44701631840717,2021,10,2021-10,0.523810891103138,-0.4121056590304595
0,0,12,Miscellaneous goods and services,515.9834508284413,5.159834508284413,2021-11-10,116.64834617435861,2021,11,2021-11,0.4938815863325896,0.17289395839987787
0,0,12,Miscellaneous goods and services,515.9834508284413,5.159834508284413,2021-12-10,116.76258497928316,2021,12,2021-12,0.5281658761609132,0.09793435455467403
0,0,12,Miscellaneous goods and services,515.9834508284413,5.159834508284413,2022-01-10,117.03845424958395,2022,1,2022-01,0.661409465405538,0.236265127523283
0,0,12,Miscellaneous goods and services,515.9834508284413,5.159834508284413,2022-02-10,117.57251673590518,2022,2,2022-02,1.0467823089497008,0.4563136874504048
0,0,12,Miscellaneous goods and services,515.9834508284413,5.159834508284413,2022-03-10,118.18424894704744,2022,3,2022-03,1.485033199703567,0.5203020468774522
0,0,12,Miscellaneous goods and services,515.9834508284413,5.159834508284413,2022-04-10,119.15133401748743,2022,4,2022-04,2.2570621697683757,0.8182859213949012
0,0,12,Miscellaneous goods and services,515.9834508284413,5.159834508284413,2022-05-10,123.95810903511172,2022,5,2022-05,6.313280946262956,4.034176417125823
0,0,12,Miscellaneous goods and services,515.9834508284413,5.159834508284413,2022-06-10,126.58669023717505,2022,6,2022-06,8.484652120577717,2.120539932824217
0,0,12,Miscellaneous goods and services,515.9834508284413,5.159834508284413,2022-07-10,127.40516541728297,2022,7,2022-07,9.179266264572172,0.6465728573631369
0,0,12,Miscellaneous goods and services,515.9834508284413,5.159834508284413,2022-08-10,129.38844369418135,2022,8,2022-08,10.886688058046424,1.5566702263622112
0,0,12,Miscellaneous goods and services,515.9834508284413,5.159834508284413,2022-09-10,130.05299104861908,2022,9,2022-09,11.224005051897713,0.5136064206850088
0,0,12,Miscellaneous goods and services,515.9834508284413,5.159834508284413,2022-10-10,130.84594217221326,2022,10,2022-10,12.365216653069378,0.6097138690933646
0,0,12,Miscellaneous goods and services,515.9834508284413,5.159834508284413,2022-11-10,130.5328525675487,2022,11,2022-11,11.90287462150248,-0.23928109612484372
0,0,12,Miscellaneous goods and services,515.9834508284413,5.159834508284413,2022-12-10,130.18181223645732,2022,12,2022-12,11.492745950729933,-0.268928721150663
0,0,12,Miscellaneous goods and services,515.9834508284413,5.159834508284413,2023-01-10,130.51166321863772,2023,1,2023-01,11.51177965860879,0.25337716268787336
0,0,12,Miscellaneous goods and services,515.9834508284413,5.159834508284413,2023-02-10,130.92754362463904,2023,2,2023-02,11.358969986780432,0.31865382429816513
0,0,12,Miscellaneous goods and services,515.9834508284413,5.159834508284413,2023-03-10,131.1160376025042,2023,3,2023-03,10.942057652074144,0.14396816181441174
0,0,12,Miscellaneous goods and services,515.9834508284413,5.159834508284413,2023-04-10,134.50571183115457,2023,4,2023-04,12.886450613648726,2.5852476101562827
0,0,12,Miscellaneous goods and services,515.9834508284413,5.159834508284413,2023-05-10,134.76564178834957,2023,5,2023-05,8.718697661140151,0.19324826704854026
0,0,12,Miscellaneous goods and services,515.9834508284413,5.159834508284413,2023-06-10,136.21992908981358,2023,6,2023-06,7.609993463443532,1.0791231965102677
0,0,12,Miscellaneous goods and services,515.9834508284413,5.159834508284413,2023-07-10,136.6294129489711,2023,7,2023-07,7.240089129413607,0.3006049569204583
0,0,12,Miscellaneous goods and services,515.9834508284413,5.159834508284413,2023-08-10,136.76953775060107,2023,8,2023-08,5.70460069360248,0.10255829883591971
0,0,12,Miscellaneous goods and services,515.9834508284413,5.159834508284413,2023-09-10,137.26976021410425,2023,9,2023-09,5.5490989536620905,0.3657411377782971
0,0,12,Miscellaneous goods and services,515.9834508284413,5.159834508284413,2023-10-10,137.45310448297033,2023,10,2023-10,5.049573720873246,0.13356493708454042
0,0,12,Miscellaneous goods and services,515.9834508284413,5.159834508284413,2023-11-10,138.11592229269237,2023,11,2023-11,5.809318938479158,0.4822137791759884
0,0,12,Miscellaneous goods and services,515.9834508284413,5.159834508284413,2023-12-10,138.49196937322554,2023,12,2023-12,6.3835008854185915,0.27226917381490967
0,0,12,Miscellaneous goods and services,515.9834508284413,5.159834508284413,2024-01-10,139.1180278144327,2024,1,2024-01,6.594326042245968,0.45205396676826215
0,0,12,Miscellaneous goods and services,515.9834508284413,5.159834508284413,2024-02-10,139.5702520850739,2024,2,2024-02,6.601138477945434,0.32506518223820446
0,0,12,Miscellaneous goods and services,515.9834508284413,5.159834508284413,2024-03-10,140.12415215982483,2024,3,2024-03,6.870337696315931,0.39686112654817585
0,0,12,Miscellaneous goods and services,515.9834508284413,5.159834508284413,2024-04-10,140.521813719947,2024,4,2024-04,4.472748262426562,0.28379230417652224
0,0,12,Miscellaneous goods and services,515.9834508284413,5.159834508284413,2024-05-10,140.80854327785377,2024,5,2024-05,4.484007503184406,0.20404629738000057
0,0,12,Miscellaneous goods and services,515.9834508284413,5.159834508284413,2024-06-10,141.21693935621462,2024,6,2024-06,3.6683400878195993,0.29003643447611527
0,0,12,Miscellaneous goods and services,515.9834508284413,5.159834508284413,2024-07-10,141.81153314359003,2024,7,2024-07,3.792829144742327,0.42104990384728147
0,0,12,Miscellaneous goods and services,515.9834508284413,5.159834508284413,2024-08-10,142.05369255704252,2024,8,2024-08,3.863546585992772,0.17076143814571676
0,0,12,Miscellaneous goods and services,515.9834508284413,5.159834508284413,2024-09-10,142.44220198148076,2024,9,2024-09,3.768085381156694,0.273494773310623
0,0,12,Miscellaneous goods and services,515.9834508284413,5.159834508284413,2024-10-10,143.28166505792151,2024,10,2024-10,4.240399368843151,0.5893359304778967
0,0,12,Miscellaneous goods and services,515.9834508284413,5.159834508284413,2024-11-10,143.75855622203417,2024,11,2024-11,4.085433334314659,0.33283474471061947
0,0,12,Miscellaneous goods and services,515.9834508284413,5.159834508284413,2024-12-10,144.015150783484,2024,12,2024-12,3.988087854663891,0.17848994048987876
0,0,12,Miscellaneous goods and services,515.9834508284413,5.159834508284413,2025-01-10,144.65192467373652,2025,1,2025-01,3.9778430921155516,0.442157569386481
0,0,12,Miscellaneous goods and services,515.9834508284413,5.159834508284413,2025-02-10,145.29839752915944,2025,2,2025-02,4.104130614161261,0.44691617956764684
0,0,12,Miscellaneous goods and services,515.9834508284413,5.159834508284413,2025-03-10,145.8768585832159,2025,3,2025-03,4.105435311986438,0.3981193625623769
0,0,12,Miscellaneous goods and services,515.9834508284413,5.159834508284413,2025-04-10,146.01544513275482,2025,4,2025-04,3.9094509723282878,0.09500242251232471
0,0,12,Miscellaneous goods and services,515.9834508284413,5.159834508284413,2025-05-10,147.67968248704273,2025,5,2025-05,4.879774372518231,1.139768024385912
0,0,12,Miscellaneous goods and services,515.9834508284413,5.159834508284413,2025-06-10,147.95018355915465,2025,6,2025-06,4.768014541057042,0.18316742530621877
0,0,12,Miscellaneous goods and services,515.9834508284413,5.159834508284413,2025-07-10,148.8938472094783,2025,7,2025-07,4.994173540678926,0.6378252649793748
0,0,12,Miscellaneous goods and services,515.9834508284413,5.159834508284413,2025-08-10,149.67067777211082,2025,8,2025-08,5.362046616288874,0.5217344955427139
0,0,12,Miscellaneous goods and services,515.9834508284413,5.159834508284413,2025-09-10,150.2186968109783,2025,9,2025-09,5.45940368887905,0.3661499012531211
0,0,12,Miscellaneous goods and services,515.9834508284413,5.159834508284413,2025-10-10,150.900252977614,2025,10,2025-10,5.317210626085811,0.45370927927388394
0,0,12,Miscellaneous goods and services,515.9834508284413,5.159834508284413,2025-11-10,151.67515121719237,2025,11,2025-11,5.506868741037629,0.5135168591754002
0,0,12,Miscellaneous goods and services,515.9834508284413,5.159834508284413,2025-12-10,151.9920918680767,2025,12,2025-12,5.53895964500668,0.20896016805711515
0,0,12,Miscellaneous goods and services,515.9834508284413,5.159834508284413,2026-01-10,152.28623693548494,2026,1,2026-01,5.27771219011961,0.19352656035784843
0,0,12,Miscellaneous goods and services,515.9834508284413,5.159834508284413,2026-02-10,153.15436875257387,2026,2,2026-02,5.406784491093819,0.5700658408525294
0,0,12,Miscellaneous goods and services,515.9834508284413,5.159834508284413,2026-03-10,153.84137617653323,2026,3,2026-03,5.459753980631521,0.44857187526217146
0,0,12,Miscellaneous goods and services,515.9834508284413,5.159834508284413,2026-04-10,157.1956856200186,2026,4,2026-04,7.656888952465879,2.180368849298575
0,0,12,Miscellaneous goods and services,515.9834508284413,5.159834508284413,2026-05-10,159.95864660741427,2026,5,2026-05,8.314592714166281,1.7576570097950661
0,0,12,Miscellaneous goods and services,515.9834508284413,5.159834508284413,2026-06-10,161.59943018398113,2026,6,2026-06,9.225569239911845,1.0257548506232617
0,0,12,Miscellaneous goods and services,515.9834508284413,5.159834508284413,2026-07-10,162.0377877954231,2026,7,2026-07,8.827725814252506,0.27126185466304076
0,0,12,Miscellaneous goods and services,515.9834508284413,5.159834508284413,2026-08-10,165.69308343568392,2026,8,2026-08,10.705106639504148,2.2558291433080635
