hhid,cpi_code,cpi_category,total_spend_rwf
300001.0,01,Food and non-alcoholic beverages,38275.0
300002.0,01,Food and non-alcoholic beverages,7700.0
300003.0,01,Food and non-alcoholic beverages,46400.0
300004.0,01,Food and non-alcoholic beverages,37620.0
300005.0,01,Food and non-alcoholic beverages,17270.0
300006.0,01,Food and non-alcoholic beverages,21752.0
300007.0,01,Food and non-alcoholic beverages,8230.0
300008.0,01,Food and non-alcoholic beverages,33800.0
300010.0,01,Food and non-alcoholic beverages,22250.0
300011.0,01,Food and non-alcoholic beverages,93606.0
300012.0,01,Food and non-alcoholic beverages,74501.0
300013.0,01,Food and non-alcoholic beverages,87305.76000000001
300014.0,01,Food and non-alcoholic beverages,45154.2
300015.0,01,Food and non-alcoholic beverages,13955.47
300016.0,01,Food and non-alcoholic beverages,59350.0
300017.0,01,Food and non-alcoholic beverages,9750.0
300018.0,01,Food and non-alcoholic beverages,21520.0
300019.0,01,Food and non-alcoholic beverages,23751.78
300020.0,01,Food and non-alcoholic beverages,41600.0
300021.0,01,Food and non-alcoholic beverages,27200.0
300022.0,01,Food and non-alcoholic beverages,14200.0
300023.0,01,Food and non-alcoholic beverages,9951.0
300024.0,01,Food and non-alcoholic beverages,16100.0
300025.0,01,Food and non-alcoholic beverages,61530.0
300026.0,01,Food and non-alcoholic beverages,32200.25
300027.0,01,Food and non-alcoholic beverages,19702.666
300028.0,01,Food and non-alcoholic beverages,24087.5
300029.0,01,Food and non-alcoholic beverages,38357.0
300030.0,01,Food and non-alcoholic beverages,14600.65
300031.0,01,Food and non-alcoholic beverages,46013.5
300032.0,01,Food and non-alcoholic beverages,21400.0
300033.0,01,Food and non-alcoholic beverages,43901.0
300034.0,01,Food and non-alcoholic beverages,32853.5
300035.0,01,Food and non-alcoholic beverages,31266.5
300036.0,01,Food and non-alcoholic beverages,16180.0
300037.0,01,Food and non-alcoholic beverages,19850.0
300038.0,01,Food and non-alcoholic beverages,8350.5
300040.0,01,Food and non-alcoholic beverages,1780.0
300041.0,01,Food and non-alcoholic beverages,44640.0
300042.0,01,Food and non-alcoholic beverages,18520.0
300043.0,01,Food and non-alcoholic beverages,6380.0
300044.0,01,Food and non-alcoholic beverages,5370.125
300045.0,01,Food and non-alcoholic beverages,20812.75
300046.0,01,Food and non-alcoholic beverages,14850.0
300047.0,01,Food and non-alcoholic beverages,7500.0
300048.0,01,Food and non-alcoholic beverages,47400.3
300049.0,01,Food and non-alcoholic beverages,45350.0
300050.0,01,Food and non-alcoholic beverages,119760.32
300051.0,01,Food and non-alcoholic beverages,50925.0
300052.0,01,Food and non-alcoholic beverages,29680.0
300054.0,01,Food and non-alcoholic beverages,42150.0
300055.0,01,Food and non-alcoholic beverages,1000.0
300056.0,01,Food and non-alcoholic beverages,10101.5
300057.0,01,Food and non-alcoholic beverages,38800.0
300058.0,01,Food and non-alcoholic beverages,30733.0
300059.0,01,Food and non-alcoholic beverages,62370.8
300060.0,01,Food and non-alcoholic beverages,24250.25
300061.0,01,Food and non-alcoholic beverages,34300.5
300062.0,01,Food and non-alcoholic beverages,29202.8
300063.0,01,Food and non-alcoholic beverages,61050.0
300064.0,01,Food and non-alcoholic beverages,15060.25
300065.0,01,Food and non-alcoholic beverages,123425.25
300066.0,01,Food and non-alcoholic beverages,43600.0
300067.0,01,Food and non-alcoholic beverages,73150.0
300068.0,01,Food and non-alcoholic beverages,30650.0
300069.0,01,Food and non-alcoholic beverages,29300.0
300071.0,01,Food and non-alcoholic beverages,12100.0
300072.0,01,Food and non-alcoholic beverages,21500.5
300073.0,01,Food and non-alcoholic beverages,17360.0
300074.0,01,Food and non-alcoholic beverages,10702.752
300075.0,01,Food and non-alcoholic beverages,16315.0
300076.0,01,Food and non-alcoholic beverages,35483.0
300077.0,01,Food and non-alcoholic beverages,21452.5
300078.0,01,Food and non-alcoholic beverages,12761.572
300079.0,01,Food and non-alcoholic beverages,24557.3
300080.0,01,Food and non-alcoholic beverages,34309.706
300081.0,01,Food and non-alcoholic beverages,37003.533
300082.0,01,Food and non-alcoholic beverages,14850.0
300083.0,01,Food and non-alcoholic beverages,131952.0
300084.0,01,Food and non-alcoholic beverages,33350.8
300085.0,01,Food and non-alcoholic beverages,13100.0
300086.0,01,Food and non-alcoholic beverages,25060.35
300087.0,01,Food and non-alcoholic beverages,27200.0
300088.0,01,Food and non-alcoholic beverages,12275.0
300089.0,01,Food and non-alcoholic beverages,9701.125
300090.0,01,Food and non-alcoholic beverages,18295.193
300091.0,01,Food and non-alcoholic beverages,50642.0
300092.0,01,Food and non-alcoholic beverages,23163.59
300093.0,01,Food and non-alcoholic beverages,16260.0
300094.0,01,Food and non-alcoholic beverages,25013.916
300095.0,01,Food and non-alcoholic beverages,28453.5
300096.0,01,Food and non-alcoholic beverages,18535.05
300097.0,01,Food and non-alcoholic beverages,23056.8
300098.0,01,Food and non-alcoholic beverages,1254.915
300099.0,01,Food and non-alcoholic beverages,12540.0
300100.0,01,Food and non-alcoholic beverages,19700.0
300101.0,01,Food and non-alcoholic beverages,70400.0
300102.0,01,Food and non-alcoholic beverages,19450.0
300103.0,01,Food and non-alcoholic beverages,71600.0
300104.0,01,Food and non-alcoholic beverages,9600.0
300105.0,01,Food and non-alcoholic beverages,79600.0
300107.0,01,Food and non-alcoholic beverages,31650.0
300108.0,01,Food and non-alcoholic beverages,18900.0
300109.0,01,Food and non-alcoholic beverages,9450.0
300111.0,01,Food and non-alcoholic beverages,23000.0
300112.0,01,Food and non-alcoholic beverages,20274.0
300113.0,01,Food and non-alcoholic beverages,2801.0
300114.0,01,Food and non-alcoholic beverages,25750.0
300115.0,01,Food and non-alcoholic beverages,65650.0
300116.0,01,Food and non-alcoholic beverages,36850.0
300117.0,01,Food and non-alcoholic beverages,32600.0
300118.0,01,Food and non-alcoholic beverages,21100.0
300119.0,01,Food and non-alcoholic beverages,66704.0
300121.0,01,Food and non-alcoholic beverages,29153.5
300122.0,01,Food and non-alcoholic beverages,9170.25
300123.0,01,Food and non-alcoholic beverages,20250.0
300124.0,01,Food and non-alcoholic beverages,16600.0
300126.0,01,Food and non-alcoholic beverages,19040.0
300127.0,01,Food and non-alcoholic beverages,48568.25
300128.0,01,Food and non-alcoholic beverages,4429.0
300129.0,01,Food and non-alcoholic beverages,27360.0
300130.0,01,Food and non-alcoholic beverages,10824.65
300131.0,01,Food and non-alcoholic beverages,36757.5
300132.0,01,Food and non-alcoholic beverages,12029.25
300133.0,01,Food and non-alcoholic beverages,28948.925
300134.0,01,Food and non-alcoholic beverages,79063.33
300135.0,01,Food and non-alcoholic beverages,25850.5
300136.0,01,Food and non-alcoholic beverages,33250.0
300137.0,01,Food and non-alcoholic beverages,45350.625
300138.0,01,Food and non-alcoholic beverages,8400.0
300139.0,01,Food and non-alcoholic beverages,27150.0
300140.0,01,Food and non-alcoholic beverages,22200.0
300142.0,01,Food and non-alcoholic beverages,41050.0
300144.0,01,Food and non-alcoholic beverages,45853.5
300145.0,01,Food and non-alcoholic beverages,35830.0
300146.0,01,Food and non-alcoholic beverages,13355.696
300147.0,01,Food and non-alcoholic beverages,11550.0
300148.0,01,Food and non-alcoholic beverages,54601.0
300149.0,01,Food and non-alcoholic beverages,16540.75
300150.0,01,Food and non-alcoholic beverages,69354.0
300151.0,01,Food and non-alcoholic beverages,34400.0
300152.0,01,Food and non-alcoholic beverages,49250.5
300153.0,01,Food and non-alcoholic beverages,29200.0
300154.0,01,Food and non-alcoholic beverages,14601.325
300155.0,01,Food and non-alcoholic beverages,12101.75
300156.0,01,Food and non-alcoholic beverages,43302.0
300157.0,01,Food and non-alcoholic beverages,14411.5
300158.0,01,Food and non-alcoholic beverages,11060.5
300159.0,01,Food and non-alcoholic beverages,16612.5
300160.0,01,Food and non-alcoholic beverages,17920.0
300161.0,01,Food and non-alcoholic beverages,4100.46
300162.0,01,Food and non-alcoholic beverages,21718.25
300163.0,01,Food and non-alcoholic beverages,10690.0
300164.0,01,Food and non-alcoholic beverages,13601.082
300165.0,01,Food and non-alcoholic beverages,10704.3
300166.0,01,Food and non-alcoholic beverages,22672.0
300168.0,01,Food and non-alcoholic beverages,27000.0
300169.0,01,Food and non-alcoholic beverages,3940.0
300170.0,01,Food and non-alcoholic beverages,23295.125
300171.0,01,Food and non-alcoholic beverages,53701.5
300172.0,01,Food and non-alcoholic beverages,22435.1
300173.0,01,Food and non-alcoholic beverages,20800.0
300174.0,01,Food and non-alcoholic beverages,17373.0
300176.0,01,Food and non-alcoholic beverages,9300.0
300177.0,01,Food and non-alcoholic beverages,16250.5
300178.0,01,Food and non-alcoholic beverages,26100.0
300179.0,01,Food and non-alcoholic beverages,21660.0
300180.0,01,Food and non-alcoholic beverages,13607.0
300181.0,01,Food and non-alcoholic beverages,5530.0
300182.0,01,Food and non-alcoholic beverages,12200.5
300183.0,01,Food and non-alcoholic beverages,6300.45
300184.0,01,Food and non-alcoholic beverages,30420.0
300185.0,01,Food and non-alcoholic beverages,40170.0
300186.0,01,Food and non-alcoholic beverages,10420.0
300187.0,01,Food and non-alcoholic beverages,5700.0
300188.0,01,Food and non-alcoholic beverages,35990.0
300189.0,01,Food and non-alcoholic beverages,24064.008
300190.0,01,Food and non-alcoholic beverages,11080.5
300191.0,01,Food and non-alcoholic beverages,16151.5
300192.0,01,Food and non-alcoholic beverages,5412.0
300193.0,01,Food and non-alcoholic beverages,30818.2
300194.0,01,Food and non-alcoholic beverages,11664.5
300195.0,01,Food and non-alcoholic beverages,5572.76
300196.0,01,Food and non-alcoholic beverages,10409.005
300197.0,01,Food and non-alcoholic beverages,44243.505
300198.0,01,Food and non-alcoholic beverages,15810.0
300199.0,01,Food and non-alcoholic beverages,48000.0
300200.0,01,Food and non-alcoholic beverages,1400.0
300201.0,01,Food and non-alcoholic beverages,13640.0
300202.0,01,Food and non-alcoholic beverages,17403.9
300203.0,01,Food and non-alcoholic beverages,15502.65
300204.0,01,Food and non-alcoholic beverages,26500.0
300205.0,01,Food and non-alcoholic beverages,49226.8
300206.0,01,Food and non-alcoholic beverages,52350.0
300207.0,01,Food and non-alcoholic beverages,3402.4
300208.0,01,Food and non-alcoholic beverages,17231.25
300209.0,01,Food and non-alcoholic beverages,18701.6
300210.0,01,Food and non-alcoholic beverages,8152.55
300211.0,01,Food and non-alcoholic beverages,15801.2
300212.0,01,Food and non-alcoholic beverages,12081.0
300213.0,01,Food and non-alcoholic beverages,25901.5
300214.0,01,Food and non-alcoholic beverages,21380.002
300215.0,01,Food and non-alcoholic beverages,8403.0
300216.0,01,Food and non-alcoholic beverages,17250.75
300217.0,01,Food and non-alcoholic beverages,17240.0
300218.0,01,Food and non-alcoholic beverages,13722.466
300219.0,01,Food and non-alcoholic beverages,10150.0
300220.0,01,Food and non-alcoholic beverages,16667.3
300221.0,01,Food and non-alcoholic beverages,12950.0
300222.0,01,Food and non-alcoholic beverages,32230.0
300223.0,01,Food and non-alcoholic beverages,16634.71
300224.0,01,Food and non-alcoholic beverages,11490.0
300226.0,01,Food and non-alcoholic beverages,5978.95
300227.0,01,Food and non-alcoholic beverages,10924.2
300228.0,01,Food and non-alcoholic beverages,11910.0
300229.0,01,Food and non-alcoholic beverages,19750.0
300231.0,01,Food and non-alcoholic beverages,54770.0
300232.0,01,Food and non-alcoholic beverages,63840.0
300233.0,01,Food and non-alcoholic beverages,16081.258
300234.0,01,Food and non-alcoholic beverages,61600.0
300235.0,01,Food and non-alcoholic beverages,12052.25
300236.0,01,Food and non-alcoholic beverages,8955.5
300237.0,01,Food and non-alcoholic beverages,9860.0
300238.0,01,Food and non-alcoholic beverages,23323.7
300239.0,01,Food and non-alcoholic beverages,5622.0
300240.0,01,Food and non-alcoholic beverages,13301.79
300241.0,01,Food and non-alcoholic beverages,25850.053
300242.0,01,Food and non-alcoholic beverages,81752.8
300243.0,01,Food and non-alcoholic beverages,19254.515
300244.0,01,Food and non-alcoholic beverages,9307.215
300245.0,01,Food and non-alcoholic beverages,38311.5
300246.0,01,Food and non-alcoholic beverages,31850.0
300247.0,01,Food and non-alcoholic beverages,7151.9
300248.0,01,Food and non-alcoholic beverages,37050.0
300249.0,01,Food and non-alcoholic beverages,8650.0
300250.0,01,Food and non-alcoholic beverages,17800.0
300251.0,01,Food and non-alcoholic beverages,36431.0
300252.0,01,Food and non-alcoholic beverages,18060.75
300253.0,01,Food and non-alcoholic beverages,10315.0
300254.0,01,Food and non-alcoholic beverages,32320.0
300255.0,01,Food and non-alcoholic beverages,26000.0
300256.0,01,Food and non-alcoholic beverages,7300.0
300257.0,01,Food and non-alcoholic beverages,23450.0
300258.0,01,Food and non-alcoholic beverages,21800.0
300259.0,01,Food and non-alcoholic beverages,130191.8
300260.0,01,Food and non-alcoholic beverages,21460.0
300261.0,01,Food and non-alcoholic beverages,22350.25
300262.0,01,Food and non-alcoholic beverages,19461.25
300263.0,01,Food and non-alcoholic beverages,13900.0
300264.0,01,Food and non-alcoholic beverages,18404.25
300265.0,01,Food and non-alcoholic beverages,37201.5
300266.0,01,Food and non-alcoholic beverages,36254.0
300267.0,01,Food and non-alcoholic beverages,89409.034
300268.0,01,Food and non-alcoholic beverages,24256.35
300270.0,01,Food and non-alcoholic beverages,8730.0
300271.0,01,Food and non-alcoholic beverages,16500.0
300272.0,01,Food and non-alcoholic beverages,31793.2
300273.0,01,Food and non-alcoholic beverages,29904.3
300275.0,01,Food and non-alcoholic beverages,19755.0
300276.0,01,Food and non-alcoholic beverages,7100.0
300277.0,01,Food and non-alcoholic beverages,33369.261
300278.0,01,Food and non-alcoholic beverages,15256.426
300280.0,01,Food and non-alcoholic beverages,4700.0
300281.0,01,Food and non-alcoholic beverages,30200.5
300282.0,01,Food and non-alcoholic beverages,36350.0
300283.0,01,Food and non-alcoholic beverages,36504.8
300284.0,01,Food and non-alcoholic beverages,4600.0
300286.0,01,Food and non-alcoholic beverages,4642.2
300287.0,01,Food and non-alcoholic beverages,12253.26
300288.0,01,Food and non-alcoholic beverages,21903.7
300289.0,01,Food and non-alcoholic beverages,25300.0
300290.0,01,Food and non-alcoholic beverages,28700.538
300291.0,01,Food and non-alcoholic beverages,33250.0
300292.0,01,Food and non-alcoholic beverages,63402.0
300293.0,01,Food and non-alcoholic beverages,44010.0
300294.0,01,Food and non-alcoholic beverages,65400.0
300295.0,01,Food and non-alcoholic beverages,21240.6
300296.0,01,Food and non-alcoholic beverages,34152.0
300297.0,01,Food and non-alcoholic beverages,20205.5
300298.0,01,Food and non-alcoholic beverages,23118.25
300299.0,01,Food and non-alcoholic beverages,17553.0
300300.0,01,Food and non-alcoholic beverages,20565.0
300301.0,01,Food and non-alcoholic beverages,13152.75
300302.0,01,Food and non-alcoholic beverages,10100.0
300303.0,01,Food and non-alcoholic beverages,34625.0
300304.0,01,Food and non-alcoholic beverages,13825.25
300305.0,01,Food and non-alcoholic beverages,23509.022
300306.0,01,Food and non-alcoholic beverages,14798.25
300307.0,01,Food and non-alcoholic beverages,22881.081
300308.0,01,Food and non-alcoholic beverages,9136.845
300309.0,01,Food and non-alcoholic beverages,12496.68
300310.0,01,Food and non-alcoholic beverages,57774.87
300311.0,01,Food and non-alcoholic beverages,9719.03
300312.0,01,Food and non-alcoholic beverages,6553.0
300313.0,01,Food and non-alcoholic beverages,1664.0240000000001
300314.0,01,Food and non-alcoholic beverages,17766.035
300315.0,01,Food and non-alcoholic beverages,98000.0
300316.0,01,Food and non-alcoholic beverages,21602.0
300317.0,01,Food and non-alcoholic beverages,12600.0
300318.0,01,Food and non-alcoholic beverages,35900.0
300319.0,01,Food and non-alcoholic beverages,34100.0
300320.0,01,Food and non-alcoholic beverages,44800.0
300321.0,01,Food and non-alcoholic beverages,6900.0
300322.0,01,Food and non-alcoholic beverages,43600.0
300323.0,01,Food and non-alcoholic beverages,125300.77
300324.0,01,Food and non-alcoholic beverages,12610.0
300325.0,01,Food and non-alcoholic beverages,15050.0
300326.0,01,Food and non-alcoholic beverages,27320.0
300328.0,01,Food and non-alcoholic beverages,39410.0
300329.0,01,Food and non-alcoholic beverages,44600.0
300330.0,01,Food and non-alcoholic beverages,8030.0
300331.0,01,Food and non-alcoholic beverages,46328.0
300332.0,01,Food and non-alcoholic beverages,29000.0
300333.0,01,Food and non-alcoholic beverages,14702.5
300335.0,01,Food and non-alcoholic beverages,29410.0
300336.0,01,Food and non-alcoholic beverages,28400.0
300337.0,01,Food and non-alcoholic beverages,22851.0
300338.0,01,Food and non-alcoholic beverages,33530.0
300339.0,01,Food and non-alcoholic beverages,23900.5
300340.0,01,Food and non-alcoholic beverages,19890.75
300341.0,01,Food and non-alcoholic beverages,21663.75
300342.0,01,Food and non-alcoholic beverages,42495.75
300343.0,01,Food and non-alcoholic beverages,74070.0
300344.0,01,Food and non-alcoholic beverages,33250.0
300345.0,01,Food and non-alcoholic beverages,7850.0
300346.0,01,Food and non-alcoholic beverages,21690.05
300347.0,01,Food and non-alcoholic beverages,19030.0
300348.0,01,Food and non-alcoholic beverages,11950.5
300349.0,01,Food and non-alcoholic beverages,49400.0
300350.0,01,Food and non-alcoholic beverages,4400.0
300351.0,01,Food and non-alcoholic beverages,92750.0
300352.0,01,Food and non-alcoholic beverages,22300.0
300353.0,01,Food and non-alcoholic beverages,18650.0
300354.0,01,Food and non-alcoholic beverages,69100.0
300355.0,01,Food and non-alcoholic beverages,50215.3
300356.0,01,Food and non-alcoholic beverages,37230.75
300357.0,01,Food and non-alcoholic beverages,14507.82
300358.0,01,Food and non-alcoholic beverages,2650.0
300359.0,01,Food and non-alcoholic beverages,63150.75
300360.0,01,Food and non-alcoholic beverages,34750.0
300361.0,01,Food and non-alcoholic beverages,9350.5
300362.0,01,Food and non-alcoholic beverages,13971.0
300363.0,01,Food and non-alcoholic beverages,20120.0
300364.0,01,Food and non-alcoholic beverages,13100.0
300365.0,01,Food and non-alcoholic beverages,7558.564
300366.0,01,Food and non-alcoholic beverages,21700.0
300367.0,01,Food and non-alcoholic beverages,17604.66
300368.0,01,Food and non-alcoholic beverages,24350.5
300369.0,01,Food and non-alcoholic beverages,6800.0
300370.0,01,Food and non-alcoholic beverages,1500.24
300372.0,01,Food and non-alcoholic beverages,20100.0
300373.0,01,Food and non-alcoholic beverages,12110.0
300374.0,01,Food and non-alcoholic beverages,25592.17
300375.0,01,Food and non-alcoholic beverages,33966.0
300376.0,01,Food and non-alcoholic beverages,5768.4039999999995
300377.0,01,Food and non-alcoholic beverages,31440.0
300379.0,01,Food and non-alcoholic beverages,76800.0
300380.0,01,Food and non-alcoholic beverages,37901.02
300381.0,01,Food and non-alcoholic beverages,20250.0
300382.0,01,Food and non-alcoholic beverages,53750.5
300383.0,01,Food and non-alcoholic beverages,28850.0
300384.0,01,Food and non-alcoholic beverages,60000.0
300385.0,01,Food and non-alcoholic beverages,40350.75
300386.0,01,Food and non-alcoholic beverages,23050.0
300387.0,01,Food and non-alcoholic beverages,21600.0
300388.0,01,Food and non-alcoholic beverages,59850.0
300389.0,01,Food and non-alcoholic beverages,60309.5
300390.0,01,Food and non-alcoholic beverages,9952.57
300391.0,01,Food and non-alcoholic beverages,23653.0
300393.0,01,Food and non-alcoholic beverages,40700.0
300394.0,01,Food and non-alcoholic beverages,116650.5
300395.0,01,Food and non-alcoholic beverages,2600.0
300396.0,01,Food and non-alcoholic beverages,14900.0
300397.0,01,Food and non-alcoholic beverages,11075.0
300398.0,01,Food and non-alcoholic beverages,22406.35
300399.0,01,Food and non-alcoholic beverages,4400.0
300400.0,01,Food and non-alcoholic beverages,18650.0
300401.0,01,Food and non-alcoholic beverages,2000.0
300402.0,01,Food and non-alcoholic beverages,11076.3
300403.0,01,Food and non-alcoholic beverages,25201.072
300404.0,01,Food and non-alcoholic beverages,2352.0
300405.0,01,Food and non-alcoholic beverages,82476.47
300406.0,01,Food and non-alcoholic beverages,14000.0
300407.0,01,Food and non-alcoholic beverages,44641.87
300408.0,01,Food and non-alcoholic beverages,43750.0
300409.0,01,Food and non-alcoholic beverages,5710.5
300410.0,01,Food and non-alcoholic beverages,51602.5
300411.0,01,Food and non-alcoholic beverages,26750.0
300412.0,01,Food and non-alcoholic beverages,58635.75
300414.0,01,Food and non-alcoholic beverages,20300.0
300415.0,01,Food and non-alcoholic beverages,10184.563
300416.0,01,Food and non-alcoholic beverages,19550.0
300417.0,01,Food and non-alcoholic beverages,9944.25
300418.0,01,Food and non-alcoholic beverages,5463.0
300419.0,01,Food and non-alcoholic beverages,12929.5
300420.0,01,Food and non-alcoholic beverages,5754.45
300421.0,01,Food and non-alcoholic beverages,2754.8
300422.0,01,Food and non-alcoholic beverages,15100.630000000001
300424.0,01,Food and non-alcoholic beverages,35011.0
300425.0,01,Food and non-alcoholic beverages,42300.0
300426.0,01,Food and non-alcoholic beverages,10480.0
300427.0,01,Food and non-alcoholic beverages,26000.0
300428.0,01,Food and non-alcoholic beverages,24780.0
300429.0,01,Food and non-alcoholic beverages,8250.0
300430.0,01,Food and non-alcoholic beverages,16853.6
300431.0,01,Food and non-alcoholic beverages,39000.0
300432.0,01,Food and non-alcoholic beverages,12800.025
300433.0,01,Food and non-alcoholic beverages,16700.0
300434.0,01,Food and non-alcoholic beverages,8750.0
300435.0,01,Food and non-alcoholic beverages,30450.0
300436.0,01,Food and non-alcoholic beverages,21404.04
300437.0,01,Food and non-alcoholic beverages,3602.55
300438.0,01,Food and non-alcoholic beverages,1950.0
300439.0,01,Food and non-alcoholic beverages,24360.0
300440.0,01,Food and non-alcoholic beverages,12000.0
300441.0,01,Food and non-alcoholic beverages,2577.91
300442.0,01,Food and non-alcoholic beverages,8550.24
300443.0,01,Food and non-alcoholic beverages,2850.25
300444.0,01,Food and non-alcoholic beverages,36838.687
300445.0,01,Food and non-alcoholic beverages,8804.5
300446.0,01,Food and non-alcoholic beverages,10850.012
300447.0,01,Food and non-alcoholic beverages,15543.532
300448.0,01,Food and non-alcoholic beverages,11302.0
300449.0,01,Food and non-alcoholic beverages,77913.82
300450.0,01,Food and non-alcoholic beverages,4400.0
300451.0,01,Food and non-alcoholic beverages,30800.0
300452.0,01,Food and non-alcoholic beverages,11650.0
300453.0,01,Food and non-alcoholic beverages,26200.1
300454.0,01,Food and non-alcoholic beverages,32951.0
300455.0,01,Food and non-alcoholic beverages,47900.0
300456.0,01,Food and non-alcoholic beverages,24704.0
300457.0,01,Food and non-alcoholic beverages,5350.0
300458.0,01,Food and non-alcoholic beverages,32350.0
300459.0,01,Food and non-alcoholic beverages,14479.0
300460.0,01,Food and non-alcoholic beverages,11553.0
300461.0,01,Food and non-alcoholic beverages,16930.0
300462.0,01,Food and non-alcoholic beverages,17052.814
300463.0,01,Food and non-alcoholic beverages,40150.0
300464.0,01,Food and non-alcoholic beverages,12704.0
300465.0,01,Food and non-alcoholic beverages,30600.4
300466.0,01,Food and non-alcoholic beverages,10590.822
300467.0,01,Food and non-alcoholic beverages,182.377
300468.0,01,Food and non-alcoholic beverages,30000.0
300469.0,01,Food and non-alcoholic beverages,49740.072
300470.0,01,Food and non-alcoholic beverages,84915.0
300471.0,01,Food and non-alcoholic beverages,108394.0
300472.0,01,Food and non-alcoholic beverages,21850.0
300473.0,01,Food and non-alcoholic beverages,51300.0
300474.0,01,Food and non-alcoholic beverages,13150.0
300475.0,01,Food and non-alcoholic beverages,29402.5
300476.0,01,Food and non-alcoholic beverages,46905.0
300477.0,01,Food and non-alcoholic beverages,42800.0
300479.0,01,Food and non-alcoholic beverages,23000.0
300480.0,01,Food and non-alcoholic beverages,19400.0
300481.0,01,Food and non-alcoholic beverages,6400.0
300482.0,01,Food and non-alcoholic beverages,17900.0
300483.0,01,Food and non-alcoholic beverages,23600.0
300484.0,01,Food and non-alcoholic beverages,11250.9
300485.0,01,Food and non-alcoholic beverages,22700.5
300486.0,01,Food and non-alcoholic beverages,29500.0
300487.0,01,Food and non-alcoholic beverages,12650.0
300488.0,01,Food and non-alcoholic beverages,8461.5
300489.0,01,Food and non-alcoholic beverages,11710.0
300490.0,01,Food and non-alcoholic beverages,14702.0
300491.0,01,Food and non-alcoholic beverages,21600.0
300493.0,01,Food and non-alcoholic beverages,9250.0
300494.0,01,Food and non-alcoholic beverages,3650.0
300495.0,01,Food and non-alcoholic beverages,22950.0
300496.0,01,Food and non-alcoholic beverages,26550.1
300497.0,01,Food and non-alcoholic beverages,8132.0
300498.0,01,Food and non-alcoholic beverages,62950.0
300500.0,01,Food and non-alcoholic beverages,10600.0
300501.0,01,Food and non-alcoholic beverages,28200.0
300502.0,01,Food and non-alcoholic beverages,48850.0
300503.0,01,Food and non-alcoholic beverages,21104.004
300504.0,01,Food and non-alcoholic beverages,111468.0
300505.0,01,Food and non-alcoholic beverages,108015.0
300506.0,01,Food and non-alcoholic beverages,39650.89
300507.0,01,Food and non-alcoholic beverages,82508.0
300508.0,01,Food and non-alcoholic beverages,89400.0
300509.0,01,Food and non-alcoholic beverages,56125.0
300510.0,01,Food and non-alcoholic beverages,11400.0
300511.0,01,Food and non-alcoholic beverages,2800.0
300512.0,01,Food and non-alcoholic beverages,113950.0
300513.0,01,Food and non-alcoholic beverages,5250.0
300514.0,01,Food and non-alcoholic beverages,77507.6
300515.0,01,Food and non-alcoholic beverages,12357.015
300516.0,01,Food and non-alcoholic beverages,12704.5
300517.0,01,Food and non-alcoholic beverages,33850.0
300518.0,01,Food and non-alcoholic beverages,24150.0
300519.0,01,Food and non-alcoholic beverages,25200.0
300520.0,01,Food and non-alcoholic beverages,29950.0
300521.0,01,Food and non-alcoholic beverages,29652.144
300522.0,01,Food and non-alcoholic beverages,30708.5
300523.0,01,Food and non-alcoholic beverages,2821.965
300524.0,01,Food and non-alcoholic beverages,29140.4
300525.0,01,Food and non-alcoholic beverages,18857.832
300526.0,01,Food and non-alcoholic beverages,16561.506
300527.0,01,Food and non-alcoholic beverages,27000.0
300528.0,01,Food and non-alcoholic beverages,45990.0
300529.0,01,Food and non-alcoholic beverages,52158.25
300530.0,01,Food and non-alcoholic beverages,29952.0
300531.0,01,Food and non-alcoholic beverages,28853.0
300532.0,01,Food and non-alcoholic beverages,11451.4
300533.0,01,Food and non-alcoholic beverages,12421.5
300534.0,01,Food and non-alcoholic beverages,22060.481
300535.0,01,Food and non-alcoholic beverages,4403.38
300536.0,01,Food and non-alcoholic beverages,25801.0
300537.0,01,Food and non-alcoholic beverages,22355.3
300538.0,01,Food and non-alcoholic beverages,10003.0
300539.0,01,Food and non-alcoholic beverages,51500.0
300540.0,01,Food and non-alcoholic beverages,42350.0
300541.0,01,Food and non-alcoholic beverages,68350.0
300542.0,01,Food and non-alcoholic beverages,29350.0
300543.0,01,Food and non-alcoholic beverages,22550.0
300544.0,01,Food and non-alcoholic beverages,35900.1
300545.0,01,Food and non-alcoholic beverages,24500.0
300546.0,01,Food and non-alcoholic beverages,34803.15
300547.0,01,Food and non-alcoholic beverages,9700.0
300548.0,01,Food and non-alcoholic beverages,2400.0
300549.0,01,Food and non-alcoholic beverages,19210.0
300550.0,01,Food and non-alcoholic beverages,22955.0
300551.0,01,Food and non-alcoholic beverages,9450.0
300552.0,01,Food and non-alcoholic beverages,8150.0
300553.0,01,Food and non-alcoholic beverages,7250.0
300554.0,01,Food and non-alcoholic beverages,32390.0
300555.0,01,Food and non-alcoholic beverages,12000.0
300556.0,01,Food and non-alcoholic beverages,25610.0
300557.0,01,Food and non-alcoholic beverages,15350.07
300558.0,01,Food and non-alcoholic beverages,35334.0
300559.0,01,Food and non-alcoholic beverages,27700.0
300560.0,01,Food and non-alcoholic beverages,14250.0
300561.0,01,Food and non-alcoholic beverages,43600.0
300562.0,01,Food and non-alcoholic beverages,74150.0
300563.0,01,Food and non-alcoholic beverages,26150.0
300564.0,01,Food and non-alcoholic beverages,98328.0
300565.0,01,Food and non-alcoholic beverages,11720.226
300566.0,01,Food and non-alcoholic beverages,17570.0
300567.0,01,Food and non-alcoholic beverages,8101.0
300568.0,01,Food and non-alcoholic beverages,4200.0
300569.0,01,Food and non-alcoholic beverages,5950.425
300570.0,01,Food and non-alcoholic beverages,8500.0
300571.0,01,Food and non-alcoholic beverages,7900.0
300572.0,01,Food and non-alcoholic beverages,12400.0
300574.0,01,Food and non-alcoholic beverages,30351.5
300575.0,01,Food and non-alcoholic beverages,25450.0
300577.0,01,Food and non-alcoholic beverages,65900.0
300578.0,01,Food and non-alcoholic beverages,3750.0
300579.0,01,Food and non-alcoholic beverages,7903.0
300580.0,01,Food and non-alcoholic beverages,2200.0
300584.0,01,Food and non-alcoholic beverages,12650.0
300585.0,01,Food and non-alcoholic beverages,16800.0
300586.0,01,Food and non-alcoholic beverages,6570.0
300587.0,01,Food and non-alcoholic beverages,7503.41
300588.0,01,Food and non-alcoholic beverages,21500.0
300589.0,01,Food and non-alcoholic beverages,32500.0
300590.0,01,Food and non-alcoholic beverages,40700.0
300591.0,01,Food and non-alcoholic beverages,12900.8
300592.0,01,Food and non-alcoholic beverages,24150.0
300593.0,01,Food and non-alcoholic beverages,76608.0
300594.0,01,Food and non-alcoholic beverages,26650.0
300595.0,01,Food and non-alcoholic beverages,18550.0
300597.0,01,Food and non-alcoholic beverages,35100.0
300598.0,01,Food and non-alcoholic beverages,60400.2
300599.0,01,Food and non-alcoholic beverages,18550.0
300600.0,01,Food and non-alcoholic beverages,79900.5
300601.0,01,Food and non-alcoholic beverages,28205.5
300603.0,01,Food and non-alcoholic beverages,2176.761
300604.0,01,Food and non-alcoholic beverages,15277.636
300605.0,01,Food and non-alcoholic beverages,8010.92
300606.0,01,Food and non-alcoholic beverages,17053.0
300607.0,01,Food and non-alcoholic beverages,4571.773
300608.0,01,Food and non-alcoholic beverages,44831.11
300609.0,01,Food and non-alcoholic beverages,16566.5
300610.0,01,Food and non-alcoholic beverages,2468.7690000000002
300611.0,01,Food and non-alcoholic beverages,20030.7
300612.0,01,Food and non-alcoholic beverages,46800.0
300613.0,01,Food and non-alcoholic beverages,28050.0
300614.0,01,Food and non-alcoholic beverages,23851.5
300615.0,01,Food and non-alcoholic beverages,27300.0
300616.0,01,Food and non-alcoholic beverages,58400.0
300618.0,01,Food and non-alcoholic beverages,26652.1
300619.0,01,Food and non-alcoholic beverages,9250.0
300620.0,01,Food and non-alcoholic beverages,11270.0
300621.0,01,Food and non-alcoholic beverages,28800.0
300622.0,01,Food and non-alcoholic beverages,2350.0
300623.0,01,Food and non-alcoholic beverages,30550.0
300624.0,01,Food and non-alcoholic beverages,51000.0
300625.0,01,Food and non-alcoholic beverages,25750.0
300626.0,01,Food and non-alcoholic beverages,31605.9
300627.0,01,Food and non-alcoholic beverages,14850.0
300628.0,01,Food and non-alcoholic beverages,13900.0
300630.0,01,Food and non-alcoholic beverages,13255.5
300631.0,01,Food and non-alcoholic beverages,20264.0
300632.0,01,Food and non-alcoholic beverages,22260.554
300633.0,01,Food and non-alcoholic beverages,21860.0
300634.0,01,Food and non-alcoholic beverages,9518.57
300635.0,01,Food and non-alcoholic beverages,14273.52
300636.0,01,Food and non-alcoholic beverages,18317.6
300637.0,01,Food and non-alcoholic beverages,4855.73
300638.0,01,Food and non-alcoholic beverages,14070.935
300639.0,01,Food and non-alcoholic beverages,14150.0
300640.0,01,Food and non-alcoholic beverages,3750.0
300641.0,01,Food and non-alcoholic beverages,5601.5
300642.0,01,Food and non-alcoholic beverages,79480.0
300643.0,01,Food and non-alcoholic beverages,16500.4
300644.0,01,Food and non-alcoholic beverages,30155.0
300645.0,01,Food and non-alcoholic beverages,16401.0
300646.0,01,Food and non-alcoholic beverages,8533.45
300647.0,01,Food and non-alcoholic beverages,3080.0
300648.0,01,Food and non-alcoholic beverages,125213.0
300649.0,01,Food and non-alcoholic beverages,13500.0
300650.0,01,Food and non-alcoholic beverages,151390.5
300651.0,01,Food and non-alcoholic beverages,110651.5
300652.0,01,Food and non-alcoholic beverages,144300.035
300653.0,01,Food and non-alcoholic beverages,58700.0
300654.0,01,Food and non-alcoholic beverages,35300.0
300655.0,01,Food and non-alcoholic beverages,21050.0
300656.0,01,Food and non-alcoholic beverages,69700.0
300657.0,01,Food and non-alcoholic beverages,37601.85
300658.0,01,Food and non-alcoholic beverages,75801.61
300659.0,01,Food and non-alcoholic beverages,24011.5
300660.0,01,Food and non-alcoholic beverages,51150.5
300661.0,01,Food and non-alcoholic beverages,72750.0
300662.0,01,Food and non-alcoholic beverages,4950.0
300663.0,01,Food and non-alcoholic beverages,500.0
300664.0,01,Food and non-alcoholic beverages,33100.33
300665.0,01,Food and non-alcoholic beverages,3209.138
300666.0,01,Food and non-alcoholic beverages,5700.875
300667.0,01,Food and non-alcoholic beverages,30651.52
300668.0,01,Food and non-alcoholic beverages,25450.078
300669.0,01,Food and non-alcoholic beverages,14550.0
300670.0,01,Food and non-alcoholic beverages,42503.0
300671.0,01,Food and non-alcoholic beverages,30950.0
300672.0,01,Food and non-alcoholic beverages,9672.615
300673.0,01,Food and non-alcoholic beverages,8601.63
300674.0,01,Food and non-alcoholic beverages,18401.92
300675.0,01,Food and non-alcoholic beverages,12017.892
300676.0,01,Food and non-alcoholic beverages,12422.0
300677.0,01,Food and non-alcoholic beverages,9202.253
300678.0,01,Food and non-alcoholic beverages,227.965
300679.0,01,Food and non-alcoholic beverages,726.85
300680.0,01,Food and non-alcoholic beverages,15518.51
300681.0,01,Food and non-alcoholic beverages,15700.64
300682.0,01,Food and non-alcoholic beverages,81550.0
300683.0,01,Food and non-alcoholic beverages,10150.748
300684.0,01,Food and non-alcoholic beverages,15411.0
300685.0,01,Food and non-alcoholic beverages,15550.0
300686.0,01,Food and non-alcoholic beverages,29552.0
300687.0,01,Food and non-alcoholic beverages,10990.0
300688.0,01,Food and non-alcoholic beverages,10501.0
300689.0,01,Food and non-alcoholic beverages,14816.5
300690.0,01,Food and non-alcoholic beverages,10825.0
300691.0,01,Food and non-alcoholic beverages,7340.0
300693.0,01,Food and non-alcoholic beverages,31363.5
300694.0,01,Food and non-alcoholic beverages,79000.0
300695.0,01,Food and non-alcoholic beverages,2321.25
300696.0,01,Food and non-alcoholic beverages,35821.25
300697.0,01,Food and non-alcoholic beverages,21455.86
300698.0,01,Food and non-alcoholic beverages,3100.2
300699.0,01,Food and non-alcoholic beverages,7301.5
300700.0,01,Food and non-alcoholic beverages,9276.0
300701.0,01,Food and non-alcoholic beverages,28264.5
300702.0,01,Food and non-alcoholic beverages,14800.0
300703.0,01,Food and non-alcoholic beverages,28953.021
300704.0,01,Food and non-alcoholic beverages,19600.5
300705.0,01,Food and non-alcoholic beverages,10027.6
300706.0,01,Food and non-alcoholic beverages,11572.003
300707.0,01,Food and non-alcoholic beverages,850.0
300708.0,01,Food and non-alcoholic beverages,11350.2
300709.0,01,Food and non-alcoholic beverages,18456.5
300710.0,01,Food and non-alcoholic beverages,12850.25
300711.0,01,Food and non-alcoholic beverages,14001.002
300712.0,01,Food and non-alcoholic beverages,13554.608
300713.0,01,Food and non-alcoholic beverages,24491.628
300714.0,01,Food and non-alcoholic beverages,14500.0
300715.0,01,Food and non-alcoholic beverages,24150.362
300716.0,01,Food and non-alcoholic beverages,47400.0
300717.0,01,Food and non-alcoholic beverages,19754.429
300718.0,01,Food and non-alcoholic beverages,7191.055
300719.0,01,Food and non-alcoholic beverages,27901.094
300720.0,01,Food and non-alcoholic beverages,121801.0
300721.0,01,Food and non-alcoholic beverages,97719.25
300722.0,01,Food and non-alcoholic beverages,112259.76
300723.0,01,Food and non-alcoholic beverages,64411.513
300724.0,01,Food and non-alcoholic beverages,116101.0
300725.0,01,Food and non-alcoholic beverages,13400.0
300726.0,01,Food and non-alcoholic beverages,33200.847
300727.0,01,Food and non-alcoholic beverages,2550.0
300728.0,01,Food and non-alcoholic beverages,12553.0
300729.0,01,Food and non-alcoholic beverages,10670.15
300730.0,01,Food and non-alcoholic beverages,16450.0
300731.0,01,Food and non-alcoholic beverages,97435.0
300732.0,01,Food and non-alcoholic beverages,14180.5
300733.0,01,Food and non-alcoholic beverages,34154.02
300734.0,01,Food and non-alcoholic beverages,18343.625
300735.0,01,Food and non-alcoholic beverages,39850.0
300736.0,01,Food and non-alcoholic beverages,44300.0
300737.0,01,Food and non-alcoholic beverages,41050.0
300738.0,01,Food and non-alcoholic beverages,14450.0
300739.0,01,Food and non-alcoholic beverages,5900.0
300740.0,01,Food and non-alcoholic beverages,21258.0
300741.0,01,Food and non-alcoholic beverages,17250.5
300742.0,01,Food and non-alcoholic beverages,34775.0
300743.0,01,Food and non-alcoholic beverages,23550.0
300744.0,01,Food and non-alcoholic beverages,38550.547
300745.0,01,Food and non-alcoholic beverages,54952.85
300746.0,01,Food and non-alcoholic beverages,65550.0
300747.0,01,Food and non-alcoholic beverages,45557.5
300748.0,01,Food and non-alcoholic beverages,19100.355
300749.0,01,Food and non-alcoholic beverages,63551.5
300750.0,01,Food and non-alcoholic beverages,52802.0
300751.0,01,Food and non-alcoholic beverages,15353.75
300752.0,01,Food and non-alcoholic beverages,13401.0
300753.0,01,Food and non-alcoholic beverages,629.188
300754.0,01,Food and non-alcoholic beverages,20780.547
300755.0,01,Food and non-alcoholic beverages,11616.5
300756.0,01,Food and non-alcoholic beverages,21026.146
300757.0,01,Food and non-alcoholic beverages,29502.644
300758.0,01,Food and non-alcoholic beverages,3440.92
300759.0,01,Food and non-alcoholic beverages,9052.1
300760.0,01,Food and non-alcoholic beverages,20858.48
300761.0,01,Food and non-alcoholic beverages,4305.445
300762.0,01,Food and non-alcoholic beverages,22150.0
300764.0,01,Food and non-alcoholic beverages,10410.0
300765.0,01,Food and non-alcoholic beverages,1700.0
300766.0,01,Food and non-alcoholic beverages,47854.5
300767.0,01,Food and non-alcoholic beverages,48400.73
300768.0,01,Food and non-alcoholic beverages,39905.71
300769.0,01,Food and non-alcoholic beverages,14624.5
300770.0,01,Food and non-alcoholic beverages,19994.0
300771.0,01,Food and non-alcoholic beverages,71901.322
300772.0,01,Food and non-alcoholic beverages,8350.0
300773.0,01,Food and non-alcoholic beverages,10000.0
300774.0,01,Food and non-alcoholic beverages,11324.5
300775.0,01,Food and non-alcoholic beverages,47703.0
300776.0,01,Food and non-alcoholic beverages,44064.45
300777.0,01,Food and non-alcoholic beverages,52903.125
300778.0,01,Food and non-alcoholic beverages,17200.0
300779.0,01,Food and non-alcoholic beverages,21301.0
300780.0,01,Food and non-alcoholic beverages,14002.5
300781.0,01,Food and non-alcoholic beverages,11705.047
300782.0,01,Food and non-alcoholic beverages,19267.623
300783.0,01,Food and non-alcoholic beverages,29208.646
300784.0,01,Food and non-alcoholic beverages,38984.0
300785.0,01,Food and non-alcoholic beverages,6354.0
300786.0,01,Food and non-alcoholic beverages,7518.45
300787.0,01,Food and non-alcoholic beverages,38773.157
300788.0,01,Food and non-alcoholic beverages,21274.185
300789.0,01,Food and non-alcoholic beverages,13953.323
300790.0,01,Food and non-alcoholic beverages,8701.5
300791.0,01,Food and non-alcoholic beverages,52603.792
300792.0,01,Food and non-alcoholic beverages,12753.0
300793.0,01,Food and non-alcoholic beverages,17085.0
300794.0,01,Food and non-alcoholic beverages,15053.7
300795.0,01,Food and non-alcoholic beverages,25250.0
300796.0,01,Food and non-alcoholic beverages,29085.552
300797.0,01,Food and non-alcoholic beverages,17660.0
300798.0,01,Food and non-alcoholic beverages,45800.0
300799.0,01,Food and non-alcoholic beverages,22904.0
300800.0,01,Food and non-alcoholic beverages,7000.0
300801.0,01,Food and non-alcoholic beverages,19450.0
300802.0,01,Food and non-alcoholic beverages,1655.5
300803.0,01,Food and non-alcoholic beverages,17000.0
300804.0,01,Food and non-alcoholic beverages,74200.0
300805.0,01,Food and non-alcoholic beverages,39850.0
300806.0,01,Food and non-alcoholic beverages,28700.0
300807.0,01,Food and non-alcoholic beverages,6600.0
300808.0,01,Food and non-alcoholic beverages,9900.0
300809.0,01,Food and non-alcoholic beverages,41740.0
300810.0,01,Food and non-alcoholic beverages,1600.0
300811.0,01,Food and non-alcoholic beverages,12400.0
300812.0,01,Food and non-alcoholic beverages,12251.28
300813.0,01,Food and non-alcoholic beverages,6059.398
300814.0,01,Food and non-alcoholic beverages,50902.25
300815.0,01,Food and non-alcoholic beverages,8550.0
300816.0,01,Food and non-alcoholic beverages,37500.0
300817.0,01,Food and non-alcoholic beverages,82050.0
300818.0,01,Food and non-alcoholic beverages,8550.0
300819.0,01,Food and non-alcoholic beverages,1.0
300820.0,01,Food and non-alcoholic beverages,118190.25
300821.0,01,Food and non-alcoholic beverages,48980.0
300822.0,01,Food and non-alcoholic beverages,55751.025
300824.0,01,Food and non-alcoholic beverages,41153.25
300825.0,01,Food and non-alcoholic beverages,9531.069
300826.0,01,Food and non-alcoholic beverages,20400.29
300827.0,01,Food and non-alcoholic beverages,4216.5
300828.0,01,Food and non-alcoholic beverages,8338.0
300829.0,01,Food and non-alcoholic beverages,13709.876
300830.0,01,Food and non-alcoholic beverages,16766.752
300831.0,01,Food and non-alcoholic beverages,12003.095
300832.0,01,Food and non-alcoholic beverages,41765.77
300833.0,01,Food and non-alcoholic beverages,68950.2
300834.0,01,Food and non-alcoholic beverages,53200.947
300835.0,01,Food and non-alcoholic beverages,15826.5
300836.0,01,Food and non-alcoholic beverages,29200.0
300837.0,01,Food and non-alcoholic beverages,24950.0
300838.0,01,Food and non-alcoholic beverages,1500.0
300839.0,01,Food and non-alcoholic beverages,7900.25
300840.0,01,Food and non-alcoholic beverages,31008.46
300841.0,01,Food and non-alcoholic beverages,34302.75
300842.0,01,Food and non-alcoholic beverages,4610.5
300843.0,01,Food and non-alcoholic beverages,18085.0
300844.0,01,Food and non-alcoholic beverages,13620.0
300845.0,01,Food and non-alcoholic beverages,11903.25
300846.0,01,Food and non-alcoholic beverages,8651.3
300847.0,01,Food and non-alcoholic beverages,135500.0
300848.0,01,Food and non-alcoholic beverages,13370.0
300849.0,01,Food and non-alcoholic beverages,9770.0
300850.0,01,Food and non-alcoholic beverages,21300.32
300851.0,01,Food and non-alcoholic beverages,24454.858
300852.0,01,Food and non-alcoholic beverages,12750.0
300853.0,01,Food and non-alcoholic beverages,13853.0
300854.0,01,Food and non-alcoholic beverages,16500.0
300855.0,01,Food and non-alcoholic beverages,12650.0
300856.0,01,Food and non-alcoholic beverages,25251.0
300857.0,01,Food and non-alcoholic beverages,24023.15
300858.0,01,Food and non-alcoholic beverages,48040.0
300859.0,01,Food and non-alcoholic beverages,21850.18
300860.0,01,Food and non-alcoholic beverages,43600.0
300861.0,01,Food and non-alcoholic beverages,18550.0
300862.0,01,Food and non-alcoholic beverages,39000.0
300863.0,01,Food and non-alcoholic beverages,8450.0
300864.0,01,Food and non-alcoholic beverages,46919.7
300865.0,01,Food and non-alcoholic beverages,15904.204
300866.0,01,Food and non-alcoholic beverages,10603.659
300867.0,01,Food and non-alcoholic beverages,17806.5
300868.0,01,Food and non-alcoholic beverages,22570.677
300869.0,01,Food and non-alcoholic beverages,23870.0
300871.0,01,Food and non-alcoholic beverages,10890.035
300872.0,01,Food and non-alcoholic beverages,1400.0
300873.0,01,Food and non-alcoholic beverages,8254.7
300874.0,01,Food and non-alcoholic beverages,12800.0
300875.0,01,Food and non-alcoholic beverages,24650.0
300876.0,01,Food and non-alcoholic beverages,15250.0
300877.0,01,Food and non-alcoholic beverages,8800.0
300878.0,01,Food and non-alcoholic beverages,17250.224
300879.0,01,Food and non-alcoholic beverages,15403.114
300880.0,01,Food and non-alcoholic beverages,20052.074
300881.0,01,Food and non-alcoholic beverages,22608.224
300882.0,01,Food and non-alcoholic beverages,15502.254
300883.0,01,Food and non-alcoholic beverages,5387.158
300884.0,01,Food and non-alcoholic beverages,24119.837
300885.0,01,Food and non-alcoholic beverages,51894.099
300886.0,01,Food and non-alcoholic beverages,38064.785
300887.0,01,Food and non-alcoholic beverages,10970.509
300888.0,01,Food and non-alcoholic beverages,13258.302
300889.0,01,Food and non-alcoholic beverages,30100.0
300890.0,01,Food and non-alcoholic beverages,17300.0
300891.0,01,Food and non-alcoholic beverages,50201.11
300892.0,01,Food and non-alcoholic beverages,48150.0
300893.0,01,Food and non-alcoholic beverages,3953.265
300894.0,01,Food and non-alcoholic beverages,14257.05
300895.0,01,Food and non-alcoholic beverages,6100.0
300896.0,01,Food and non-alcoholic beverages,9603.4
300897.0,01,Food and non-alcoholic beverages,9600.0
300898.0,01,Food and non-alcoholic beverages,16650.0
300899.0,01,Food and non-alcoholic beverages,61950.0
300900.0,01,Food and non-alcoholic beverages,83950.0
300901.0,01,Food and non-alcoholic beverages,48550.55
300902.0,01,Food and non-alcoholic beverages,172000.0
300903.0,01,Food and non-alcoholic beverages,5300.0
300904.0,01,Food and non-alcoholic beverages,46302.0
300905.0,01,Food and non-alcoholic beverages,1750.0
300906.0,01,Food and non-alcoholic beverages,7250.75
300907.0,01,Food and non-alcoholic beverages,12736.885
300908.0,01,Food and non-alcoholic beverages,16700.0
300909.0,01,Food and non-alcoholic beverages,3700.0
300910.0,01,Food and non-alcoholic beverages,5067.93
300911.0,01,Food and non-alcoholic beverages,6672.25
300912.0,01,Food and non-alcoholic beverages,4275.338
300913.0,01,Food and non-alcoholic beverages,36140.0
300914.0,01,Food and non-alcoholic beverages,43951.84
300915.0,01,Food and non-alcoholic beverages,24386.692
300916.0,01,Food and non-alcoholic beverages,18180.0
300917.0,01,Food and non-alcoholic beverages,60575.0
300918.0,01,Food and non-alcoholic beverages,18500.07
300919.0,01,Food and non-alcoholic beverages,12330.0
300920.0,01,Food and non-alcoholic beverages,22501.0
300921.0,01,Food and non-alcoholic beverages,21000.3
300922.0,01,Food and non-alcoholic beverages,53200.0
300923.0,01,Food and non-alcoholic beverages,31878.625
300924.0,01,Food and non-alcoholic beverages,27151.25
300925.0,01,Food and non-alcoholic beverages,22950.0
300926.0,01,Food and non-alcoholic beverages,34650.0
300927.0,01,Food and non-alcoholic beverages,13850.0
300928.0,01,Food and non-alcoholic beverages,16750.0
300929.0,01,Food and non-alcoholic beverages,11945.0
300930.0,01,Food and non-alcoholic beverages,52210.0
300931.0,01,Food and non-alcoholic beverages,60630.0
300932.0,01,Food and non-alcoholic beverages,33150.25
300933.0,01,Food and non-alcoholic beverages,9604.353
300934.0,01,Food and non-alcoholic beverages,15662.014
300935.0,01,Food and non-alcoholic beverages,19850.0
300936.0,01,Food and non-alcoholic beverages,17728.263
300937.0,01,Food and non-alcoholic beverages,13973.0
300938.0,01,Food and non-alcoholic beverages,9852.0
300939.0,01,Food and non-alcoholic beverages,5003.28
300940.0,01,Food and non-alcoholic beverages,14250.0
300941.0,01,Food and non-alcoholic beverages,12404.0
300942.0,01,Food and non-alcoholic beverages,25930.0
300943.0,01,Food and non-alcoholic beverages,20580.25
300944.0,01,Food and non-alcoholic beverages,47001.0
300945.0,01,Food and non-alcoholic beverages,3250.0
300946.0,01,Food and non-alcoholic beverages,28150.0
300947.0,01,Food and non-alcoholic beverages,16212.5
300948.0,01,Food and non-alcoholic beverages,16850.0
300949.0,01,Food and non-alcoholic beverages,29300.065
300950.0,01,Food and non-alcoholic beverages,45800.0
300951.0,01,Food and non-alcoholic beverages,7920.25
300952.0,01,Food and non-alcoholic beverages,35401.848
300953.0,01,Food and non-alcoholic beverages,35090.0
300954.0,01,Food and non-alcoholic beverages,16846.15
300955.0,01,Food and non-alcoholic beverages,20600.8
300956.0,01,Food and non-alcoholic beverages,3050.0
300957.0,01,Food and non-alcoholic beverages,19850.0
300958.0,01,Food and non-alcoholic beverages,29900.0
300959.0,01,Food and non-alcoholic beverages,50000.0
300960.0,01,Food and non-alcoholic beverages,5479.316
300961.0,01,Food and non-alcoholic beverages,26552.409
300962.0,01,Food and non-alcoholic beverages,16637.487
300963.0,01,Food and non-alcoholic beverages,1435.425
300964.0,01,Food and non-alcoholic beverages,7024.97
300966.0,01,Food and non-alcoholic beverages,10442.319
300967.0,01,Food and non-alcoholic beverages,11064.0
300968.0,01,Food and non-alcoholic beverages,3125.818
300969.0,01,Food and non-alcoholic beverages,54500.0
300970.0,01,Food and non-alcoholic beverages,5150.0
300971.0,01,Food and non-alcoholic beverages,24900.0
300972.0,01,Food and non-alcoholic beverages,12100.0
300974.0,01,Food and non-alcoholic beverages,17750.0
300975.0,01,Food and non-alcoholic beverages,7100.0
300976.0,01,Food and non-alcoholic beverages,6851.0
300977.0,01,Food and non-alcoholic beverages,12400.0
300978.0,01,Food and non-alcoholic beverages,53250.0
300979.0,01,Food and non-alcoholic beverages,31350.0
300981.0,01,Food and non-alcoholic beverages,10300.0
300982.0,01,Food and non-alcoholic beverages,56250.0
300983.0,01,Food and non-alcoholic beverages,40800.0
300984.0,01,Food and non-alcoholic beverages,34950.379
300985.0,01,Food and non-alcoholic beverages,49162.0
300986.0,01,Food and non-alcoholic beverages,1200.0
300987.0,01,Food and non-alcoholic beverages,311800.0
300988.0,01,Food and non-alcoholic beverages,10700.364
300989.0,01,Food and non-alcoholic beverages,51203.0
300990.0,01,Food and non-alcoholic beverages,89120.0
300991.0,01,Food and non-alcoholic beverages,72700.0
300992.0,01,Food and non-alcoholic beverages,22300.0
300993.0,01,Food and non-alcoholic beverages,38400.0
300994.0,01,Food and non-alcoholic beverages,60900.0
300995.0,01,Food and non-alcoholic beverages,282900.0
300996.0,01,Food and non-alcoholic beverages,34802.184
300997.0,01,Food and non-alcoholic beverages,49101.0
300998.0,01,Food and non-alcoholic beverages,12550.0
300999.0,01,Food and non-alcoholic beverages,12050.0
301000.0,01,Food and non-alcoholic beverages,22301.0
301001.0,01,Food and non-alcoholic beverages,12179.435
301002.0,01,Food and non-alcoholic beverages,56066.875
301003.0,01,Food and non-alcoholic beverages,66158.45
301004.0,01,Food and non-alcoholic beverages,9254.1
301005.0,01,Food and non-alcoholic beverages,32003.0
301006.0,01,Food and non-alcoholic beverages,60963.0
301007.0,01,Food and non-alcoholic beverages,40075.0
301008.0,01,Food and non-alcoholic beverages,21650.0
301009.0,01,Food and non-alcoholic beverages,14700.0
301010.0,01,Food and non-alcoholic beverages,7280.0
301011.0,01,Food and non-alcoholic beverages,28256.7
301012.0,01,Food and non-alcoholic beverages,19754.35
301013.0,01,Food and non-alcoholic beverages,7600.378
301014.0,01,Food and non-alcoholic beverages,83300.0
301015.0,01,Food and non-alcoholic beverages,30000.0
301016.0,01,Food and non-alcoholic beverages,21700.728
301017.0,01,Food and non-alcoholic beverages,36758.0
301018.0,01,Food and non-alcoholic beverages,109750.0
301019.0,01,Food and non-alcoholic beverages,194100.0
301020.0,01,Food and non-alcoholic beverages,59000.0
301021.0,01,Food and non-alcoholic beverages,28385.5
301022.0,01,Food and non-alcoholic beverages,12505.666
301023.0,01,Food and non-alcoholic beverages,10963.5
301024.0,01,Food and non-alcoholic beverages,9002.274
301026.0,01,Food and non-alcoholic beverages,1266.3419999999999
301027.0,01,Food and non-alcoholic beverages,10855.1
301028.0,01,Food and non-alcoholic beverages,31963.0
301029.0,01,Food and non-alcoholic beverages,41656.762
301030.0,01,Food and non-alcoholic beverages,15362.9
301031.0,01,Food and non-alcoholic beverages,11814.965
301032.0,01,Food and non-alcoholic beverages,17251.364
301033.0,01,Food and non-alcoholic beverages,46500.364
301034.0,01,Food and non-alcoholic beverages,37855.5
301035.0,01,Food and non-alcoholic beverages,51650.0
301036.0,01,Food and non-alcoholic beverages,7111.0
301037.0,01,Food and non-alcoholic beverages,85630.0
301038.0,01,Food and non-alcoholic beverages,5954.543
301039.0,01,Food and non-alcoholic beverages,13800.026
301040.0,01,Food and non-alcoholic beverages,31656.212
301041.0,01,Food and non-alcoholic beverages,22325.9
301042.0,01,Food and non-alcoholic beverages,15950.0
301043.0,01,Food and non-alcoholic beverages,4758.787
301044.0,01,Food and non-alcoholic beverages,19503.482
301045.0,01,Food and non-alcoholic beverages,7750.01
301046.0,01,Food and non-alcoholic beverages,27301.5
301047.0,01,Food and non-alcoholic beverages,12250.26
301048.0,01,Food and non-alcoholic beverages,13151.575
301049.0,01,Food and non-alcoholic beverages,5564.262
301050.0,01,Food and non-alcoholic beverages,18053.122
301051.0,01,Food and non-alcoholic beverages,42856.066
301052.0,01,Food and non-alcoholic beverages,5613.671
301053.0,01,Food and non-alcoholic beverages,29751.03
301054.0,01,Food and non-alcoholic beverages,15834.0
301055.0,01,Food and non-alcoholic beverages,14215.47
301056.0,01,Food and non-alcoholic beverages,21200.0
301057.0,01,Food and non-alcoholic beverages,10452.425
301058.0,01,Food and non-alcoholic beverages,9251.068
301059.0,01,Food and non-alcoholic beverages,49251.98
301060.0,01,Food and non-alcoholic beverages,8650.0
301061.0,01,Food and non-alcoholic beverages,31150.0
301062.0,01,Food and non-alcoholic beverages,18952.0
301063.0,01,Food and non-alcoholic beverages,30238.748
301064.0,01,Food and non-alcoholic beverages,30363.0
301065.0,01,Food and non-alcoholic beverages,8751.5
301066.0,01,Food and non-alcoholic beverages,11180.8
301067.0,01,Food and non-alcoholic beverages,11050.0
301068.0,01,Food and non-alcoholic beverages,6550.276
301069.0,01,Food and non-alcoholic beverages,19274.276
301070.0,01,Food and non-alcoholic beverages,26300.0
301071.0,01,Food and non-alcoholic beverages,101250.948
301072.0,01,Food and non-alcoholic beverages,74800.0
301073.0,01,Food and non-alcoholic beverages,123000.0
301074.0,01,Food and non-alcoholic beverages,49800.0
301075.0,01,Food and non-alcoholic beverages,96900.0
301076.0,01,Food and non-alcoholic beverages,27200.0
301077.0,01,Food and non-alcoholic beverages,26900.0
301078.0,01,Food and non-alcoholic beverages,2650.0
301079.0,01,Food and non-alcoholic beverages,13800.0
301080.0,01,Food and non-alcoholic beverages,21717.08
301081.0,01,Food and non-alcoholic beverages,4550.0
301082.0,01,Food and non-alcoholic beverages,34350.53
301083.0,01,Food and non-alcoholic beverages,200.0
301084.0,01,Food and non-alcoholic beverages,44750.0
301085.0,01,Food and non-alcoholic beverages,100650.0
301086.0,01,Food and non-alcoholic beverages,23651.516
301087.0,01,Food and non-alcoholic beverages,17950.0
301088.0,01,Food and non-alcoholic beverages,13656.282
301089.0,01,Food and non-alcoholic beverages,5372.5
301090.0,01,Food and non-alcoholic beverages,8455.0
301091.0,01,Food and non-alcoholic beverages,5814.95
301092.0,01,Food and non-alcoholic beverages,603.701
301093.0,01,Food and non-alcoholic beverages,3500.362
301094.0,01,Food and non-alcoholic beverages,16850.0
301095.0,01,Food and non-alcoholic beverages,15400.25
301096.0,01,Food and non-alcoholic beverages,22760.0
301097.0,01,Food and non-alcoholic beverages,9900.0
301098.0,01,Food and non-alcoholic beverages,54105.5
301099.0,01,Food and non-alcoholic beverages,10302.5
301100.0,01,Food and non-alcoholic beverages,29210.0
301101.0,01,Food and non-alcoholic beverages,7454.0
301102.0,01,Food and non-alcoholic beverages,2353.095
301103.0,01,Food and non-alcoholic beverages,14350.0
301104.0,01,Food and non-alcoholic beverages,13850.2
301105.0,01,Food and non-alcoholic beverages,9900.68
301106.0,01,Food and non-alcoholic beverages,7550.0
301107.0,01,Food and non-alcoholic beverages,50450.0
301108.0,01,Food and non-alcoholic beverages,1101.9099999999999
301109.0,01,Food and non-alcoholic beverages,3000.0
301110.0,01,Food and non-alcoholic beverages,21100.0
301111.0,01,Food and non-alcoholic beverages,6600.0
301112.0,01,Food and non-alcoholic beverages,22403.273
301113.0,01,Food and non-alcoholic beverages,13330.65
301114.0,01,Food and non-alcoholic beverages,9839.215
301115.0,01,Food and non-alcoholic beverages,19180.4
301116.0,01,Food and non-alcoholic beverages,4905.802
301117.0,01,Food and non-alcoholic beverages,14410.82
301118.0,01,Food and non-alcoholic beverages,23356.25
301119.0,01,Food and non-alcoholic beverages,16500.0
301120.0,01,Food and non-alcoholic beverages,34506.76
301121.0,01,Food and non-alcoholic beverages,13253.312
301122.0,01,Food and non-alcoholic beverages,36020.0
301123.0,01,Food and non-alcoholic beverages,11311.608
301124.0,01,Food and non-alcoholic beverages,14950.5
301125.0,01,Food and non-alcoholic beverages,20330.0
301126.0,01,Food and non-alcoholic beverages,11234.625
301127.0,01,Food and non-alcoholic beverages,7854.5
301128.0,01,Food and non-alcoholic beverages,11559.75
301129.0,01,Food and non-alcoholic beverages,52950.0
301130.0,01,Food and non-alcoholic beverages,8950.0
301131.0,01,Food and non-alcoholic beverages,13550.0
301132.0,01,Food and non-alcoholic beverages,13300.0
301133.0,01,Food and non-alcoholic beverages,13100.1325
301134.0,01,Food and non-alcoholic beverages,51350.0
301135.0,01,Food and non-alcoholic beverages,2452.25
301136.0,01,Food and non-alcoholic beverages,14856.0
301137.0,01,Food and non-alcoholic beverages,54850.0
301138.0,01,Food and non-alcoholic beverages,3256.0
301139.0,01,Food and non-alcoholic beverages,83600.0
301140.0,01,Food and non-alcoholic beverages,46853.847
301141.0,01,Food and non-alcoholic beverages,42960.0
301143.0,01,Food and non-alcoholic beverages,5900.0
301144.0,01,Food and non-alcoholic beverages,61141.4
301145.0,01,Food and non-alcoholic beverages,21200.0
301146.0,01,Food and non-alcoholic beverages,14750.0
301147.0,01,Food and non-alcoholic beverages,17336.448
301148.0,01,Food and non-alcoholic beverages,3857.339
301149.0,01,Food and non-alcoholic beverages,16600.0
301150.0,01,Food and non-alcoholic beverages,20200.0
301152.0,01,Food and non-alcoholic beverages,7451.366
301153.0,01,Food and non-alcoholic beverages,33600.0
301154.0,01,Food and non-alcoholic beverages,7900.64
301155.0,01,Food and non-alcoholic beverages,5302.275
301156.0,01,Food and non-alcoholic beverages,48550.0
301157.0,01,Food and non-alcoholic beverages,19303.934999999998
301158.0,01,Food and non-alcoholic beverages,4382.924
301159.0,01,Food and non-alcoholic beverages,31855.181
301160.0,01,Food and non-alcoholic beverages,5717.509
301161.0,01,Food and non-alcoholic beverages,3907.55
301162.0,01,Food and non-alcoholic beverages,13625.5
301163.0,01,Food and non-alcoholic beverages,8428.73
301164.0,01,Food and non-alcoholic beverages,28473.26
301165.0,01,Food and non-alcoholic beverages,12112.0
301166.0,01,Food and non-alcoholic beverages,5053.754
301167.0,01,Food and non-alcoholic beverages,22100.0
301168.0,01,Food and non-alcoholic beverages,13250.0
301169.0,01,Food and non-alcoholic beverages,3850.0
301170.0,01,Food and non-alcoholic beverages,22225.0
301171.0,01,Food and non-alcoholic beverages,16000.0
301172.0,01,Food and non-alcoholic beverages,6700.0
301173.0,01,Food and non-alcoholic beverages,25700.375
301174.0,01,Food and non-alcoholic beverages,59350.0
301175.0,01,Food and non-alcoholic beverages,25004.0
301176.0,01,Food and non-alcoholic beverages,33050.0
301177.0,01,Food and non-alcoholic beverages,28900.0
301178.0,01,Food and non-alcoholic beverages,16751.3
301179.0,01,Food and non-alcoholic beverages,15510.1
301180.0,01,Food and non-alcoholic beverages,57900.0
301181.0,01,Food and non-alcoholic beverages,28853.052
301182.0,01,Food and non-alcoholic beverages,17650.0
301183.0,01,Food and non-alcoholic beverages,18702.52
301184.0,01,Food and non-alcoholic beverages,14706.23
301186.0,01,Food and non-alcoholic beverages,4951.678
301187.0,01,Food and non-alcoholic beverages,34403.25
301188.0,01,Food and non-alcoholic beverages,3503.128
301189.0,01,Food and non-alcoholic beverages,1418.875
301190.0,01,Food and non-alcoholic beverages,12412.6
301191.0,01,Food and non-alcoholic beverages,15991.667
301192.0,01,Food and non-alcoholic beverages,16169.3
301193.0,01,Food and non-alcoholic beverages,47150.0
301194.0,01,Food and non-alcoholic beverages,21200.0
301195.0,01,Food and non-alcoholic beverages,28876.2
301196.0,01,Food and non-alcoholic beverages,5750.0
301197.0,01,Food and non-alcoholic beverages,33030.0
301198.0,01,Food and non-alcoholic beverages,60925.0
301199.0,01,Food and non-alcoholic beverages,66895.0
301200.0,01,Food and non-alcoholic beverages,32650.0
301201.0,01,Food and non-alcoholic beverages,11350.0
301202.0,01,Food and non-alcoholic beverages,26925.0
301203.0,01,Food and non-alcoholic beverages,21680.0
301204.0,01,Food and non-alcoholic beverages,7600.0
301205.0,01,Food and non-alcoholic beverages,7720.0
301206.0,01,Food and non-alcoholic beverages,67370.0
301207.0,01,Food and non-alcoholic beverages,115114.528
301208.0,01,Food and non-alcoholic beverages,100150.0
301209.0,01,Food and non-alcoholic beverages,122500.0
301210.0,01,Food and non-alcoholic beverages,32650.0
301211.0,01,Food and non-alcoholic beverages,14480.0
301212.0,01,Food and non-alcoholic beverages,35060.0
301213.0,01,Food and non-alcoholic beverages,13080.0
301214.0,01,Food and non-alcoholic beverages,47302.0
301215.0,01,Food and non-alcoholic beverages,5274.3
301216.0,01,Food and non-alcoholic beverages,10010.0
301217.0,01,Food and non-alcoholic beverages,13950.0
301218.0,01,Food and non-alcoholic beverages,44801.0
301219.0,01,Food and non-alcoholic beverages,27190.36
301220.0,01,Food and non-alcoholic beverages,24679.0
301221.0,01,Food and non-alcoholic beverages,36826.5
301222.0,01,Food and non-alcoholic beverages,22606.831
301223.0,01,Food and non-alcoholic beverages,78750.15
301224.0,01,Food and non-alcoholic beverages,30250.0
301225.0,01,Food and non-alcoholic beverages,20100.0
301226.0,01,Food and non-alcoholic beverages,24271.617
301227.0,01,Food and non-alcoholic beverages,28130.0
301228.0,01,Food and non-alcoholic beverages,17757.5
301229.0,01,Food and non-alcoholic beverages,42890.0
301230.0,01,Food and non-alcoholic beverages,26375.0
301231.0,01,Food and non-alcoholic beverages,72100.0
301232.0,01,Food and non-alcoholic beverages,28150.0
301233.0,01,Food and non-alcoholic beverages,53400.09
301234.0,01,Food and non-alcoholic beverages,38100.75
301235.0,01,Food and non-alcoholic beverages,57400.0
301236.0,01,Food and non-alcoholic beverages,11475.0
301237.0,01,Food and non-alcoholic beverages,46050.0
301238.0,01,Food and non-alcoholic beverages,27238.3
301239.0,01,Food and non-alcoholic beverages,28481.0
301240.0,01,Food and non-alcoholic beverages,19353.905
301241.0,01,Food and non-alcoholic beverages,25215.25
301242.0,01,Food and non-alcoholic beverages,18140.0
301243.0,01,Food and non-alcoholic beverages,5100.0
301244.0,01,Food and non-alcoholic beverages,6600.0
301245.0,01,Food and non-alcoholic beverages,38105.71
301246.0,01,Food and non-alcoholic beverages,28000.0
301247.0,01,Food and non-alcoholic beverages,22600.0
301248.0,01,Food and non-alcoholic beverages,31950.0
301249.0,01,Food and non-alcoholic beverages,9810.0
301251.0,01,Food and non-alcoholic beverages,28100.0
301252.0,01,Food and non-alcoholic beverages,40450.0
301253.0,01,Food and non-alcoholic beverages,7150.0
301254.0,01,Food and non-alcoholic beverages,40850.0
301255.0,01,Food and non-alcoholic beverages,68018.0
301256.0,01,Food and non-alcoholic beverages,39870.0
301257.0,01,Food and non-alcoholic beverages,11900.0
301258.0,01,Food and non-alcoholic beverages,60850.0
301259.0,01,Food and non-alcoholic beverages,22950.0
301260.0,01,Food and non-alcoholic beverages,13450.2
301261.0,01,Food and non-alcoholic beverages,20050.0
301262.0,01,Food and non-alcoholic beverages,26876.566
301263.0,01,Food and non-alcoholic beverages,46900.0
301264.0,01,Food and non-alcoholic beverages,20100.0
301265.0,01,Food and non-alcoholic beverages,36450.0
301266.0,01,Food and non-alcoholic beverages,19600.0
301267.0,01,Food and non-alcoholic beverages,40425.0
301268.0,01,Food and non-alcoholic beverages,10380.0
301269.0,01,Food and non-alcoholic beverages,5253.75
301270.0,01,Food and non-alcoholic beverages,25801.0
301271.0,01,Food and non-alcoholic beverages,16400.0
301272.0,01,Food and non-alcoholic beverages,2014.441
301273.0,01,Food and non-alcoholic beverages,23500.0
301274.0,01,Food and non-alcoholic beverages,11677.926
301275.0,01,Food and non-alcoholic beverages,13215.101
301276.0,01,Food and non-alcoholic beverages,10934.368
301277.0,01,Food and non-alcoholic beverages,16649.199
301278.0,01,Food and non-alcoholic beverages,7162.752
301279.0,01,Food and non-alcoholic beverages,14343.25
301280.0,01,Food and non-alcoholic beverages,14833.776
301281.0,01,Food and non-alcoholic beverages,17856.658
301282.0,01,Food and non-alcoholic beverages,6911.674
301283.0,01,Food and non-alcoholic beverages,13818.635
301284.0,01,Food and non-alcoholic beverages,60575.0
301285.0,01,Food and non-alcoholic beverages,24550.5
301286.0,01,Food and non-alcoholic beverages,21200.0
301287.0,01,Food and non-alcoholic beverages,49004.0
301288.0,01,Food and non-alcoholic beverages,2202.265
301289.0,01,Food and non-alcoholic beverages,10600.004
301290.0,01,Food and non-alcoholic beverages,30712.533
301291.0,01,Food and non-alcoholic beverages,18832.105
301292.0,01,Food and non-alcoholic beverages,13550.0
301293.0,01,Food and non-alcoholic beverages,46050.0
301294.0,01,Food and non-alcoholic beverages,45240.0
301295.0,01,Food and non-alcoholic beverages,15350.0
301296.0,01,Food and non-alcoholic beverages,17375.0
301297.0,01,Food and non-alcoholic beverages,11200.0
301298.0,01,Food and non-alcoholic beverages,17100.0
301299.0,01,Food and non-alcoholic beverages,8205.125
301300.0,01,Food and non-alcoholic beverages,32950.0
301301.0,01,Food and non-alcoholic beverages,58150.0
301302.0,01,Food and non-alcoholic beverages,31700.0
301303.0,01,Food and non-alcoholic beverages,111783.612
301305.0,01,Food and non-alcoholic beverages,17585.713
301306.0,01,Food and non-alcoholic beverages,21007.56
301307.0,01,Food and non-alcoholic beverages,52450.0
301308.0,01,Food and non-alcoholic beverages,14000.0
301309.0,01,Food and non-alcoholic beverages,48600.16
301310.0,01,Food and non-alcoholic beverages,40656.0
301311.0,01,Food and non-alcoholic beverages,57450.0
301312.0,01,Food and non-alcoholic beverages,28200.0
301313.0,01,Food and non-alcoholic beverages,59850.0
301314.0,01,Food and non-alcoholic beverages,11354.715
301315.0,01,Food and non-alcoholic beverages,17956.923
301316.0,01,Food and non-alcoholic beverages,46150.0
301317.0,01,Food and non-alcoholic beverages,30400.0
301318.0,01,Food and non-alcoholic beverages,6000.0
301319.0,01,Food and non-alcoholic beverages,28738.724000000002
301320.0,01,Food and non-alcoholic beverages,17350.0
301321.0,01,Food and non-alcoholic beverages,5600.0
301322.0,01,Food and non-alcoholic beverages,8154.495
301323.0,01,Food and non-alcoholic beverages,18211.0
301324.0,01,Food and non-alcoholic beverages,10350.0
301325.0,01,Food and non-alcoholic beverages,48653.25
301326.0,01,Food and non-alcoholic beverages,16550.0
301327.0,01,Food and non-alcoholic beverages,8750.0
301328.0,01,Food and non-alcoholic beverages,23000.0
301329.0,01,Food and non-alcoholic beverages,24400.0
301330.0,01,Food and non-alcoholic beverages,7625.503
301331.0,01,Food and non-alcoholic beverages,45800.0
301332.0,01,Food and non-alcoholic beverages,21650.0
301333.0,01,Food and non-alcoholic beverages,64552.005
301334.0,01,Food and non-alcoholic beverages,69200.0
301335.0,01,Food and non-alcoholic beverages,7450.0
301336.0,01,Food and non-alcoholic beverages,32275.071
301337.0,01,Food and non-alcoholic beverages,23605.032
301338.0,01,Food and non-alcoholic beverages,54655.036
301339.0,01,Food and non-alcoholic beverages,58770.1
301340.0,01,Food and non-alcoholic beverages,68200.0
301341.0,01,Food and non-alcoholic beverages,49201.0
301342.0,01,Food and non-alcoholic beverages,11200.0
301343.0,01,Food and non-alcoholic beverages,89052.7
301344.0,01,Food and non-alcoholic beverages,66305.75
301345.0,01,Food and non-alcoholic beverages,123103.15
301346.0,01,Food and non-alcoholic beverages,37300.0
301347.0,01,Food and non-alcoholic beverages,7100.0
301348.0,01,Food and non-alcoholic beverages,77425.0
301349.0,01,Food and non-alcoholic beverages,205400.0
301350.0,01,Food and non-alcoholic beverages,46500.0
301351.0,01,Food and non-alcoholic beverages,17950.003
301352.0,01,Food and non-alcoholic beverages,17490.25
301353.0,01,Food and non-alcoholic beverages,29660.0
301354.0,01,Food and non-alcoholic beverages,21200.0
301355.0,01,Food and non-alcoholic beverages,9200.0
301356.0,01,Food and non-alcoholic beverages,81450.046
301357.0,01,Food and non-alcoholic beverages,115453.55
301358.0,01,Food and non-alcoholic beverages,24152.0
301359.0,01,Food and non-alcoholic beverages,16300.0
301360.0,01,Food and non-alcoholic beverages,7001.25
301361.0,01,Food and non-alcoholic beverages,22408.228
301362.0,01,Food and non-alcoholic beverages,133102.77
301363.0,01,Food and non-alcoholic beverages,120700.0
301364.0,01,Food and non-alcoholic beverages,16908.0
301365.0,01,Food and non-alcoholic beverages,34300.46
301366.0,01,Food and non-alcoholic beverages,35752.0
301367.0,01,Food and non-alcoholic beverages,8200.0
301368.0,01,Food and non-alcoholic beverages,14300.45
301369.0,01,Food and non-alcoholic beverages,20310.916
301370.0,01,Food and non-alcoholic beverages,4750.0
301371.0,01,Food and non-alcoholic beverages,9650.0
301372.0,01,Food and non-alcoholic beverages,10900.0
301373.0,01,Food and non-alcoholic beverages,14050.0
301374.0,01,Food and non-alcoholic beverages,29030.0
301375.0,01,Food and non-alcoholic beverages,72200.0
301376.0,01,Food and non-alcoholic beverages,28300.0
301377.0,01,Food and non-alcoholic beverages,18607.0
301378.0,01,Food and non-alcoholic beverages,11625.13
301379.0,01,Food and non-alcoholic beverages,8250.0
301380.0,01,Food and non-alcoholic beverages,28400.0
301381.0,01,Food and non-alcoholic beverages,53456.5
301382.0,01,Food and non-alcoholic beverages,5650.0
301383.0,01,Food and non-alcoholic beverages,56154.478
301384.0,01,Food and non-alcoholic beverages,52300.0
301385.0,01,Food and non-alcoholic beverages,49400.0
301386.0,01,Food and non-alcoholic beverages,109850.05
301387.0,01,Food and non-alcoholic beverages,32803.0
301388.0,01,Food and non-alcoholic beverages,35950.0
301389.0,01,Food and non-alcoholic beverages,111710.5
301390.0,01,Food and non-alcoholic beverages,31600.46
301391.0,01,Food and non-alcoholic beverages,9800.015
301392.0,01,Food and non-alcoholic beverages,102304.005
301393.0,01,Food and non-alcoholic beverages,17150.23
301394.0,01,Food and non-alcoholic beverages,18140.0
301395.0,01,Food and non-alcoholic beverages,54120.0
301396.0,01,Food and non-alcoholic beverages,7903.451
301397.0,01,Food and non-alcoholic beverages,13290.57
301398.0,01,Food and non-alcoholic beverages,85805.0
301399.0,01,Food and non-alcoholic beverages,21070.5
301400.0,01,Food and non-alcoholic beverages,13381.21
301401.0,01,Food and non-alcoholic beverages,13500.3
301402.0,01,Food and non-alcoholic beverages,20313.0
301403.0,01,Food and non-alcoholic beverages,33450.0
301404.0,01,Food and non-alcoholic beverages,60453.37
301405.0,01,Food and non-alcoholic beverages,4792.8
301406.0,01,Food and non-alcoholic beverages,27466.03
301407.0,01,Food and non-alcoholic beverages,11950.25
301408.0,01,Food and non-alcoholic beverages,27254.260000000002
301409.0,01,Food and non-alcoholic beverages,38789.0
301410.0,01,Food and non-alcoholic beverages,58910.0
301411.0,01,Food and non-alcoholic beverages,29260.72
301412.0,01,Food and non-alcoholic beverages,10705.809000000001
301414.0,01,Food and non-alcoholic beverages,10955.627
301415.0,01,Food and non-alcoholic beverages,21560.0
301416.0,01,Food and non-alcoholic beverages,11507.0
301417.0,01,Food and non-alcoholic beverages,16359.8
301418.0,01,Food and non-alcoholic beverages,83950.0
301420.0,01,Food and non-alcoholic beverages,52300.5
301421.0,01,Food and non-alcoholic beverages,59750.0
301422.0,01,Food and non-alcoholic beverages,12151.66
301423.0,01,Food and non-alcoholic beverages,4600.0
301424.0,01,Food and non-alcoholic beverages,75100.0
301425.0,01,Food and non-alcoholic beverages,32900.0
301426.0,01,Food and non-alcoholic beverages,9100.0
301427.0,01,Food and non-alcoholic beverages,5900.4
301429.0,01,Food and non-alcoholic beverages,11103.0
301430.0,01,Food and non-alcoholic beverages,7300.0
301431.0,01,Food and non-alcoholic beverages,26750.0
301433.0,01,Food and non-alcoholic beverages,7903.5
301434.0,01,Food and non-alcoholic beverages,42652.5
301435.0,01,Food and non-alcoholic beverages,77300.0
301436.0,01,Food and non-alcoholic beverages,59050.0
301437.0,01,Food and non-alcoholic beverages,66000.0
301438.0,01,Food and non-alcoholic beverages,42871.45
301439.0,01,Food and non-alcoholic beverages,32004.195
301440.0,01,Food and non-alcoholic beverages,30952.228
301441.0,01,Food and non-alcoholic beverages,17450.525
301442.0,01,Food and non-alcoholic beverages,34025.12
301443.0,01,Food and non-alcoholic beverages,20800.0
301444.0,01,Food and non-alcoholic beverages,24480.5
301445.0,01,Food and non-alcoholic beverages,46452.02
301446.0,01,Food and non-alcoholic beverages,53860.48
301447.0,01,Food and non-alcoholic beverages,29700.0
301448.0,01,Food and non-alcoholic beverages,15112.932999999999
301449.0,01,Food and non-alcoholic beverages,800.0
301450.0,01,Food and non-alcoholic beverages,56153.0
301451.0,01,Food and non-alcoholic beverages,27100.0
301452.0,01,Food and non-alcoholic beverages,27550.25
301453.0,01,Food and non-alcoholic beverages,26854.453999999998
301454.0,01,Food and non-alcoholic beverages,55950.0
301455.0,01,Food and non-alcoholic beverages,12890.0
301456.0,01,Food and non-alcoholic beverages,22578.0
301457.0,01,Food and non-alcoholic beverages,28530.0
301458.0,01,Food and non-alcoholic beverages,37450.0
301459.0,01,Food and non-alcoholic beverages,16100.125
301460.0,01,Food and non-alcoholic beverages,60400.0
301461.0,01,Food and non-alcoholic beverages,16450.0
301462.0,01,Food and non-alcoholic beverages,3250.0
301463.0,01,Food and non-alcoholic beverages,45350.0
301464.0,01,Food and non-alcoholic beverages,40750.0
301465.0,01,Food and non-alcoholic beverages,30602.5
301466.0,01,Food and non-alcoholic beverages,30250.0
301467.0,01,Food and non-alcoholic beverages,8050.0
301468.0,01,Food and non-alcoholic beverages,12450.0
301469.0,01,Food and non-alcoholic beverages,3350.0
301470.0,01,Food and non-alcoholic beverages,10300.0
301471.0,01,Food and non-alcoholic beverages,6603.02
301472.0,01,Food and non-alcoholic beverages,21901.5
301473.0,01,Food and non-alcoholic beverages,6802.0
301474.0,01,Food and non-alcoholic beverages,42450.0
301475.0,01,Food and non-alcoholic beverages,1100.0
301476.0,01,Food and non-alcoholic beverages,43319.9
301477.0,01,Food and non-alcoholic beverages,24040.0
301478.0,01,Food and non-alcoholic beverages,39431.25
301479.0,01,Food and non-alcoholic beverages,29000.0
301480.0,01,Food and non-alcoholic beverages,53280.0
301481.0,01,Food and non-alcoholic beverages,15613.079
301482.0,01,Food and non-alcoholic beverages,16906.128
301483.0,01,Food and non-alcoholic beverages,15129.925
301484.0,01,Food and non-alcoholic beverages,17770.25
301485.0,01,Food and non-alcoholic beverages,11307.571
301486.0,01,Food and non-alcoholic beverages,42650.0
301487.0,01,Food and non-alcoholic beverages,616.85
301488.0,01,Food and non-alcoholic beverages,7714.809
301489.0,01,Food and non-alcoholic beverages,19350.0
301490.0,01,Food and non-alcoholic beverages,38305.55
301491.0,01,Food and non-alcoholic beverages,8020.352
301492.0,01,Food and non-alcoholic beverages,49500.0
301493.0,01,Food and non-alcoholic beverages,58700.0
301494.0,01,Food and non-alcoholic beverages,24800.0
301495.0,01,Food and non-alcoholic beverages,31650.0
301496.0,01,Food and non-alcoholic beverages,7400.0
301498.0,01,Food and non-alcoholic beverages,107953.35
301499.0,01,Food and non-alcoholic beverages,13947.765
301500.0,01,Food and non-alcoholic beverages,23900.0
301501.0,01,Food and non-alcoholic beverages,1700.1
301502.0,01,Food and non-alcoholic beverages,7700.0
301503.0,01,Food and non-alcoholic beverages,16531.35
301504.0,01,Food and non-alcoholic beverages,21460.88
301505.0,01,Food and non-alcoholic beverages,4399.8
301506.0,01,Food and non-alcoholic beverages,19955.38
301507.0,01,Food and non-alcoholic beverages,27921.0
301508.0,01,Food and non-alcoholic beverages,17350.5
301509.0,01,Food and non-alcoholic beverages,13700.0
301510.0,01,Food and non-alcoholic beverages,6100.33
301511.0,01,Food and non-alcoholic beverages,54800.5
301512.0,01,Food and non-alcoholic beverages,4700.0
301513.0,01,Food and non-alcoholic beverages,35003.0
301514.0,01,Food and non-alcoholic beverages,47300.75
301515.0,01,Food and non-alcoholic beverages,23850.0
301516.0,01,Food and non-alcoholic beverages,51412.55
301517.0,01,Food and non-alcoholic beverages,25400.0
301518.0,01,Food and non-alcoholic beverages,11050.0
301519.0,01,Food and non-alcoholic beverages,72350.0
301521.0,01,Food and non-alcoholic beverages,18300.0
301522.0,01,Food and non-alcoholic beverages,32410.752
301523.0,01,Food and non-alcoholic beverages,13800.0
301524.0,01,Food and non-alcoholic beverages,31000.0
301525.0,01,Food and non-alcoholic beverages,14651.3
301526.0,01,Food and non-alcoholic beverages,10500.0
301527.0,01,Food and non-alcoholic beverages,21000.0
301528.0,01,Food and non-alcoholic beverages,27450.0
301529.0,01,Food and non-alcoholic beverages,27807.798
301530.0,01,Food and non-alcoholic beverages,6100.0
301531.0,01,Food and non-alcoholic beverages,11780.03
301532.0,01,Food and non-alcoholic beverages,15440.0
301533.0,01,Food and non-alcoholic beverages,13050.125
301534.0,01,Food and non-alcoholic beverages,29380.0
301535.0,01,Food and non-alcoholic beverages,19511.0
301536.0,01,Food and non-alcoholic beverages,9900.0
301537.0,01,Food and non-alcoholic beverages,17400.0
301538.0,01,Food and non-alcoholic beverages,14950.0
301539.0,01,Food and non-alcoholic beverages,36550.0
301540.0,01,Food and non-alcoholic beverages,6402.65
301541.0,01,Food and non-alcoholic beverages,1800.0
301542.0,01,Food and non-alcoholic beverages,45200.0
301543.0,01,Food and non-alcoholic beverages,5950.0
301544.0,01,Food and non-alcoholic beverages,11702.5
301545.0,01,Food and non-alcoholic beverages,15701.75
301546.0,01,Food and non-alcoholic beverages,11850.0
301547.0,01,Food and non-alcoholic beverages,7482.0
301548.0,01,Food and non-alcoholic beverages,31600.0
301549.0,01,Food and non-alcoholic beverages,7225.0
301551.0,01,Food and non-alcoholic beverages,200.0
301552.0,01,Food and non-alcoholic beverages,3750.0
301553.0,01,Food and non-alcoholic beverages,53753.0
301554.0,01,Food and non-alcoholic beverages,23901.2
301555.0,01,Food and non-alcoholic beverages,12250.0
301556.0,01,Food and non-alcoholic beverages,23700.0
301557.0,01,Food and non-alcoholic beverages,37550.0
301558.0,01,Food and non-alcoholic beverages,81450.45
301559.0,01,Food and non-alcoholic beverages,30200.0
301560.0,01,Food and non-alcoholic beverages,48530.5
301561.0,01,Food and non-alcoholic beverages,24050.0
301562.0,01,Food and non-alcoholic beverages,17254.558
301563.0,01,Food and non-alcoholic beverages,31660.12
301564.0,01,Food and non-alcoholic beverages,1600.2
301566.0,01,Food and non-alcoholic beverages,13750.0
301567.0,01,Food and non-alcoholic beverages,8850.0
301568.0,01,Food and non-alcoholic beverages,35180.0
301569.0,01,Food and non-alcoholic beverages,42550.0
301570.0,01,Food and non-alcoholic beverages,26358.55
301571.0,01,Food and non-alcoholic beverages,12700.0
301572.0,01,Food and non-alcoholic beverages,14200.06
301573.0,01,Food and non-alcoholic beverages,17752.03
301574.0,01,Food and non-alcoholic beverages,16052.75
301575.0,01,Food and non-alcoholic beverages,9302.02
301576.0,01,Food and non-alcoholic beverages,38796.98
301577.0,01,Food and non-alcoholic beverages,13050.125
301578.0,01,Food and non-alcoholic beverages,31835.256
301579.0,01,Food and non-alcoholic beverages,33300.0
301580.0,01,Food and non-alcoholic beverages,40084.25
301581.0,01,Food and non-alcoholic beverages,94805.0
301582.0,01,Food and non-alcoholic beverages,9600.0
301583.0,01,Food and non-alcoholic beverages,26450.0
301584.0,01,Food and non-alcoholic beverages,50100.096
301585.0,01,Food and non-alcoholic beverages,85210.0
301586.0,01,Food and non-alcoholic beverages,4200.0
301587.0,01,Food and non-alcoholic beverages,79550.0
301588.0,01,Food and non-alcoholic beverages,20000.5
301589.0,01,Food and non-alcoholic beverages,12700.0
301590.0,01,Food and non-alcoholic beverages,14800.0
301591.0,01,Food and non-alcoholic beverages,6050.12
301593.0,01,Food and non-alcoholic beverages,2700.0
301594.0,01,Food and non-alcoholic beverages,3750.0
301595.0,01,Food and non-alcoholic beverages,15350.0
301596.0,01,Food and non-alcoholic beverages,7900.0
301597.0,01,Food and non-alcoholic beverages,3650.0
301599.0,01,Food and non-alcoholic beverages,42550.0
301601.0,01,Food and non-alcoholic beverages,23256.0
301602.0,01,Food and non-alcoholic beverages,27451.5
301603.0,01,Food and non-alcoholic beverages,11250.0
301604.0,01,Food and non-alcoholic beverages,16700.0
301605.0,01,Food and non-alcoholic beverages,12500.0
301606.0,01,Food and non-alcoholic beverages,29400.0
301607.0,01,Food and non-alcoholic beverages,74900.0
301608.0,01,Food and non-alcoholic beverages,1500.0
301609.0,01,Food and non-alcoholic beverages,19501.362
301610.0,01,Food and non-alcoholic beverages,4150.0
301611.0,01,Food and non-alcoholic beverages,51000.0
301612.0,01,Food and non-alcoholic beverages,26675.0
301613.0,01,Food and non-alcoholic beverages,12600.0
301614.0,01,Food and non-alcoholic beverages,38100.0
301615.0,01,Food and non-alcoholic beverages,11370.027
301616.0,01,Food and non-alcoholic beverages,4705.191
301617.0,01,Food and non-alcoholic beverages,3801.4
301618.0,01,Food and non-alcoholic beverages,14724.25
301619.0,01,Food and non-alcoholic beverages,6955.96
301620.0,01,Food and non-alcoholic beverages,12222.418
301621.0,01,Food and non-alcoholic beverages,14056.587
301622.0,01,Food and non-alcoholic beverages,4110.503
301623.0,01,Food and non-alcoholic beverages,5202.314
301624.0,01,Food and non-alcoholic beverages,16700.0
301625.0,01,Food and non-alcoholic beverages,11580.01
301626.0,01,Food and non-alcoholic beverages,47590.0
301627.0,01,Food and non-alcoholic beverages,14105.5
301628.0,01,Food and non-alcoholic beverages,1750.0
301629.0,01,Food and non-alcoholic beverages,29250.0
301631.0,01,Food and non-alcoholic beverages,10375.0
301632.0,01,Food and non-alcoholic beverages,26600.0
301633.0,01,Food and non-alcoholic beverages,21541.982
301635.0,01,Food and non-alcoholic beverages,47157.35
301636.0,01,Food and non-alcoholic beverages,9450.02
301637.0,01,Food and non-alcoholic beverages,16550.0
301638.0,01,Food and non-alcoholic beverages,18002.754
301639.0,01,Food and non-alcoholic beverages,6305.75
301640.0,01,Food and non-alcoholic beverages,10250.511
301641.0,01,Food and non-alcoholic beverages,5670.392
301642.0,01,Food and non-alcoholic beverages,10400.0
301643.0,01,Food and non-alcoholic beverages,44447.686
301644.0,01,Food and non-alcoholic beverages,21465.45
301645.0,01,Food and non-alcoholic beverages,18256.0
301646.0,01,Food and non-alcoholic beverages,950.0
301647.0,01,Food and non-alcoholic beverages,20400.0
301648.0,01,Food and non-alcoholic beverages,24400.0
301649.0,01,Food and non-alcoholic beverages,15150.0
301650.0,01,Food and non-alcoholic beverages,18700.0
301651.0,01,Food and non-alcoholic beverages,11851.509
301652.0,01,Food and non-alcoholic beverages,7500.0
301653.0,01,Food and non-alcoholic beverages,5450.0
301654.0,01,Food and non-alcoholic beverages,10354.5
301655.0,01,Food and non-alcoholic beverages,2100.0
301656.0,01,Food and non-alcoholic beverages,15253.0
301657.0,01,Food and non-alcoholic beverages,23852.66
301658.0,01,Food and non-alcoholic beverages,11900.0
301659.0,01,Food and non-alcoholic beverages,8907.153
301660.0,01,Food and non-alcoholic beverages,15581.0
301661.0,01,Food and non-alcoholic beverages,57700.5
301662.0,01,Food and non-alcoholic beverages,21680.0
301663.0,01,Food and non-alcoholic beverages,7464.5
301664.0,01,Food and non-alcoholic beverages,10052.5
301665.0,01,Food and non-alcoholic beverages,8950.202
301666.0,01,Food and non-alcoholic beverages,30510.309
301667.0,01,Food and non-alcoholic beverages,22800.0
301668.0,01,Food and non-alcoholic beverages,33103.2
301669.0,01,Food and non-alcoholic beverages,22550.1
301670.0,01,Food and non-alcoholic beverages,13850.0
301671.0,01,Food and non-alcoholic beverages,6450.0
301672.0,01,Food and non-alcoholic beverages,17251.594
301673.0,01,Food and non-alcoholic beverages,64859.5
301674.0,01,Food and non-alcoholic beverages,9253.75
301675.0,01,Food and non-alcoholic beverages,6625.07
301676.0,01,Food and non-alcoholic beverages,18500.0
301677.0,01,Food and non-alcoholic beverages,31350.0
301678.0,01,Food and non-alcoholic beverages,28655.0
301679.0,01,Food and non-alcoholic beverages,40730.5
301680.0,01,Food and non-alcoholic beverages,33421.5
301681.0,01,Food and non-alcoholic beverages,10400.0
301682.0,01,Food and non-alcoholic beverages,25000.0
301683.0,01,Food and non-alcoholic beverages,11750.25
301684.0,01,Food and non-alcoholic beverages,22050.5
301685.0,01,Food and non-alcoholic beverages,24250.0
301686.0,01,Food and non-alcoholic beverages,5100.0
301687.0,01,Food and non-alcoholic beverages,10200.0025
301688.0,01,Food and non-alcoholic beverages,12010.0
301689.0,01,Food and non-alcoholic beverages,10203.791
301690.0,01,Food and non-alcoholic beverages,19554.732
301691.0,01,Food and non-alcoholic beverages,30702.02
301692.0,01,Food and non-alcoholic beverages,48308.207
301693.0,01,Food and non-alcoholic beverages,10500.0
301694.0,01,Food and non-alcoholic beverages,30482.0
301695.0,01,Food and non-alcoholic beverages,5402.897
301696.0,01,Food and non-alcoholic beverages,16850.0
301697.0,01,Food and non-alcoholic beverages,5400.0
301700.0,01,Food and non-alcoholic beverages,29350.0
301701.0,01,Food and non-alcoholic beverages,1000.5
301702.0,01,Food and non-alcoholic beverages,14312.35
301703.0,01,Food and non-alcoholic beverages,85011.378
301704.0,01,Food and non-alcoholic beverages,32400.25
301705.0,01,Food and non-alcoholic beverages,26425.0
301706.0,01,Food and non-alcoholic beverages,26650.0
301707.0,01,Food and non-alcoholic beverages,62800.0
301708.0,01,Food and non-alcoholic beverages,28400.0
301709.0,01,Food and non-alcoholic beverages,34750.0
301710.0,01,Food and non-alcoholic beverages,2850.0
301711.0,01,Food and non-alcoholic beverages,6300.0
301712.0,01,Food and non-alcoholic beverages,24200.0
301713.0,01,Food and non-alcoholic beverages,12406.0
301714.0,01,Food and non-alcoholic beverages,10302.25
301715.0,01,Food and non-alcoholic beverages,26318.0
301716.0,01,Food and non-alcoholic beverages,6100.0
301717.0,01,Food and non-alcoholic beverages,39350.0
301718.0,01,Food and non-alcoholic beverages,25100.0
301719.0,01,Food and non-alcoholic beverages,21150.0
301720.0,01,Food and non-alcoholic beverages,18750.0
301721.0,01,Food and non-alcoholic beverages,21736.5
301723.0,01,Food and non-alcoholic beverages,33800.15
301724.0,01,Food and non-alcoholic beverages,31900.75
301725.0,01,Food and non-alcoholic beverages,71800.0
301726.0,01,Food and non-alcoholic beverages,80300.0
301727.0,01,Food and non-alcoholic beverages,13200.0
301728.0,01,Food and non-alcoholic beverages,5850.0
301729.0,01,Food and non-alcoholic beverages,35050.0
301730.0,01,Food and non-alcoholic beverages,30350.0
301731.0,01,Food and non-alcoholic beverages,46100.0
301732.0,01,Food and non-alcoholic beverages,60300.0
301733.0,01,Food and non-alcoholic beverages,5053.0
301734.0,01,Food and non-alcoholic beverages,62103.24
301735.0,01,Food and non-alcoholic beverages,31100.0
301736.0,01,Food and non-alcoholic beverages,9800.0
301737.0,01,Food and non-alcoholic beverages,36651.0
301738.0,01,Food and non-alcoholic beverages,10600.0
301739.0,01,Food and non-alcoholic beverages,22250.0
301740.0,01,Food and non-alcoholic beverages,23450.0
301741.0,01,Food and non-alcoholic beverages,5950.0
301742.0,01,Food and non-alcoholic beverages,22200.0
301743.0,01,Food and non-alcoholic beverages,31850.0
301744.0,01,Food and non-alcoholic beverages,15430.0
301745.0,01,Food and non-alcoholic beverages,61045.0
301746.0,01,Food and non-alcoholic beverages,7350.0
301747.0,01,Food and non-alcoholic beverages,10850.004
301748.0,01,Food and non-alcoholic beverages,23650.0
301749.0,01,Food and non-alcoholic beverages,5300.0
301750.0,01,Food and non-alcoholic beverages,18500.132
301751.0,01,Food and non-alcoholic beverages,30051.8
301752.0,01,Food and non-alcoholic beverages,11550.003
301753.0,01,Food and non-alcoholic beverages,16451.0
301754.0,01,Food and non-alcoholic beverages,18851.5
301755.0,01,Food and non-alcoholic beverages,44050.0
301756.0,01,Food and non-alcoholic beverages,9500.0
301757.0,01,Food and non-alcoholic beverages,32000.0
301758.0,01,Food and non-alcoholic beverages,31800.0
301759.0,01,Food and non-alcoholic beverages,14490.0
301760.0,01,Food and non-alcoholic beverages,15850.0
301762.0,01,Food and non-alcoholic beverages,17450.0
301763.0,01,Food and non-alcoholic beverages,6704.0
301765.0,01,Food and non-alcoholic beverages,11250.0
301766.0,01,Food and non-alcoholic beverages,13550.33
301768.0,01,Food and non-alcoholic beverages,33950.0
301769.0,01,Food and non-alcoholic beverages,24575.75
301770.0,01,Food and non-alcoholic beverages,39050.0
301772.0,01,Food and non-alcoholic beverages,53150.0
301773.0,01,Food and non-alcoholic beverages,37400.5
301774.0,01,Food and non-alcoholic beverages,14300.0
301775.0,01,Food and non-alcoholic beverages,24901.0
301776.0,01,Food and non-alcoholic beverages,29630.0
301777.0,01,Food and non-alcoholic beverages,32250.07
301778.0,01,Food and non-alcoholic beverages,32250.0
301779.0,01,Food and non-alcoholic beverages,8450.0
301780.0,01,Food and non-alcoholic beverages,20240.0
301781.0,01,Food and non-alcoholic beverages,15200.0
301782.0,01,Food and non-alcoholic beverages,5710.0
301784.0,01,Food and non-alcoholic beverages,4000.0
301785.0,01,Food and non-alcoholic beverages,32000.0
301786.0,01,Food and non-alcoholic beverages,13752.4
301787.0,01,Food and non-alcoholic beverages,72500.0
301788.0,01,Food and non-alcoholic beverages,76330.0
301789.0,01,Food and non-alcoholic beverages,108300.0
301790.0,01,Food and non-alcoholic beverages,16500.0
301791.0,01,Food and non-alcoholic beverages,41000.0
301793.0,01,Food and non-alcoholic beverages,25550.0
301794.0,01,Food and non-alcoholic beverages,16550.0
301795.0,01,Food and non-alcoholic beverages,16460.0
301796.0,01,Food and non-alcoholic beverages,14194.0
301797.0,01,Food and non-alcoholic beverages,9002.0
301798.0,01,Food and non-alcoholic beverages,9810.0
301799.0,01,Food and non-alcoholic beverages,41770.0
301800.0,01,Food and non-alcoholic beverages,2372.0
301801.0,01,Food and non-alcoholic beverages,3980.0
301802.0,01,Food and non-alcoholic beverages,14130.0
301803.0,01,Food and non-alcoholic beverages,19534.0
301804.0,01,Food and non-alcoholic beverages,62573.885
301805.0,01,Food and non-alcoholic beverages,38500.0
301806.0,01,Food and non-alcoholic beverages,47825.0
301807.0,01,Food and non-alcoholic beverages,16250.0
301808.0,01,Food and non-alcoholic beverages,10800.0
301809.0,01,Food and non-alcoholic beverages,39020.0
301810.0,01,Food and non-alcoholic beverages,36100.0
301811.0,01,Food and non-alcoholic beverages,8300.0
301812.0,01,Food and non-alcoholic beverages,10900.0
301813.0,01,Food and non-alcoholic beverages,25500.0
301814.0,01,Food and non-alcoholic beverages,2700.0
301815.0,01,Food and non-alcoholic beverages,57710.0
301816.0,01,Food and non-alcoholic beverages,10309.2
301817.0,01,Food and non-alcoholic beverages,35753.0
301818.0,01,Food and non-alcoholic beverages,11000.0
301819.0,01,Food and non-alcoholic beverages,3310.25
301821.0,01,Food and non-alcoholic beverages,70550.0
301822.0,01,Food and non-alcoholic beverages,1850.0
301823.0,01,Food and non-alcoholic beverages,23600.7
301824.0,01,Food and non-alcoholic beverages,24593.5
301825.0,01,Food and non-alcoholic beverages,24163.295
301826.0,01,Food and non-alcoholic beverages,10052.5
301827.0,01,Food and non-alcoholic beverages,12500.25
301828.0,01,Food and non-alcoholic beverages,20500.0
301829.0,01,Food and non-alcoholic beverages,13350.0
301830.0,01,Food and non-alcoholic beverages,12520.0
301832.0,01,Food and non-alcoholic beverages,20000.0
301833.0,01,Food and non-alcoholic beverages,22180.0
301834.0,01,Food and non-alcoholic beverages,20016.33
301835.0,01,Food and non-alcoholic beverages,9200.0
301836.0,01,Food and non-alcoholic beverages,30400.0
301837.0,01,Food and non-alcoholic beverages,1506.324
301838.0,01,Food and non-alcoholic beverages,43800.0
301839.0,01,Food and non-alcoholic beverages,42150.0
301840.0,01,Food and non-alcoholic beverages,9400.0
301841.0,01,Food and non-alcoholic beverages,19350.208
301842.0,01,Food and non-alcoholic beverages,27850.0
301843.0,01,Food and non-alcoholic beverages,53301.5
301844.0,01,Food and non-alcoholic beverages,80850.0
301845.0,01,Food and non-alcoholic beverages,15760.0
301846.0,01,Food and non-alcoholic beverages,62000.0
301847.0,01,Food and non-alcoholic beverages,29300.0
301848.0,01,Food and non-alcoholic beverages,47500.0
301849.0,01,Food and non-alcoholic beverages,33450.0
301850.0,01,Food and non-alcoholic beverages,13350.0
301851.0,01,Food and non-alcoholic beverages,15400.0
301852.0,01,Food and non-alcoholic beverages,9400.0
301853.0,01,Food and non-alcoholic beverages,10700.0
301854.0,01,Food and non-alcoholic beverages,31352.86
301855.0,01,Food and non-alcoholic beverages,56500.0
301856.0,01,Food and non-alcoholic beverages,1950.0
301857.0,01,Food and non-alcoholic beverages,3950.0
301858.0,01,Food and non-alcoholic beverages,25070.0
301859.0,01,Food and non-alcoholic beverages,8200.0
301860.0,01,Food and non-alcoholic beverages,15800.0
301861.0,01,Food and non-alcoholic beverages,10550.0
301862.0,01,Food and non-alcoholic beverages,22580.0
301863.0,01,Food and non-alcoholic beverages,31520.17
301864.0,01,Food and non-alcoholic beverages,14607.75
301865.0,01,Food and non-alcoholic beverages,13451.5
301866.0,01,Food and non-alcoholic beverages,31953.0
301867.0,01,Food and non-alcoholic beverages,18900.0
301868.0,01,Food and non-alcoholic beverages,6900.0
301870.0,01,Food and non-alcoholic beverages,12801.005
301871.0,01,Food and non-alcoholic beverages,17227.036
301872.0,01,Food and non-alcoholic beverages,18301.75
301873.0,01,Food and non-alcoholic beverages,8750.0
301874.0,01,Food and non-alcoholic beverages,47400.0
301876.0,01,Food and non-alcoholic beverages,21261.13
301877.0,01,Food and non-alcoholic beverages,20886.13
301878.0,01,Food and non-alcoholic beverages,7199.169
301879.0,01,Food and non-alcoholic beverages,11063.311
301880.0,01,Food and non-alcoholic beverages,12196.798
301881.0,01,Food and non-alcoholic beverages,4974.645
301882.0,01,Food and non-alcoholic beverages,3900.0
301883.0,01,Food and non-alcoholic beverages,5150.0
301884.0,01,Food and non-alcoholic beverages,10600.0
301885.0,01,Food and non-alcoholic beverages,96402.7
301886.0,01,Food and non-alcoholic beverages,30819.0
301887.0,01,Food and non-alcoholic beverages,21000.0
301888.0,01,Food and non-alcoholic beverages,40809.084
301889.0,01,Food and non-alcoholic beverages,15900.0
301890.0,01,Food and non-alcoholic beverages,14100.0
301891.0,01,Food and non-alcoholic beverages,20175.0
301892.0,01,Food and non-alcoholic beverages,18550.0
301893.0,01,Food and non-alcoholic beverages,17800.0
301894.0,01,Food and non-alcoholic beverages,19650.0
301895.0,01,Food and non-alcoholic beverages,14550.0
301896.0,01,Food and non-alcoholic beverages,27310.0
301897.0,01,Food and non-alcoholic beverages,9900.0
301898.0,01,Food and non-alcoholic beverages,191550.0
301899.0,01,Food and non-alcoholic beverages,104.181
301900.0,01,Food and non-alcoholic beverages,8250.0
301901.0,01,Food and non-alcoholic beverages,14650.0
301902.0,01,Food and non-alcoholic beverages,29700.0
301904.0,01,Food and non-alcoholic beverages,10930.0
301905.0,01,Food and non-alcoholic beverages,19430.0
301906.0,01,Food and non-alcoholic beverages,20450.0
301907.0,01,Food and non-alcoholic beverages,9800.0
301908.0,01,Food and non-alcoholic beverages,10200.45
301909.0,01,Food and non-alcoholic beverages,30250.0
301910.0,01,Food and non-alcoholic beverages,2580.0
301911.0,01,Food and non-alcoholic beverages,23630.0
301912.0,01,Food and non-alcoholic beverages,106264.5
301913.0,01,Food and non-alcoholic beverages,43801.0
301914.0,01,Food and non-alcoholic beverages,50300.0
301915.0,01,Food and non-alcoholic beverages,50850.0
301916.0,01,Food and non-alcoholic beverages,65704.03
301918.0,01,Food and non-alcoholic beverages,19000.0
301919.0,01,Food and non-alcoholic beverages,48800.0
301920.0,01,Food and non-alcoholic beverages,17950.0
301921.0,01,Food and non-alcoholic beverages,3500.0
301922.0,01,Food and non-alcoholic beverages,9972.0
301923.0,01,Food and non-alcoholic beverages,12870.0
301924.0,01,Food and non-alcoholic beverages,14750.0
301925.0,01,Food and non-alcoholic beverages,16350.46
301926.0,01,Food and non-alcoholic beverages,14680.699
301927.0,01,Food and non-alcoholic beverages,3650.0
301928.0,01,Food and non-alcoholic beverages,11100.0
301930.0,01,Food and non-alcoholic beverages,68700.0
301931.0,01,Food and non-alcoholic beverages,49752.55
301932.0,01,Food and non-alcoholic beverages,19052.62
301933.0,01,Food and non-alcoholic beverages,50050.0
301934.0,01,Food and non-alcoholic beverages,40000.0
301935.0,01,Food and non-alcoholic beverages,38151.0
301936.0,01,Food and non-alcoholic beverages,6900.0
301937.0,01,Food and non-alcoholic beverages,37088.0
301938.0,01,Food and non-alcoholic beverages,41401.0
301939.0,01,Food and non-alcoholic beverages,2853.985
301940.0,01,Food and non-alcoholic beverages,2726.488
301941.0,01,Food and non-alcoholic beverages,10946.921
301942.0,01,Food and non-alcoholic beverages,20613.213
301943.0,01,Food and non-alcoholic beverages,8353.838
301944.0,01,Food and non-alcoholic beverages,15362.5
301945.0,01,Food and non-alcoholic beverages,9646.869
301946.0,01,Food and non-alcoholic beverages,18727.656
301947.0,01,Food and non-alcoholic beverages,53024.892
301948.0,01,Food and non-alcoholic beverages,36251.082
301949.0,01,Food and non-alcoholic beverages,19190.282
301950.0,01,Food and non-alcoholic beverages,706.547
301951.0,01,Food and non-alcoholic beverages,17781.0
301952.0,01,Food and non-alcoholic beverages,7300.164
301953.0,01,Food and non-alcoholic beverages,3.087
301954.0,01,Food and non-alcoholic beverages,9459.625
301955.0,01,Food and non-alcoholic beverages,27920.54
301956.0,01,Food and non-alcoholic beverages,22419.0
301957.0,01,Food and non-alcoholic beverages,11902.65
301958.0,01,Food and non-alcoholic beverages,13658.25
301959.0,01,Food and non-alcoholic beverages,15311.05
301960.0,01,Food and non-alcoholic beverages,6255.841
301961.0,01,Food and non-alcoholic beverages,31506.331
301962.0,01,Food and non-alcoholic beverages,46202.134
301963.0,01,Food and non-alcoholic beverages,23951.3
301964.0,01,Food and non-alcoholic beverages,4953.779
301965.0,01,Food and non-alcoholic beverages,4303.685
301966.0,01,Food and non-alcoholic beverages,13609.456
301967.0,01,Food and non-alcoholic beverages,2931.208
301968.0,01,Food and non-alcoholic beverages,4128.471
301969.0,01,Food and non-alcoholic beverages,9721.953
301970.0,01,Food and non-alcoholic beverages,11135.555
301971.0,01,Food and non-alcoholic beverages,10350.418
301972.0,01,Food and non-alcoholic beverages,10011.255
301973.0,01,Food and non-alcoholic beverages,12943.0
301974.0,01,Food and non-alcoholic beverages,4851.955
301975.0,01,Food and non-alcoholic beverages,10048.325
301976.0,01,Food and non-alcoholic beverages,4164.504
301977.0,01,Food and non-alcoholic beverages,2331.943
301978.0,01,Food and non-alcoholic beverages,703.047
301979.0,01,Food and non-alcoholic beverages,12904.940999999999
301980.0,01,Food and non-alcoholic beverages,14753.558
301981.0,01,Food and non-alcoholic beverages,14508.264
301982.0,01,Food and non-alcoholic beverages,7173.515
301983.0,01,Food and non-alcoholic beverages,8235.055
301984.0,01,Food and non-alcoholic beverages,42400.0
301985.0,01,Food and non-alcoholic beverages,18855.45
301986.0,01,Food and non-alcoholic beverages,3853.375
301987.0,01,Food and non-alcoholic beverages,38005.403
301988.0,01,Food and non-alcoholic beverages,23155.506
301989.0,01,Food and non-alcoholic beverages,20959.659
301990.0,01,Food and non-alcoholic beverages,10452.801
301991.0,01,Food and non-alcoholic beverages,35700.0
301992.0,01,Food and non-alcoholic beverages,33052.25
301993.0,01,Food and non-alcoholic beverages,2101.775
301994.0,01,Food and non-alcoholic beverages,13801.508
301995.0,01,Food and non-alcoholic beverages,13312.038
301996.0,01,Food and non-alcoholic beverages,5008.213
301997.0,01,Food and non-alcoholic beverages,3459.282
301998.0,01,Food and non-alcoholic beverages,8566.86
301999.0,01,Food and non-alcoholic beverages,7063.7845
302000.0,01,Food and non-alcoholic beverages,15520.175
302001.0,01,Food and non-alcoholic beverages,8202.5
302002.0,01,Food and non-alcoholic beverages,9353.403
302003.0,01,Food and non-alcoholic beverages,7105.806
302004.0,01,Food and non-alcoholic beverages,2658.214
302005.0,01,Food and non-alcoholic beverages,12318.185
302006.0,01,Food and non-alcoholic beverages,4607.686
302007.0,01,Food and non-alcoholic beverages,11051.28
302008.0,01,Food and non-alcoholic beverages,6961.625
302009.0,01,Food and non-alcoholic beverages,19162.114
302010.0,01,Food and non-alcoholic beverages,8307.912
302011.0,01,Food and non-alcoholic beverages,5004.604
302012.0,01,Food and non-alcoholic beverages,30550.4
302013.0,01,Food and non-alcoholic beverages,15176.25
302014.0,01,Food and non-alcoholic beverages,22802.512
302015.0,01,Food and non-alcoholic beverages,16600.83
302016.0,01,Food and non-alcoholic beverages,17384.508
302017.0,01,Food and non-alcoholic beverages,10160.196
302018.0,01,Food and non-alcoholic beverages,21905.387
302019.0,01,Food and non-alcoholic beverages,9351.388
302020.0,01,Food and non-alcoholic beverages,10400.0
302021.0,01,Food and non-alcoholic beverages,5310.255
302022.0,01,Food and non-alcoholic beverages,10705.125
302023.0,01,Food and non-alcoholic beverages,5800.0
302024.0,01,Food and non-alcoholic beverages,65117.073000000004
302025.0,01,Food and non-alcoholic beverages,7805.936
302026.0,01,Food and non-alcoholic beverages,31006.34
302027.0,01,Food and non-alcoholic beverages,35850.508
302028.0,01,Food and non-alcoholic beverages,7106.0
302029.0,01,Food and non-alcoholic beverages,7830.024
302030.0,01,Food and non-alcoholic beverages,5598.262
302031.0,01,Food and non-alcoholic beverages,5148.02
302032.0,01,Food and non-alcoholic beverages,1505.631
302033.0,01,Food and non-alcoholic beverages,10537.55
302034.0,01,Food and non-alcoholic beverages,8060.575
302035.0,01,Food and non-alcoholic beverages,9307.176
302036.0,01,Food and non-alcoholic beverages,2840.027
302037.0,01,Food and non-alcoholic beverages,19121.85
302038.0,01,Food and non-alcoholic beverages,20304.25
302039.0,01,Food and non-alcoholic beverages,5852.263
302040.0,01,Food and non-alcoholic beverages,17364.25
302041.0,01,Food and non-alcoholic beverages,22500.83
302042.0,01,Food and non-alcoholic beverages,23298.303
302043.0,01,Food and non-alcoholic beverages,28075.006999999998
302044.0,01,Food and non-alcoholic beverages,11251.25
302045.0,01,Food and non-alcoholic beverages,17517.229
302046.0,01,Food and non-alcoholic beverages,14050.0
302047.0,01,Food and non-alcoholic beverages,15106.753
302048.0,01,Food and non-alcoholic beverages,10646.878
302049.0,01,Food and non-alcoholic beverages,6823.375
302050.0,01,Food and non-alcoholic beverages,5410.45
302051.0,01,Food and non-alcoholic beverages,12605.139000000001
302052.0,01,Food and non-alcoholic beverages,10578.67
302053.0,01,Food and non-alcoholic beverages,16414.329
302054.0,01,Food and non-alcoholic beverages,19667.447
302055.0,01,Food and non-alcoholic beverages,6323.487999999999
302056.0,01,Food and non-alcoholic beverages,19466.262
302057.0,01,Food and non-alcoholic beverages,3970.642
302058.0,01,Food and non-alcoholic beverages,12061.0
302059.0,01,Food and non-alcoholic beverages,13203.0
302060.0,01,Food and non-alcoholic beverages,21603.975
302061.0,01,Food and non-alcoholic beverages,9496.588
302062.0,01,Food and non-alcoholic beverages,7025.079
302063.0,01,Food and non-alcoholic beverages,11975.098
302064.0,01,Food and non-alcoholic beverages,3714.235
302065.0,01,Food and non-alcoholic beverages,5504.358
302066.0,01,Food and non-alcoholic beverages,3253.011
302067.0,01,Food and non-alcoholic beverages,8024.258
302068.0,01,Food and non-alcoholic beverages,8952.29
302069.0,01,Food and non-alcoholic beverages,14606.95
302070.0,01,Food and non-alcoholic beverages,9566.720000000001
302071.0,01,Food and non-alcoholic beverages,4870.1630000000005
302072.0,01,Food and non-alcoholic beverages,3120.22
302073.0,01,Food and non-alcoholic beverages,3370.9
302074.0,01,Food and non-alcoholic beverages,56403.5
302075.0,01,Food and non-alcoholic beverages,7855.1
302076.0,01,Food and non-alcoholic beverages,2820.95
302077.0,01,Food and non-alcoholic beverages,1456.965
302078.0,01,Food and non-alcoholic beverages,4939.83
302079.0,01,Food and non-alcoholic beverages,9921.014
302080.0,01,Food and non-alcoholic beverages,107.69099999999999
302081.0,01,Food and non-alcoholic beverages,15995.621000000001
302082.0,01,Food and non-alcoholic beverages,19515.651
302083.0,01,Food and non-alcoholic beverages,25467.0
302084.0,01,Food and non-alcoholic beverages,5965.022
302085.0,01,Food and non-alcoholic beverages,5901.625
302086.0,01,Food and non-alcoholic beverages,3630.66
302087.0,01,Food and non-alcoholic beverages,5426.204
302088.0,01,Food and non-alcoholic beverages,2568.0099999999998
302089.0,01,Food and non-alcoholic beverages,17200.525
302090.0,01,Food and non-alcoholic beverages,9257.92
302091.0,01,Food and non-alcoholic beverages,12401.515
302092.0,01,Food and non-alcoholic beverages,8660.485
302093.0,01,Food and non-alcoholic beverages,2616.05
302094.0,01,Food and non-alcoholic beverages,6835.594
302095.0,01,Food and non-alcoholic beverages,13860.0
302096.0,01,Food and non-alcoholic beverages,18087.805
302097.0,01,Food and non-alcoholic beverages,5885.425
302098.0,01,Food and non-alcoholic beverages,250.0
302099.0,01,Food and non-alcoholic beverages,4923.307
302100.0,01,Food and non-alcoholic beverages,12250.786
302101.0,01,Food and non-alcoholic beverages,3293.253
302102.0,01,Food and non-alcoholic beverages,10865.162
302103.0,01,Food and non-alcoholic beverages,12250.0
302104.0,01,Food and non-alcoholic beverages,3520.48
302105.0,01,Food and non-alcoholic beverages,11013.39
302106.0,01,Food and non-alcoholic beverages,4181.437
302107.0,01,Food and non-alcoholic beverages,22852.09
302108.0,01,Food and non-alcoholic beverages,2355.947
302109.0,01,Food and non-alcoholic beverages,5819.429
302110.0,01,Food and non-alcoholic beverages,13658.0
302111.0,01,Food and non-alcoholic beverages,11682.751
302112.0,01,Food and non-alcoholic beverages,5577.837
302113.0,01,Food and non-alcoholic beverages,5913.61
302114.0,01,Food and non-alcoholic beverages,10567.774
302115.0,01,Food and non-alcoholic beverages,30119.235
302116.0,01,Food and non-alcoholic beverages,5523.182
302117.0,01,Food and non-alcoholic beverages,18602.579
302118.0,01,Food and non-alcoholic beverages,11160.018
302119.0,01,Food and non-alcoholic beverages,4302.75
302120.0,01,Food and non-alcoholic beverages,17750.0
302121.0,01,Food and non-alcoholic beverages,6700.0
302122.0,01,Food and non-alcoholic beverages,4505.4
302123.0,01,Food and non-alcoholic beverages,6754.805
302124.0,01,Food and non-alcoholic beverages,9617.09
302125.0,01,Food and non-alcoholic beverages,7480.297
302126.0,01,Food and non-alcoholic beverages,16068.148
302127.0,01,Food and non-alcoholic beverages,6663.602
302128.0,01,Food and non-alcoholic beverages,7861.86
302129.0,01,Food and non-alcoholic beverages,13578.152
302130.0,01,Food and non-alcoholic beverages,1325.875
302131.0,01,Food and non-alcoholic beverages,4921.18
302132.0,01,Food and non-alcoholic beverages,6072.97
302133.0,01,Food and non-alcoholic beverages,10951.93
302134.0,01,Food and non-alcoholic beverages,5619.312
302135.0,01,Food and non-alcoholic beverages,4725.687
302136.0,01,Food and non-alcoholic beverages,1654.75
302137.0,01,Food and non-alcoholic beverages,15303.625
302138.0,01,Food and non-alcoholic beverages,12951.25
302139.0,01,Food and non-alcoholic beverages,19259.07
302140.0,01,Food and non-alcoholic beverages,5665.06
302141.0,01,Food and non-alcoholic beverages,6502.5
302142.0,01,Food and non-alcoholic beverages,11754.489
302143.0,01,Food and non-alcoholic beverages,3706.4880000000003
302144.0,01,Food and non-alcoholic beverages,13715.85
302145.0,01,Food and non-alcoholic beverages,7957.48
302146.0,01,Food and non-alcoholic beverages,7308.375
302147.0,01,Food and non-alcoholic beverages,9935.125
302148.0,01,Food and non-alcoholic beverages,3000.03
302149.0,01,Food and non-alcoholic beverages,4966.946
302150.0,01,Food and non-alcoholic beverages,11771.18
302151.0,01,Food and non-alcoholic beverages,12527.27
302152.0,01,Food and non-alcoholic beverages,4912.136
302153.0,01,Food and non-alcoholic beverages,3662.319
302154.0,01,Food and non-alcoholic beverages,6113.2315
302155.0,01,Food and non-alcoholic beverages,2924.8559999999998
302156.0,01,Food and non-alcoholic beverages,4021.58
302157.0,01,Food and non-alcoholic beverages,1513.701
302158.0,01,Food and non-alcoholic beverages,10178.177
302159.0,01,Food and non-alcoholic beverages,5975.831
302160.0,01,Food and non-alcoholic beverages,14756.4
302161.0,01,Food and non-alcoholic beverages,5404.8
302162.0,01,Food and non-alcoholic beverages,15721.485
302163.0,01,Food and non-alcoholic beverages,903.35
302164.0,01,Food and non-alcoholic beverages,4455.78
302165.0,01,Food and non-alcoholic beverages,6801.0
302166.0,01,Food and non-alcoholic beverages,13003.844
302167.0,01,Food and non-alcoholic beverages,8153.47
302168.0,01,Food and non-alcoholic beverages,4474.578
302169.0,01,Food and non-alcoholic beverages,14838.8
302170.0,01,Food and non-alcoholic beverages,13033.797
302171.0,01,Food and non-alcoholic beverages,6550.125
302172.0,01,Food and non-alcoholic beverages,22212.75
302173.0,01,Food and non-alcoholic beverages,4701.258
302174.0,01,Food and non-alcoholic beverages,408.009
302175.0,01,Food and non-alcoholic beverages,11107.22
302176.0,01,Food and non-alcoholic beverages,5055.0
302177.0,01,Food and non-alcoholic beverages,5100.479
302178.0,01,Food and non-alcoholic beverages,10869.495
302179.0,01,Food and non-alcoholic beverages,3853.4
302180.0,01,Food and non-alcoholic beverages,2159.21
302181.0,01,Food and non-alcoholic beverages,10756.625
302182.0,01,Food and non-alcoholic beverages,11127.8
302183.0,01,Food and non-alcoholic beverages,2430.25
302184.0,01,Food and non-alcoholic beverages,7331.133
302185.0,01,Food and non-alcoholic beverages,19219.914
302186.0,01,Food and non-alcoholic beverages,3448.41
302187.0,01,Food and non-alcoholic beverages,4108.7919999999995
302188.0,01,Food and non-alcoholic beverages,4882.927
302189.0,01,Food and non-alcoholic beverages,3870.504
302190.0,01,Food and non-alcoholic beverages,11616.837
302191.0,01,Food and non-alcoholic beverages,2801.631
302192.0,01,Food and non-alcoholic beverages,5270.897
302193.0,01,Food and non-alcoholic beverages,159.1
302194.0,01,Food and non-alcoholic beverages,1059.62
302195.0,01,Food and non-alcoholic beverages,12253.28
302196.0,01,Food and non-alcoholic beverages,3184.651
302197.0,01,Food and non-alcoholic beverages,13658.67
302198.0,01,Food and non-alcoholic beverages,7364.205
302199.0,01,Food and non-alcoholic beverages,4534.947
302200.0,01,Food and non-alcoholic beverages,3558.375
302201.0,01,Food and non-alcoholic beverages,14617.785
302202.0,01,Food and non-alcoholic beverages,23.625
302203.0,01,Food and non-alcoholic beverages,17480.835
302204.0,01,Food and non-alcoholic beverages,2260.546
302205.0,01,Food and non-alcoholic beverages,7432.658
302206.0,01,Food and non-alcoholic beverages,2704.147
302207.0,01,Food and non-alcoholic beverages,8655.845
302208.0,01,Food and non-alcoholic beverages,3322.825
302209.0,01,Food and non-alcoholic beverages,7562.215
302210.0,01,Food and non-alcoholic beverages,9913.662
302211.0,01,Food and non-alcoholic beverages,5466.53
302212.0,01,Food and non-alcoholic beverages,9085.794
302213.0,01,Food and non-alcoholic beverages,7834.92
302214.0,01,Food and non-alcoholic beverages,9724.880000000001
302215.0,01,Food and non-alcoholic beverages,6825.2300000000005
302216.0,01,Food and non-alcoholic beverages,5406.77
302217.0,01,Food and non-alcoholic beverages,7003.73
302218.0,01,Food and non-alcoholic beverages,4070.4
302219.0,01,Food and non-alcoholic beverages,40844.75
302220.0,01,Food and non-alcoholic beverages,8275.66
302221.0,01,Food and non-alcoholic beverages,8000.0
302222.0,01,Food and non-alcoholic beverages,4647.5
302223.0,01,Food and non-alcoholic beverages,7057.875
302224.0,01,Food and non-alcoholic beverages,4947.5199999999995
302225.0,01,Food and non-alcoholic beverages,1214.656
302226.0,01,Food and non-alcoholic beverages,2113.067
302227.0,01,Food and non-alcoholic beverages,3801.001
302228.0,01,Food and non-alcoholic beverages,12100.254
302229.0,01,Food and non-alcoholic beverages,15781.0
302230.0,01,Food and non-alcoholic beverages,14404.75
302231.0,01,Food and non-alcoholic beverages,8858.425
302232.0,01,Food and non-alcoholic beverages,2050.5
302233.0,01,Food and non-alcoholic beverages,553.063
302234.0,01,Food and non-alcoholic beverages,9803.95
302235.0,01,Food and non-alcoholic beverages,1763.21
302236.0,01,Food and non-alcoholic beverages,37563.02
302237.0,01,Food and non-alcoholic beverages,4655.17
302238.0,01,Food and non-alcoholic beverages,24650.96
302239.0,01,Food and non-alcoholic beverages,5200.8
302240.0,01,Food and non-alcoholic beverages,16410.9
302241.0,01,Food and non-alcoholic beverages,19001.9
302242.0,01,Food and non-alcoholic beverages,12051.557
302243.0,01,Food and non-alcoholic beverages,91550.0
302244.0,01,Food and non-alcoholic beverages,8650.0
302245.0,01,Food and non-alcoholic beverages,10917.824999999999
302246.0,01,Food and non-alcoholic beverages,3627.6
302247.0,01,Food and non-alcoholic beverages,4185.425
302248.0,01,Food and non-alcoholic beverages,8883.5
302249.0,01,Food and non-alcoholic beverages,1637.845
302250.0,01,Food and non-alcoholic beverages,3328.15
302251.0,01,Food and non-alcoholic beverages,4565.781
302252.0,01,Food and non-alcoholic beverages,10804.380000000001
302253.0,01,Food and non-alcoholic beverages,9404.14
302254.0,01,Food and non-alcoholic beverages,15553.25
302255.0,01,Food and non-alcoholic beverages,2511.5
302256.0,01,Food and non-alcoholic beverages,6726.83
302257.0,01,Food and non-alcoholic beverages,4255.953
302258.0,01,Food and non-alcoholic beverages,10909.283
302259.0,01,Food and non-alcoholic beverages,8970.065
302260.0,01,Food and non-alcoholic beverages,9362.68
302261.0,01,Food and non-alcoholic beverages,4730.762
302262.0,01,Food and non-alcoholic beverages,12653.28
302263.0,01,Food and non-alcoholic beverages,11704.5
302264.0,01,Food and non-alcoholic beverages,1950.5
302265.0,01,Food and non-alcoholic beverages,4686.781
302266.0,01,Food and non-alcoholic beverages,7168.506
302267.0,01,Food and non-alcoholic beverages,3108.5
302268.0,01,Food and non-alcoholic beverages,3564.084
302269.0,01,Food and non-alcoholic beverages,4509.21
302270.0,01,Food and non-alcoholic beverages,15171.987
302271.0,01,Food and non-alcoholic beverages,1110.916
302272.0,01,Food and non-alcoholic beverages,2908.775
302273.0,01,Food and non-alcoholic beverages,2136.65
302274.0,01,Food and non-alcoholic beverages,11550.005
302275.0,01,Food and non-alcoholic beverages,3552.3
302276.0,01,Food and non-alcoholic beverages,6377.8
302277.0,01,Food and non-alcoholic beverages,11530.26
302278.0,01,Food and non-alcoholic beverages,9514.344
302279.0,01,Food and non-alcoholic beverages,4319.37
302280.0,01,Food and non-alcoholic beverages,6853.855
302281.0,01,Food and non-alcoholic beverages,10765.155
302282.0,01,Food and non-alcoholic beverages,912.875
302283.0,01,Food and non-alcoholic beverages,7170.653
302284.0,01,Food and non-alcoholic beverages,3903.9
302285.0,01,Food and non-alcoholic beverages,2215.922
302286.0,01,Food and non-alcoholic beverages,3347.654
302287.0,01,Food and non-alcoholic beverages,1453.266
302288.0,01,Food and non-alcoholic beverages,3031.88
302289.0,01,Food and non-alcoholic beverages,6957.0
302290.0,01,Food and non-alcoholic beverages,14703.0
302291.0,01,Food and non-alcoholic beverages,78954.0
302292.0,01,Food and non-alcoholic beverages,8380.0
302293.0,01,Food and non-alcoholic beverages,20100.0
302294.0,01,Food and non-alcoholic beverages,69403.95
302295.0,01,Food and non-alcoholic beverages,56355.0
302296.0,01,Food and non-alcoholic beverages,6951.7
302297.0,01,Food and non-alcoholic beverages,12500.47
302298.0,01,Food and non-alcoholic beverages,12151.0
302299.0,01,Food and non-alcoholic beverages,6833.7
302300.0,01,Food and non-alcoholic beverages,9663.626
302301.0,01,Food and non-alcoholic beverages,6300.0
302302.0,01,Food and non-alcoholic beverages,7102.5
302303.0,01,Food and non-alcoholic beverages,1166.53
302304.0,01,Food and non-alcoholic beverages,6376.0
302305.0,01,Food and non-alcoholic beverages,6117.2
302306.0,01,Food and non-alcoholic beverages,4950.0
302307.0,01,Food and non-alcoholic beverages,11800.0
302308.0,01,Food and non-alcoholic beverages,9501.45
302309.0,01,Food and non-alcoholic beverages,9241.55
302310.0,01,Food and non-alcoholic beverages,5018.2
302311.0,01,Food and non-alcoholic beverages,15052.905
302312.0,01,Food and non-alcoholic beverages,6146.267
302313.0,01,Food and non-alcoholic beverages,9966.4
302314.0,01,Food and non-alcoholic beverages,8931.736
302315.0,01,Food and non-alcoholic beverages,420.283
302316.0,01,Food and non-alcoholic beverages,4935.51
302317.0,01,Food and non-alcoholic beverages,9204.6
302318.0,01,Food and non-alcoholic beverages,9771.3
302319.0,01,Food and non-alcoholic beverages,9135.917
302320.0,01,Food and non-alcoholic beverages,7804.75
302321.0,01,Food and non-alcoholic beverages,5822.43
302322.0,01,Food and non-alcoholic beverages,6363.32
302323.0,01,Food and non-alcoholic beverages,1553.01
302324.0,01,Food and non-alcoholic beverages,8616.5
302325.0,01,Food and non-alcoholic beverages,10900.46
302326.0,01,Food and non-alcoholic beverages,5350.3
302327.0,01,Food and non-alcoholic beverages,11065.964
302328.0,01,Food and non-alcoholic beverages,10200.0
302329.0,01,Food and non-alcoholic beverages,9500.77
302330.0,01,Food and non-alcoholic beverages,11331.758
302331.0,01,Food and non-alcoholic beverages,10321.98
302332.0,01,Food and non-alcoholic beverages,17871.887
302333.0,01,Food and non-alcoholic beverages,3456.59
302334.0,01,Food and non-alcoholic beverages,12700.0
302335.0,01,Food and non-alcoholic beverages,5331.235
302336.0,01,Food and non-alcoholic beverages,7400.0
302337.0,01,Food and non-alcoholic beverages,4711.47
302338.0,01,Food and non-alcoholic beverages,36960.0
302339.0,01,Food and non-alcoholic beverages,9551.5
302340.0,01,Food and non-alcoholic beverages,6950.0
302341.0,01,Food and non-alcoholic beverages,1901.0
302342.0,01,Food and non-alcoholic beverages,1553.25
302343.0,01,Food and non-alcoholic beverages,13788.165
302344.0,01,Food and non-alcoholic beverages,1529.21
302345.0,01,Food and non-alcoholic beverages,4924.3
302346.0,01,Food and non-alcoholic beverages,5924.75
302347.0,01,Food and non-alcoholic beverages,6200.392
302348.0,01,Food and non-alcoholic beverages,2006.611
302349.0,01,Food and non-alcoholic beverages,3342.83
302350.0,01,Food and non-alcoholic beverages,10900.0
302351.0,01,Food and non-alcoholic beverages,10947.71
302352.0,01,Food and non-alcoholic beverages,3522.091
302353.0,01,Food and non-alcoholic beverages,417.5
302354.0,01,Food and non-alcoholic beverages,3662.291
302355.0,01,Food and non-alcoholic beverages,10501.5
302356.0,01,Food and non-alcoholic beverages,12215.9
302357.0,01,Food and non-alcoholic beverages,2650.86
302358.0,01,Food and non-alcoholic beverages,2203.9
302359.0,01,Food and non-alcoholic beverages,11150.5
302360.0,01,Food and non-alcoholic beverages,8600.0
302361.0,01,Food and non-alcoholic beverages,5625.275
302362.0,01,Food and non-alcoholic beverages,3468.0
302363.0,01,Food and non-alcoholic beverages,1657.625
302364.0,01,Food and non-alcoholic beverages,618.0
302365.0,01,Food and non-alcoholic beverages,1607.92
302366.0,01,Food and non-alcoholic beverages,6112.0
302367.0,01,Food and non-alcoholic beverages,12340.406
302368.0,01,Food and non-alcoholic beverages,18731.0
302369.0,01,Food and non-alcoholic beverages,12900.38
302370.0,01,Food and non-alcoholic beverages,7816.12
302371.0,01,Food and non-alcoholic beverages,3413.5
302372.0,01,Food and non-alcoholic beverages,3134.375
302373.0,01,Food and non-alcoholic beverages,22015.0
302374.0,01,Food and non-alcoholic beverages,9900.0
302375.0,01,Food and non-alcoholic beverages,2500.0
302376.0,01,Food and non-alcoholic beverages,4600.0
302377.0,01,Food and non-alcoholic beverages,10161.5
302378.0,01,Food and non-alcoholic beverages,6724.33
302379.0,01,Food and non-alcoholic beverages,48650.0
302380.0,01,Food and non-alcoholic beverages,815.125
302381.0,01,Food and non-alcoholic beverages,1314.5
302382.0,01,Food and non-alcoholic beverages,500.0
302383.0,01,Food and non-alcoholic beverages,2411.51
302384.0,01,Food and non-alcoholic beverages,13640.73
302385.0,01,Food and non-alcoholic beverages,6522.258
302386.0,01,Food and non-alcoholic beverages,6570.4
302387.0,01,Food and non-alcoholic beverages,11565.776
302388.0,01,Food and non-alcoholic beverages,13557.267
302389.0,01,Food and non-alcoholic beverages,6500.25
302390.0,01,Food and non-alcoholic beverages,9068.25
302391.0,01,Food and non-alcoholic beverages,14550.0
302392.0,01,Food and non-alcoholic beverages,9650.375
302393.0,01,Food and non-alcoholic beverages,13702.0
302394.0,01,Food and non-alcoholic beverages,28.465
302395.0,01,Food and non-alcoholic beverages,39061.95
302396.0,01,Food and non-alcoholic beverages,21284.18
302397.0,01,Food and non-alcoholic beverages,14000.0
302398.0,01,Food and non-alcoholic beverages,3066.5
302399.0,01,Food and non-alcoholic beverages,2017.5
302400.0,01,Food and non-alcoholic beverages,3803.695
302401.0,01,Food and non-alcoholic beverages,6959.0
302402.0,01,Food and non-alcoholic beverages,1103.7
302403.0,01,Food and non-alcoholic beverages,3717.405
302404.0,01,Food and non-alcoholic beverages,9200.0
302405.0,01,Food and non-alcoholic beverages,2000.0
302406.0,01,Food and non-alcoholic beverages,2500.0
302407.0,01,Food and non-alcoholic beverages,3788.001
302408.0,01,Food and non-alcoholic beverages,3601.0
302409.0,01,Food and non-alcoholic beverages,9500.0
302410.0,01,Food and non-alcoholic beverages,9800.85
302411.0,01,Food and non-alcoholic beverages,6401.0
302412.0,01,Food and non-alcoholic beverages,2000.0
302413.0,01,Food and non-alcoholic beverages,6604.0
302414.0,01,Food and non-alcoholic beverages,10603.848
302415.0,01,Food and non-alcoholic beverages,14004.5
302416.0,01,Food and non-alcoholic beverages,11764.0
302417.0,01,Food and non-alcoholic beverages,8005.5
302418.0,01,Food and non-alcoholic beverages,2203.8
302419.0,01,Food and non-alcoholic beverages,4277.92
302420.0,01,Food and non-alcoholic beverages,16705.575
302421.0,01,Food and non-alcoholic beverages,9426.0
302422.0,01,Food and non-alcoholic beverages,7954.0
302423.0,01,Food and non-alcoholic beverages,3402.0
302424.0,01,Food and non-alcoholic beverages,1700.0
302425.0,01,Food and non-alcoholic beverages,7173.955
302426.0,01,Food and non-alcoholic beverages,5102.6
302427.0,01,Food and non-alcoholic beverages,811.5
302428.0,01,Food and non-alcoholic beverages,4960.879
302429.0,01,Food and non-alcoholic beverages,6259.25
302430.0,01,Food and non-alcoholic beverages,8408.005
302431.0,01,Food and non-alcoholic beverages,2710.81
302432.0,01,Food and non-alcoholic beverages,23820.4901
302433.0,01,Food and non-alcoholic beverages,3242.774
302434.0,01,Food and non-alcoholic beverages,8406.895
302435.0,01,Food and non-alcoholic beverages,30807.6635
302436.0,01,Food and non-alcoholic beverages,13715.602
302437.0,01,Food and non-alcoholic beverages,6914.29
302438.0,01,Food and non-alcoholic beverages,4516.782
302439.0,01,Food and non-alcoholic beverages,3907.8038
302440.0,01,Food and non-alcoholic beverages,6558.7119999999995
302441.0,01,Food and non-alcoholic beverages,408.71000000000004
302442.0,01,Food and non-alcoholic beverages,9870.2501
302443.0,01,Food and non-alcoholic beverages,17153.77
302444.0,01,Food and non-alcoholic beverages,17751.37
302445.0,01,Food and non-alcoholic beverages,21483.190000000002
302446.0,01,Food and non-alcoholic beverages,10559.21
302447.0,01,Food and non-alcoholic beverages,27856.5
302448.0,01,Food and non-alcoholic beverages,6513.45
302449.0,01,Food and non-alcoholic beverages,17976.25
302450.0,01,Food and non-alcoholic beverages,6266.37
302451.0,01,Food and non-alcoholic beverages,9855.221
302452.0,01,Food and non-alcoholic beverages,7826.033
302453.0,01,Food and non-alcoholic beverages,7101.5
302454.0,01,Food and non-alcoholic beverages,6995.043
302455.0,01,Food and non-alcoholic beverages,8273.746
302456.0,01,Food and non-alcoholic beverages,10027.252
302457.0,01,Food and non-alcoholic beverages,8658.3
302458.0,01,Food and non-alcoholic beverages,13601.381
302459.0,01,Food and non-alcoholic beverages,9210.71
302460.0,01,Food and non-alcoholic beverages,5611.5
302461.0,01,Food and non-alcoholic beverages,4051.225
302462.0,01,Food and non-alcoholic beverages,3026.969
302463.0,01,Food and non-alcoholic beverages,4382.7665
302464.0,01,Food and non-alcoholic beverages,4200.641
302465.0,01,Food and non-alcoholic beverages,10417.288
302466.0,01,Food and non-alcoholic beverages,14623.5
302467.0,01,Food and non-alcoholic beverages,9163.5
302468.0,01,Food and non-alcoholic beverages,5513.454
302469.0,01,Food and non-alcoholic beverages,29331.375
302470.0,01,Food and non-alcoholic beverages,9917.825
302471.0,01,Food and non-alcoholic beverages,15177.592
302472.0,01,Food and non-alcoholic beverages,15554.758
302473.0,01,Food and non-alcoholic beverages,9715.5
302474.0,01,Food and non-alcoholic beverages,9160.625
302475.0,01,Food and non-alcoholic beverages,8941.55
302476.0,01,Food and non-alcoholic beverages,6355.25
302477.0,01,Food and non-alcoholic beverages,10328.34
302478.0,01,Food and non-alcoholic beverages,20130.202
302479.0,01,Food and non-alcoholic beverages,2060.87
302480.0,01,Food and non-alcoholic beverages,3406.33
302481.0,01,Food and non-alcoholic beverages,6575.52
302482.0,01,Food and non-alcoholic beverages,8671.75
302483.0,01,Food and non-alcoholic beverages,7012.0
302484.0,01,Food and non-alcoholic beverages,9818.52
302485.0,01,Food and non-alcoholic beverages,10213.532
302486.0,01,Food and non-alcoholic beverages,14581.618
302487.0,01,Food and non-alcoholic beverages,14026.579
302488.0,01,Food and non-alcoholic beverages,9861.801
302489.0,01,Food and non-alcoholic beverages,1823.0
302490.0,01,Food and non-alcoholic beverages,16670.3353
302491.0,01,Food and non-alcoholic beverages,11069.147
302492.0,01,Food and non-alcoholic beverages,30307.408
302493.0,01,Food and non-alcoholic beverages,10700.981
302494.0,01,Food and non-alcoholic beverages,9521.395
302495.0,01,Food and non-alcoholic beverages,9411.033
302496.0,01,Food and non-alcoholic beverages,15708.575
302497.0,01,Food and non-alcoholic beverages,7068.75
302498.0,01,Food and non-alcoholic beverages,3064.413
302499.0,01,Food and non-alcoholic beverages,7706.764
302500.0,01,Food and non-alcoholic beverages,2640.0
302501.0,01,Food and non-alcoholic beverages,8146.431
302502.0,01,Food and non-alcoholic beverages,8872.382
302503.0,01,Food and non-alcoholic beverages,9660.426
302504.0,01,Food and non-alcoholic beverages,4553.76
302505.0,01,Food and non-alcoholic beverages,3302.225
302506.0,01,Food and non-alcoholic beverages,13992.836
302507.0,01,Food and non-alcoholic beverages,6714.38
302508.0,01,Food and non-alcoholic beverages,14812.52
302509.0,01,Food and non-alcoholic beverages,8851.961
302510.0,01,Food and non-alcoholic beverages,6445.628
302511.0,01,Food and non-alcoholic beverages,6209.78
302512.0,01,Food and non-alcoholic beverages,8764.5411
302513.0,01,Food and non-alcoholic beverages,8623.5
302514.0,01,Food and non-alcoholic beverages,9721.971
302515.0,01,Food and non-alcoholic beverages,24957.814
302516.0,01,Food and non-alcoholic beverages,7008.2344
302517.0,01,Food and non-alcoholic beverages,10815.8933
302518.0,01,Food and non-alcoholic beverages,22073.067
302519.0,01,Food and non-alcoholic beverages,1310.946
302520.0,01,Food and non-alcoholic beverages,4506.432
302521.0,01,Food and non-alcoholic beverages,8770.54
302522.0,01,Food and non-alcoholic beverages,14863.0625
302523.0,01,Food and non-alcoholic beverages,607.386
302524.0,01,Food and non-alcoholic beverages,22623.217
302525.0,01,Food and non-alcoholic beverages,13112.472600000001
302526.0,01,Food and non-alcoholic beverages,6612.4821
302527.0,01,Food and non-alcoholic beverages,912.303
302528.0,01,Food and non-alcoholic beverages,3205.8
302529.0,01,Food and non-alcoholic beverages,10762.092
302530.0,01,Food and non-alcoholic beverages,5615.5
302531.0,01,Food and non-alcoholic beverages,5700.0
302532.0,01,Food and non-alcoholic beverages,8010.711
302533.0,01,Food and non-alcoholic beverages,710.899
302534.0,01,Food and non-alcoholic beverages,8872.52
302535.0,01,Food and non-alcoholic beverages,8291.128
302536.0,01,Food and non-alcoholic beverages,1963.584
302537.0,01,Food and non-alcoholic beverages,10515.036
302538.0,01,Food and non-alcoholic beverages,6522.595
302539.0,01,Food and non-alcoholic beverages,8676.312
302540.0,01,Food and non-alcoholic beverages,10980.022
302541.0,01,Food and non-alcoholic beverages,10357.335
302542.0,01,Food and non-alcoholic beverages,17370.83
302543.0,01,Food and non-alcoholic beverages,3883.846
302544.0,01,Food and non-alcoholic beverages,26900.0
302545.0,01,Food and non-alcoholic beverages,12020.375
302546.0,01,Food and non-alcoholic beverages,10996.0
302547.0,01,Food and non-alcoholic beverages,13603.375
302548.0,01,Food and non-alcoholic beverages,7649.504
302549.0,01,Food and non-alcoholic beverages,8157.535
302550.0,01,Food and non-alcoholic beverages,10779.0
302551.0,01,Food and non-alcoholic beverages,12683.839
302552.0,01,Food and non-alcoholic beverages,6720.874
302553.0,01,Food and non-alcoholic beverages,1977.075
302554.0,01,Food and non-alcoholic beverages,5236.1309
302555.0,01,Food and non-alcoholic beverages,15942.0
302556.0,01,Food and non-alcoholic beverages,38029.879
302557.0,01,Food and non-alcoholic beverages,9685.255
302558.0,01,Food and non-alcoholic beverages,8567.643
302559.0,01,Food and non-alcoholic beverages,6536.9094000000005
302560.0,01,Food and non-alcoholic beverages,8455.009
302561.0,01,Food and non-alcoholic beverages,11025.453
302562.0,01,Food and non-alcoholic beverages,54897.8725
302563.0,01,Food and non-alcoholic beverages,17678.566
302564.0,01,Food and non-alcoholic beverages,3862.602
302565.0,01,Food and non-alcoholic beverages,9898.0012
302566.0,01,Food and non-alcoholic beverages,12298.331
302567.0,01,Food and non-alcoholic beverages,8965.1
302568.0,01,Food and non-alcoholic beverages,10610.708
302569.0,01,Food and non-alcoholic beverages,9853.72
302570.0,01,Food and non-alcoholic beverages,7805.585
302571.0,01,Food and non-alcoholic beverages,5824.808
302572.0,01,Food and non-alcoholic beverages,6784.747
302573.0,01,Food and non-alcoholic beverages,9656.0822
302574.0,01,Food and non-alcoholic beverages,355.25
302575.0,01,Food and non-alcoholic beverages,1864.002
302576.0,01,Food and non-alcoholic beverages,4258.619
302577.0,01,Food and non-alcoholic beverages,6259.6332
302578.0,01,Food and non-alcoholic beverages,10460.986
302579.0,01,Food and non-alcoholic beverages,13243.0514
302580.0,01,Food and non-alcoholic beverages,6077.9359
302581.0,01,Food and non-alcoholic beverages,2562.6800000000003
302582.0,01,Food and non-alcoholic beverages,5117.291
302583.0,01,Food and non-alcoholic beverages,16301.427
302584.0,01,Food and non-alcoholic beverages,25652.712
302585.0,01,Food and non-alcoholic beverages,10151.5
302586.0,01,Food and non-alcoholic beverages,30432.6822
302587.0,01,Food and non-alcoholic beverages,2250.003
302588.0,01,Food and non-alcoholic beverages,7010.575
302589.0,01,Food and non-alcoholic beverages,14000.6611
302590.0,01,Food and non-alcoholic beverages,6559.334
302591.0,01,Food and non-alcoholic beverages,9746.979
302592.0,01,Food and non-alcoholic beverages,2953.918
302593.0,01,Food and non-alcoholic beverages,24773.847999999998
302594.0,01,Food and non-alcoholic beverages,7269.733
302595.0,01,Food and non-alcoholic beverages,6714.428000000001
302596.0,01,Food and non-alcoholic beverages,6159.55
302597.0,01,Food and non-alcoholic beverages,5704.4994
302598.0,01,Food and non-alcoholic beverages,7359.877
302599.0,01,Food and non-alcoholic beverages,18574.962
302600.0,01,Food and non-alcoholic beverages,10210.344
302601.0,01,Food and non-alcoholic beverages,363.214
302602.0,01,Food and non-alcoholic beverages,5307.848
302603.0,01,Food and non-alcoholic beverages,28700.0
302604.0,01,Food and non-alcoholic beverages,24758.326
302605.0,01,Food and non-alcoholic beverages,6356.283
302606.0,01,Food and non-alcoholic beverages,17420.906
302607.0,01,Food and non-alcoholic beverages,3156.7705
302608.0,01,Food and non-alcoholic beverages,13361.011
302609.0,01,Food and non-alcoholic beverages,9321.412
302610.0,01,Food and non-alcoholic beverages,5472.798
302611.0,01,Food and non-alcoholic beverages,7073.125
302612.0,01,Food and non-alcoholic beverages,8249.018
302613.0,01,Food and non-alcoholic beverages,10376.3425
302614.0,01,Food and non-alcoholic beverages,19733.6029
302615.0,01,Food and non-alcoholic beverages,17453.216800000002
302616.0,01,Food and non-alcoholic beverages,4342.794
302617.0,01,Food and non-alcoholic beverages,21764.827
302618.0,01,Food and non-alcoholic beverages,18066.336
302619.0,01,Food and non-alcoholic beverages,2250.0
302620.0,01,Food and non-alcoholic beverages,11352.291
302621.0,01,Food and non-alcoholic beverages,3268.2638
302622.0,01,Food and non-alcoholic beverages,19923.9958
302623.0,01,Food and non-alcoholic beverages,4303.143
302624.0,01,Food and non-alcoholic beverages,10542.0
302625.0,01,Food and non-alcoholic beverages,4562.46
302626.0,01,Food and non-alcoholic beverages,34502.711500000005
302627.0,01,Food and non-alcoholic beverages,12961.387
302628.0,01,Food and non-alcoholic beverages,3469.0025
302629.0,01,Food and non-alcoholic beverages,9721.712
302630.0,01,Food and non-alcoholic beverages,7768.215999999999
302631.0,01,Food and non-alcoholic beverages,7516.655
302632.0,01,Food and non-alcoholic beverages,3709.31
302633.0,01,Food and non-alcoholic beverages,12850.0
302634.0,01,Food and non-alcoholic beverages,12125.575
302635.0,01,Food and non-alcoholic beverages,6919.0625
302636.0,01,Food and non-alcoholic beverages,1656.92
302637.0,01,Food and non-alcoholic beverages,14660.8819
302638.0,01,Food and non-alcoholic beverages,3751.252
302639.0,01,Food and non-alcoholic beverages,3002.5
302640.0,01,Food and non-alcoholic beverages,5243.252
302641.0,01,Food and non-alcoholic beverages,10914.964
302642.0,01,Food and non-alcoholic beverages,3572.725
302643.0,01,Food and non-alcoholic beverages,4806.1
302644.0,01,Food and non-alcoholic beverages,4315.8
302645.0,01,Food and non-alcoholic beverages,2907.4
302646.0,01,Food and non-alcoholic beverages,4003.36
302647.0,01,Food and non-alcoholic beverages,1825.135
302648.0,01,Food and non-alcoholic beverages,4210.166
302649.0,01,Food and non-alcoholic beverages,3126.596
302650.0,01,Food and non-alcoholic beverages,9670.3994
302651.0,01,Food and non-alcoholic beverages,13602.3282
302652.0,01,Food and non-alcoholic beverages,8902.0748
302653.0,01,Food and non-alcoholic beverages,2811.959
302654.0,01,Food and non-alcoholic beverages,32356.325
302655.0,01,Food and non-alcoholic beverages,6214.55
302656.0,01,Food and non-alcoholic beverages,4104.924
302657.0,01,Food and non-alcoholic beverages,5122.294
302658.0,01,Food and non-alcoholic beverages,4110.578
302659.0,01,Food and non-alcoholic beverages,15858.219
302660.0,01,Food and non-alcoholic beverages,6206.756
302661.0,01,Food and non-alcoholic beverages,490.025
302662.0,01,Food and non-alcoholic beverages,5857.188
302663.0,01,Food and non-alcoholic beverages,22494.1604
302664.0,01,Food and non-alcoholic beverages,1918.1547
302665.0,01,Food and non-alcoholic beverages,5471.625
302666.0,01,Food and non-alcoholic beverages,5820.295
302667.0,01,Food and non-alcoholic beverages,6914.522
302668.0,01,Food and non-alcoholic beverages,10251.75
302669.0,01,Food and non-alcoholic beverages,1164.36
302670.0,01,Food and non-alcoholic beverages,4751.0
302671.0,01,Food and non-alcoholic beverages,1621.257
302672.0,01,Food and non-alcoholic beverages,4128.795
302673.0,01,Food and non-alcoholic beverages,13039.594
302674.0,01,Food and non-alcoholic beverages,7482.241
302675.0,01,Food and non-alcoholic beverages,1821.075
302676.0,01,Food and non-alcoholic beverages,10383.034
302677.0,01,Food and non-alcoholic beverages,4909.864
302678.0,01,Food and non-alcoholic beverages,4473.526
302679.0,01,Food and non-alcoholic beverages,1445.634
302680.0,01,Food and non-alcoholic beverages,3076.15
302681.0,01,Food and non-alcoholic beverages,395.5
302682.0,01,Food and non-alcoholic beverages,2032.425
302683.0,01,Food and non-alcoholic beverages,470.741
302684.0,01,Food and non-alcoholic beverages,6611.664
302685.0,01,Food and non-alcoholic beverages,2224.645
302686.0,01,Food and non-alcoholic beverages,4325.007
302687.0,01,Food and non-alcoholic beverages,2726.556
302688.0,01,Food and non-alcoholic beverages,10859.681
302689.0,01,Food and non-alcoholic beverages,1717.0
302690.0,01,Food and non-alcoholic beverages,16500.1
302691.0,01,Food and non-alcoholic beverages,3426.825
302692.0,01,Food and non-alcoholic beverages,4833.2
302693.0,01,Food and non-alcoholic beverages,10578.715
302694.0,01,Food and non-alcoholic beverages,2125.206
302695.0,01,Food and non-alcoholic beverages,5409.3513
302696.0,01,Food and non-alcoholic beverages,3162.55
302697.0,01,Food and non-alcoholic beverages,3113.036
302698.0,01,Food and non-alcoholic beverages,4072.622
302699.0,01,Food and non-alcoholic beverages,7686.614
302700.0,01,Food and non-alcoholic beverages,2360.832
302701.0,01,Food and non-alcoholic beverages,17984.7683
302702.0,01,Food and non-alcoholic beverages,23077.2178
302703.0,01,Food and non-alcoholic beverages,2335.75
302704.0,01,Food and non-alcoholic beverages,27960.0
302705.0,01,Food and non-alcoholic beverages,24.728
302706.0,01,Food and non-alcoholic beverages,29150.0
302707.0,01,Food and non-alcoholic beverages,10009.023
302708.0,01,Food and non-alcoholic beverages,1765.261
302709.0,01,Food and non-alcoholic beverages,7014.0
302710.0,01,Food and non-alcoholic beverages,9197.84
302711.0,01,Food and non-alcoholic beverages,1902.5845
302712.0,01,Food and non-alcoholic beverages,4411.016
302713.0,01,Food and non-alcoholic beverages,3844.665
302714.0,01,Food and non-alcoholic beverages,1930.903
302715.0,01,Food and non-alcoholic beverages,1702.3188
302716.0,01,Food and non-alcoholic beverages,10411.2102
302717.0,01,Food and non-alcoholic beverages,3814.8885
302718.0,01,Food and non-alcoholic beverages,31625.012
302719.0,01,Food and non-alcoholic beverages,6024.0285
302720.0,01,Food and non-alcoholic beverages,7301.5
302721.0,01,Food and non-alcoholic beverages,7041.315
302722.0,01,Food and non-alcoholic beverages,12904.02
302723.0,01,Food and non-alcoholic beverages,19652.106
302724.0,01,Food and non-alcoholic beverages,5019.288
302725.0,01,Food and non-alcoholic beverages,7154.0
302726.0,01,Food and non-alcoholic beverages,2302.5186
302727.0,01,Food and non-alcoholic beverages,13656.846
302728.0,01,Food and non-alcoholic beverages,7244.104
302729.0,01,Food and non-alcoholic beverages,1810.369
302730.0,01,Food and non-alcoholic beverages,8074.475
302731.0,01,Food and non-alcoholic beverages,10002.630000000001
302732.0,01,Food and non-alcoholic beverages,22798.1773
302733.0,01,Food and non-alcoholic beverages,14654.77
302734.0,01,Food and non-alcoholic beverages,3855.9896
302735.0,01,Food and non-alcoholic beverages,7477.363
302736.0,01,Food and non-alcoholic beverages,413.25
302737.0,01,Food and non-alcoholic beverages,3516.5
302738.0,01,Food and non-alcoholic beverages,7308.095
302739.0,01,Food and non-alcoholic beverages,7350.0
302740.0,01,Food and non-alcoholic beverages,12722.945
302741.0,01,Food and non-alcoholic beverages,5657.41
302742.0,01,Food and non-alcoholic beverages,5807.7087
302743.0,01,Food and non-alcoholic beverages,4660.45
302744.0,01,Food and non-alcoholic beverages,9304.5494
302745.0,01,Food and non-alcoholic beverages,3154.213
302746.0,01,Food and non-alcoholic beverages,9793.967999999999
302747.0,01,Food and non-alcoholic beverages,3.333
302748.0,01,Food and non-alcoholic beverages,3734.393
302749.0,01,Food and non-alcoholic beverages,1660.489
302750.0,01,Food and non-alcoholic beverages,7356.6726
302751.0,01,Food and non-alcoholic beverages,12928.682
302752.0,01,Food and non-alcoholic beverages,4268.924
302753.0,01,Food and non-alcoholic beverages,4424.1721
302754.0,01,Food and non-alcoholic beverages,8311.009
302755.0,01,Food and non-alcoholic beverages,13459.931
302756.0,01,Food and non-alcoholic beverages,6361.775
302757.0,01,Food and non-alcoholic beverages,5500.127
302758.0,01,Food and non-alcoholic beverages,5259.057
302759.0,01,Food and non-alcoholic beverages,4620.983
302760.0,01,Food and non-alcoholic beverages,10282.695
302761.0,01,Food and non-alcoholic beverages,1110.4942
302762.0,01,Food and non-alcoholic beverages,2606.001
302763.0,01,Food and non-alcoholic beverages,3501.35
302764.0,01,Food and non-alcoholic beverages,2406.051
302765.0,01,Food and non-alcoholic beverages,30491.45
302766.0,01,Food and non-alcoholic beverages,5033.381
302767.0,01,Food and non-alcoholic beverages,812.866
302768.0,01,Food and non-alcoholic beverages,10456.588
302769.0,01,Food and non-alcoholic beverages,10126.661
302770.0,01,Food and non-alcoholic beverages,9840.625
302771.0,01,Food and non-alcoholic beverages,4008.2172
302772.0,01,Food and non-alcoholic beverages,1100.302
302773.0,01,Food and non-alcoholic beverages,7610.51
302774.0,01,Food and non-alcoholic beverages,2400.96
302775.0,01,Food and non-alcoholic beverages,2863.516
302776.0,01,Food and non-alcoholic beverages,9450.015
302777.0,01,Food and non-alcoholic beverages,18803.3693
302778.0,01,Food and non-alcoholic beverages,5567.5208
302779.0,01,Food and non-alcoholic beverages,8595.94
302780.0,01,Food and non-alcoholic beverages,10864.5
302781.0,01,Food and non-alcoholic beverages,2312.575
302782.0,01,Food and non-alcoholic beverages,7105.507
302783.0,01,Food and non-alcoholic beverages,13604.303
302784.0,01,Food and non-alcoholic beverages,8052.526
302785.0,01,Food and non-alcoholic beverages,7409.34
302786.0,01,Food and non-alcoholic beverages,9923.84
302787.0,01,Food and non-alcoholic beverages,13301.06
302788.0,01,Food and non-alcoholic beverages,9708.325
302789.0,01,Food and non-alcoholic beverages,6806.1
302790.0,01,Food and non-alcoholic beverages,3332.0
302791.0,01,Food and non-alcoholic beverages,4834.681
302792.0,01,Food and non-alcoholic beverages,8457.961
302793.0,01,Food and non-alcoholic beverages,12462.605
302794.0,01,Food and non-alcoholic beverages,17958.9
302795.0,01,Food and non-alcoholic beverages,10572.291
302796.0,01,Food and non-alcoholic beverages,3908.777
302797.0,01,Food and non-alcoholic beverages,4900.2152
302798.0,01,Food and non-alcoholic beverages,10721.125
302799.0,01,Food and non-alcoholic beverages,5169.803
302800.0,01,Food and non-alcoholic beverages,4120.5
302801.0,01,Food and non-alcoholic beverages,8866.487000000001
302802.0,01,Food and non-alcoholic beverages,17153.0
302803.0,01,Food and non-alcoholic beverages,16467.26
302804.0,01,Food and non-alcoholic beverages,14100.0
302805.0,01,Food and non-alcoholic beverages,8551.5102
302806.0,01,Food and non-alcoholic beverages,6010.352
302807.0,01,Food and non-alcoholic beverages,918.4163
302808.0,01,Food and non-alcoholic beverages,5301.0
302809.0,01,Food and non-alcoholic beverages,12556.8
302810.0,01,Food and non-alcoholic beverages,3210.8
302811.0,01,Food and non-alcoholic beverages,36450.16
302812.0,01,Food and non-alcoholic beverages,3190.88
302813.0,01,Food and non-alcoholic beverages,5960.268
302814.0,01,Food and non-alcoholic beverages,1856.294
302815.0,01,Food and non-alcoholic beverages,3613.1981
302816.0,01,Food and non-alcoholic beverages,2517.008
302817.0,01,Food and non-alcoholic beverages,4423.5
302818.0,01,Food and non-alcoholic beverages,5659.797
302819.0,01,Food and non-alcoholic beverages,5121.5
302820.0,01,Food and non-alcoholic beverages,8309.244
302821.0,01,Food and non-alcoholic beverages,6935.6868
302822.0,01,Food and non-alcoholic beverages,12925.0028
302823.0,01,Food and non-alcoholic beverages,10329.75
302824.0,01,Food and non-alcoholic beverages,6462.625
302825.0,01,Food and non-alcoholic beverages,102.01
302826.0,01,Food and non-alcoholic beverages,6339.515
302827.0,01,Food and non-alcoholic beverages,707.91
302828.0,01,Food and non-alcoholic beverages,11289.047
302829.0,01,Food and non-alcoholic beverages,9582.928399999999
302830.0,01,Food and non-alcoholic beverages,8650.0057
302831.0,01,Food and non-alcoholic beverages,2253.0
302832.0,01,Food and non-alcoholic beverages,4701.845
302833.0,01,Food and non-alcoholic beverages,31550.5
302834.0,01,Food and non-alcoholic beverages,4311.724
302835.0,01,Food and non-alcoholic beverages,2908.431
302836.0,01,Food and non-alcoholic beverages,5356.8907
302837.0,01,Food and non-alcoholic beverages,4777.36
302838.0,01,Food and non-alcoholic beverages,11285.3175
302839.0,01,Food and non-alcoholic beverages,6505.0
302840.0,01,Food and non-alcoholic beverages,12358.44
302841.0,01,Food and non-alcoholic beverages,27410.0
302842.0,01,Food and non-alcoholic beverages,10883.541
302843.0,01,Food and non-alcoholic beverages,9856.216
302844.0,01,Food and non-alcoholic beverages,7393.66
302845.0,01,Food and non-alcoholic beverages,41207.521
302846.0,01,Food and non-alcoholic beverages,6751.0
302847.0,01,Food and non-alcoholic beverages,10235.007
302848.0,01,Food and non-alcoholic beverages,14850.0
302849.0,01,Food and non-alcoholic beverages,4515.33
302850.0,01,Food and non-alcoholic beverages,15512.71
302851.0,01,Food and non-alcoholic beverages,6314.004
302852.0,01,Food and non-alcoholic beverages,6310.76
302853.0,01,Food and non-alcoholic beverages,4965.043
302854.0,01,Food and non-alcoholic beverages,15324.86
302855.0,01,Food and non-alcoholic beverages,8553.5
302856.0,01,Food and non-alcoholic beverages,10150.0
302857.0,01,Food and non-alcoholic beverages,8806.0
302858.0,01,Food and non-alcoholic beverages,11055.2512
302859.0,01,Food and non-alcoholic beverages,3509.117
302860.0,01,Food and non-alcoholic beverages,3507.5
302861.0,01,Food and non-alcoholic beverages,4953.0
302862.0,01,Food and non-alcoholic beverages,408.9363
302863.0,01,Food and non-alcoholic beverages,4391.52
302864.0,01,Food and non-alcoholic beverages,8283.5
302865.0,01,Food and non-alcoholic beverages,11508.022
302866.0,01,Food and non-alcoholic beverages,7827.6759999999995
302867.0,01,Food and non-alcoholic beverages,3911.795
302868.0,01,Food and non-alcoholic beverages,21400.0
302869.0,01,Food and non-alcoholic beverages,20500.0
302870.0,01,Food and non-alcoholic beverages,3052.475
302871.0,01,Food and non-alcoholic beverages,2401.582
302872.0,01,Food and non-alcoholic beverages,1317.916
302873.0,01,Food and non-alcoholic beverages,11453.006
302874.0,01,Food and non-alcoholic beverages,6002.0
302875.0,01,Food and non-alcoholic beverages,2862.585
302876.0,01,Food and non-alcoholic beverages,10956.632
302877.0,01,Food and non-alcoholic beverages,20350.7593
302878.0,01,Food and non-alcoholic beverages,9997.432999999999
302879.0,01,Food and non-alcoholic beverages,9520.236
302880.0,01,Food and non-alcoholic beverages,2604.79
302881.0,01,Food and non-alcoholic beverages,4071.492
302882.0,01,Food and non-alcoholic beverages,3614.643
302883.0,01,Food and non-alcoholic beverages,5769.76
302884.0,01,Food and non-alcoholic beverages,5503.02
302885.0,01,Food and non-alcoholic beverages,6704.505
302886.0,01,Food and non-alcoholic beverages,13233.8294
302887.0,01,Food and non-alcoholic beverages,11363.06
302888.0,01,Food and non-alcoholic beverages,2718.29
302889.0,01,Food and non-alcoholic beverages,1326.1
302890.0,01,Food and non-alcoholic beverages,4094.7740000000003
302891.0,01,Food and non-alcoholic beverages,5605.33
302892.0,01,Food and non-alcoholic beverages,12925.642
302893.0,01,Food and non-alcoholic beverages,10801.5
302894.0,01,Food and non-alcoholic beverages,7621.508
302895.0,01,Food and non-alcoholic beverages,4302.502
302896.0,01,Food and non-alcoholic beverages,218.135
302897.0,01,Food and non-alcoholic beverages,5307.88
302898.0,01,Food and non-alcoholic beverages,12717.798
302899.0,01,Food and non-alcoholic beverages,5117.114
302900.0,01,Food and non-alcoholic beverages,711.8
302901.0,01,Food and non-alcoholic beverages,3650.0
302902.0,01,Food and non-alcoholic beverages,11977.35
302903.0,01,Food and non-alcoholic beverages,9300.0014
302904.0,01,Food and non-alcoholic beverages,6811.24
302905.0,01,Food and non-alcoholic beverages,3257.3
302906.0,01,Food and non-alcoholic beverages,7400.0
302907.0,01,Food and non-alcoholic beverages,4950.0
302908.0,01,Food and non-alcoholic beverages,4531.45
302909.0,01,Food and non-alcoholic beverages,7256.555
302910.0,01,Food and non-alcoholic beverages,6800.25
302911.0,01,Food and non-alcoholic beverages,14600.0
302912.0,01,Food and non-alcoholic beverages,9305.45
302913.0,01,Food and non-alcoholic beverages,15800.5
302914.0,01,Food and non-alcoholic beverages,10062.031
302915.0,01,Food and non-alcoholic beverages,21116.058
302916.0,01,Food and non-alcoholic beverages,9213.7
302917.0,01,Food and non-alcoholic beverages,6252.647
302918.0,01,Food and non-alcoholic beverages,7369.0
302919.0,01,Food and non-alcoholic beverages,25501.16
302920.0,01,Food and non-alcoholic beverages,25603.681
302921.0,01,Food and non-alcoholic beverages,17706.904
302922.0,01,Food and non-alcoholic beverages,6651.64
302923.0,01,Food and non-alcoholic beverages,21788.15
302924.0,01,Food and non-alcoholic beverages,13303.677
302925.0,01,Food and non-alcoholic beverages,5950.875
302926.0,01,Food and non-alcoholic beverages,8908.25
302927.0,01,Food and non-alcoholic beverages,5362.076
302928.0,01,Food and non-alcoholic beverages,7080.707
302929.0,01,Food and non-alcoholic beverages,17233.4
302930.0,01,Food and non-alcoholic beverages,5002.25
302931.0,01,Food and non-alcoholic beverages,7226.85
302932.0,01,Food and non-alcoholic beverages,711.605
302933.0,01,Food and non-alcoholic beverages,17402.0
302934.0,01,Food and non-alcoholic beverages,9946.7
302935.0,01,Food and non-alcoholic beverages,16123.0
302936.0,01,Food and non-alcoholic beverages,38802.25
302937.0,01,Food and non-alcoholic beverages,9102.279999999999
302938.0,01,Food and non-alcoholic beverages,13115.175
302939.0,01,Food and non-alcoholic beverages,6481.83
302940.0,01,Food and non-alcoholic beverages,6544.03
302941.0,01,Food and non-alcoholic beverages,4141.127
302942.0,01,Food and non-alcoholic beverages,6332.65
302943.0,01,Food and non-alcoholic beverages,16602.44
302944.0,01,Food and non-alcoholic beverages,6838.64
302945.0,01,Food and non-alcoholic beverages,21353.886
302946.0,01,Food and non-alcoholic beverages,10150.0
302947.0,01,Food and non-alcoholic beverages,4772.185
302948.0,01,Food and non-alcoholic beverages,1214.7849999999999
302949.0,01,Food and non-alcoholic beverages,10508.802
302950.0,01,Food and non-alcoholic beverages,9436.72
302951.0,01,Food and non-alcoholic beverages,4052.5
302952.0,01,Food and non-alcoholic beverages,15313.75
302953.0,01,Food and non-alcoholic beverages,10464.5
302954.0,01,Food and non-alcoholic beverages,12602.0
302955.0,01,Food and non-alcoholic beverages,9910.064
302956.0,01,Food and non-alcoholic beverages,17856.863
302957.0,01,Food and non-alcoholic beverages,19018.11
302958.0,01,Food and non-alcoholic beverages,6051.8
302959.0,01,Food and non-alcoholic beverages,11707.0
302960.0,01,Food and non-alcoholic beverages,9083.25
302961.0,01,Food and non-alcoholic beverages,10060.0
302962.0,01,Food and non-alcoholic beverages,805.569
302963.0,01,Food and non-alcoholic beverages,8834.25
302964.0,01,Food and non-alcoholic beverages,5062.056
302965.0,01,Food and non-alcoholic beverages,21203.1
302966.0,01,Food and non-alcoholic beverages,9378.907
302967.0,01,Food and non-alcoholic beverages,3013.47
302968.0,01,Food and non-alcoholic beverages,11021.599
302969.0,01,Food and non-alcoholic beverages,14017.03
302970.0,01,Food and non-alcoholic beverages,9469.583999999999
302971.0,01,Food and non-alcoholic beverages,8233.229
302972.0,01,Food and non-alcoholic beverages,3516.58
302973.0,01,Food and non-alcoholic beverages,6465.91
302974.0,01,Food and non-alcoholic beverages,3890.219
302975.0,01,Food and non-alcoholic beverages,2500.8
302976.0,01,Food and non-alcoholic beverages,7657.685
302977.0,01,Food and non-alcoholic beverages,8719.22
302978.0,01,Food and non-alcoholic beverages,2757.305
302979.0,01,Food and non-alcoholic beverages,6157.85
302980.0,01,Food and non-alcoholic beverages,20805.6367
302981.0,01,Food and non-alcoholic beverages,8701.875
302982.0,01,Food and non-alcoholic beverages,2170.1797
302983.0,01,Food and non-alcoholic beverages,15935.5
302984.0,01,Food and non-alcoholic beverages,13541.4
302985.0,01,Food and non-alcoholic beverages,10285.0
302986.0,01,Food and non-alcoholic beverages,24408.655
302987.0,01,Food and non-alcoholic beverages,11507.0964
302988.0,01,Food and non-alcoholic beverages,16516.032
302989.0,01,Food and non-alcoholic beverages,5307.0
302990.0,01,Food and non-alcoholic beverages,14840.764
302991.0,01,Food and non-alcoholic beverages,18158.267
302992.0,01,Food and non-alcoholic beverages,5553.85
302993.0,01,Food and non-alcoholic beverages,27858.41
302994.0,01,Food and non-alcoholic beverages,29039.059
302995.0,01,Food and non-alcoholic beverages,4862.24
302996.0,01,Food and non-alcoholic beverages,4955.674
302997.0,01,Food and non-alcoholic beverages,659.21
302998.0,01,Food and non-alcoholic beverages,9707.5
302999.0,01,Food and non-alcoholic beverages,2502.911
303000.0,01,Food and non-alcoholic beverages,5861.6810000000005
303001.0,01,Food and non-alcoholic beverages,8827.773
303002.0,01,Food and non-alcoholic beverages,8982.638
303003.0,01,Food and non-alcoholic beverages,8217.635
303004.0,01,Food and non-alcoholic beverages,4305.594999999999
303005.0,01,Food and non-alcoholic beverages,20895.694
303006.0,01,Food and non-alcoholic beverages,23613.72
303007.0,01,Food and non-alcoholic beverages,19147.517
303008.0,01,Food and non-alcoholic beverages,714.725
303009.0,01,Food and non-alcoholic beverages,17199.407
303010.0,01,Food and non-alcoholic beverages,7806.72
303011.0,01,Food and non-alcoholic beverages,2307.7
303012.0,01,Food and non-alcoholic beverages,23677.296
303013.0,01,Food and non-alcoholic beverages,8085.316
303014.0,01,Food and non-alcoholic beverages,2057.373
303015.0,01,Food and non-alcoholic beverages,6839.512
303016.0,01,Food and non-alcoholic beverages,5161.753
303017.0,01,Food and non-alcoholic beverages,5558.501
303018.0,01,Food and non-alcoholic beverages,12546.172
303019.0,01,Food and non-alcoholic beverages,13831.265
303020.0,01,Food and non-alcoholic beverages,12961.0
303021.0,01,Food and non-alcoholic beverages,10763.58
303022.0,01,Food and non-alcoholic beverages,6863.791
303023.0,01,Food and non-alcoholic beverages,42157.953
303024.0,01,Food and non-alcoholic beverages,3275.575
303025.0,01,Food and non-alcoholic beverages,4779.507
303026.0,01,Food and non-alcoholic beverages,5289.811
303027.0,01,Food and non-alcoholic beverages,12623.0
303028.0,01,Food and non-alcoholic beverages,15925.005
303029.0,01,Food and non-alcoholic beverages,1801.0
303030.0,01,Food and non-alcoholic beverages,5857.421
303031.0,01,Food and non-alcoholic beverages,12305.027
303032.0,01,Food and non-alcoholic beverages,10330.471
303033.0,01,Food and non-alcoholic beverages,4954.309
303034.0,01,Food and non-alcoholic beverages,11206.163
303035.0,01,Food and non-alcoholic beverages,14508.5
303036.0,01,Food and non-alcoholic beverages,18606.5
303037.0,01,Food and non-alcoholic beverages,19917.92
303038.0,01,Food and non-alcoholic beverages,1230.838
303039.0,01,Food and non-alcoholic beverages,7555.531
303040.0,01,Food and non-alcoholic beverages,6909.815
303041.0,01,Food and non-alcoholic beverages,616.32
303042.0,01,Food and non-alcoholic beverages,952.247
303043.0,01,Food and non-alcoholic beverages,7032.0
303044.0,01,Food and non-alcoholic beverages,16197.062
303045.0,01,Food and non-alcoholic beverages,38530.718
303046.0,01,Food and non-alcoholic beverages,11954.31
303047.0,01,Food and non-alcoholic beverages,19296.75
303048.0,01,Food and non-alcoholic beverages,5.38
303049.0,01,Food and non-alcoholic beverages,2891.856
303050.0,01,Food and non-alcoholic beverages,9233.515
303051.0,01,Food and non-alcoholic beverages,22526.42
303052.0,01,Food and non-alcoholic beverages,6649.49
303053.0,01,Food and non-alcoholic beverages,6512.472
303054.0,01,Food and non-alcoholic beverages,2502.572
303055.0,01,Food and non-alcoholic beverages,11551.005
303056.0,01,Food and non-alcoholic beverages,13503.555
303057.0,01,Food and non-alcoholic beverages,8460.803
303058.0,01,Food and non-alcoholic beverages,8909.616
303059.0,01,Food and non-alcoholic beverages,9211.585
303060.0,01,Food and non-alcoholic beverages,4006.25
303061.0,01,Food and non-alcoholic beverages,4504.005
303062.0,01,Food and non-alcoholic beverages,7525.254
303063.0,01,Food and non-alcoholic beverages,9421.121
303064.0,01,Food and non-alcoholic beverages,11266.5
303065.0,01,Food and non-alcoholic beverages,3465.1
303066.0,01,Food and non-alcoholic beverages,4222.9400000000005
303067.0,01,Food and non-alcoholic beverages,3171.453
303068.0,01,Food and non-alcoholic beverages,3275.61
303069.0,01,Food and non-alcoholic beverages,5519.892
303070.0,01,Food and non-alcoholic beverages,15587.861
303071.0,01,Food and non-alcoholic beverages,2712.248
303072.0,01,Food and non-alcoholic beverages,15662.604
303073.0,01,Food and non-alcoholic beverages,10453.13
303074.0,01,Food and non-alcoholic beverages,8598.74
303075.0,01,Food and non-alcoholic beverages,11375.945
303076.0,01,Food and non-alcoholic beverages,4921.25
303077.0,01,Food and non-alcoholic beverages,406.31600000000003
303078.0,01,Food and non-alcoholic beverages,19757.88
303079.0,01,Food and non-alcoholic beverages,8872.051
303080.0,01,Food and non-alcoholic beverages,4807.739
303081.0,01,Food and non-alcoholic beverages,5023.537
303082.0,01,Food and non-alcoholic beverages,4964.486
303083.0,01,Food and non-alcoholic beverages,5142.21
303084.0,01,Food and non-alcoholic beverages,9971.638
303085.0,01,Food and non-alcoholic beverages,5550.625
303086.0,01,Food and non-alcoholic beverages,5611.334
303087.0,01,Food and non-alcoholic beverages,4906.389999999999
303088.0,01,Food and non-alcoholic beverages,6801.842
303089.0,01,Food and non-alcoholic beverages,7256.864
303090.0,01,Food and non-alcoholic beverages,2050.114
303091.0,01,Food and non-alcoholic beverages,6961.526
303092.0,01,Food and non-alcoholic beverages,12255.003
303093.0,01,Food and non-alcoholic beverages,4181.403
303094.0,01,Food and non-alcoholic beverages,32598.995
303095.0,01,Food and non-alcoholic beverages,22627.862
303096.0,01,Food and non-alcoholic beverages,8320.357
303097.0,01,Food and non-alcoholic beverages,3911.262
303098.0,01,Food and non-alcoholic beverages,4352.245
303099.0,01,Food and non-alcoholic beverages,4930.285
303100.0,01,Food and non-alcoholic beverages,9106.121000000001
303101.0,01,Food and non-alcoholic beverages,6157.0
303102.0,01,Food and non-alcoholic beverages,7580.87
303103.0,01,Food and non-alcoholic beverages,16903.91
303104.0,01,Food and non-alcoholic beverages,1972.214
303105.0,01,Food and non-alcoholic beverages,19104.124
303106.0,01,Food and non-alcoholic beverages,8796.0
303107.0,01,Food and non-alcoholic beverages,18206.428
303108.0,01,Food and non-alcoholic beverages,1658.03
303109.0,01,Food and non-alcoholic beverages,18903.25
303110.0,01,Food and non-alcoholic beverages,14135.534
303111.0,01,Food and non-alcoholic beverages,4103.292
303112.0,01,Food and non-alcoholic beverages,8240.747
303113.0,01,Food and non-alcoholic beverages,6601.0
303114.0,01,Food and non-alcoholic beverages,3064.551
303115.0,01,Food and non-alcoholic beverages,75504.584
303116.0,01,Food and non-alcoholic beverages,22429.507
303117.0,01,Food and non-alcoholic beverages,7056.32
303118.0,01,Food and non-alcoholic beverages,816.644
303119.0,01,Food and non-alcoholic beverages,10811.41
303120.0,01,Food and non-alcoholic beverages,27103.0
303121.0,01,Food and non-alcoholic beverages,5456.277
303122.0,01,Food and non-alcoholic beverages,12429.5
303123.0,01,Food and non-alcoholic beverages,5560.558
303124.0,01,Food and non-alcoholic beverages,5903.487
303125.0,01,Food and non-alcoholic beverages,2107.564
303126.0,01,Food and non-alcoholic beverages,5850.488
303127.0,01,Food and non-alcoholic beverages,2910.8875
303128.0,01,Food and non-alcoholic beverages,6679.14
303129.0,01,Food and non-alcoholic beverages,3278.033
303130.0,01,Food and non-alcoholic beverages,866.573
303131.0,01,Food and non-alcoholic beverages,1460.1715
303132.0,01,Food and non-alcoholic beverages,208.906
303133.0,01,Food and non-alcoholic beverages,5862.5
303134.0,01,Food and non-alcoholic beverages,15914.805
303135.0,01,Food and non-alcoholic beverages,49960.0
303136.0,01,Food and non-alcoholic beverages,7065.12
303137.0,01,Food and non-alcoholic beverages,3638.108
303138.0,01,Food and non-alcoholic beverages,14611.1
303139.0,01,Food and non-alcoholic beverages,1106.862
303140.0,01,Food and non-alcoholic beverages,2783.0
303141.0,01,Food and non-alcoholic beverages,5470.399
303142.0,01,Food and non-alcoholic beverages,5724.5
303143.0,01,Food and non-alcoholic beverages,6769.602
303144.0,01,Food and non-alcoholic beverages,1513.15
303145.0,01,Food and non-alcoholic beverages,4881.015
303146.0,01,Food and non-alcoholic beverages,9288.253
303147.0,01,Food and non-alcoholic beverages,7824.624000000001
303148.0,01,Food and non-alcoholic beverages,2544.478
303149.0,01,Food and non-alcoholic beverages,4149.55
303150.0,01,Food and non-alcoholic beverages,3510.785
303151.0,01,Food and non-alcoholic beverages,7942.66
303152.0,01,Food and non-alcoholic beverages,7327.87
303153.0,01,Food and non-alcoholic beverages,967.404
303154.0,01,Food and non-alcoholic beverages,5752.0
303155.0,01,Food and non-alcoholic beverages,6603.9
303156.0,01,Food and non-alcoholic beverages,10638.628
303157.0,01,Food and non-alcoholic beverages,4716.7
303158.0,01,Food and non-alcoholic beverages,9999.201
303159.0,01,Food and non-alcoholic beverages,3921.903
303160.0,01,Food and non-alcoholic beverages,7172.633
303161.0,01,Food and non-alcoholic beverages,4732.648
303162.0,01,Food and non-alcoholic beverages,2798.4285
303163.0,01,Food and non-alcoholic beverages,1641.085
303164.0,01,Food and non-alcoholic beverages,6183.25
303165.0,01,Food and non-alcoholic beverages,2793.225
303166.0,01,Food and non-alcoholic beverages,5580.096
303167.0,01,Food and non-alcoholic beverages,5.7475000000000005
303168.0,01,Food and non-alcoholic beverages,10826.504
303169.0,01,Food and non-alcoholic beverages,1286.828
303170.0,01,Food and non-alcoholic beverages,19127.851
303171.0,01,Food and non-alcoholic beverages,9346.545
303172.0,01,Food and non-alcoholic beverages,8953.0
303173.0,01,Food and non-alcoholic beverages,5745.755
303174.0,01,Food and non-alcoholic beverages,4202.0
303175.0,01,Food and non-alcoholic beverages,15308.501
303176.0,01,Food and non-alcoholic beverages,21873.07
303177.0,01,Food and non-alcoholic beverages,5758.354
303178.0,01,Food and non-alcoholic beverages,7011.5
303179.0,01,Food and non-alcoholic beverages,6094.4800000000005
303180.0,01,Food and non-alcoholic beverages,3624.5
303181.0,01,Food and non-alcoholic beverages,9717.565
303182.0,01,Food and non-alcoholic beverages,16008.207
303183.0,01,Food and non-alcoholic beverages,12400.0
303184.0,01,Food and non-alcoholic beverages,977.705
303185.0,01,Food and non-alcoholic beverages,6444.6630000000005
303186.0,01,Food and non-alcoholic beverages,5058.218
303187.0,01,Food and non-alcoholic beverages,5686.264
303188.0,01,Food and non-alcoholic beverages,3926.522
303189.0,01,Food and non-alcoholic beverages,18526.37
303190.0,01,Food and non-alcoholic beverages,10667.75
303191.0,01,Food and non-alcoholic beverages,4381.066
303192.0,01,Food and non-alcoholic beverages,7650.0
303193.0,01,Food and non-alcoholic beverages,8575.58
303194.0,01,Food and non-alcoholic beverages,8438.1
303195.0,01,Food and non-alcoholic beverages,4204.983
303196.0,01,Food and non-alcoholic beverages,9370.493
303197.0,01,Food and non-alcoholic beverages,5267.1
303198.0,01,Food and non-alcoholic beverages,1402.68
303199.0,01,Food and non-alcoholic beverages,5445.777
303200.0,01,Food and non-alcoholic beverages,7630.533
303201.0,01,Food and non-alcoholic beverages,8125.233
303202.0,01,Food and non-alcoholic beverages,3238.4
303203.0,01,Food and non-alcoholic beverages,1511.1100000000001
303204.0,01,Food and non-alcoholic beverages,9073.215
303205.0,01,Food and non-alcoholic beverages,8716.685
303206.0,01,Food and non-alcoholic beverages,8580.458
303207.0,01,Food and non-alcoholic beverages,1565.812
303208.0,01,Food and non-alcoholic beverages,5579.612
303209.0,01,Food and non-alcoholic beverages,19118.819
303210.0,01,Food and non-alcoholic beverages,3369.374
303211.0,01,Food and non-alcoholic beverages,7012.768
303212.0,01,Food and non-alcoholic beverages,316.7
303213.0,01,Food and non-alcoholic beverages,6148.385
303214.0,01,Food and non-alcoholic beverages,10413.784
303215.0,01,Food and non-alcoholic beverages,9512.9472
303216.0,01,Food and non-alcoholic beverages,7976.945
303217.0,01,Food and non-alcoholic beverages,1706.7259999999999
303218.0,01,Food and non-alcoholic beverages,26.97
303219.0,01,Food and non-alcoholic beverages,1950.17
303220.0,01,Food and non-alcoholic beverages,1545.318
303221.0,01,Food and non-alcoholic beverages,9082.3
303222.0,01,Food and non-alcoholic beverages,1830.444
303223.0,01,Food and non-alcoholic beverages,15388.255
303224.0,01,Food and non-alcoholic beverages,23610.272
303225.0,01,Food and non-alcoholic beverages,1879.598
303226.0,01,Food and non-alcoholic beverages,12239.794
303227.0,01,Food and non-alcoholic beverages,2277.7545
303228.0,01,Food and non-alcoholic beverages,9450.82
303229.0,01,Food and non-alcoholic beverages,2538.407
303230.0,01,Food and non-alcoholic beverages,1448.925
303231.0,01,Food and non-alcoholic beverages,6511.572
303232.0,01,Food and non-alcoholic beverages,6457.0
303233.0,01,Food and non-alcoholic beverages,6650.5
303234.0,01,Food and non-alcoholic beverages,608.274
303235.0,01,Food and non-alcoholic beverages,7844.581
303236.0,01,Food and non-alcoholic beverages,31636.9
303237.0,01,Food and non-alcoholic beverages,20366.75
303238.0,01,Food and non-alcoholic beverages,5603.0
303239.0,01,Food and non-alcoholic beverages,12024.391
303240.0,01,Food and non-alcoholic beverages,20425.277
303241.0,01,Food and non-alcoholic beverages,8009.9310000000005
303242.0,01,Food and non-alcoholic beverages,6306.742
303243.0,01,Food and non-alcoholic beverages,14274.44
303244.0,01,Food and non-alcoholic beverages,2956.0499999999997
303245.0,01,Food and non-alcoholic beverages,11100.628
303246.0,01,Food and non-alcoholic beverages,6430.062
303247.0,01,Food and non-alcoholic beverages,4920.765
303248.0,01,Food and non-alcoholic beverages,5769.0882
303249.0,01,Food and non-alcoholic beverages,8278.2837
303250.0,01,Food and non-alcoholic beverages,35.95
303251.0,01,Food and non-alcoholic beverages,5496.409
303252.0,01,Food and non-alcoholic beverages,3128.297
303253.0,01,Food and non-alcoholic beverages,11624.1268
303254.0,01,Food and non-alcoholic beverages,7296.2838
303255.0,01,Food and non-alcoholic beverages,9561.0
303256.0,01,Food and non-alcoholic beverages,10226.7
303257.0,01,Food and non-alcoholic beverages,30680.248
303258.0,01,Food and non-alcoholic beverages,765.0989999999999
303259.0,01,Food and non-alcoholic beverages,17361.941
303260.0,01,Food and non-alcoholic beverages,10373.952
303261.0,01,Food and non-alcoholic beverages,10268.625
303262.0,01,Food and non-alcoholic beverages,1384.9816
303263.0,01,Food and non-alcoholic beverages,1221.505
303264.0,01,Food and non-alcoholic beverages,2417.418
303265.0,01,Food and non-alcoholic beverages,2225.834
303266.0,01,Food and non-alcoholic beverages,13223.042
303267.0,01,Food and non-alcoholic beverages,10152.929
303268.0,01,Food and non-alcoholic beverages,1585.714
303269.0,01,Food and non-alcoholic beverages,9107.0
303270.0,01,Food and non-alcoholic beverages,3118.735
303271.0,01,Food and non-alcoholic beverages,1.3800000000000001
303272.0,01,Food and non-alcoholic beverages,13750.19
303273.0,01,Food and non-alcoholic beverages,20658.3
303274.0,01,Food and non-alcoholic beverages,18722.927
303275.0,01,Food and non-alcoholic beverages,10560.5
303276.0,01,Food and non-alcoholic beverages,17863.2
303277.0,01,Food and non-alcoholic beverages,10671.0
303278.0,01,Food and non-alcoholic beverages,10433.216
303279.0,01,Food and non-alcoholic beverages,8047.09
303280.0,01,Food and non-alcoholic beverages,10602.195
303281.0,01,Food and non-alcoholic beverages,10285.7757
303282.0,01,Food and non-alcoholic beverages,6425.16
303283.0,01,Food and non-alcoholic beverages,3100.872
303284.0,01,Food and non-alcoholic beverages,4367.889
303285.0,01,Food and non-alcoholic beverages,174.2697
303286.0,01,Food and non-alcoholic beverages,1314.9
303287.0,01,Food and non-alcoholic beverages,5251.022
303288.0,01,Food and non-alcoholic beverages,7970.578
303289.0,01,Food and non-alcoholic beverages,8684.948
303290.0,01,Food and non-alcoholic beverages,7297.606
303291.0,01,Food and non-alcoholic beverages,7851.3675
303292.0,01,Food and non-alcoholic beverages,14651.0
303293.0,01,Food and non-alcoholic beverages,6426.5
303294.0,01,Food and non-alcoholic beverages,8546.835
303295.0,01,Food and non-alcoholic beverages,6767.111
303296.0,01,Food and non-alcoholic beverages,2350.19
303297.0,01,Food and non-alcoholic beverages,5410.865
303298.0,01,Food and non-alcoholic beverages,12464.764
303299.0,01,Food and non-alcoholic beverages,3659.242
303300.0,01,Food and non-alcoholic beverages,3239.611
303301.0,01,Food and non-alcoholic beverages,1420.915
303302.0,01,Food and non-alcoholic beverages,5537.665
303303.0,01,Food and non-alcoholic beverages,3799.766
303304.0,01,Food and non-alcoholic beverages,12321.61
303305.0,01,Food and non-alcoholic beverages,4011.641
303306.0,01,Food and non-alcoholic beverages,20948.454
303307.0,01,Food and non-alcoholic beverages,2090.0
303308.0,01,Food and non-alcoholic beverages,5015.445
303309.0,01,Food and non-alcoholic beverages,12578.632
303310.0,01,Food and non-alcoholic beverages,18711.349
303311.0,01,Food and non-alcoholic beverages,7352.5
303312.0,01,Food and non-alcoholic beverages,2952.0
303313.0,01,Food and non-alcoholic beverages,8404.951000000001
303314.0,01,Food and non-alcoholic beverages,3004.0
303315.0,01,Food and non-alcoholic beverages,19322.847999999998
303316.0,01,Food and non-alcoholic beverages,3656.0
303317.0,01,Food and non-alcoholic beverages,4829.5
303318.0,01,Food and non-alcoholic beverages,13864.885
303319.0,01,Food and non-alcoholic beverages,5571.15
303320.0,01,Food and non-alcoholic beverages,6028.818
303321.0,01,Food and non-alcoholic beverages,16791.245
303322.0,01,Food and non-alcoholic beverages,11423.712
303323.0,01,Food and non-alcoholic beverages,9107.635
303325.0,01,Food and non-alcoholic beverages,10578.7305
303326.0,01,Food and non-alcoholic beverages,2082.303
303327.0,01,Food and non-alcoholic beverages,7622.064
303328.0,01,Food and non-alcoholic beverages,9850.0
303329.0,01,Food and non-alcoholic beverages,13504.1548
303330.0,01,Food and non-alcoholic beverages,8063.716
303331.0,01,Food and non-alcoholic beverages,13250.0
303332.0,01,Food and non-alcoholic beverages,6586.616
303333.0,01,Food and non-alcoholic beverages,14854.512
303334.0,01,Food and non-alcoholic beverages,10401.95
303335.0,01,Food and non-alcoholic beverages,2206.374
303336.0,01,Food and non-alcoholic beverages,7509.9
303337.0,01,Food and non-alcoholic beverages,10249.2
303338.0,01,Food and non-alcoholic beverages,2666.2
303339.0,01,Food and non-alcoholic beverages,7805.570900000001
303340.0,01,Food and non-alcoholic beverages,4968.8435
303341.0,01,Food and non-alcoholic beverages,7128.929
303342.0,01,Food and non-alcoholic beverages,4968.9232
303343.0,01,Food and non-alcoholic beverages,16251.7
303344.0,01,Food and non-alcoholic beverages,2107.818
303345.0,01,Food and non-alcoholic beverages,12607.135
303346.0,01,Food and non-alcoholic beverages,2430.7
303347.0,01,Food and non-alcoholic beverages,8201.028
303348.0,01,Food and non-alcoholic beverages,13333.41
303349.0,01,Food and non-alcoholic beverages,10783.15
303350.0,01,Food and non-alcoholic beverages,2700.0
303351.0,01,Food and non-alcoholic beverages,1823.9189999999999
303352.0,01,Food and non-alcoholic beverages,28837.5
303353.0,01,Food and non-alcoholic beverages,4940.001
303354.0,01,Food and non-alcoholic beverages,8289.0
303355.0,01,Food and non-alcoholic beverages,7156.488
303356.0,01,Food and non-alcoholic beverages,8987.246
303357.0,01,Food and non-alcoholic beverages,8681.716
303358.0,01,Food and non-alcoholic beverages,7654.755
303359.0,01,Food and non-alcoholic beverages,793.083
303360.0,01,Food and non-alcoholic beverages,7754.805
303361.0,01,Food and non-alcoholic beverages,1918.68
303362.0,01,Food and non-alcoholic beverages,7614.0
303363.0,01,Food and non-alcoholic beverages,4314.442
303364.0,01,Food and non-alcoholic beverages,10428.49
303365.0,01,Food and non-alcoholic beverages,7871.374
303366.0,01,Food and non-alcoholic beverages,9207.479
303367.0,01,Food and non-alcoholic beverages,9315.699
303368.0,01,Food and non-alcoholic beverages,3701.85
303369.0,01,Food and non-alcoholic beverages,16164.027
303370.0,01,Food and non-alcoholic beverages,7451.294
303371.0,01,Food and non-alcoholic beverages,5516.455
303372.0,01,Food and non-alcoholic beverages,8555.81
303373.0,01,Food and non-alcoholic beverages,5001.0
303374.0,01,Food and non-alcoholic beverages,6301.504
303375.0,01,Food and non-alcoholic beverages,16910.857
303376.0,01,Food and non-alcoholic beverages,7001.0
303377.0,01,Food and non-alcoholic beverages,7771.65
303378.0,01,Food and non-alcoholic beverages,4656.167
303379.0,01,Food and non-alcoholic beverages,19965.0
303380.0,01,Food and non-alcoholic beverages,3757.75
303381.0,01,Food and non-alcoholic beverages,4563.899
303382.0,01,Food and non-alcoholic beverages,4514.0
303383.0,01,Food and non-alcoholic beverages,11797.615
303384.0,01,Food and non-alcoholic beverages,2724.922
303385.0,01,Food and non-alcoholic beverages,9768.5
303386.0,01,Food and non-alcoholic beverages,4978.702
303387.0,01,Food and non-alcoholic beverages,425.442
303388.0,01,Food and non-alcoholic beverages,15983.5
303389.0,01,Food and non-alcoholic beverages,11907.18
303390.0,01,Food and non-alcoholic beverages,1818.466
303391.0,01,Food and non-alcoholic beverages,33270.0
303392.0,01,Food and non-alcoholic beverages,9773.508600000001
303393.0,01,Food and non-alcoholic beverages,8637.971
303394.0,01,Food and non-alcoholic beverages,4048.183
303395.0,01,Food and non-alcoholic beverages,15172.5
303396.0,01,Food and non-alcoholic beverages,8720.36
303397.0,01,Food and non-alcoholic beverages,12226.69
303398.0,01,Food and non-alcoholic beverages,17311.9642
303399.0,01,Food and non-alcoholic beverages,16368.9401
303400.0,01,Food and non-alcoholic beverages,5100.0
303401.0,01,Food and non-alcoholic beverages,15191.898
303402.0,01,Food and non-alcoholic beverages,10250.0
303403.0,01,Food and non-alcoholic beverages,12700.0
303404.0,01,Food and non-alcoholic beverages,6600.25
303405.0,01,Food and non-alcoholic beverages,6624.0405
303406.0,01,Food and non-alcoholic beverages,2018.911
303407.0,01,Food and non-alcoholic beverages,14550.0
303408.0,01,Food and non-alcoholic beverages,3902.0
303409.0,01,Food and non-alcoholic beverages,13751.08
303410.0,01,Food and non-alcoholic beverages,26450.0
303411.0,01,Food and non-alcoholic beverages,10720.0
303412.0,01,Food and non-alcoholic beverages,38452.002
303413.0,01,Food and non-alcoholic beverages,10900.25
303414.0,01,Food and non-alcoholic beverages,11602.92
303415.0,01,Food and non-alcoholic beverages,14311.0
303416.0,01,Food and non-alcoholic beverages,6851.5
303417.0,01,Food and non-alcoholic beverages,7730.25
303418.0,01,Food and non-alcoholic beverages,9517.977
303419.0,01,Food and non-alcoholic beverages,24558.496
303420.0,01,Food and non-alcoholic beverages,10010.8
303421.0,01,Food and non-alcoholic beverages,13626.43
303422.0,01,Food and non-alcoholic beverages,7809.945
303423.0,01,Food and non-alcoholic beverages,3751.891
303424.0,01,Food and non-alcoholic beverages,10511.323
303425.0,01,Food and non-alcoholic beverages,4300.0
303426.0,01,Food and non-alcoholic beverages,6950.0
303427.0,01,Food and non-alcoholic beverages,24110.0
303428.0,01,Food and non-alcoholic beverages,13581.659
303429.0,01,Food and non-alcoholic beverages,14114.019
303430.0,01,Food and non-alcoholic beverages,13852.0
303431.0,01,Food and non-alcoholic beverages,6119.1599
303432.0,01,Food and non-alcoholic beverages,4462.4
303433.0,01,Food and non-alcoholic beverages,4100.0
303434.0,01,Food and non-alcoholic beverages,83280.0
303435.0,01,Food and non-alcoholic beverages,13634.462
303436.0,01,Food and non-alcoholic beverages,12858.925
303437.0,01,Food and non-alcoholic beverages,11314.409
303438.0,01,Food and non-alcoholic beverages,42007.006
303439.0,01,Food and non-alcoholic beverages,5563.551
303440.0,01,Food and non-alcoholic beverages,3200.0
303441.0,01,Food and non-alcoholic beverages,16900.0
303442.0,01,Food and non-alcoholic beverages,20811.3
303443.0,01,Food and non-alcoholic beverages,2000.0
303444.0,01,Food and non-alcoholic beverages,13100.0
303445.0,01,Food and non-alcoholic beverages,21758.179
303446.0,01,Food and non-alcoholic beverages,2605.738
303448.0,01,Food and non-alcoholic beverages,46451.713
303449.0,01,Food and non-alcoholic beverages,19901.5
303450.0,01,Food and non-alcoholic beverages,11600.0
303451.0,01,Food and non-alcoholic beverages,10053.0
303452.0,01,Food and non-alcoholic beverages,35500.0
303453.0,01,Food and non-alcoholic beverages,4350.0
303454.0,01,Food and non-alcoholic beverages,6423.227
303455.0,01,Food and non-alcoholic beverages,4871.241
303456.0,01,Food and non-alcoholic beverages,5564.69
303457.0,01,Food and non-alcoholic beverages,11136.718
303458.0,01,Food and non-alcoholic beverages,3414.2985
303459.0,01,Food and non-alcoholic beverages,5913.825
303460.0,01,Food and non-alcoholic beverages,12600.0
303461.0,01,Food and non-alcoholic beverages,7300.0
303462.0,01,Food and non-alcoholic beverages,6310.6
303463.0,01,Food and non-alcoholic beverages,13450.0
303464.0,01,Food and non-alcoholic beverages,36700.0
303465.0,01,Food and non-alcoholic beverages,8474.08
303466.0,01,Food and non-alcoholic beverages,36550.0
303467.0,01,Food and non-alcoholic beverages,11987.89
303468.0,01,Food and non-alcoholic beverages,39427.552
303469.0,01,Food and non-alcoholic beverages,21415.784
303470.0,01,Food and non-alcoholic beverages,17972.271
303471.0,01,Food and non-alcoholic beverages,10650.0
303472.0,01,Food and non-alcoholic beverages,19330.214
303473.0,01,Food and non-alcoholic beverages,761.642
303474.0,01,Food and non-alcoholic beverages,15450.0
303475.0,01,Food and non-alcoholic beverages,5756.233
303476.0,01,Food and non-alcoholic beverages,6500.0
303477.0,01,Food and non-alcoholic beverages,32250.0
303478.0,01,Food and non-alcoholic beverages,14500.0
303479.0,01,Food and non-alcoholic beverages,5550.0
303480.0,01,Food and non-alcoholic beverages,260.779
303481.0,01,Food and non-alcoholic beverages,763.5799999999999
303482.0,01,Food and non-alcoholic beverages,15.571
303483.0,01,Food and non-alcoholic beverages,3959.605
303484.0,01,Food and non-alcoholic beverages,4702.5
303485.0,01,Food and non-alcoholic beverages,7610.109
303486.0,01,Food and non-alcoholic beverages,11500.0
303487.0,01,Food and non-alcoholic beverages,68704.823
303488.0,01,Food and non-alcoholic beverages,16950.214
303489.0,01,Food and non-alcoholic beverages,8453.517
303490.0,01,Food and non-alcoholic beverages,14001.0
303491.0,01,Food and non-alcoholic beverages,88300.0
303492.0,01,Food and non-alcoholic beverages,31300.0
303493.0,01,Food and non-alcoholic beverages,21752.106
303494.0,01,Food and non-alcoholic beverages,13600.0
303495.0,01,Food and non-alcoholic beverages,28100.0
303496.0,01,Food and non-alcoholic beverages,22658.0
303497.0,01,Food and non-alcoholic beverages,8205.174
303498.0,01,Food and non-alcoholic beverages,19501.3033
303499.0,01,Food and non-alcoholic beverages,15290.0
303500.0,01,Food and non-alcoholic beverages,11300.0
303501.0,01,Food and non-alcoholic beverages,5000.0
303502.0,01,Food and non-alcoholic beverages,22105.829
303503.0,01,Food and non-alcoholic beverages,4501.8
303504.0,01,Food and non-alcoholic beverages,13624.935
303505.0,01,Food and non-alcoholic beverages,3250.0
303506.0,01,Food and non-alcoholic beverages,13750.0
303507.0,01,Food and non-alcoholic beverages,2908.006
303508.0,01,Food and non-alcoholic beverages,7384.423
303509.0,01,Food and non-alcoholic beverages,11391.3622
303510.0,01,Food and non-alcoholic beverages,41208.433300000004
303511.0,01,Food and non-alcoholic beverages,13199.862000000001
303512.0,01,Food and non-alcoholic beverages,11250.0
303513.0,01,Food and non-alcoholic beverages,7351.0
303514.0,01,Food and non-alcoholic beverages,31350.0
303515.0,01,Food and non-alcoholic beverages,3450.0
303516.0,01,Food and non-alcoholic beverages,2216.0505
303517.0,01,Food and non-alcoholic beverages,1910.1000000000001
303518.0,01,Food and non-alcoholic beverages,11284.642
303519.0,01,Food and non-alcoholic beverages,7554.946
303520.0,01,Food and non-alcoholic beverages,13500.0
303521.0,01,Food and non-alcoholic beverages,4300.0
303522.0,01,Food and non-alcoholic beverages,10076.281
303523.0,01,Food and non-alcoholic beverages,3970.081
303524.0,01,Food and non-alcoholic beverages,4662.786
303525.0,01,Food and non-alcoholic beverages,6152.098
303526.0,01,Food and non-alcoholic beverages,38150.0
303527.0,01,Food and non-alcoholic beverages,8739.823
303528.0,01,Food and non-alcoholic beverages,8427.57
303529.0,01,Food and non-alcoholic beverages,12475.046
303530.0,01,Food and non-alcoholic beverages,12676.175
303531.0,01,Food and non-alcoholic beverages,2916.04
303532.0,01,Food and non-alcoholic beverages,7526.714
303533.0,01,Food and non-alcoholic beverages,13432.587
303534.0,01,Food and non-alcoholic beverages,34936.3
303536.0,01,Food and non-alcoholic beverages,10770.02
303537.0,01,Food and non-alcoholic beverages,11151.0
303538.0,01,Food and non-alcoholic beverages,4501.01
303539.0,01,Food and non-alcoholic beverages,20758.439
303540.0,01,Food and non-alcoholic beverages,7822.3279999999995
303541.0,01,Food and non-alcoholic beverages,9800.0
303542.0,01,Food and non-alcoholic beverages,3719.1910000000003
303543.0,01,Food and non-alcoholic beverages,21813.873
303544.0,01,Food and non-alcoholic beverages,17713.353
303545.0,01,Food and non-alcoholic beverages,12556.0004
303546.0,01,Food and non-alcoholic beverages,9254.5003
303547.0,01,Food and non-alcoholic beverages,5569.564
303548.0,01,Food and non-alcoholic beverages,7432.145
303549.0,01,Food and non-alcoholic beverages,9494.612
303550.0,01,Food and non-alcoholic beverages,13550.413
303551.0,01,Food and non-alcoholic beverages,5350.0
303552.0,01,Food and non-alcoholic beverages,47000.0
303553.0,01,Food and non-alcoholic beverages,61850.0
303554.0,01,Food and non-alcoholic beverages,56055.859
303555.0,01,Food and non-alcoholic beverages,21400.0
303557.0,01,Food and non-alcoholic beverages,76207.925
303558.0,01,Food and non-alcoholic beverages,2281.262
303559.0,01,Food and non-alcoholic beverages,6553.147
303560.0,01,Food and non-alcoholic beverages,5115.345
303561.0,01,Food and non-alcoholic beverages,21379.0
303562.0,01,Food and non-alcoholic beverages,6370.893
303563.0,01,Food and non-alcoholic beverages,2929.366
303564.0,01,Food and non-alcoholic beverages,4924.098
303565.0,01,Food and non-alcoholic beverages,1116.693
303566.0,01,Food and non-alcoholic beverages,19548.0
303567.0,01,Food and non-alcoholic beverages,7095.375
303568.0,01,Food and non-alcoholic beverages,11401.061
303569.0,01,Food and non-alcoholic beverages,936.12
303570.0,01,Food and non-alcoholic beverages,18350.825
303571.0,01,Food and non-alcoholic beverages,850.1248999999999
303572.0,01,Food and non-alcoholic beverages,307.8758
303573.0,01,Food and non-alcoholic beverages,3417.0930000000003
303574.0,01,Food and non-alcoholic beverages,17957.614
303575.0,01,Food and non-alcoholic beverages,8866.975
303576.0,01,Food and non-alcoholic beverages,466.73400000000004
303577.0,01,Food and non-alcoholic beverages,1134.001
303578.0,01,Food and non-alcoholic beverages,3501.699
303579.0,01,Food and non-alcoholic beverages,7102.43
303580.0,01,Food and non-alcoholic beverages,14606.505
303581.0,01,Food and non-alcoholic beverages,4461.011
303582.0,01,Food and non-alcoholic beverages,6312.262
303583.0,01,Food and non-alcoholic beverages,24.126
303584.0,01,Food and non-alcoholic beverages,13449.253
303585.0,01,Food and non-alcoholic beverages,36255.142
303586.0,01,Food and non-alcoholic beverages,7204.265
303587.0,01,Food and non-alcoholic beverages,259.325
303588.0,01,Food and non-alcoholic beverages,17453.12
303589.0,01,Food and non-alcoholic beverages,5500.0
303590.0,01,Food and non-alcoholic beverages,10202.919
303591.0,01,Food and non-alcoholic beverages,30322.0
303592.0,01,Food and non-alcoholic beverages,4402.748
303593.0,01,Food and non-alcoholic beverages,5655.03
303594.0,01,Food and non-alcoholic beverages,38060.382
303595.0,01,Food and non-alcoholic beverages,5450.0
303597.0,01,Food and non-alcoholic beverages,31664.541
303598.0,01,Food and non-alcoholic beverages,7409.7
303599.0,01,Food and non-alcoholic beverages,23502.58
303600.0,01,Food and non-alcoholic beverages,46005.881
303601.0,01,Food and non-alcoholic beverages,15432.328
303602.0,01,Food and non-alcoholic beverages,15314.0
303603.0,01,Food and non-alcoholic beverages,7525.7
303604.0,01,Food and non-alcoholic beverages,6323.229
303605.0,01,Food and non-alcoholic beverages,419.095
303606.0,01,Food and non-alcoholic beverages,4658.763
303607.0,01,Food and non-alcoholic beverages,242.329
303608.0,01,Food and non-alcoholic beverages,19366.69
303609.0,01,Food and non-alcoholic beverages,1808.809
303610.0,01,Food and non-alcoholic beverages,4257.915
303611.0,01,Food and non-alcoholic beverages,8675.25
303612.0,01,Food and non-alcoholic beverages,12362.19
303613.0,01,Food and non-alcoholic beverages,8055.002
303614.0,01,Food and non-alcoholic beverages,8260.256
303615.0,01,Food and non-alcoholic beverages,4800.0
303616.0,01,Food and non-alcoholic beverages,15229.37
303617.0,01,Food and non-alcoholic beverages,9879.355
303618.0,01,Food and non-alcoholic beverages,12753.683
303619.0,01,Food and non-alcoholic beverages,12347.098
303620.0,01,Food and non-alcoholic beverages,12832.016
303622.0,01,Food and non-alcoholic beverages,8972.301
303623.0,01,Food and non-alcoholic beverages,5964.826
303624.0,01,Food and non-alcoholic beverages,2165.4522
303625.0,01,Food and non-alcoholic beverages,6551.0
303626.0,01,Food and non-alcoholic beverages,1313.45
303627.0,01,Food and non-alcoholic beverages,15255.0
303628.0,01,Food and non-alcoholic beverages,14422.98
303629.0,01,Food and non-alcoholic beverages,9360.03
303630.0,01,Food and non-alcoholic beverages,4871.032
303631.0,01,Food and non-alcoholic beverages,6427.703
303632.0,01,Food and non-alcoholic beverages,1158.25
303633.0,01,Food and non-alcoholic beverages,6560.0
303634.0,01,Food and non-alcoholic beverages,2458.2
303635.0,01,Food and non-alcoholic beverages,5525.517
303636.0,01,Food and non-alcoholic beverages,5799.162
303637.0,01,Food and non-alcoholic beverages,1268.6
303638.0,01,Food and non-alcoholic beverages,6085.541
303639.0,01,Food and non-alcoholic beverages,60209.5
303640.0,01,Food and non-alcoholic beverages,15800.0
303641.0,01,Food and non-alcoholic beverages,6703.202
303642.0,01,Food and non-alcoholic beverages,74051.5
303643.0,01,Food and non-alcoholic beverages,101339.75
303644.0,01,Food and non-alcoholic beverages,31310.0
303645.0,01,Food and non-alcoholic beverages,3220.5
303646.0,01,Food and non-alcoholic beverages,12058.0
303647.0,01,Food and non-alcoholic beverages,45600.0
303648.0,01,Food and non-alcoholic beverages,8378.238
303649.0,01,Food and non-alcoholic beverages,9871.76
303650.0,01,Food and non-alcoholic beverages,2362.393
303651.0,01,Food and non-alcoholic beverages,4994.208
303652.0,01,Food and non-alcoholic beverages,5331.195
303653.0,01,Food and non-alcoholic beverages,7373.0002
303654.0,01,Food and non-alcoholic beverages,10003.015
303655.0,01,Food and non-alcoholic beverages,7267.117
303656.0,01,Food and non-alcoholic beverages,18232.777
303657.0,01,Food and non-alcoholic beverages,3885.02
303658.0,01,Food and non-alcoholic beverages,7454.01
303659.0,01,Food and non-alcoholic beverages,5346.253
303660.0,01,Food and non-alcoholic beverages,17238.0052
303661.0,01,Food and non-alcoholic beverages,555.75
303662.0,01,Food and non-alcoholic beverages,11264.754
303663.0,01,Food and non-alcoholic beverages,3134.928
303664.0,01,Food and non-alcoholic beverages,26151.517
303665.0,01,Food and non-alcoholic beverages,6899.023
303666.0,01,Food and non-alcoholic beverages,7768.414
303667.0,01,Food and non-alcoholic beverages,59200.0
303668.0,01,Food and non-alcoholic beverages,13571.2
303669.0,01,Food and non-alcoholic beverages,20453.55
303670.0,01,Food and non-alcoholic beverages,37200.0
303671.0,01,Food and non-alcoholic beverages,191500.0
303672.0,01,Food and non-alcoholic beverages,25950.0
303673.0,01,Food and non-alcoholic beverages,6001.009
303674.0,01,Food and non-alcoholic beverages,51282.86
303675.0,01,Food and non-alcoholic beverages,2651.759
303676.0,01,Food and non-alcoholic beverages,16978.63
303677.0,01,Food and non-alcoholic beverages,16620.888
303678.0,01,Food and non-alcoholic beverages,9985.719
303679.0,01,Food and non-alcoholic beverages,7018.4925
303680.0,01,Food and non-alcoholic beverages,1960.321
303681.0,01,Food and non-alcoholic beverages,3467.233
303682.0,01,Food and non-alcoholic beverages,15017.741
303683.0,01,Food and non-alcoholic beverages,6225.89
303684.0,01,Food and non-alcoholic beverages,38459.75
303685.0,01,Food and non-alcoholic beverages,4758.744
303686.0,01,Food and non-alcoholic beverages,4252.92
303687.0,01,Food and non-alcoholic beverages,4313.5599999999995
303688.0,01,Food and non-alcoholic beverages,7603.425
303689.0,01,Food and non-alcoholic beverages,4867.3
303690.0,01,Food and non-alcoholic beverages,10615.579
303691.0,01,Food and non-alcoholic beverages,11613.059
303692.0,01,Food and non-alcoholic beverages,17725.664
303693.0,01,Food and non-alcoholic beverages,48800.0
303694.0,01,Food and non-alcoholic beverages,6500.0
303695.0,01,Food and non-alcoholic beverages,8402.0
303696.0,01,Food and non-alcoholic beverages,63053.0
303697.0,01,Food and non-alcoholic beverages,12500.0
303698.0,01,Food and non-alcoholic beverages,16350.005
303699.0,01,Food and non-alcoholic beverages,18027.0
303700.0,01,Food and non-alcoholic beverages,18250.0
303701.0,01,Food and non-alcoholic beverages,22640.0
303702.0,01,Food and non-alcoholic beverages,7563.682
303703.0,01,Food and non-alcoholic beverages,4088.453
303704.0,01,Food and non-alcoholic beverages,10125.504
303705.0,01,Food and non-alcoholic beverages,13548.125
303706.0,01,Food and non-alcoholic beverages,7316.797
303707.0,01,Food and non-alcoholic beverages,26000.0
303708.0,01,Food and non-alcoholic beverages,2628.7799999999997
303709.0,01,Food and non-alcoholic beverages,8539.873
303710.0,01,Food and non-alcoholic beverages,4716.633
303711.0,01,Food and non-alcoholic beverages,420.55
303712.0,01,Food and non-alcoholic beverages,8047.403
303713.0,01,Food and non-alcoholic beverages,1672.518
303714.0,01,Food and non-alcoholic beverages,3874.765
303715.0,01,Food and non-alcoholic beverages,13527.4
303716.0,01,Food and non-alcoholic beverages,1066.703
303717.0,01,Food and non-alcoholic beverages,8568.5
303718.0,01,Food and non-alcoholic beverages,30.233
303719.0,01,Food and non-alcoholic beverages,5621.333
303720.0,01,Food and non-alcoholic beverages,11805.5
303721.0,01,Food and non-alcoholic beverages,4952.5
303722.0,01,Food and non-alcoholic beverages,11921.75
303723.0,01,Food and non-alcoholic beverages,8962.899
303725.0,01,Food and non-alcoholic beverages,4045.107
303726.0,01,Food and non-alcoholic beverages,17181.961
303727.0,01,Food and non-alcoholic beverages,4934.146
303728.0,01,Food and non-alcoholic beverages,9059.154
303729.0,01,Food and non-alcoholic beverages,8598.385
303730.0,01,Food and non-alcoholic beverages,7951.25
303731.0,01,Food and non-alcoholic beverages,7313.0
303732.0,01,Food and non-alcoholic beverages,7807.1
303733.0,01,Food and non-alcoholic beverages,8352.5
303734.0,01,Food and non-alcoholic beverages,11354.28
303735.0,01,Food and non-alcoholic beverages,12727.8805
303736.0,01,Food and non-alcoholic beverages,10021.2475
303737.0,01,Food and non-alcoholic beverages,3100.464
303738.0,01,Food and non-alcoholic beverages,4733.52
303739.0,01,Food and non-alcoholic beverages,4324.9220000000005
303740.0,01,Food and non-alcoholic beverages,6405.004
303741.0,01,Food and non-alcoholic beverages,2543.85
303742.0,01,Food and non-alcoholic beverages,6052.634
303743.0,01,Food and non-alcoholic beverages,5252.25
303744.0,01,Food and non-alcoholic beverages,10782.173999999999
303745.0,01,Food and non-alcoholic beverages,9736.03
303746.0,01,Food and non-alcoholic beverages,4539.59
303747.0,01,Food and non-alcoholic beverages,24449.282
303748.0,01,Food and non-alcoholic beverages,11032.06
303749.0,01,Food and non-alcoholic beverages,6463.78
303750.0,01,Food and non-alcoholic beverages,10007.284
303751.0,01,Food and non-alcoholic beverages,1203.523
303752.0,01,Food and non-alcoholic beverages,15713.289499999999
303753.0,01,Food and non-alcoholic beverages,7697.67
303754.0,01,Food and non-alcoholic beverages,4094.506
303755.0,01,Food and non-alcoholic beverages,11964.382
303756.0,01,Food and non-alcoholic beverages,9300.0
303757.0,01,Food and non-alcoholic beverages,24002.5
303758.0,01,Food and non-alcoholic beverages,8609.454
303759.0,01,Food and non-alcoholic beverages,6402.327
303760.0,01,Food and non-alcoholic beverages,2713.553
303761.0,01,Food and non-alcoholic beverages,4716.253
303762.0,01,Food and non-alcoholic beverages,4765.2
303763.0,01,Food and non-alcoholic beverages,7759.566
303764.0,01,Food and non-alcoholic beverages,15580.0
303765.0,01,Food and non-alcoholic beverages,13904.0
303767.0,01,Food and non-alcoholic beverages,32613.5
303768.0,01,Food and non-alcoholic beverages,23200.0
303769.0,01,Food and non-alcoholic beverages,24870.0
303770.0,01,Food and non-alcoholic beverages,79400.0
303771.0,01,Food and non-alcoholic beverages,17159.53
303772.0,01,Food and non-alcoholic beverages,57103.154
303773.0,01,Food and non-alcoholic beverages,11004.0
303774.0,01,Food and non-alcoholic beverages,13407.0
303775.0,01,Food and non-alcoholic beverages,14807.29
303776.0,01,Food and non-alcoholic beverages,8250.003
303777.0,01,Food and non-alcoholic beverages,16528.875
303778.0,01,Food and non-alcoholic beverages,2550.501
303779.0,01,Food and non-alcoholic beverages,15850.5
303780.0,01,Food and non-alcoholic beverages,9651.0
303781.0,01,Food and non-alcoholic beverages,2605.426
303782.0,01,Food and non-alcoholic beverages,16361.0
303783.0,01,Food and non-alcoholic beverages,1705.01
303784.0,01,Food and non-alcoholic beverages,7505.604
303785.0,01,Food and non-alcoholic beverages,18156.253
303786.0,01,Food and non-alcoholic beverages,8804.9
303787.0,01,Food and non-alcoholic beverages,18273.715
303788.0,01,Food and non-alcoholic beverages,1791.907
303789.0,01,Food and non-alcoholic beverages,3110.9
303790.0,01,Food and non-alcoholic beverages,44586.5
303791.0,01,Food and non-alcoholic beverages,1315.18
303792.0,01,Food and non-alcoholic beverages,22538.008
303793.0,01,Food and non-alcoholic beverages,12156.008
303794.0,01,Food and non-alcoholic beverages,7602.85
303795.0,01,Food and non-alcoholic beverages,33564.0
303796.0,01,Food and non-alcoholic beverages,16950.0
303797.0,01,Food and non-alcoholic beverages,27263.0
303798.0,01,Food and non-alcoholic beverages,29255.0
303799.0,01,Food and non-alcoholic beverages,14083.0
303800.0,01,Food and non-alcoholic beverages,50300.0625
303801.0,01,Food and non-alcoholic beverages,10290.0
303802.0,01,Food and non-alcoholic beverages,18312.433
303803.0,01,Food and non-alcoholic beverages,21503.0
303804.0,01,Food and non-alcoholic beverages,84553.0
303805.0,01,Food and non-alcoholic beverages,53700.0
303806.0,01,Food and non-alcoholic beverages,74229.343
303807.0,01,Food and non-alcoholic beverages,27700.0
303808.0,01,Food and non-alcoholic beverages,137900.0
303809.0,01,Food and non-alcoholic beverages,45412.26
303810.0,01,Food and non-alcoholic beverages,10454.5
303811.0,01,Food and non-alcoholic beverages,2715.5
303812.0,01,Food and non-alcoholic beverages,11552.713
303813.0,01,Food and non-alcoholic beverages,16150.0
303814.0,01,Food and non-alcoholic beverages,23452.5
303815.0,01,Food and non-alcoholic beverages,2629.0
303816.0,01,Food and non-alcoholic beverages,8951.0
303817.0,01,Food and non-alcoholic beverages,18561.826
303818.0,01,Food and non-alcoholic beverages,11000.8
303819.0,01,Food and non-alcoholic beverages,10453.718
303820.0,01,Food and non-alcoholic beverages,7727.3060000000005
303821.0,01,Food and non-alcoholic beverages,8117.76
303822.0,01,Food and non-alcoholic beverages,18418.5
303823.0,01,Food and non-alcoholic beverages,3612.865
303824.0,01,Food and non-alcoholic beverages,17911.25
303825.0,01,Food and non-alcoholic beverages,3790.5
303826.0,01,Food and non-alcoholic beverages,6305.0
303827.0,01,Food and non-alcoholic beverages,8908.114
303828.0,01,Food and non-alcoholic beverages,7767.0
303829.0,01,Food and non-alcoholic beverages,13001.0
303830.0,01,Food and non-alcoholic beverages,7112.5
303831.0,01,Food and non-alcoholic beverages,4300.1531
303832.0,01,Food and non-alcoholic beverages,7411.0
303833.0,01,Food and non-alcoholic beverages,37400.0
303834.0,01,Food and non-alcoholic beverages,9068.379
303835.0,01,Food and non-alcoholic beverages,5411.2
303836.0,01,Food and non-alcoholic beverages,6558.81
303837.0,01,Food and non-alcoholic beverages,17651.0
303838.0,01,Food and non-alcoholic beverages,7780.875
303839.0,01,Food and non-alcoholic beverages,27012.0
303840.0,01,Food and non-alcoholic beverages,3712.005
303841.0,01,Food and non-alcoholic beverages,10951.868
303842.0,01,Food and non-alcoholic beverages,12379.42
303843.0,01,Food and non-alcoholic beverages,9231.0
303844.0,01,Food and non-alcoholic beverages,9403.375
303845.0,01,Food and non-alcoholic beverages,8404.8
303846.0,01,Food and non-alcoholic beverages,3315.7
303847.0,01,Food and non-alcoholic beverages,13455.65
303848.0,01,Food and non-alcoholic beverages,36166.075
303849.0,01,Food and non-alcoholic beverages,13039.544
303850.0,01,Food and non-alcoholic beverages,15729.78
303851.0,01,Food and non-alcoholic beverages,9778.4
303852.0,01,Food and non-alcoholic beverages,17602.0
303853.0,01,Food and non-alcoholic beverages,9113.606
303854.0,01,Food and non-alcoholic beverages,10518.0
303855.0,01,Food and non-alcoholic beverages,8000.0
303856.0,01,Food and non-alcoholic beverages,21033.931
303857.0,01,Food and non-alcoholic beverages,8951.851
303858.0,01,Food and non-alcoholic beverages,14950.0
303859.0,01,Food and non-alcoholic beverages,30205.498
303860.0,01,Food and non-alcoholic beverages,22451.0
303861.0,01,Food and non-alcoholic beverages,14709.875
303862.0,01,Food and non-alcoholic beverages,19150.0
303863.0,01,Food and non-alcoholic beverages,14701.0
303864.0,01,Food and non-alcoholic beverages,710.65
303865.0,01,Food and non-alcoholic beverages,9369.01
303866.0,01,Food and non-alcoholic beverages,5691.262
303867.0,01,Food and non-alcoholic beverages,1831.2
303868.0,01,Food and non-alcoholic beverages,6006.555
303869.0,01,Food and non-alcoholic beverages,9270.421
303870.0,01,Food and non-alcoholic beverages,4919.719999999999
303871.0,01,Food and non-alcoholic beverages,2001.25
303872.0,01,Food and non-alcoholic beverages,1411.18
303873.0,01,Food and non-alcoholic beverages,9500.0
303874.0,01,Food and non-alcoholic beverages,20700.25
303875.0,01,Food and non-alcoholic beverages,5668.5
303876.0,01,Food and non-alcoholic beverages,8915.0
303877.0,01,Food and non-alcoholic beverages,7965.3
303878.0,01,Food and non-alcoholic beverages,11861.0
303879.0,01,Food and non-alcoholic beverages,4953.67
303880.0,01,Food and non-alcoholic beverages,14250.0
303881.0,01,Food and non-alcoholic beverages,15655.625
303882.0,01,Food and non-alcoholic beverages,16618.675
303883.0,01,Food and non-alcoholic beverages,13957.665
303884.0,01,Food and non-alcoholic beverages,10962.782
303885.0,01,Food and non-alcoholic beverages,22457.75
303886.0,01,Food and non-alcoholic beverages,5816.07
303887.0,01,Food and non-alcoholic beverages,3522.632
303888.0,01,Food and non-alcoholic beverages,11305.2
303889.0,01,Food and non-alcoholic beverages,8807.272
303890.0,01,Food and non-alcoholic beverages,3678.02
303891.0,01,Food and non-alcoholic beverages,9124.24
303892.0,01,Food and non-alcoholic beverages,13859.39
303893.0,01,Food and non-alcoholic beverages,25829.9
303894.0,01,Food and non-alcoholic beverages,13194.42
303895.0,01,Food and non-alcoholic beverages,27736.5
303896.0,01,Food and non-alcoholic beverages,10129.51
303897.0,01,Food and non-alcoholic beverages,8275.21
303898.0,01,Food and non-alcoholic beverages,8325.0
303899.0,01,Food and non-alcoholic beverages,9922.2
303900.0,01,Food and non-alcoholic beverages,23713.0
303901.0,01,Food and non-alcoholic beverages,16113.5
303902.0,01,Food and non-alcoholic beverages,23712.504
303903.0,01,Food and non-alcoholic beverages,6007.5
303904.0,01,Food and non-alcoholic beverages,16586.25
303905.0,01,Food and non-alcoholic beverages,5305.11
303906.0,01,Food and non-alcoholic beverages,7375.145
303907.0,01,Food and non-alcoholic beverages,5354.31
303908.0,01,Food and non-alcoholic beverages,9700.0
303909.0,01,Food and non-alcoholic beverages,7504.469999999999
303910.0,01,Food and non-alcoholic beverages,14703.5
303911.0,01,Food and non-alcoholic beverages,20816.105
303912.0,01,Food and non-alcoholic beverages,3005.05
303913.0,01,Food and non-alcoholic beverages,4751.0
303914.0,01,Food and non-alcoholic beverages,8503.66
303915.0,01,Food and non-alcoholic beverages,9862.8
303916.0,01,Food and non-alcoholic beverages,10300.0
303917.0,01,Food and non-alcoholic beverages,11000.0
303918.0,01,Food and non-alcoholic beverages,12548.9
303919.0,01,Food and non-alcoholic beverages,15906.6
303920.0,01,Food and non-alcoholic beverages,7265.077
303921.0,01,Food and non-alcoholic beverages,16656.25
303922.0,01,Food and non-alcoholic beverages,3061.2
303923.0,01,Food and non-alcoholic beverages,6207.0
303924.0,01,Food and non-alcoholic beverages,27922.54
303925.0,01,Food and non-alcoholic beverages,24405.25
303926.0,01,Food and non-alcoholic beverages,25066.5
303927.0,01,Food and non-alcoholic beverages,22762.335
303928.0,01,Food and non-alcoholic beverages,10237.007
303929.0,01,Food and non-alcoholic beverages,238.07999999999998
303930.0,01,Food and non-alcoholic beverages,10740.6
303931.0,01,Food and non-alcoholic beverages,50525.1
303932.0,01,Food and non-alcoholic beverages,23659.5
303933.0,01,Food and non-alcoholic beverages,8200.5
303934.0,01,Food and non-alcoholic beverages,5900.7
303935.0,01,Food and non-alcoholic beverages,5300.03
303936.0,01,Food and non-alcoholic beverages,14762.263
303937.0,01,Food and non-alcoholic beverages,22802.016
303938.0,01,Food and non-alcoholic beverages,11987.03
303939.0,01,Food and non-alcoholic beverages,4621.682
303940.0,01,Food and non-alcoholic beverages,12587.509
303941.0,01,Food and non-alcoholic beverages,39051.9
303942.0,01,Food and non-alcoholic beverages,20802.16
303943.0,01,Food and non-alcoholic beverages,8950.1
303944.0,01,Food and non-alcoholic beverages,63921.7044
303945.0,01,Food and non-alcoholic beverages,18285.508
303946.0,01,Food and non-alcoholic beverages,13068.95
303947.0,01,Food and non-alcoholic beverages,20125.087
303948.0,01,Food and non-alcoholic beverages,15716.001
303949.0,01,Food and non-alcoholic beverages,1910.7
303950.0,01,Food and non-alcoholic beverages,4911.999
303951.0,01,Food and non-alcoholic beverages,9300.0
303952.0,01,Food and non-alcoholic beverages,10126.45
303953.0,01,Food and non-alcoholic beverages,4914.2
303954.0,01,Food and non-alcoholic beverages,2445.504
303955.0,01,Food and non-alcoholic beverages,16034.5162
303956.0,01,Food and non-alcoholic beverages,10364.2662
303957.0,01,Food and non-alcoholic beverages,708.2349999999999
303958.0,01,Food and non-alcoholic beverages,4513.95
303959.0,01,Food and non-alcoholic beverages,5008.99
303960.0,01,Food and non-alcoholic beverages,23.84
303961.0,01,Food and non-alcoholic beverages,4875.8
303962.0,01,Food and non-alcoholic beverages,33006.0
303963.0,01,Food and non-alcoholic beverages,2159.0
303964.0,01,Food and non-alcoholic beverages,9553.0
303965.0,01,Food and non-alcoholic beverages,8691.25
303966.0,01,Food and non-alcoholic beverages,23891.0162
303967.0,01,Food and non-alcoholic beverages,13226.516
303968.0,01,Food and non-alcoholic beverages,15163.699999999999
303969.0,01,Food and non-alcoholic beverages,11013.11
303970.0,01,Food and non-alcoholic beverages,6717.4
303971.0,01,Food and non-alcoholic beverages,6010.75
303972.0,01,Food and non-alcoholic beverages,22304.0597
303973.0,01,Food and non-alcoholic beverages,7456.75
303974.0,01,Food and non-alcoholic beverages,2871.5
303975.0,01,Food and non-alcoholic beverages,6496.243
303976.0,01,Food and non-alcoholic beverages,2261.25
303977.0,01,Food and non-alcoholic beverages,9269.789999999999
303978.0,01,Food and non-alcoholic beverages,7533.6
303979.0,01,Food and non-alcoholic beverages,5980.1
303980.0,01,Food and non-alcoholic beverages,2862.87
303981.0,01,Food and non-alcoholic beverages,5946.753
303982.0,01,Food and non-alcoholic beverages,14335.106
303983.0,01,Food and non-alcoholic beverages,10253.5302
303984.0,01,Food and non-alcoholic beverages,22644.83
303985.0,01,Food and non-alcoholic beverages,15884.102
303986.0,01,Food and non-alcoholic beverages,654.0699999999999
303987.0,01,Food and non-alcoholic beverages,3456.8
303988.0,01,Food and non-alcoholic beverages,3591.504
303989.0,01,Food and non-alcoholic beverages,8926.008
303990.0,01,Food and non-alcoholic beverages,12602.07
303991.0,01,Food and non-alcoholic beverages,1917.54
303992.0,01,Food and non-alcoholic beverages,6833.033
303993.0,01,Food and non-alcoholic beverages,9899.81
303994.0,01,Food and non-alcoholic beverages,820.04
303995.0,01,Food and non-alcoholic beverages,6203.3
303996.0,01,Food and non-alcoholic beverages,4159.28
303997.0,01,Food and non-alcoholic beverages,2896.977
303998.0,01,Food and non-alcoholic beverages,673.751
303999.0,01,Food and non-alcoholic beverages,16356.01
304000.0,01,Food and non-alcoholic beverages,11167.793
304001.0,01,Food and non-alcoholic beverages,2305.6
304002.0,01,Food and non-alcoholic beverages,6211.783
304003.0,01,Food and non-alcoholic beverages,7206.086
304004.0,01,Food and non-alcoholic beverages,1683.794
304005.0,01,Food and non-alcoholic beverages,2811.85
304006.0,01,Food and non-alcoholic beverages,4506.004
304007.0,01,Food and non-alcoholic beverages,5562.37
304008.0,01,Food and non-alcoholic beverages,12378.512
304009.0,01,Food and non-alcoholic beverages,1606.2240000000002
304010.0,01,Food and non-alcoholic beverages,14562.754
304011.0,01,Food and non-alcoholic beverages,8958.393
304012.0,01,Food and non-alcoholic beverages,4025.166
304013.0,01,Food and non-alcoholic beverages,2659.28
304014.0,01,Food and non-alcoholic beverages,3505.25
304015.0,01,Food and non-alcoholic beverages,5823.7
304016.0,01,Food and non-alcoholic beverages,25459.25
304017.0,01,Food and non-alcoholic beverages,16806.346
304018.0,01,Food and non-alcoholic beverages,26954.75
304019.0,01,Food and non-alcoholic beverages,15722.19
304020.0,01,Food and non-alcoholic beverages,10850.5
304021.0,01,Food and non-alcoholic beverages,38459.3
304022.0,01,Food and non-alcoholic beverages,16003.5
304023.0,01,Food and non-alcoholic beverages,9996.29
304024.0,01,Food and non-alcoholic beverages,9360.444
304025.0,01,Food and non-alcoholic beverages,14755.4502
304026.0,01,Food and non-alcoholic beverages,42302.0
304027.0,01,Food and non-alcoholic beverages,17810.45
304028.0,01,Food and non-alcoholic beverages,28570.0
304029.0,01,Food and non-alcoholic beverages,60.547000000000004
304030.0,01,Food and non-alcoholic beverages,19854.3
304031.0,01,Food and non-alcoholic beverages,30283.0
304032.0,01,Food and non-alcoholic beverages,7050.0
304033.0,01,Food and non-alcoholic beverages,10418.575
304034.0,01,Food and non-alcoholic beverages,8421.653
304035.0,01,Food and non-alcoholic beverages,9868.058
304036.0,01,Food and non-alcoholic beverages,10626.25
304037.0,01,Food and non-alcoholic beverages,4923.75
304038.0,01,Food and non-alcoholic beverages,2367.9
304039.0,01,Food and non-alcoholic beverages,4612.5
304040.0,01,Food and non-alcoholic beverages,7257.815
304041.0,01,Food and non-alcoholic beverages,6271.59
304042.0,01,Food and non-alcoholic beverages,4125.246
304043.0,01,Food and non-alcoholic beverages,3333.08
304044.0,01,Food and non-alcoholic beverages,1990.0
304045.0,01,Food and non-alcoholic beverages,1997.275
304046.0,01,Food and non-alcoholic beverages,14116.785
304047.0,01,Food and non-alcoholic beverages,3223.2799999999997
304048.0,01,Food and non-alcoholic beverages,423.744
304049.0,01,Food and non-alcoholic beverages,20.3961
304050.0,01,Food and non-alcoholic beverages,6809.059
304051.0,01,Food and non-alcoholic beverages,9720.155
304052.0,01,Food and non-alcoholic beverages,10873.83
304053.0,01,Food and non-alcoholic beverages,7703.89
304054.0,01,Food and non-alcoholic beverages,11156.983
304055.0,01,Food and non-alcoholic beverages,2857.25
304056.0,01,Food and non-alcoholic beverages,6729.565
304057.0,01,Food and non-alcoholic beverages,7206.3
304058.0,01,Food and non-alcoholic beverages,10234.5278
304059.0,01,Food and non-alcoholic beverages,27.357
304060.0,01,Food and non-alcoholic beverages,3306.714
304061.0,01,Food and non-alcoholic beverages,10874.352
304062.0,01,Food and non-alcoholic beverages,12359.008
304063.0,01,Food and non-alcoholic beverages,4361.5
304064.0,01,Food and non-alcoholic beverages,9715.442000000001
304065.0,01,Food and non-alcoholic beverages,4976.625
304066.0,01,Food and non-alcoholic beverages,12219.75
304067.0,01,Food and non-alcoholic beverages,2714.109
304068.0,01,Food and non-alcoholic beverages,8443.2519
304069.0,01,Food and non-alcoholic beverages,10208.582
304070.0,01,Food and non-alcoholic beverages,7355.0
304071.0,01,Food and non-alcoholic beverages,14561.2737
304072.0,01,Food and non-alcoholic beverages,2443.125
304073.0,01,Food and non-alcoholic beverages,3152.45
304074.0,01,Food and non-alcoholic beverages,54.31
304075.0,01,Food and non-alcoholic beverages,4767.206
304076.0,01,Food and non-alcoholic beverages,9857.6845
304077.0,01,Food and non-alcoholic beverages,9761.9704
304078.0,01,Food and non-alcoholic beverages,5754.391
304079.0,01,Food and non-alcoholic beverages,4121.796
304080.0,01,Food and non-alcoholic beverages,9350.46
304081.0,01,Food and non-alcoholic beverages,12503.9767
304082.0,01,Food and non-alcoholic beverages,6811.753
304083.0,01,Food and non-alcoholic beverages,12427.89
304084.0,01,Food and non-alcoholic beverages,7775.8
304085.0,01,Food and non-alcoholic beverages,3053.345
304086.0,01,Food and non-alcoholic beverages,1621.987
304087.0,01,Food and non-alcoholic beverages,8727.664
304088.0,01,Food and non-alcoholic beverages,1179.0
304089.0,01,Food and non-alcoholic beverages,2526.938
304090.0,01,Food and non-alcoholic beverages,15400.0
304091.0,01,Food and non-alcoholic beverages,1576.423
304092.0,01,Food and non-alcoholic beverages,5203.0
304093.0,01,Food and non-alcoholic beverages,9338.3281
304094.0,01,Food and non-alcoholic beverages,10916.669
304095.0,01,Food and non-alcoholic beverages,9425.1582
304096.0,01,Food and non-alcoholic beverages,7482.5
304097.0,01,Food and non-alcoholic beverages,4069.7517
304098.0,01,Food and non-alcoholic beverages,15205.65
304099.0,01,Food and non-alcoholic beverages,13502.5037
304100.0,01,Food and non-alcoholic beverages,5294.232
304101.0,01,Food and non-alcoholic beverages,4316.72
304102.0,01,Food and non-alcoholic beverages,7132.844
304103.0,01,Food and non-alcoholic beverages,7765.993
304104.0,01,Food and non-alcoholic beverages,1873.5929999999998
304105.0,01,Food and non-alcoholic beverages,14828.0138
304106.0,01,Food and non-alcoholic beverages,22526.352
304107.0,01,Food and non-alcoholic beverages,5627.413
304108.0,01,Food and non-alcoholic beverages,16010.852
304109.0,01,Food and non-alcoholic beverages,11744.67
304110.0,01,Food and non-alcoholic beverages,45999.387
304111.0,01,Food and non-alcoholic beverages,3419.0
304112.0,01,Food and non-alcoholic beverages,19916.84
304113.0,01,Food and non-alcoholic beverages,681.11
304114.0,01,Food and non-alcoholic beverages,223.6147
304115.0,01,Food and non-alcoholic beverages,14968.06
304116.0,01,Food and non-alcoholic beverages,10001.0
304117.0,01,Food and non-alcoholic beverages,5034.273
304118.0,01,Food and non-alcoholic beverages,11351.5
304119.0,01,Food and non-alcoholic beverages,15143.795
304120.0,01,Food and non-alcoholic beverages,633.8
304121.0,01,Food and non-alcoholic beverages,7773.0
304122.0,01,Food and non-alcoholic beverages,10153.65
304123.0,01,Food and non-alcoholic beverages,5871.845
304124.0,01,Food and non-alcoholic beverages,5820.0
304125.0,01,Food and non-alcoholic beverages,1314.016
304126.0,01,Food and non-alcoholic beverages,7132.83
304127.0,01,Food and non-alcoholic beverages,8293.517
304128.0,01,Food and non-alcoholic beverages,6773.852
304129.0,01,Food and non-alcoholic beverages,6733.582
304130.0,01,Food and non-alcoholic beverages,9170.5
304131.0,01,Food and non-alcoholic beverages,7602.45
304132.0,01,Food and non-alcoholic beverages,7605.5
304133.0,01,Food and non-alcoholic beverages,3103.001
304134.0,01,Food and non-alcoholic beverages,5866.45
304135.0,01,Food and non-alcoholic beverages,11970.375
304136.0,01,Food and non-alcoholic beverages,4480.471
304137.0,01,Food and non-alcoholic beverages,24902.475
304138.0,01,Food and non-alcoholic beverages,15827.329
304139.0,01,Food and non-alcoholic beverages,12283.779
304140.0,01,Food and non-alcoholic beverages,13770.55
304141.0,01,Food and non-alcoholic beverages,44948.807
304142.0,01,Food and non-alcoholic beverages,16811.049
304143.0,01,Food and non-alcoholic beverages,54425.65
304144.0,01,Food and non-alcoholic beverages,28279.5076
304145.0,01,Food and non-alcoholic beverages,9281.33
304146.0,01,Food and non-alcoholic beverages,25013.184999999998
304147.0,01,Food and non-alcoholic beverages,4606.45
304148.0,01,Food and non-alcoholic beverages,15004.3
304149.0,01,Food and non-alcoholic beverages,13184.591
304150.0,01,Food and non-alcoholic beverages,3863.893
304151.0,01,Food and non-alcoholic beverages,22550.318
304152.0,01,Food and non-alcoholic beverages,6226.2
304153.0,01,Food and non-alcoholic beverages,3138.125
304154.0,01,Food and non-alcoholic beverages,7554.5
304155.0,01,Food and non-alcoholic beverages,10571.195
304156.0,01,Food and non-alcoholic beverages,9032.5
304157.0,01,Food and non-alcoholic beverages,3254.332
304158.0,01,Food and non-alcoholic beverages,4069.41
304159.0,01,Food and non-alcoholic beverages,6810.097
304160.0,01,Food and non-alcoholic beverages,8224.45
304161.0,01,Food and non-alcoholic beverages,9909.6
304162.0,01,Food and non-alcoholic beverages,10644.5
304163.0,01,Food and non-alcoholic beverages,9187.5098
304164.0,01,Food and non-alcoholic beverages,6234.612
304165.0,01,Food and non-alcoholic beverages,3141.48
304166.0,01,Food and non-alcoholic beverages,9250.03
304167.0,01,Food and non-alcoholic beverages,7378.831
304168.0,01,Food and non-alcoholic beverages,3813.505
304169.0,01,Food and non-alcoholic beverages,5557.175
304170.0,01,Food and non-alcoholic beverages,12102.045
304171.0,01,Food and non-alcoholic beverages,7727.103
304172.0,01,Food and non-alcoholic beverages,13841.560000000001
304173.0,01,Food and non-alcoholic beverages,1752.493
304174.0,01,Food and non-alcoholic beverages,4840.553
304175.0,01,Food and non-alcoholic beverages,3129.46
304176.0,01,Food and non-alcoholic beverages,4169.842
304177.0,01,Food and non-alcoholic beverages,2612.9100000000003
304178.0,01,Food and non-alcoholic beverages,5704.193
304179.0,01,Food and non-alcoholic beverages,24773.5
304180.0,01,Food and non-alcoholic beverages,22865.0
304181.0,01,Food and non-alcoholic beverages,9207.83
304182.0,01,Food and non-alcoholic beverages,2608.2
304183.0,01,Food and non-alcoholic beverages,3319.0
304184.0,01,Food and non-alcoholic beverages,7250.472
304185.0,01,Food and non-alcoholic beverages,7023.659
304186.0,01,Food and non-alcoholic beverages,4087.765
304187.0,01,Food and non-alcoholic beverages,2816.8199999999997
304188.0,01,Food and non-alcoholic beverages,13813.55
304189.0,01,Food and non-alcoholic beverages,8133.542
304190.0,01,Food and non-alcoholic beverages,1730.55
304191.0,01,Food and non-alcoholic beverages,11704.6
304192.0,01,Food and non-alcoholic beverages,8650.720000000001
304193.0,01,Food and non-alcoholic beverages,8625.48
304194.0,01,Food and non-alcoholic beverages,11150.14
304195.0,01,Food and non-alcoholic beverages,16.731
304196.0,01,Food and non-alcoholic beverages,8412.423999999999
304197.0,01,Food and non-alcoholic beverages,15951.704
304198.0,01,Food and non-alcoholic beverages,14994.14
304199.0,01,Food and non-alcoholic beverages,14102.29
304200.0,01,Food and non-alcoholic beverages,10104.43
304201.0,01,Food and non-alcoholic beverages,11125.0
304202.0,01,Food and non-alcoholic beverages,13050.0
304203.0,01,Food and non-alcoholic beverages,16408.291
304204.0,01,Food and non-alcoholic beverages,10951.05
304205.0,01,Food and non-alcoholic beverages,11105.253
304206.0,01,Food and non-alcoholic beverages,7711.45
304207.0,01,Food and non-alcoholic beverages,6209.9
304208.0,01,Food and non-alcoholic beverages,6850.0
304209.0,01,Food and non-alcoholic beverages,10101.66
304210.0,01,Food and non-alcoholic beverages,4459.006
304211.0,01,Food and non-alcoholic beverages,23150.08
304212.0,01,Food and non-alcoholic beverages,30857.81
304213.0,01,Food and non-alcoholic beverages,4774.34
304214.0,01,Food and non-alcoholic beverages,5852.161
304215.0,01,Food and non-alcoholic beverages,2966.32
304216.0,01,Food and non-alcoholic beverages,4220.162
304217.0,01,Food and non-alcoholic beverages,4651.057
304218.0,01,Food and non-alcoholic beverages,8235.25
304219.0,01,Food and non-alcoholic beverages,7861.508
304220.0,01,Food and non-alcoholic beverages,3218.85
304221.0,01,Food and non-alcoholic beverages,23010.008
304222.0,01,Food and non-alcoholic beverages,8952.05
304223.0,01,Food and non-alcoholic beverages,7201.413
304224.0,01,Food and non-alcoholic beverages,20607.6
304225.0,01,Food and non-alcoholic beverages,12.364
304226.0,01,Food and non-alcoholic beverages,1334.288
304227.0,01,Food and non-alcoholic beverages,3225.483
304228.0,01,Food and non-alcoholic beverages,5404.581
304229.0,01,Food and non-alcoholic beverages,1031.15
304230.0,01,Food and non-alcoholic beverages,1215.629
304231.0,01,Food and non-alcoholic beverages,4726.0
304232.0,01,Food and non-alcoholic beverages,466.076
304233.0,01,Food and non-alcoholic beverages,4428.45
304234.0,01,Food and non-alcoholic beverages,7266.455
304235.0,01,Food and non-alcoholic beverages,4824.9
304236.0,01,Food and non-alcoholic beverages,4048.05
304237.0,01,Food and non-alcoholic beverages,10300.0
304238.0,01,Food and non-alcoholic beverages,6043.5
304239.0,01,Food and non-alcoholic beverages,8551.755
304240.0,01,Food and non-alcoholic beverages,4428.75
304241.0,01,Food and non-alcoholic beverages,12235.0
304242.0,01,Food and non-alcoholic beverages,9494.61
304243.0,01,Food and non-alcoholic beverages,6808.9
304244.0,01,Food and non-alcoholic beverages,14355.665
304245.0,01,Food and non-alcoholic beverages,4111.75
304246.0,01,Food and non-alcoholic beverages,7174.1
304247.0,01,Food and non-alcoholic beverages,8593.315
304248.0,01,Food and non-alcoholic beverages,2210.3
304249.0,01,Food and non-alcoholic beverages,2501.746
304250.0,01,Food and non-alcoholic beverages,1280.43
304251.0,01,Food and non-alcoholic beverages,8369.042
304252.0,01,Food and non-alcoholic beverages,10965.52
304253.0,01,Food and non-alcoholic beverages,13928.594000000001
304254.0,01,Food and non-alcoholic beverages,11483.94
304255.0,01,Food and non-alcoholic beverages,6219.5
304256.0,01,Food and non-alcoholic beverages,8400.0
304257.0,01,Food and non-alcoholic beverages,17250.0
304258.0,01,Food and non-alcoholic beverages,47603.25
304259.0,01,Food and non-alcoholic beverages,14900.0
304260.0,01,Food and non-alcoholic beverages,1339.02
304261.0,01,Food and non-alcoholic beverages,2392.152
304262.0,01,Food and non-alcoholic beverages,7253.359
304263.0,01,Food and non-alcoholic beverages,5560.9
304264.0,01,Food and non-alcoholic beverages,1026.1100000000001
304265.0,01,Food and non-alcoholic beverages,3230.898
304266.0,01,Food and non-alcoholic beverages,1323.185
304267.0,01,Food and non-alcoholic beverages,1819.33
304268.0,01,Food and non-alcoholic beverages,2159.75
304269.0,01,Food and non-alcoholic beverages,3239.568
304270.0,01,Food and non-alcoholic beverages,1247.633
304271.0,01,Food and non-alcoholic beverages,1613.5700000000002
304272.0,01,Food and non-alcoholic beverages,5816.2699999999995
304273.0,01,Food and non-alcoholic beverages,2442.2780000000002
304274.0,01,Food and non-alcoholic beverages,12.215000000000002
304275.0,01,Food and non-alcoholic beverages,1970.0
304276.0,01,Food and non-alcoholic beverages,8457.0
304277.0,01,Food and non-alcoholic beverages,4188.75
304278.0,01,Food and non-alcoholic beverages,11012.604
304279.0,01,Food and non-alcoholic beverages,6864.5
304280.0,01,Food and non-alcoholic beverages,6530.335
304281.0,01,Food and non-alcoholic beverages,5662.005
304282.0,01,Food and non-alcoholic beverages,2459.685
304283.0,01,Food and non-alcoholic beverages,6173.82
304284.0,01,Food and non-alcoholic beverages,323.15999999999997
304285.0,01,Food and non-alcoholic beverages,4420.3
304286.0,01,Food and non-alcoholic beverages,10440.35
304287.0,01,Food and non-alcoholic beverages,5152.75
304288.0,01,Food and non-alcoholic beverages,8660.131000000001
304289.0,01,Food and non-alcoholic beverages,8071.0
304290.0,01,Food and non-alcoholic beverages,5252.5
304291.0,01,Food and non-alcoholic beverages,413.83
304292.0,01,Food and non-alcoholic beverages,23924.3
304293.0,01,Food and non-alcoholic beverages,3881.1
304294.0,01,Food and non-alcoholic beverages,12485.581
304295.0,01,Food and non-alcoholic beverages,2376.192
304296.0,01,Food and non-alcoholic beverages,9222.8
304297.0,01,Food and non-alcoholic beverages,7964.8
304298.0,01,Food and non-alcoholic beverages,2507.4700000000003
304299.0,01,Food and non-alcoholic beverages,3175.602
304300.0,01,Food and non-alcoholic beverages,7482.0
304301.0,01,Food and non-alcoholic beverages,7151.7
304302.0,01,Food and non-alcoholic beverages,12512.0
304303.0,01,Food and non-alcoholic beverages,6461.69
304304.0,01,Food and non-alcoholic beverages,5296.6720000000005
304305.0,01,Food and non-alcoholic beverages,9903.265
304306.0,01,Food and non-alcoholic beverages,3792.009
304307.0,01,Food and non-alcoholic beverages,4317.335
304308.0,01,Food and non-alcoholic beverages,1419.363
304309.0,01,Food and non-alcoholic beverages,4133.73
304310.0,01,Food and non-alcoholic beverages,1019.232
304311.0,01,Food and non-alcoholic beverages,1939.959
304312.0,01,Food and non-alcoholic beverages,12222.95
304313.0,01,Food and non-alcoholic beverages,7.185
304314.0,01,Food and non-alcoholic beverages,8450.0
304315.0,01,Food and non-alcoholic beverages,2251.6
304316.0,01,Food and non-alcoholic beverages,3973.34
304317.0,01,Food and non-alcoholic beverages,5939.0
304318.0,01,Food and non-alcoholic beverages,7815.900000000001
304319.0,01,Food and non-alcoholic beverages,4662.532
304320.0,01,Food and non-alcoholic beverages,9186.8
304321.0,01,Food and non-alcoholic beverages,11229.194
304322.0,01,Food and non-alcoholic beverages,20763.449
304323.0,01,Food and non-alcoholic beverages,6870.795
304324.0,01,Food and non-alcoholic beverages,3328.648
304325.0,01,Food and non-alcoholic beverages,13720.159
304326.0,01,Food and non-alcoholic beverages,1411.88
304327.0,01,Food and non-alcoholic beverages,1859.3000000000002
304328.0,01,Food and non-alcoholic beverages,10038.093
304329.0,01,Food and non-alcoholic beverages,5287.0599999999995
304330.0,01,Food and non-alcoholic beverages,6454.65
304331.0,01,Food and non-alcoholic beverages,5622.5
304332.0,01,Food and non-alcoholic beverages,11569.0
304333.0,01,Food and non-alcoholic beverages,4966.98
304334.0,01,Food and non-alcoholic beverages,11461.65
304335.0,01,Food and non-alcoholic beverages,333.348
304336.0,01,Food and non-alcoholic beverages,4459.81
304337.0,01,Food and non-alcoholic beverages,6518.2080000000005
304338.0,01,Food and non-alcoholic beverages,10354.869
304339.0,01,Food and non-alcoholic beverages,16800.0
304340.0,01,Food and non-alcoholic beverages,4010.2
304341.0,01,Food and non-alcoholic beverages,3764.46
304342.0,01,Food and non-alcoholic beverages,5210.28
304343.0,01,Food and non-alcoholic beverages,10854.066
304344.0,01,Food and non-alcoholic beverages,4477.253
304345.0,01,Food and non-alcoholic beverages,1014.081
304346.0,01,Food and non-alcoholic beverages,18902.5
304347.0,01,Food and non-alcoholic beverages,11531.529999999999
304348.0,01,Food and non-alcoholic beverages,3786.665
304349.0,01,Food and non-alcoholic beverages,7420.84
304350.0,01,Food and non-alcoholic beverages,8203.1
304351.0,01,Food and non-alcoholic beverages,5751.2
304352.0,01,Food and non-alcoholic beverages,13856.037
304353.0,01,Food and non-alcoholic beverages,6017.077
304354.0,01,Food and non-alcoholic beverages,1970.3200000000002
304355.0,01,Food and non-alcoholic beverages,11527.873
304356.0,01,Food and non-alcoholic beverages,10668.0
304357.0,01,Food and non-alcoholic beverages,1574.24
304358.0,01,Food and non-alcoholic beverages,4615.755
304359.0,01,Food and non-alcoholic beverages,3959.2
304360.0,01,Food and non-alcoholic beverages,2315.13
304361.0,01,Food and non-alcoholic beverages,3467.45
304362.0,01,Food and non-alcoholic beverages,15560.155
304363.0,01,Food and non-alcoholic beverages,1662.45
304364.0,01,Food and non-alcoholic beverages,5533.25
304365.0,01,Food and non-alcoholic beverages,6013.02
304366.0,01,Food and non-alcoholic beverages,7208.25
304367.0,01,Food and non-alcoholic beverages,6022.5
304368.0,01,Food and non-alcoholic beverages,12280.02
304369.0,01,Food and non-alcoholic beverages,6820.506
304370.0,01,Food and non-alcoholic beverages,13438.2
304371.0,01,Food and non-alcoholic beverages,10141.96
304372.0,01,Food and non-alcoholic beverages,11382.24
304373.0,01,Food and non-alcoholic beverages,13512.04
304374.0,01,Food and non-alcoholic beverages,8789.613
304375.0,01,Food and non-alcoholic beverages,196.742
304376.0,01,Food and non-alcoholic beverages,20602.32
304377.0,01,Food and non-alcoholic beverages,19476.207
304378.0,01,Food and non-alcoholic beverages,12500.268
304379.0,01,Food and non-alcoholic beverages,9066.017
304380.0,01,Food and non-alcoholic beverages,5412.641
304381.0,01,Food and non-alcoholic beverages,11572.288
304382.0,01,Food and non-alcoholic beverages,4203.69
304383.0,01,Food and non-alcoholic beverages,8564.0
304384.0,01,Food and non-alcoholic beverages,4469.216
304385.0,01,Food and non-alcoholic beverages,18481.506
304386.0,01,Food and non-alcoholic beverages,8700.315
304387.0,01,Food and non-alcoholic beverages,11911.878
304388.0,01,Food and non-alcoholic beverages,18608.55
304389.0,01,Food and non-alcoholic beverages,16811.083
304390.0,01,Food and non-alcoholic beverages,9687.901
304391.0,01,Food and non-alcoholic beverages,5006.546
304392.0,01,Food and non-alcoholic beverages,16619.095
304393.0,01,Food and non-alcoholic beverages,8127.778
304394.0,01,Food and non-alcoholic beverages,6543.992
304395.0,01,Food and non-alcoholic beverages,3172.358
304396.0,01,Food and non-alcoholic beverages,28672.3387
304397.0,01,Food and non-alcoholic beverages,19512.355
304398.0,01,Food and non-alcoholic beverages,1504.62
304399.0,01,Food and non-alcoholic beverages,3902.122
304400.0,01,Food and non-alcoholic beverages,15920.13
304401.0,01,Food and non-alcoholic beverages,22115.78
304402.0,01,Food and non-alcoholic beverages,6053.9
304403.0,01,Food and non-alcoholic beverages,8103.854
304404.0,01,Food and non-alcoholic beverages,3250.566
304405.0,01,Food and non-alcoholic beverages,1261.84
304406.0,01,Food and non-alcoholic beverages,9929.767
304407.0,01,Food and non-alcoholic beverages,5853.567
304408.0,01,Food and non-alcoholic beverages,11551.64
304409.0,01,Food and non-alcoholic beverages,22509.23
304410.0,01,Food and non-alcoholic beverages,7816.317
304411.0,01,Food and non-alcoholic beverages,6230.172
304412.0,01,Food and non-alcoholic beverages,7175.53
304413.0,01,Food and non-alcoholic beverages,6918.335
304414.0,01,Food and non-alcoholic beverages,9930.471
304415.0,01,Food and non-alcoholic beverages,13029.279
304416.0,01,Food and non-alcoholic beverages,7901.37
304417.0,01,Food and non-alcoholic beverages,5710.388
304418.0,01,Food and non-alcoholic beverages,13651.725
304419.0,01,Food and non-alcoholic beverages,5883.663
304420.0,01,Food and non-alcoholic beverages,5026.537
304421.0,01,Food and non-alcoholic beverages,7553.603
304422.0,01,Food and non-alcoholic beverages,4555.461
304423.0,01,Food and non-alcoholic beverages,12900.084
304424.0,01,Food and non-alcoholic beverages,9354.474
304425.0,01,Food and non-alcoholic beverages,12459.386
304426.0,01,Food and non-alcoholic beverages,18249.184
304427.0,01,Food and non-alcoholic beverages,2401.855
304428.0,01,Food and non-alcoholic beverages,8656.285
304429.0,01,Food and non-alcoholic beverages,10454.834
304430.0,01,Food and non-alcoholic beverages,23439.714
304431.0,01,Food and non-alcoholic beverages,6403.413
304432.0,01,Food and non-alcoholic beverages,10514.222
304433.0,01,Food and non-alcoholic beverages,2720.32
304434.0,01,Food and non-alcoholic beverages,11028.72
304435.0,01,Food and non-alcoholic beverages,12627.721
304436.0,01,Food and non-alcoholic beverages,1152.824
304437.0,01,Food and non-alcoholic beverages,10668.0
304438.0,01,Food and non-alcoholic beverages,22373.425
304439.0,01,Food and non-alcoholic beverages,7450.5
304440.0,01,Food and non-alcoholic beverages,6055.725
304441.0,01,Food and non-alcoholic beverages,7056.424
304442.0,01,Food and non-alcoholic beverages,10881.615
304443.0,01,Food and non-alcoholic beverages,9062.38
304444.0,01,Food and non-alcoholic beverages,4445.977
304445.0,01,Food and non-alcoholic beverages,1720.21
304446.0,01,Food and non-alcoholic beverages,4352.004
304447.0,01,Food and non-alcoholic beverages,15862.659
304448.0,01,Food and non-alcoholic beverages,7678.529
304449.0,01,Food and non-alcoholic beverages,5114.884
304450.0,01,Food and non-alcoholic beverages,16462.944
304451.0,01,Food and non-alcoholic beverages,3362.554
304452.0,01,Food and non-alcoholic beverages,8130.92
304453.0,01,Food and non-alcoholic beverages,5857.652
304454.0,01,Food and non-alcoholic beverages,13553.14
304455.0,01,Food and non-alcoholic beverages,6350.5
304456.0,01,Food and non-alcoholic beverages,707.5165000000001
304457.0,01,Food and non-alcoholic beverages,3564.644
304458.0,01,Food and non-alcoholic beverages,51262.948
304459.0,01,Food and non-alcoholic beverages,65405.115
304460.0,01,Food and non-alcoholic beverages,22121.326
304461.0,01,Food and non-alcoholic beverages,5656.4710000000005
304462.0,01,Food and non-alcoholic beverages,81655.75
304463.0,01,Food and non-alcoholic beverages,22027.174
304464.0,01,Food and non-alcoholic beverages,34181.716
304465.0,01,Food and non-alcoholic beverages,27835.956
304466.0,01,Food and non-alcoholic beverages,27239.215
304467.0,01,Food and non-alcoholic beverages,10005.908
304468.0,01,Food and non-alcoholic beverages,40021.332
304469.0,01,Food and non-alcoholic beverages,7668.374
304470.0,01,Food and non-alcoholic beverages,73735.44900000001
304471.0,01,Food and non-alcoholic beverages,3295.8179999999998
304472.0,01,Food and non-alcoholic beverages,19164.235
304473.0,01,Food and non-alcoholic beverages,5228.5
304474.0,01,Food and non-alcoholic beverages,7328.4349999999995
304475.0,01,Food and non-alcoholic beverages,23895.231
304476.0,01,Food and non-alcoholic beverages,13703.039
304477.0,01,Food and non-alcoholic beverages,7085.082
304478.0,01,Food and non-alcoholic beverages,5759.447
304479.0,01,Food and non-alcoholic beverages,20070.034
304480.0,01,Food and non-alcoholic beverages,3584.7929999999997
304481.0,01,Food and non-alcoholic beverages,15363.201
304482.0,01,Food and non-alcoholic beverages,15169.408
304483.0,01,Food and non-alcoholic beverages,4860.671
304484.0,01,Food and non-alcoholic beverages,10527.233
304485.0,01,Food and non-alcoholic beverages,1408.214
304486.0,01,Food and non-alcoholic beverages,15210.795
304487.0,01,Food and non-alcoholic beverages,20026.917
304488.0,01,Food and non-alcoholic beverages,7850.084
304489.0,01,Food and non-alcoholic beverages,2817.475
304490.0,01,Food and non-alcoholic beverages,5315.914
304491.0,01,Food and non-alcoholic beverages,7229.305
304492.0,01,Food and non-alcoholic beverages,12327.98
304493.0,01,Food and non-alcoholic beverages,5896.34
304494.0,01,Food and non-alcoholic beverages,2505.784
304495.0,01,Food and non-alcoholic beverages,8145.771
304496.0,01,Food and non-alcoholic beverages,7362.299
304497.0,01,Food and non-alcoholic beverages,8651.709
304498.0,01,Food and non-alcoholic beverages,9491.387
304499.0,01,Food and non-alcoholic beverages,3233.754
304500.0,01,Food and non-alcoholic beverages,5739.1566
304501.0,01,Food and non-alcoholic beverages,13463.255
304502.0,01,Food and non-alcoholic beverages,4707.731
304503.0,01,Food and non-alcoholic beverages,2017.4
304504.0,01,Food and non-alcoholic beverages,21982.675
304505.0,01,Food and non-alcoholic beverages,11275.184
304506.0,01,Food and non-alcoholic beverages,10028.741
304507.0,01,Food and non-alcoholic beverages,2510.17
304508.0,01,Food and non-alcoholic beverages,11421.654
304509.0,01,Food and non-alcoholic beverages,8325.307999999999
304510.0,01,Food and non-alcoholic beverages,2170.911
304511.0,01,Food and non-alcoholic beverages,4503.838
304512.0,01,Food and non-alcoholic beverages,1728.562
304513.0,01,Food and non-alcoholic beverages,15971.68
304514.0,01,Food and non-alcoholic beverages,8905.667
304515.0,01,Food and non-alcoholic beverages,10872.662
304516.0,01,Food and non-alcoholic beverages,17918.413
304517.0,01,Food and non-alcoholic beverages,1761.1595
304518.0,01,Food and non-alcoholic beverages,5709.943
304519.0,01,Food and non-alcoholic beverages,8052.66
304520.0,01,Food and non-alcoholic beverages,4461.771
304521.0,01,Food and non-alcoholic beverages,14500.158
304522.0,01,Food and non-alcoholic beverages,8957.589
304523.0,01,Food and non-alcoholic beverages,6502.085
304524.0,01,Food and non-alcoholic beverages,28731.336
304525.0,01,Food and non-alcoholic beverages,20800.209
304526.0,01,Food and non-alcoholic beverages,24859.892
304527.0,01,Food and non-alcoholic beverages,6909.477
304528.0,01,Food and non-alcoholic beverages,13157.29
304529.0,01,Food and non-alcoholic beverages,14700.0
304530.0,01,Food and non-alcoholic beverages,16956.347999999998
304531.0,01,Food and non-alcoholic beverages,26704.165
304532.0,01,Food and non-alcoholic beverages,8993.314
304533.0,01,Food and non-alcoholic beverages,1728.513
304534.0,01,Food and non-alcoholic beverages,5084.237
304535.0,01,Food and non-alcoholic beverages,7702.657
304536.0,01,Food and non-alcoholic beverages,10500.812
304537.0,01,Food and non-alcoholic beverages,7910.12
304538.0,01,Food and non-alcoholic beverages,24152.629
304539.0,01,Food and non-alcoholic beverages,12008.042
304540.0,01,Food and non-alcoholic beverages,9609.871000000001
304541.0,01,Food and non-alcoholic beverages,4539.7609999999995
304542.0,01,Food and non-alcoholic beverages,3811.52
304543.0,01,Food and non-alcoholic beverages,6352.182
304544.0,01,Food and non-alcoholic beverages,5959.061
304545.0,01,Food and non-alcoholic beverages,7146.563
304546.0,01,Food and non-alcoholic beverages,9178.318
304547.0,01,Food and non-alcoholic beverages,12211.25
304548.0,01,Food and non-alcoholic beverages,20201.121
304549.0,01,Food and non-alcoholic beverages,12100.326000000001
304550.0,01,Food and non-alcoholic beverages,3804.13
304551.0,01,Food and non-alcoholic beverages,15555.292
304552.0,01,Food and non-alcoholic beverages,13619.787
304553.0,01,Food and non-alcoholic beverages,13553.128
304554.0,01,Food and non-alcoholic beverages,6458.266
304555.0,01,Food and non-alcoholic beverages,9917.011
304556.0,01,Food and non-alcoholic beverages,31503.5
304557.0,01,Food and non-alcoholic beverages,1832.922
304558.0,01,Food and non-alcoholic beverages,18702.08
304559.0,01,Food and non-alcoholic beverages,16667.807
304560.0,01,Food and non-alcoholic beverages,19543.448
304561.0,01,Food and non-alcoholic beverages,1969.376
304562.0,01,Food and non-alcoholic beverages,17022.3267
304563.0,01,Food and non-alcoholic beverages,8052.75
304564.0,01,Food and non-alcoholic beverages,11958.051
304565.0,01,Food and non-alcoholic beverages,5000.0
304566.0,01,Food and non-alcoholic beverages,8578.424
304567.0,01,Food and non-alcoholic beverages,5554.4845000000005
304568.0,01,Food and non-alcoholic beverages,7433.8504
304569.0,01,Food and non-alcoholic beverages,5267.779
304570.0,01,Food and non-alcoholic beverages,15348.158
304571.0,01,Food and non-alcoholic beverages,10106.862000000001
304572.0,01,Food and non-alcoholic beverages,12927.874
304573.0,01,Food and non-alcoholic beverages,3731.019
304574.0,01,Food and non-alcoholic beverages,11325.3185
304575.0,01,Food and non-alcoholic beverages,2922.457
304576.0,01,Food and non-alcoholic beverages,3553.9159999999997
304577.0,01,Food and non-alcoholic beverages,7403.895
304578.0,01,Food and non-alcoholic beverages,2608.593
304579.0,01,Food and non-alcoholic beverages,17094.624
304580.0,01,Food and non-alcoholic beverages,5486.07
304581.0,01,Food and non-alcoholic beverages,6611.012
304582.0,01,Food and non-alcoholic beverages,6188.769
304583.0,01,Food and non-alcoholic beverages,6261.9220000000005
304584.0,01,Food and non-alcoholic beverages,8.945
304585.0,01,Food and non-alcoholic beverages,22586.217
304586.0,01,Food and non-alcoholic beverages,21906.772
304587.0,01,Food and non-alcoholic beverages,4363.827
304588.0,01,Food and non-alcoholic beverages,14715.943
304589.0,01,Food and non-alcoholic beverages,7052.825
304590.0,01,Food and non-alcoholic beverages,7785.871
304591.0,01,Food and non-alcoholic beverages,4713.07
304592.0,01,Food and non-alcoholic beverages,9818.447
304593.0,01,Food and non-alcoholic beverages,9908.356
304594.0,01,Food and non-alcoholic beverages,6353.266
304595.0,01,Food and non-alcoholic beverages,6425.519
304596.0,01,Food and non-alcoholic beverages,22692.656
304597.0,01,Food and non-alcoholic beverages,12431.44
304598.0,01,Food and non-alcoholic beverages,5237.386
304599.0,01,Food and non-alcoholic beverages,7611.788
304600.0,01,Food and non-alcoholic beverages,4272.266
304601.0,01,Food and non-alcoholic beverages,1458.65
304602.0,01,Food and non-alcoholic beverages,15534.272
304603.0,01,Food and non-alcoholic beverages,14763.008
304604.0,01,Food and non-alcoholic beverages,17311.62
304605.0,01,Food and non-alcoholic beverages,12550.948
304606.0,01,Food and non-alcoholic beverages,12946.532
304607.0,01,Food and non-alcoholic beverages,3378.023
304608.0,01,Food and non-alcoholic beverages,6160.218
304609.0,01,Food and non-alcoholic beverages,35070.39
304610.0,01,Food and non-alcoholic beverages,12718.1695
304611.0,01,Food and non-alcoholic beverages,4465.098
304612.0,01,Food and non-alcoholic beverages,13554.591
304613.0,01,Food and non-alcoholic beverages,3204.523
304614.0,01,Food and non-alcoholic beverages,20784.619
304615.0,01,Food and non-alcoholic beverages,7079.22
304616.0,01,Food and non-alcoholic beverages,10205.872
304617.0,01,Food and non-alcoholic beverages,12007.054
304618.0,01,Food and non-alcoholic beverages,1925.292
304619.0,01,Food and non-alcoholic beverages,4100.64
304620.0,01,Food and non-alcoholic beverages,11853.787
304621.0,01,Food and non-alcoholic beverages,5316.029
304622.0,01,Food and non-alcoholic beverages,14710.255
304623.0,01,Food and non-alcoholic beverages,2864.466
304624.0,01,Food and non-alcoholic beverages,2155.9
304625.0,01,Food and non-alcoholic beverages,14605.079
304626.0,01,Food and non-alcoholic beverages,6251.659
304627.0,01,Food and non-alcoholic beverages,12082.298
304628.0,01,Food and non-alcoholic beverages,1536.751
304629.0,01,Food and non-alcoholic beverages,8783.702
304630.0,01,Food and non-alcoholic beverages,4029.331
304631.0,01,Food and non-alcoholic beverages,5214.0
304632.0,01,Food and non-alcoholic beverages,1655.318
304633.0,01,Food and non-alcoholic beverages,5124.913
304634.0,01,Food and non-alcoholic beverages,4711.417
304635.0,01,Food and non-alcoholic beverages,615.016
304636.0,01,Food and non-alcoholic beverages,6428.76
304637.0,01,Food and non-alcoholic beverages,51473.167
304638.0,01,Food and non-alcoholic beverages,24640.872
304639.0,01,Food and non-alcoholic beverages,2095.164
304640.0,01,Food and non-alcoholic beverages,6634.977
304641.0,01,Food and non-alcoholic beverages,7434.101
304642.0,01,Food and non-alcoholic beverages,3258.884
304643.0,01,Food and non-alcoholic beverages,2685.438
304644.0,01,Food and non-alcoholic beverages,2236.202
304645.0,01,Food and non-alcoholic beverages,12148.926
304646.0,01,Food and non-alcoholic beverages,8322.416000000001
304647.0,01,Food and non-alcoholic beverages,3074.026
304648.0,01,Food and non-alcoholic beverages,4053.256
304649.0,01,Food and non-alcoholic beverages,3497.4759999999997
304650.0,01,Food and non-alcoholic beverages,710.787
304651.0,01,Food and non-alcoholic beverages,3855.886
304652.0,01,Food and non-alcoholic beverages,651.65
304653.0,01,Food and non-alcoholic beverages,16438.05
304654.0,01,Food and non-alcoholic beverages,19014.05
304655.0,01,Food and non-alcoholic beverages,5737.026
304656.0,01,Food and non-alcoholic beverages,6333.958
304657.0,01,Food and non-alcoholic beverages,9375.998
304658.0,01,Food and non-alcoholic beverages,11283.805
304659.0,01,Food and non-alcoholic beverages,4273.268
304660.0,01,Food and non-alcoholic beverages,601.793
304661.0,01,Food and non-alcoholic beverages,7472.319
304662.0,01,Food and non-alcoholic beverages,17268.826
304663.0,01,Food and non-alcoholic beverages,5856.765
304664.0,01,Food and non-alcoholic beverages,14642.654
304665.0,01,Food and non-alcoholic beverages,2550.72
304666.0,01,Food and non-alcoholic beverages,7506.646
304667.0,01,Food and non-alcoholic beverages,14922.117
304668.0,01,Food and non-alcoholic beverages,13017.832
304669.0,01,Food and non-alcoholic beverages,8576.918
304670.0,01,Food and non-alcoholic beverages,2947.196
304671.0,01,Food and non-alcoholic beverages,16.524
304672.0,01,Food and non-alcoholic beverages,2597.748
304673.0,01,Food and non-alcoholic beverages,2217.055
304674.0,01,Food and non-alcoholic beverages,3398.5
304675.0,01,Food and non-alcoholic beverages,9.604
304676.0,01,Food and non-alcoholic beverages,13433.789999999999
304677.0,01,Food and non-alcoholic beverages,8021.869
304678.0,01,Food and non-alcoholic beverages,10686.371000000001
304679.0,01,Food and non-alcoholic beverages,4088.511
304680.0,01,Food and non-alcoholic beverages,948.1445
304681.0,01,Food and non-alcoholic beverages,4598.655
304682.0,01,Food and non-alcoholic beverages,8205.378
304683.0,01,Food and non-alcoholic beverages,13156.0
304684.0,01,Food and non-alcoholic beverages,5350.0
304685.0,01,Food and non-alcoholic beverages,26800.4
304686.0,01,Food and non-alcoholic beverages,16557.309
304687.0,01,Food and non-alcoholic beverages,1483.309
304688.0,01,Food and non-alcoholic beverages,3306.912
304689.0,01,Food and non-alcoholic beverages,9719.588
304691.0,01,Food and non-alcoholic beverages,12508.663
304692.0,01,Food and non-alcoholic beverages,11652.0
304693.0,01,Food and non-alcoholic beverages,4217.71
304694.0,01,Food and non-alcoholic beverages,9792.0
304695.0,01,Food and non-alcoholic beverages,11653.366
304696.0,01,Food and non-alcoholic beverages,13700.5
304697.0,01,Food and non-alcoholic beverages,3080.0
304698.0,01,Food and non-alcoholic beverages,13652.504
304699.0,01,Food and non-alcoholic beverages,9625.623
304700.0,01,Food and non-alcoholic beverages,7051.26
304701.0,01,Food and non-alcoholic beverages,10009.094
304702.0,01,Food and non-alcoholic beverages,16331.408
304703.0,01,Food and non-alcoholic beverages,27969.815
304704.0,01,Food and non-alcoholic beverages,31352.614999999998
304705.0,01,Food and non-alcoholic beverages,22973.538
304706.0,01,Food and non-alcoholic beverages,24500.0
304707.0,01,Food and non-alcoholic beverages,13103.15
304708.0,01,Food and non-alcoholic beverages,17021.872
304709.0,01,Food and non-alcoholic beverages,10479.839
304710.0,01,Food and non-alcoholic beverages,3161.97
304711.0,01,Food and non-alcoholic beverages,9400.646
304712.0,01,Food and non-alcoholic beverages,8591.646999999999
304713.0,01,Food and non-alcoholic beverages,2788.999
304714.0,01,Food and non-alcoholic beverages,12202.755
304715.0,01,Food and non-alcoholic beverages,3526.605
304716.0,01,Food and non-alcoholic beverages,2341.42
304717.0,01,Food and non-alcoholic beverages,14792.479
304718.0,01,Food and non-alcoholic beverages,7482.335
304719.0,01,Food and non-alcoholic beverages,7359.554
304720.0,01,Food and non-alcoholic beverages,4114.1050000000005
304721.0,01,Food and non-alcoholic beverages,7451.8060000000005
304722.0,01,Food and non-alcoholic beverages,11060.116
304723.0,01,Food and non-alcoholic beverages,17052.177
304724.0,01,Food and non-alcoholic beverages,11076.852
304725.0,01,Food and non-alcoholic beverages,17350.544
304726.0,01,Food and non-alcoholic beverages,10500.0
304727.0,01,Food and non-alcoholic beverages,1910.381
304728.0,01,Food and non-alcoholic beverages,4869.24
304729.0,01,Food and non-alcoholic beverages,15200.021
304730.0,01,Food and non-alcoholic beverages,3150.0
304731.0,01,Food and non-alcoholic beverages,5288.853
304732.0,01,Food and non-alcoholic beverages,4017.636
304733.0,01,Food and non-alcoholic beverages,16086.5825
304734.0,01,Food and non-alcoholic beverages,9201.042
304735.0,01,Food and non-alcoholic beverages,60306.0
304736.0,01,Food and non-alcoholic beverages,30735.044
304737.0,01,Food and non-alcoholic beverages,11365.172
304738.0,01,Food and non-alcoholic beverages,12684.9572
304739.0,01,Food and non-alcoholic beverages,425.28
304740.0,01,Food and non-alcoholic beverages,25981.914
304741.0,01,Food and non-alcoholic beverages,2224.601
304742.0,01,Food and non-alcoholic beverages,5907.345
304743.0,01,Food and non-alcoholic beverages,7902.614
304744.0,01,Food and non-alcoholic beverages,2463.043
304745.0,01,Food and non-alcoholic beverages,8611.863
304746.0,01,Food and non-alcoholic beverages,7959.805
304747.0,01,Food and non-alcoholic beverages,9589.013
304748.0,01,Food and non-alcoholic beverages,22979.704
304749.0,01,Food and non-alcoholic beverages,10106.206
304750.0,01,Food and non-alcoholic beverages,4473.263
304751.0,01,Food and non-alcoholic beverages,8541.007
304752.0,01,Food and non-alcoholic beverages,1010.6845
304753.0,01,Food and non-alcoholic beverages,5150.83
304754.0,01,Food and non-alcoholic beverages,15164.319
304755.0,01,Food and non-alcoholic beverages,8775.115
304756.0,01,Food and non-alcoholic beverages,11089.205
304757.0,01,Food and non-alcoholic beverages,2971.567
304758.0,01,Food and non-alcoholic beverages,2031.657
304759.0,01,Food and non-alcoholic beverages,14973.215
304760.0,01,Food and non-alcoholic beverages,4659.0
304761.0,01,Food and non-alcoholic beverages,2222.109
304762.0,01,Food and non-alcoholic beverages,19468.861
304763.0,01,Food and non-alcoholic beverages,11066.535
304764.0,01,Food and non-alcoholic beverages,6668.768
304765.0,01,Food and non-alcoholic beverages,8969.678
304766.0,01,Food and non-alcoholic beverages,7924.92
304767.0,01,Food and non-alcoholic beverages,13412.319
304768.0,01,Food and non-alcoholic beverages,7201.33
304769.0,01,Food and non-alcoholic beverages,3045.252
304770.0,01,Food and non-alcoholic beverages,13230.524000000001
304771.0,01,Food and non-alcoholic beverages,1682.0720000000001
304772.0,01,Food and non-alcoholic beverages,8011.536
304773.0,01,Food and non-alcoholic beverages,18017.755
304774.0,01,Food and non-alcoholic beverages,12912.25
304775.0,01,Food and non-alcoholic beverages,1189.431
304776.0,01,Food and non-alcoholic beverages,1900.135
304777.0,01,Food and non-alcoholic beverages,853.251
304778.0,01,Food and non-alcoholic beverages,26850.905
304779.0,01,Food and non-alcoholic beverages,10954.863
304780.0,01,Food and non-alcoholic beverages,4000.29
304781.0,01,Food and non-alcoholic beverages,19963.555
304782.0,01,Food and non-alcoholic beverages,57800.348
304783.0,01,Food and non-alcoholic beverages,17852.746
304785.0,01,Food and non-alcoholic beverages,28750.0
304786.0,01,Food and non-alcoholic beverages,12600.0
304788.0,01,Food and non-alcoholic beverages,20097.118
304789.0,01,Food and non-alcoholic beverages,1450.0
304790.0,01,Food and non-alcoholic beverages,25600.0
304791.0,01,Food and non-alcoholic beverages,10425.358
304792.0,01,Food and non-alcoholic beverages,9366.714
304793.0,01,Food and non-alcoholic beverages,8620.0
304794.0,01,Food and non-alcoholic beverages,12961.453
304795.0,01,Food and non-alcoholic beverages,29507.6
304796.0,01,Food and non-alcoholic beverages,11441.566
304797.0,01,Food and non-alcoholic beverages,4986.657
304798.0,01,Food and non-alcoholic beverages,9925.717
304799.0,01,Food and non-alcoholic beverages,12204.0
304800.0,01,Food and non-alcoholic beverages,3190.87
304801.0,01,Food and non-alcoholic beverages,4105.802
304802.0,01,Food and non-alcoholic beverages,5388.428
304803.0,01,Food and non-alcoholic beverages,7642.205
304804.0,01,Food and non-alcoholic beverages,17665.9
304805.0,01,Food and non-alcoholic beverages,1608.2740000000001
304806.0,01,Food and non-alcoholic beverages,2439.224
304807.0,01,Food and non-alcoholic beverages,3442.328
304808.0,01,Food and non-alcoholic beverages,2486.438
304809.0,01,Food and non-alcoholic beverages,3012.682
304810.0,01,Food and non-alcoholic beverages,3511.998
304811.0,01,Food and non-alcoholic beverages,4371.446
304812.0,01,Food and non-alcoholic beverages,6505.72
304813.0,01,Food and non-alcoholic beverages,10829.222
304814.0,01,Food and non-alcoholic beverages,18864.0
304815.0,01,Food and non-alcoholic beverages,7628.892
304816.0,01,Food and non-alcoholic beverages,5555.323
304817.0,01,Food and non-alcoholic beverages,7651.0
304818.0,01,Food and non-alcoholic beverages,7557.9
304819.0,01,Food and non-alcoholic beverages,15850.0
304820.0,01,Food and non-alcoholic beverages,8726.722
304821.0,01,Food and non-alcoholic beverages,7510.081999999999
304822.0,01,Food and non-alcoholic beverages,6636.782
304823.0,01,Food and non-alcoholic beverages,4232.006
304824.0,01,Food and non-alcoholic beverages,4759.074
304825.0,01,Food and non-alcoholic beverages,8729.429
304826.0,01,Food and non-alcoholic beverages,2520.078
304827.0,01,Food and non-alcoholic beverages,8880.375
304828.0,01,Food and non-alcoholic beverages,83220.605
304829.0,01,Food and non-alcoholic beverages,4902.375
304830.0,01,Food and non-alcoholic beverages,4801.804
304831.0,01,Food and non-alcoholic beverages,7250.0
304832.0,01,Food and non-alcoholic beverages,12000.8
304833.0,01,Food and non-alcoholic beverages,3030.304
304834.0,01,Food and non-alcoholic beverages,11986.0
304835.0,01,Food and non-alcoholic beverages,6773.5
304836.0,01,Food and non-alcoholic beverages,2815.514
304837.0,01,Food and non-alcoholic beverages,405.721
304838.0,01,Food and non-alcoholic beverages,2012.065
304839.0,01,Food and non-alcoholic beverages,11356.052
304840.0,01,Food and non-alcoholic beverages,2340.9030000000002
304841.0,01,Food and non-alcoholic beverages,715.7180000000001
304842.0,01,Food and non-alcoholic beverages,6507.223
304843.0,01,Food and non-alcoholic beverages,3707.01
304844.0,01,Food and non-alcoholic beverages,3759.723
304845.0,01,Food and non-alcoholic beverages,10559.568
304846.0,01,Food and non-alcoholic beverages,23810.951
304847.0,01,Food and non-alcoholic beverages,4695.854
304848.0,01,Food and non-alcoholic beverages,810.036
304849.0,01,Food and non-alcoholic beverages,23453.5
304850.0,01,Food and non-alcoholic beverages,4811.778
304851.0,01,Food and non-alcoholic beverages,26936.5
304852.0,01,Food and non-alcoholic beverages,11350.03
304853.0,01,Food and non-alcoholic beverages,8815.275
304854.0,01,Food and non-alcoholic beverages,19450.19
304855.0,01,Food and non-alcoholic beverages,5321.129
304856.0,01,Food and non-alcoholic beverages,6287.156
304857.0,01,Food and non-alcoholic beverages,32900.0
304858.0,01,Food and non-alcoholic beverages,9463.394
304859.0,01,Food and non-alcoholic beverages,27782.5
304860.0,01,Food and non-alcoholic beverages,25810.0
304861.0,01,Food and non-alcoholic beverages,35395.625
304862.0,01,Food and non-alcoholic beverages,31714.976
304863.0,01,Food and non-alcoholic beverages,28900.0
304864.0,01,Food and non-alcoholic beverages,29004.0
304865.0,01,Food and non-alcoholic beverages,38002.5
304866.0,01,Food and non-alcoholic beverages,41707.0
304867.0,01,Food and non-alcoholic beverages,65688.0
304868.0,01,Food and non-alcoholic beverages,16300.0
304869.0,01,Food and non-alcoholic beverages,24581.12
304870.0,01,Food and non-alcoholic beverages,89697.9
304871.0,01,Food and non-alcoholic beverages,83959.75
304872.0,01,Food and non-alcoholic beverages,27926.0
304873.0,01,Food and non-alcoholic beverages,31111.21
304874.0,01,Food and non-alcoholic beverages,68262.0
304875.0,01,Food and non-alcoholic beverages,3257.15
304876.0,01,Food and non-alcoholic beverages,1941.07
304877.0,01,Food and non-alcoholic beverages,9907.0
304878.0,01,Food and non-alcoholic beverages,7312.596
304879.0,01,Food and non-alcoholic beverages,2857.64
304880.0,01,Food and non-alcoholic beverages,2882.49
304881.0,01,Food and non-alcoholic beverages,15860.5
304882.0,01,Food and non-alcoholic beverages,20602.246
304883.0,01,Food and non-alcoholic beverages,8452.129
304884.0,01,Food and non-alcoholic beverages,8691.2
304885.0,01,Food and non-alcoholic beverages,10135.75
304886.0,01,Food and non-alcoholic beverages,36579.915
304887.0,01,Food and non-alcoholic beverages,3338.888
304888.0,01,Food and non-alcoholic beverages,5833.42
304889.0,01,Food and non-alcoholic beverages,6633.073
304890.0,01,Food and non-alcoholic beverages,7121.56
304891.0,01,Food and non-alcoholic beverages,20722.6
304892.0,01,Food and non-alcoholic beverages,4816.812
304893.0,01,Food and non-alcoholic beverages,1142.748
304894.0,01,Food and non-alcoholic beverages,5025.36
304895.0,01,Food and non-alcoholic beverages,15156.77
304896.0,01,Food and non-alcoholic beverages,8513.303
304897.0,01,Food and non-alcoholic beverages,6309.7
304898.0,01,Food and non-alcoholic beverages,5417.864
304899.0,01,Food and non-alcoholic beverages,12.28
304900.0,01,Food and non-alcoholic beverages,8405.273
304901.0,01,Food and non-alcoholic beverages,1859.544
304902.0,01,Food and non-alcoholic beverages,9808.12
304903.0,01,Food and non-alcoholic beverages,10014.74
304904.0,01,Food and non-alcoholic beverages,4602.56
304905.0,01,Food and non-alcoholic beverages,5718.97
304906.0,01,Food and non-alcoholic beverages,10436.7
304907.0,01,Food and non-alcoholic beverages,6267.866
304908.0,01,Food and non-alcoholic beverages,12002.0
304909.0,01,Food and non-alcoholic beverages,20200.0
304910.0,01,Food and non-alcoholic beverages,14221.0
304911.0,01,Food and non-alcoholic beverages,16652.85
304912.0,01,Food and non-alcoholic beverages,2056.0
304913.0,01,Food and non-alcoholic beverages,14350.0
304914.0,01,Food and non-alcoholic beverages,8359.615
304915.0,01,Food and non-alcoholic beverages,28350.0
304916.0,01,Food and non-alcoholic beverages,7975.9
304917.0,01,Food and non-alcoholic beverages,3866.701
304918.0,01,Food and non-alcoholic beverages,30627.61
304919.0,01,Food and non-alcoholic beverages,27207.0
304920.0,01,Food and non-alcoholic beverages,19666.879
304921.0,01,Food and non-alcoholic beverages,5436.476
304922.0,01,Food and non-alcoholic beverages,2496.3179999999998
304923.0,01,Food and non-alcoholic beverages,14887.457
304924.0,01,Food and non-alcoholic beverages,20762.524
304925.0,01,Food and non-alcoholic beverages,456.453
304926.0,01,Food and non-alcoholic beverages,62004.009
304927.0,01,Food and non-alcoholic beverages,29341.0
304928.0,01,Food and non-alcoholic beverages,15622.585
304929.0,01,Food and non-alcoholic beverages,19675.0
304930.0,01,Food and non-alcoholic beverages,9400.0
304931.0,01,Food and non-alcoholic beverages,13500.0
304932.0,01,Food and non-alcoholic beverages,15960.5
304933.0,01,Food and non-alcoholic beverages,68308.0
304934.0,01,Food and non-alcoholic beverages,20500.0
304935.0,01,Food and non-alcoholic beverages,9767.0
304936.0,01,Food and non-alcoholic beverages,15.73
304937.0,01,Food and non-alcoholic beverages,16906.256
304938.0,01,Food and non-alcoholic beverages,9357.503
304939.0,01,Food and non-alcoholic beverages,613.011
304940.0,01,Food and non-alcoholic beverages,1811.746
304941.0,01,Food and non-alcoholic beverages,25778.888
304942.0,01,Food and non-alcoholic beverages,1767.753
304943.0,01,Food and non-alcoholic beverages,4555.006
304944.0,01,Food and non-alcoholic beverages,4561.663
304945.0,01,Food and non-alcoholic beverages,12305.135
304946.0,01,Food and non-alcoholic beverages,26058.003
304947.0,01,Food and non-alcoholic beverages,2403.12
304948.0,01,Food and non-alcoholic beverages,1609.9
304949.0,01,Food and non-alcoholic beverages,5412.625
304950.0,01,Food and non-alcoholic beverages,11574.506
304951.0,01,Food and non-alcoholic beverages,3285.2952
304952.0,01,Food and non-alcoholic beverages,23204.085
304953.0,01,Food and non-alcoholic beverages,17711.431
304954.0,01,Food and non-alcoholic beverages,21531.603
304955.0,01,Food and non-alcoholic beverages,33106.51
304956.0,01,Food and non-alcoholic beverages,410.0
304957.0,01,Food and non-alcoholic beverages,8904.466
304958.0,01,Food and non-alcoholic beverages,29939.742
304959.0,01,Food and non-alcoholic beverages,31463.596
304960.0,01,Food and non-alcoholic beverages,11836.508
304961.0,01,Food and non-alcoholic beverages,94525.084
304962.0,01,Food and non-alcoholic beverages,68600.25
304963.0,01,Food and non-alcoholic beverages,10700.0
304964.0,01,Food and non-alcoholic beverages,45824.875
304965.0,01,Food and non-alcoholic beverages,13050.1
304966.0,01,Food and non-alcoholic beverages,50400.3
304967.0,01,Food and non-alcoholic beverages,27550.0
304968.0,01,Food and non-alcoholic beverages,6800.0
304969.0,01,Food and non-alcoholic beverages,20260.796
304970.0,01,Food and non-alcoholic beverages,10400.0
304971.0,01,Food and non-alcoholic beverages,11981.818
304972.0,01,Food and non-alcoholic beverages,28430.753
304973.0,01,Food and non-alcoholic beverages,34021.595
304974.0,01,Food and non-alcoholic beverages,20676.634
304975.0,01,Food and non-alcoholic beverages,20520.01
304976.0,01,Food and non-alcoholic beverages,19258.0
304977.0,01,Food and non-alcoholic beverages,15300.336
304978.0,01,Food and non-alcoholic beverages,3658.852
304979.0,01,Food and non-alcoholic beverages,12349.38
304980.0,01,Food and non-alcoholic beverages,18176.5
304981.0,01,Food and non-alcoholic beverages,5122.575
304982.0,01,Food and non-alcoholic beverages,3611.063
304983.0,01,Food and non-alcoholic beverages,8266.25
304984.0,01,Food and non-alcoholic beverages,11319.747
304985.0,01,Food and non-alcoholic beverages,10507.5
304986.0,01,Food and non-alcoholic beverages,14966.123
304987.0,01,Food and non-alcoholic beverages,17050.028
304988.0,01,Food and non-alcoholic beverages,5646.95
304989.0,01,Food and non-alcoholic beverages,3734.038
304990.0,01,Food and non-alcoholic beverages,8221.25
304991.0,01,Food and non-alcoholic beverages,18665.75
304992.0,01,Food and non-alcoholic beverages,11362.85
304993.0,01,Food and non-alcoholic beverages,5884.64
304994.0,01,Food and non-alcoholic beverages,4659.753
304995.0,01,Food and non-alcoholic beverages,3338.3
304996.0,01,Food and non-alcoholic beverages,13214.05
304997.0,01,Food and non-alcoholic beverages,8177.113
304998.0,01,Food and non-alcoholic beverages,15757.707
304999.0,01,Food and non-alcoholic beverages,11153.546
305000.0,01,Food and non-alcoholic beverages,18021.263
305001.0,01,Food and non-alcoholic beverages,20195.085
305002.0,01,Food and non-alcoholic beverages,3667.006
305003.0,01,Food and non-alcoholic beverages,21314.711
305004.0,01,Food and non-alcoholic beverages,18595.379
305005.0,01,Food and non-alcoholic beverages,11812.061
305006.0,01,Food and non-alcoholic beverages,3191.45
305007.0,01,Food and non-alcoholic beverages,6813.838
305008.0,01,Food and non-alcoholic beverages,7229.85
305009.0,01,Food and non-alcoholic beverages,9170.0
305010.0,01,Food and non-alcoholic beverages,5619.325
305011.0,01,Food and non-alcoholic beverages,12474.783
305012.0,01,Food and non-alcoholic beverages,2405.816
305013.0,01,Food and non-alcoholic beverages,17255.5
305014.0,01,Food and non-alcoholic beverages,10447.88
305015.0,01,Food and non-alcoholic beverages,1707.665
305016.0,01,Food and non-alcoholic beverages,34103.437
305017.0,01,Food and non-alcoholic beverages,26654.75
305018.0,01,Food and non-alcoholic beverages,13015.23
305019.0,01,Food and non-alcoholic beverages,14634.11
305020.0,01,Food and non-alcoholic beverages,4227.82
305021.0,01,Food and non-alcoholic beverages,3837.36
305022.0,01,Food and non-alcoholic beverages,5136.742
305023.0,01,Food and non-alcoholic beverages,31604.13
305024.0,01,Food and non-alcoholic beverages,8571.84
305025.0,01,Food and non-alcoholic beverages,23368.2
305026.0,01,Food and non-alcoholic beverages,1453.676
305027.0,01,Food and non-alcoholic beverages,13953.67
305028.0,01,Food and non-alcoholic beverages,7530.35
305029.0,01,Food and non-alcoholic beverages,11153.0
305030.0,01,Food and non-alcoholic beverages,11080.5
305031.0,01,Food and non-alcoholic beverages,27707.365
305032.0,01,Food and non-alcoholic beverages,8514.053
305033.0,01,Food and non-alcoholic beverages,1902.655
305034.0,01,Food and non-alcoholic beverages,6667.15
305035.0,01,Food and non-alcoholic beverages,7282.51
305036.0,01,Food and non-alcoholic beverages,12022.423
305037.0,01,Food and non-alcoholic beverages,3869.23
305038.0,01,Food and non-alcoholic beverages,11520.846
305039.0,01,Food and non-alcoholic beverages,5105.91
305040.0,01,Food and non-alcoholic beverages,7752.5
305041.0,01,Food and non-alcoholic beverages,12034.605
305042.0,01,Food and non-alcoholic beverages,2389.41
305043.0,01,Food and non-alcoholic beverages,12327.6
305044.0,01,Food and non-alcoholic beverages,974.45
305045.0,01,Food and non-alcoholic beverages,8421.919
305046.0,01,Food and non-alcoholic beverages,5465.786
305047.0,01,Food and non-alcoholic beverages,11035.386
305048.0,01,Food and non-alcoholic beverages,6988.4
305049.0,01,Food and non-alcoholic beverages,9879.405
305050.0,01,Food and non-alcoholic beverages,7434.05
305051.0,01,Food and non-alcoholic beverages,14866.325
305052.0,01,Food and non-alcoholic beverages,3776.55
305053.0,01,Food and non-alcoholic beverages,3032.5699999999997
305054.0,01,Food and non-alcoholic beverages,9605.073
305055.0,01,Food and non-alcoholic beverages,18014.006
305056.0,01,Food and non-alcoholic beverages,12.131
305057.0,01,Food and non-alcoholic beverages,16.83
305058.0,01,Food and non-alcoholic beverages,5109.653
305059.0,01,Food and non-alcoholic beverages,9471.8
305060.0,01,Food and non-alcoholic beverages,1829.17
305061.0,01,Food and non-alcoholic beverages,7576.074
305062.0,01,Food and non-alcoholic beverages,21750.046
305063.0,01,Food and non-alcoholic beverages,1259.7875
305064.0,01,Food and non-alcoholic beverages,1201.28
305065.0,01,Food and non-alcoholic beverages,18032.8
305066.0,01,Food and non-alcoholic beverages,4043.05
305067.0,01,Food and non-alcoholic beverages,4642.45
305068.0,01,Food and non-alcoholic beverages,4692.26
305069.0,01,Food and non-alcoholic beverages,4126.25
305070.0,01,Food and non-alcoholic beverages,20568.75
305071.0,01,Food and non-alcoholic beverages,5792.5336
305072.0,01,Food and non-alcoholic beverages,3371.005
305073.0,01,Food and non-alcoholic beverages,643.963
305074.0,01,Food and non-alcoholic beverages,3271.61
305075.0,01,Food and non-alcoholic beverages,430.784
305076.0,01,Food and non-alcoholic beverages,2235.234
305077.0,01,Food and non-alcoholic beverages,18058.91
305078.0,01,Food and non-alcoholic beverages,5870.3
305079.0,01,Food and non-alcoholic beverages,8221.45
305080.0,01,Food and non-alcoholic beverages,16258.057999999999
305081.0,01,Food and non-alcoholic beverages,7019.784
305082.0,01,Food and non-alcoholic beverages,13670.752
305083.0,01,Food and non-alcoholic beverages,18612.932
305084.0,01,Food and non-alcoholic beverages,2081.628
305085.0,01,Food and non-alcoholic beverages,6401.125
305086.0,01,Food and non-alcoholic beverages,1419.375
305087.0,01,Food and non-alcoholic beverages,11610.74
305088.0,01,Food and non-alcoholic beverages,5101.125
305089.0,01,Food and non-alcoholic beverages,16400.061999999998
305090.0,01,Food and non-alcoholic beverages,7400.318
305091.0,01,Food and non-alcoholic beverages,23900.0
305092.0,01,Food and non-alcoholic beverages,7751.294
305093.0,01,Food and non-alcoholic beverages,20276.6
305094.0,01,Food and non-alcoholic beverages,13730.5
305095.0,01,Food and non-alcoholic beverages,24606.0
305096.0,01,Food and non-alcoholic beverages,15600.0
305097.0,01,Food and non-alcoholic beverages,7388.7
305098.0,01,Food and non-alcoholic beverages,9567.12
305099.0,01,Food and non-alcoholic beverages,5119.506
305100.0,01,Food and non-alcoholic beverages,8856.314
305101.0,01,Food and non-alcoholic beverages,7015.262
305102.0,01,Food and non-alcoholic beverages,3410.85
305103.0,01,Food and non-alcoholic beverages,2864.009
305104.0,01,Food and non-alcoholic beverages,9734.811
305105.0,01,Food and non-alcoholic beverages,9044.699
305106.0,01,Food and non-alcoholic beverages,3904.003
305107.0,01,Food and non-alcoholic beverages,7367.7
305108.0,01,Food and non-alcoholic beverages,10100.555
305109.0,01,Food and non-alcoholic beverages,3469.5
305110.0,01,Food and non-alcoholic beverages,31655.5
305111.0,01,Food and non-alcoholic beverages,14778.0
305112.0,01,Food and non-alcoholic beverages,88435.75
305113.0,01,Food and non-alcoholic beverages,5989.0
305114.0,01,Food and non-alcoholic beverages,10661.8
305115.0,01,Food and non-alcoholic beverages,4602.858
305116.0,01,Food and non-alcoholic beverages,8343.3
305117.0,01,Food and non-alcoholic beverages,18713.08
305118.0,01,Food and non-alcoholic beverages,5385.925
305119.0,01,Food and non-alcoholic beverages,1513.6
305120.0,01,Food and non-alcoholic beverages,6653.59
305121.0,01,Food and non-alcoholic beverages,3724.525
305122.0,01,Food and non-alcoholic beverages,12714.95
305123.0,01,Food and non-alcoholic beverages,7432.236
305125.0,01,Food and non-alcoholic beverages,7326.253
305126.0,01,Food and non-alcoholic beverages,6767.268
305127.0,01,Food and non-alcoholic beverages,2760.053
305128.0,01,Food and non-alcoholic beverages,4483.1669999999995
305129.0,01,Food and non-alcoholic beverages,12346.008
305130.0,01,Food and non-alcoholic beverages,12683.417
305131.0,01,Food and non-alcoholic beverages,2366.178
305132.0,01,Food and non-alcoholic beverages,10015.768
305133.0,01,Food and non-alcoholic beverages,36364.0
305134.0,01,Food and non-alcoholic beverages,16511.5
305135.0,01,Food and non-alcoholic beverages,43425.5
305136.0,01,Food and non-alcoholic beverages,10210.003
305137.0,01,Food and non-alcoholic beverages,16368.25
305138.0,01,Food and non-alcoholic beverages,30103.4
305139.0,01,Food and non-alcoholic beverages,37000.0
305140.0,01,Food and non-alcoholic beverages,23550.003
305141.0,01,Food and non-alcoholic beverages,12113.316
305142.0,01,Food and non-alcoholic beverages,7121.44
305143.0,01,Food and non-alcoholic beverages,11133.85
305144.0,01,Food and non-alcoholic beverages,10322.462
305145.0,01,Food and non-alcoholic beverages,3115.5
305146.0,01,Food and non-alcoholic beverages,770.103
305147.0,01,Food and non-alcoholic beverages,7517.075
305148.0,01,Food and non-alcoholic beverages,12517.98
305149.0,01,Food and non-alcoholic beverages,3928.45
305151.0,01,Food and non-alcoholic beverages,1356.25
305152.0,01,Food and non-alcoholic beverages,525.8
305153.0,01,Food and non-alcoholic beverages,21967.5
305154.0,01,Food and non-alcoholic beverages,16.5
305155.0,01,Food and non-alcoholic beverages,15159.03
305156.0,01,Food and non-alcoholic beverages,11007.960000000001
305157.0,01,Food and non-alcoholic beverages,986.23
305158.0,01,Food and non-alcoholic beverages,76.65
305159.0,01,Food and non-alcoholic beverages,29061.936999999998
305160.0,01,Food and non-alcoholic beverages,6396.56
305161.0,01,Food and non-alcoholic beverages,7339.49
305162.0,01,Food and non-alcoholic beverages,2468.25
305163.0,01,Food and non-alcoholic beverages,1661.343
305164.0,01,Food and non-alcoholic beverages,1683.68
305165.0,01,Food and non-alcoholic beverages,1508.0449999999998
305166.0,01,Food and non-alcoholic beverages,6347.125
305167.0,01,Food and non-alcoholic beverages,11613.385
305168.0,01,Food and non-alcoholic beverages,2452.625
305169.0,01,Food and non-alcoholic beverages,5087.989
305170.0,01,Food and non-alcoholic beverages,7150.25
305171.0,01,Food and non-alcoholic beverages,647.86
305172.0,01,Food and non-alcoholic beverages,10842.73
305173.0,01,Food and non-alcoholic beverages,19154.343
305174.0,01,Food and non-alcoholic beverages,5254.45
305175.0,01,Food and non-alcoholic beverages,34600.0
305176.0,01,Food and non-alcoholic beverages,4219.505
305177.0,01,Food and non-alcoholic beverages,252.35
305178.0,01,Food and non-alcoholic beverages,2068.274
305179.0,01,Food and non-alcoholic beverages,5022.35
305180.0,01,Food and non-alcoholic beverages,13257.195
305181.0,01,Food and non-alcoholic beverages,7631.141
305182.0,01,Food and non-alcoholic beverages,5465.255
305183.0,01,Food and non-alcoholic beverages,8432.965
305184.0,01,Food and non-alcoholic beverages,13420.833
305185.0,01,Food and non-alcoholic beverages,6742.495
305186.0,01,Food and non-alcoholic beverages,3914.01
305187.0,01,Food and non-alcoholic beverages,12144.882
305188.0,01,Food and non-alcoholic beverages,149.553
305189.0,01,Food and non-alcoholic beverages,4891.85
305190.0,01,Food and non-alcoholic beverages,12200.0
305191.0,01,Food and non-alcoholic beverages,10875.0
305192.0,01,Food and non-alcoholic beverages,5750.0
305193.0,01,Food and non-alcoholic beverages,1464.22
305194.0,01,Food and non-alcoholic beverages,12320.142
305195.0,01,Food and non-alcoholic beverages,18408.81
305196.0,01,Food and non-alcoholic beverages,4373.0
305197.0,01,Food and non-alcoholic beverages,12772.5
305198.0,01,Food and non-alcoholic beverages,7608.5
305199.0,01,Food and non-alcoholic beverages,1135.852
305200.0,01,Food and non-alcoholic beverages,6004.619
305201.0,01,Food and non-alcoholic beverages,4670.5
305202.0,01,Food and non-alcoholic beverages,8795.71
305203.0,01,Food and non-alcoholic beverages,15235.78
305204.0,01,Food and non-alcoholic beverages,6000.5
305205.0,01,Food and non-alcoholic beverages,8.04
305206.0,01,Food and non-alcoholic beverages,13401.5
305207.0,01,Food and non-alcoholic beverages,12243.5
305208.0,01,Food and non-alcoholic beverages,7550.0
305209.0,01,Food and non-alcoholic beverages,24870.23
305210.0,01,Food and non-alcoholic beverages,3904.0
305211.0,01,Food and non-alcoholic beverages,58583.56
305212.0,01,Food and non-alcoholic beverages,35207.0
305213.0,01,Food and non-alcoholic beverages,4885.428
305214.0,01,Food and non-alcoholic beverages,1013.302
305215.0,01,Food and non-alcoholic beverages,19800.0
305216.0,01,Food and non-alcoholic beverages,24390.006
305217.0,01,Food and non-alcoholic beverages,24707.7
305218.0,01,Food and non-alcoholic beverages,17900.0
305219.0,01,Food and non-alcoholic beverages,29111.636
305220.0,01,Food and non-alcoholic beverages,21721.405
305221.0,01,Food and non-alcoholic beverages,7550.0
305222.0,01,Food and non-alcoholic beverages,5700.0
305223.0,01,Food and non-alcoholic beverages,89900.0
305224.0,01,Food and non-alcoholic beverages,17402.0
305225.0,01,Food and non-alcoholic beverages,8105.75
305226.0,01,Food and non-alcoholic beverages,8303.64
305227.0,01,Food and non-alcoholic beverages,44613.0
305228.0,01,Food and non-alcoholic beverages,10400.0
305229.0,01,Food and non-alcoholic beverages,12675.72
305230.0,01,Food and non-alcoholic beverages,23860.0
305231.0,01,Food and non-alcoholic beverages,13900.0
305232.0,01,Food and non-alcoholic beverages,5550.0
305233.0,01,Food and non-alcoholic beverages,11252.0
305234.0,01,Food and non-alcoholic beverages,17250.0
305235.0,01,Food and non-alcoholic beverages,32150.0
305236.0,01,Food and non-alcoholic beverages,5170.0
305237.0,01,Food and non-alcoholic beverages,15551.65
305238.0,01,Food and non-alcoholic beverages,11650.0
305239.0,01,Food and non-alcoholic beverages,15830.025
305240.0,01,Food and non-alcoholic beverages,60290.0
305241.0,01,Food and non-alcoholic beverages,28950.0
305242.0,01,Food and non-alcoholic beverages,5550.125
305244.0,01,Food and non-alcoholic beverages,4885.79
305245.0,01,Food and non-alcoholic beverages,17957.26
305246.0,01,Food and non-alcoholic beverages,1751.215
305247.0,01,Food and non-alcoholic beverages,22963.09
305248.0,01,Food and non-alcoholic beverages,8990.3
305249.0,01,Food and non-alcoholic beverages,21559.375
305250.0,01,Food and non-alcoholic beverages,10508.75
305251.0,01,Food and non-alcoholic beverages,12089.0
305252.0,01,Food and non-alcoholic beverages,1789.775
305253.0,01,Food and non-alcoholic beverages,5974.648
305254.0,01,Food and non-alcoholic beverages,24671.089
305255.0,01,Food and non-alcoholic beverages,5300.5
305256.0,01,Food and non-alcoholic beverages,57.825
305257.0,01,Food and non-alcoholic beverages,6686.877
305258.0,01,Food and non-alcoholic beverages,4078.059
305259.0,01,Food and non-alcoholic beverages,12950.0
305260.0,01,Food and non-alcoholic beverages,9160.0
305261.0,01,Food and non-alcoholic beverages,17466.125
305262.0,01,Food and non-alcoholic beverages,45702.0
305263.0,01,Food and non-alcoholic beverages,4117.5
305264.0,01,Food and non-alcoholic beverages,6215.25
305265.0,01,Food and non-alcoholic beverages,8296.5
305266.0,01,Food and non-alcoholic beverages,7422.485000000001
305267.0,01,Food and non-alcoholic beverages,14436.5
305268.0,01,Food and non-alcoholic beverages,6112.495
305269.0,01,Food and non-alcoholic beverages,8358.25
305270.0,01,Food and non-alcoholic beverages,10957.25
305271.0,01,Food and non-alcoholic beverages,10100.75
305272.0,01,Food and non-alcoholic beverages,6012.5
305273.0,01,Food and non-alcoholic beverages,24069.962
305274.0,01,Food and non-alcoholic beverages,3207.0
305275.0,01,Food and non-alcoholic beverages,8754.3
305276.0,01,Food and non-alcoholic beverages,12184.0
305277.0,01,Food and non-alcoholic beverages,5967.45
305278.0,01,Food and non-alcoholic beverages,13217.6
305279.0,01,Food and non-alcoholic beverages,10008.55
305280.0,01,Food and non-alcoholic beverages,8354.125
305281.0,01,Food and non-alcoholic beverages,7228.09
305282.0,01,Food and non-alcoholic beverages,2788.78
305283.0,01,Food and non-alcoholic beverages,20025.03
305284.0,01,Food and non-alcoholic beverages,12522.0
305285.0,01,Food and non-alcoholic beverages,21882.25
305286.0,01,Food and non-alcoholic beverages,10285.5
305287.0,01,Food and non-alcoholic beverages,2622.625
305288.0,01,Food and non-alcoholic beverages,5092.0
305289.0,01,Food and non-alcoholic beverages,5290.75
305290.0,01,Food and non-alcoholic beverages,3329.0
305291.0,01,Food and non-alcoholic beverages,10940.15
305292.0,01,Food and non-alcoholic beverages,9773.66
305293.0,01,Food and non-alcoholic beverages,3684.25
305294.0,01,Food and non-alcoholic beverages,13801.1
305295.0,01,Food and non-alcoholic beverages,8743.9
305296.0,01,Food and non-alcoholic beverages,11612.5
305297.0,01,Food and non-alcoholic beverages,25223.5
305298.0,01,Food and non-alcoholic beverages,4409.058
305299.0,01,Food and non-alcoholic beverages,7233.411
305300.0,01,Food and non-alcoholic beverages,9024.0
305301.0,01,Food and non-alcoholic beverages,1863.283
305302.0,01,Food and non-alcoholic beverages,24717.5
305303.0,01,Food and non-alcoholic beverages,7952.177
305304.0,01,Food and non-alcoholic beverages,18173.83
305305.0,01,Food and non-alcoholic beverages,5521.5
305306.0,01,Food and non-alcoholic beverages,10867.5
305307.0,01,Food and non-alcoholic beverages,6819.585
305308.0,01,Food and non-alcoholic beverages,7469.55
305309.0,01,Food and non-alcoholic beverages,1231.89
305310.0,01,Food and non-alcoholic beverages,1212.75
305311.0,01,Food and non-alcoholic beverages,5029.98
305312.0,01,Food and non-alcoholic beverages,11123.6
305313.0,01,Food and non-alcoholic beverages,3284.65
305314.0,01,Food and non-alcoholic beverages,13752.0
305315.0,01,Food and non-alcoholic beverages,4135.45
305316.0,01,Food and non-alcoholic beverages,3082.3
305317.0,01,Food and non-alcoholic beverages,612.2
305318.0,01,Food and non-alcoholic beverages,4922.87
305319.0,01,Food and non-alcoholic beverages,19500.45
305320.0,01,Food and non-alcoholic beverages,4182.9
305321.0,01,Food and non-alcoholic beverages,8623.536
305322.0,01,Food and non-alcoholic beverages,11569.5
305323.0,01,Food and non-alcoholic beverages,19804.325
305324.0,01,Food and non-alcoholic beverages,15556.0
305325.0,01,Food and non-alcoholic beverages,7206.25
305326.0,01,Food and non-alcoholic beverages,22185.0
305327.0,01,Food and non-alcoholic beverages,32780.0
305328.0,01,Food and non-alcoholic beverages,15901.0
305329.0,01,Food and non-alcoholic beverages,25050.0
305330.0,01,Food and non-alcoholic beverages,12207.75
305331.0,01,Food and non-alcoholic beverages,31610.0
305332.0,01,Food and non-alcoholic beverages,10055.0
305333.0,01,Food and non-alcoholic beverages,6456.75
305334.0,01,Food and non-alcoholic beverages,7237.532
305335.0,01,Food and non-alcoholic beverages,4107.0
305336.0,01,Food and non-alcoholic beverages,6555.025
305337.0,01,Food and non-alcoholic beverages,5119.5
305338.0,01,Food and non-alcoholic beverages,7323.94
305339.0,01,Food and non-alcoholic beverages,9314.572
305340.0,01,Food and non-alcoholic beverages,13824.267
305341.0,01,Food and non-alcoholic beverages,7932.135
305342.0,01,Food and non-alcoholic beverages,17968.035
305343.0,01,Food and non-alcoholic beverages,7830.175
305344.0,01,Food and non-alcoholic beverages,3322.612
305345.0,01,Food and non-alcoholic beverages,8000.083
305346.0,01,Food and non-alcoholic beverages,17002.5
305347.0,01,Food and non-alcoholic beverages,14886.051
305348.0,01,Food and non-alcoholic beverages,325.627
305349.0,01,Food and non-alcoholic beverages,4708.968
305350.0,01,Food and non-alcoholic beverages,5104.166
305351.0,01,Food and non-alcoholic beverages,33774.351
305352.0,01,Food and non-alcoholic beverages,11005.0
305353.0,01,Food and non-alcoholic beverages,300.0
305354.0,01,Food and non-alcoholic beverages,6402.425
305355.0,01,Food and non-alcoholic beverages,14504.688
305356.0,01,Food and non-alcoholic beverages,12823.339
305357.0,01,Food and non-alcoholic beverages,17964.308
305358.0,01,Food and non-alcoholic beverages,4900.125
305359.0,01,Food and non-alcoholic beverages,12012.53
305360.0,01,Food and non-alcoholic beverages,17181.1122
305361.0,01,Food and non-alcoholic beverages,8400.0
305362.0,01,Food and non-alcoholic beverages,14944.79
305363.0,01,Food and non-alcoholic beverages,14343.815
305364.0,01,Food and non-alcoholic beverages,23700.006
305365.0,01,Food and non-alcoholic beverages,4205.99
305366.0,01,Food and non-alcoholic beverages,8101.88
305367.0,01,Food and non-alcoholic beverages,4057.2
305368.0,01,Food and non-alcoholic beverages,10133.525
305369.0,01,Food and non-alcoholic beverages,30067.568
305370.0,01,Food and non-alcoholic beverages,17325.75
305371.0,01,Food and non-alcoholic beverages,6785.522
305372.0,01,Food and non-alcoholic beverages,28861.761
305373.0,01,Food and non-alcoholic beverages,39552.5
305374.0,01,Food and non-alcoholic beverages,5135.534
305375.0,01,Food and non-alcoholic beverages,9001.963
305376.0,01,Food and non-alcoholic beverages,13358.878
305377.0,01,Food and non-alcoholic beverages,5000.0
305378.0,01,Food and non-alcoholic beverages,7251.675
305379.0,01,Food and non-alcoholic beverages,4446.435
305380.0,01,Food and non-alcoholic beverages,7754.643
305381.0,01,Food and non-alcoholic beverages,2607.06
305382.0,01,Food and non-alcoholic beverages,20410.5
305383.0,01,Food and non-alcoholic beverages,7256.341
305384.0,01,Food and non-alcoholic beverages,1106.621
305385.0,01,Food and non-alcoholic beverages,7291.072
305386.0,01,Food and non-alcoholic beverages,13271.125
305387.0,01,Food and non-alcoholic beverages,4819.3099999999995
305388.0,01,Food and non-alcoholic beverages,11600.5
305389.0,01,Food and non-alcoholic beverages,25007.5
305390.0,01,Food and non-alcoholic beverages,11239.75
305391.0,01,Food and non-alcoholic beverages,4863.282
305392.0,01,Food and non-alcoholic beverages,10892.663
305393.0,01,Food and non-alcoholic beverages,10620.298
305394.0,01,Food and non-alcoholic beverages,5106.036
305395.0,01,Food and non-alcoholic beverages,10660.99
305396.0,01,Food and non-alcoholic beverages,14393.26
305397.0,01,Food and non-alcoholic beverages,10820.066
305398.0,01,Food and non-alcoholic beverages,8067.94
305399.0,01,Food and non-alcoholic beverages,511.5
305400.0,01,Food and non-alcoholic beverages,6724.291
305401.0,01,Food and non-alcoholic beverages,10330.003
305402.0,01,Food and non-alcoholic beverages,807.15
305403.0,01,Food and non-alcoholic beverages,14519.822
305404.0,01,Food and non-alcoholic beverages,9052.25
305405.0,01,Food and non-alcoholic beverages,1011.02
305406.0,01,Food and non-alcoholic beverages,24349.817
305407.0,01,Food and non-alcoholic beverages,4751.496
305408.0,01,Food and non-alcoholic beverages,4003.125
305409.0,01,Food and non-alcoholic beverages,113.631
305410.0,01,Food and non-alcoholic beverages,3851.257
305411.0,01,Food and non-alcoholic beverages,9922.57
305412.0,01,Food and non-alcoholic beverages,56790.0
305413.0,01,Food and non-alcoholic beverages,15935.606
305414.0,01,Food and non-alcoholic beverages,22400.0
305415.0,01,Food and non-alcoholic beverages,37802.0
305416.0,01,Food and non-alcoholic beverages,61003.675
305417.0,01,Food and non-alcoholic beverages,7451.027
305418.0,01,Food and non-alcoholic beverages,28158.39
305419.0,01,Food and non-alcoholic beverages,12500.125
305420.0,01,Food and non-alcoholic beverages,702.665
305421.0,01,Food and non-alcoholic beverages,3440.788
305422.0,01,Food and non-alcoholic beverages,7625.823
305423.0,01,Food and non-alcoholic beverages,10565.399
305424.0,01,Food and non-alcoholic beverages,5966.265
305425.0,01,Food and non-alcoholic beverages,17184.5
305426.0,01,Food and non-alcoholic beverages,5977.526000000001
305427.0,01,Food and non-alcoholic beverages,4783.394
305428.0,01,Food and non-alcoholic beverages,1801.578
305429.0,01,Food and non-alcoholic beverages,24928.0
305430.0,01,Food and non-alcoholic beverages,25072.975
305431.0,01,Food and non-alcoholic beverages,10606.75
305432.0,01,Food and non-alcoholic beverages,27051.0
305433.0,01,Food and non-alcoholic beverages,12450.0
305434.0,01,Food and non-alcoholic beverages,26518.8
305435.0,01,Food and non-alcoholic beverages,29599.442
305436.0,01,Food and non-alcoholic beverages,11201.56
305437.0,01,Food and non-alcoholic beverages,36412.25
305438.0,01,Food and non-alcoholic beverages,5100.624
305439.0,01,Food and non-alcoholic beverages,10068.125
305440.0,01,Food and non-alcoholic beverages,11512.5375
305441.0,01,Food and non-alcoholic beverages,15174.445
305442.0,01,Food and non-alcoholic beverages,8431.988
305443.0,01,Food and non-alcoholic beverages,14701.98
305444.0,01,Food and non-alcoholic beverages,10674.4
305445.0,01,Food and non-alcoholic beverages,10591.232
305446.0,01,Food and non-alcoholic beverages,39209.537
305447.0,01,Food and non-alcoholic beverages,23679.364
305448.0,01,Food and non-alcoholic beverages,4416.632
305449.0,01,Food and non-alcoholic beverages,13046.752
305450.0,01,Food and non-alcoholic beverages,4295.902
305451.0,01,Food and non-alcoholic beverages,11018.0
305452.0,01,Food and non-alcoholic beverages,5806.108
305453.0,01,Food and non-alcoholic beverages,2700.25
305454.0,01,Food and non-alcoholic beverages,12513.108
305455.0,01,Food and non-alcoholic beverages,2336.695
305456.0,01,Food and non-alcoholic beverages,16549.069
305457.0,01,Food and non-alcoholic beverages,325.494
305458.0,01,Food and non-alcoholic beverages,16429.855
305459.0,01,Food and non-alcoholic beverages,4018.82
305460.0,01,Food and non-alcoholic beverages,8126.754
305461.0,01,Food and non-alcoholic beverages,8114.053
305462.0,01,Food and non-alcoholic beverages,27999.751
305463.0,01,Food and non-alcoholic beverages,8515.227
305464.0,01,Food and non-alcoholic beverages,11058.271999999999
305465.0,01,Food and non-alcoholic beverages,40154.868
305466.0,01,Food and non-alcoholic beverages,13255.412
305467.0,01,Food and non-alcoholic beverages,6812.254
305468.0,01,Food and non-alcoholic beverages,7700.15
305469.0,01,Food and non-alcoholic beverages,30641.657
305470.0,01,Food and non-alcoholic beverages,3218.528
305471.0,01,Food and non-alcoholic beverages,24610.5
305472.0,01,Food and non-alcoholic beverages,11877.5
305473.0,01,Food and non-alcoholic beverages,3730.0
305474.0,01,Food and non-alcoholic beverages,2736.674
305475.0,01,Food and non-alcoholic beverages,5602.493
305476.0,01,Food and non-alcoholic beverages,6168.344
305477.0,01,Food and non-alcoholic beverages,1124.993
305478.0,01,Food and non-alcoholic beverages,4558.955
305479.0,01,Food and non-alcoholic beverages,6213.265
305480.0,01,Food and non-alcoholic beverages,7434.75
305481.0,01,Food and non-alcoholic beverages,8814.367
305482.0,01,Food and non-alcoholic beverages,874.163
305483.0,01,Food and non-alcoholic beverages,13914.28
305484.0,01,Food and non-alcoholic beverages,14479.15
305485.0,01,Food and non-alcoholic beverages,46250.0
305486.0,01,Food and non-alcoholic beverages,14429.0
305487.0,01,Food and non-alcoholic beverages,9924.0
305488.0,01,Food and non-alcoholic beverages,12667.876
305489.0,01,Food and non-alcoholic beverages,13955.102
305490.0,01,Food and non-alcoholic beverages,8839.728
305491.0,01,Food and non-alcoholic beverages,3521.829
305492.0,01,Food and non-alcoholic beverages,2969.723
305493.0,01,Food and non-alcoholic beverages,12910.0
305494.0,01,Food and non-alcoholic beverages,10314.672
305495.0,01,Food and non-alcoholic beverages,7570.343
305496.0,01,Food and non-alcoholic beverages,7800.675
305497.0,01,Food and non-alcoholic beverages,12150.25
305498.0,01,Food and non-alcoholic beverages,9470.75
305499.0,01,Food and non-alcoholic beverages,13651.0
305500.0,01,Food and non-alcoholic beverages,7682.76
305501.0,01,Food and non-alcoholic beverages,11546.76
305502.0,01,Food and non-alcoholic beverages,10379.875
305503.0,01,Food and non-alcoholic beverages,15643.215
305504.0,01,Food and non-alcoholic beverages,2700.375
305505.0,01,Food and non-alcoholic beverages,1766.25
305506.0,01,Food and non-alcoholic beverages,21417.3
305507.0,01,Food and non-alcoholic beverages,7017.5
305508.0,01,Food and non-alcoholic beverages,11679.126
305509.0,01,Food and non-alcoholic beverages,5771.789
305510.0,01,Food and non-alcoholic beverages,16772.472
305511.0,01,Food and non-alcoholic beverages,6723.743
305512.0,01,Food and non-alcoholic beverages,11985.25
305513.0,01,Food and non-alcoholic beverages,3497.655
305514.0,01,Food and non-alcoholic beverages,4622.732
305515.0,01,Food and non-alcoholic beverages,7541.826
305516.0,01,Food and non-alcoholic beverages,7301.75
305517.0,01,Food and non-alcoholic beverages,17505.822
305518.0,01,Food and non-alcoholic beverages,9622.434
305519.0,01,Food and non-alcoholic beverages,11651.008
305520.0,01,Food and non-alcoholic beverages,2063.5
305521.0,01,Food and non-alcoholic beverages,18367.465
305522.0,01,Food and non-alcoholic beverages,1407.755
305523.0,01,Food and non-alcoholic beverages,17140.0
305524.0,01,Food and non-alcoholic beverages,11369.0
305525.0,01,Food and non-alcoholic beverages,8466.23
305526.0,01,Food and non-alcoholic beverages,10212.7
305528.0,01,Food and non-alcoholic beverages,14726.968
305529.0,01,Food and non-alcoholic beverages,5310.627
305530.0,01,Food and non-alcoholic beverages,5450.0
305531.0,01,Food and non-alcoholic beverages,9252.732
305532.0,01,Food and non-alcoholic beverages,17801.0
305533.0,01,Food and non-alcoholic beverages,25351.5
305534.0,01,Food and non-alcoholic beverages,19803.0
305535.0,01,Food and non-alcoholic beverages,6065.15
305536.0,01,Food and non-alcoholic beverages,7100.854
305537.0,01,Food and non-alcoholic beverages,6150.0
305538.0,01,Food and non-alcoholic beverages,3465.931
305539.0,01,Food and non-alcoholic beverages,14850.5
305540.0,01,Food and non-alcoholic beverages,5192.416
305541.0,01,Food and non-alcoholic beverages,3194.706
305542.0,01,Food and non-alcoholic beverages,25207.342
305543.0,01,Food and non-alcoholic beverages,8287.925
305544.0,01,Food and non-alcoholic beverages,14851.592
305545.0,01,Food and non-alcoholic beverages,10601.268
305546.0,01,Food and non-alcoholic beverages,7385.7
305547.0,01,Food and non-alcoholic beverages,45400.0
305548.0,01,Food and non-alcoholic beverages,63800.0
305549.0,01,Food and non-alcoholic beverages,28340.0
305550.0,01,Food and non-alcoholic beverages,54901.82
305551.0,01,Food and non-alcoholic beverages,42700.122
305552.0,01,Food and non-alcoholic beverages,8400.0
305553.0,01,Food and non-alcoholic beverages,16360.759
305555.0,01,Food and non-alcoholic beverages,94350.0
305556.0,01,Food and non-alcoholic beverages,12652.5
305557.0,01,Food and non-alcoholic beverages,7100.45
305558.0,01,Food and non-alcoholic beverages,7411.75
305559.0,01,Food and non-alcoholic beverages,4604.0
305560.0,01,Food and non-alcoholic beverages,88415.759
305561.0,01,Food and non-alcoholic beverages,45451.5
305562.0,01,Food and non-alcoholic beverages,14771.16
305563.0,01,Food and non-alcoholic beverages,20052.374
305564.0,01,Food and non-alcoholic beverages,11300.792
305565.0,01,Food and non-alcoholic beverages,57501.5
305566.0,01,Food and non-alcoholic beverages,4203.376
305567.0,01,Food and non-alcoholic beverages,2342.375
305568.0,01,Food and non-alcoholic beverages,8185.969
305569.0,01,Food and non-alcoholic beverages,7107.259
305570.0,01,Food and non-alcoholic beverages,8801.0
305571.0,01,Food and non-alcoholic beverages,18106.125
305572.0,01,Food and non-alcoholic beverages,15483.826
305573.0,01,Food and non-alcoholic beverages,30412.209
305574.0,01,Food and non-alcoholic beverages,6692.5
305575.0,01,Food and non-alcoholic beverages,7021.887
305576.0,01,Food and non-alcoholic beverages,5673.846
305577.0,01,Food and non-alcoholic beverages,5801.88
305578.0,01,Food and non-alcoholic beverages,15283.375
305579.0,01,Food and non-alcoholic beverages,22535.064
305580.0,01,Food and non-alcoholic beverages,8285.922
305581.0,01,Food and non-alcoholic beverages,23462.44
305582.0,01,Food and non-alcoholic beverages,7814.378
305583.0,01,Food and non-alcoholic beverages,5907.155
305584.0,01,Food and non-alcoholic beverages,5762.164
305585.0,01,Food and non-alcoholic beverages,6138.92
305586.0,01,Food and non-alcoholic beverages,7609.995
305587.0,01,Food and non-alcoholic beverages,5309.5419999999995
305588.0,01,Food and non-alcoholic beverages,4826.027
305589.0,01,Food and non-alcoholic beverages,7920.882
305590.0,01,Food and non-alcoholic beverages,13036.485
305591.0,01,Food and non-alcoholic beverages,6674.898
305592.0,01,Food and non-alcoholic beverages,10176.93
305593.0,01,Food and non-alcoholic beverages,21050.75
305594.0,01,Food and non-alcoholic beverages,9968.0
305595.0,01,Food and non-alcoholic beverages,25741.735
305596.0,01,Food and non-alcoholic beverages,19525.0
305597.0,01,Food and non-alcoholic beverages,19555.5
305598.0,01,Food and non-alcoholic beverages,6204.5
305599.0,01,Food and non-alcoholic beverages,22943.329
305600.0,01,Food and non-alcoholic beverages,13030.0
305601.0,01,Food and non-alcoholic beverages,1038.425
305602.0,01,Food and non-alcoholic beverages,12769.991
305603.0,01,Food and non-alcoholic beverages,6652.051
305604.0,01,Food and non-alcoholic beverages,21996.0
305605.0,01,Food and non-alcoholic beverages,4211.75
305606.0,01,Food and non-alcoholic beverages,20759.195
305607.0,01,Food and non-alcoholic beverages,1725.643
305608.0,01,Food and non-alcoholic beverages,1729.3574
305609.0,01,Food and non-alcoholic beverages,6215.75
305612.0,01,Food and non-alcoholic beverages,8707.275
305613.0,01,Food and non-alcoholic beverages,10553.402
305614.0,01,Food and non-alcoholic beverages,12773.798
305615.0,01,Food and non-alcoholic beverages,1006.75
305616.0,01,Food and non-alcoholic beverages,9452.33
305617.0,01,Food and non-alcoholic beverages,6821.23
305618.0,01,Food and non-alcoholic beverages,50919.464
305619.0,01,Food and non-alcoholic beverages,7246.93
305620.0,01,Food and non-alcoholic beverages,4959.5
305621.0,01,Food and non-alcoholic beverages,7351.0
305622.0,01,Food and non-alcoholic beverages,3713.95
305623.0,01,Food and non-alcoholic beverages,3809.625
305624.0,01,Food and non-alcoholic beverages,7603.0
305625.0,01,Food and non-alcoholic beverages,17482.533
305626.0,01,Food and non-alcoholic beverages,12902.25
305627.0,01,Food and non-alcoholic beverages,14900.0
305628.0,01,Food and non-alcoholic beverages,8908.5
305629.0,01,Food and non-alcoholic beverages,5501.25
305630.0,01,Food and non-alcoholic beverages,6150.25
305631.0,01,Food and non-alcoholic beverages,8772.505000000001
305632.0,01,Food and non-alcoholic beverages,17235.965
305633.0,01,Food and non-alcoholic beverages,12176.976
305634.0,01,Food and non-alcoholic beverages,9757.041
305635.0,01,Food and non-alcoholic beverages,25265.962
305636.0,01,Food and non-alcoholic beverages,16080.0
305637.0,01,Food and non-alcoholic beverages,13171.504
305638.0,01,Food and non-alcoholic beverages,7558.036
305639.0,01,Food and non-alcoholic beverages,5058.991
305640.0,01,Food and non-alcoholic beverages,12312.0
305641.0,01,Food and non-alcoholic beverages,3807.23
305642.0,01,Food and non-alcoholic beverages,14302.5
305643.0,01,Food and non-alcoholic beverages,25212.396
305644.0,01,Food and non-alcoholic beverages,11900.445
305645.0,01,Food and non-alcoholic beverages,31312.5
305646.0,01,Food and non-alcoholic beverages,17360.46
305647.0,01,Food and non-alcoholic beverages,18063.5
305648.0,01,Food and non-alcoholic beverages,7702.6
305649.0,01,Food and non-alcoholic beverages,13317.66
305650.0,01,Food and non-alcoholic beverages,9100.85
305651.0,01,Food and non-alcoholic beverages,20053.742
305652.0,01,Food and non-alcoholic beverages,16586.76
305653.0,01,Food and non-alcoholic beverages,39953.561
305654.0,01,Food and non-alcoholic beverages,6882.65
305655.0,01,Food and non-alcoholic beverages,25032.0
305656.0,01,Food and non-alcoholic beverages,3746.25
305657.0,01,Food and non-alcoholic beverages,2806.2999999999997
305658.0,01,Food and non-alcoholic beverages,2414.554
305659.0,01,Food and non-alcoholic beverages,23233.5
305660.0,01,Food and non-alcoholic beverages,966.856
305661.0,01,Food and non-alcoholic beverages,9310.05
305662.0,01,Food and non-alcoholic beverages,4816.25
305663.0,01,Food and non-alcoholic beverages,79200.0
305664.0,01,Food and non-alcoholic beverages,2518.438
305665.0,01,Food and non-alcoholic beverages,10008.752
305666.0,01,Food and non-alcoholic beverages,18690.859
305667.0,01,Food and non-alcoholic beverages,2430.725
305668.0,01,Food and non-alcoholic beverages,11167.666
305669.0,01,Food and non-alcoholic beverages,9220.45
305670.0,01,Food and non-alcoholic beverages,4014.212
305671.0,01,Food and non-alcoholic beverages,14250.0
305672.0,01,Food and non-alcoholic beverages,15441.126
305673.0,01,Food and non-alcoholic beverages,6758.43
305674.0,01,Food and non-alcoholic beverages,2631.69
305675.0,01,Food and non-alcoholic beverages,9530.5
305676.0,01,Food and non-alcoholic beverages,12610.993
305677.0,01,Food and non-alcoholic beverages,20763.224
305678.0,01,Food and non-alcoholic beverages,6752.213
305679.0,01,Food and non-alcoholic beverages,16605.8
305680.0,01,Food and non-alcoholic beverages,28426.622
305681.0,01,Food and non-alcoholic beverages,12866.117
305682.0,01,Food and non-alcoholic beverages,29004.332
305683.0,01,Food and non-alcoholic beverages,29670.0
305684.0,01,Food and non-alcoholic beverages,14700.0
305685.0,01,Food and non-alcoholic beverages,24754.3
305686.0,01,Food and non-alcoholic beverages,43601.0
305687.0,01,Food and non-alcoholic beverages,34150.736
305688.0,01,Food and non-alcoholic beverages,21370.131
305689.0,01,Food and non-alcoholic beverages,8752.2
305690.0,01,Food and non-alcoholic beverages,3266.3740000000003
305691.0,01,Food and non-alcoholic beverages,13347.36
305692.0,01,Food and non-alcoholic beverages,13319.01
305693.0,01,Food and non-alcoholic beverages,8560.45
305695.0,01,Food and non-alcoholic beverages,8045.15
305696.0,01,Food and non-alcoholic beverages,6201.751
305697.0,01,Food and non-alcoholic beverages,22356.22
305698.0,01,Food and non-alcoholic beverages,19289.416
305699.0,01,Food and non-alcoholic beverages,8877.202
305700.0,01,Food and non-alcoholic beverages,7614.841
305701.0,01,Food and non-alcoholic beverages,9524.936
305702.0,01,Food and non-alcoholic beverages,6819.107
305703.0,01,Food and non-alcoholic beverages,8302.786
305704.0,01,Food and non-alcoholic beverages,15872.182999999999
305705.0,01,Food and non-alcoholic beverages,1636.2
305706.0,01,Food and non-alcoholic beverages,1875.278
305707.0,01,Food and non-alcoholic beverages,5298.375
305708.0,01,Food and non-alcoholic beverages,15450.25
305709.0,01,Food and non-alcoholic beverages,2242.48
305710.0,01,Food and non-alcoholic beverages,12613.5
305711.0,01,Food and non-alcoholic beverages,21757.85
305712.0,01,Food and non-alcoholic beverages,4186.368
305713.0,01,Food and non-alcoholic beverages,3401.75
305714.0,01,Food and non-alcoholic beverages,34562.42
305715.0,01,Food and non-alcoholic beverages,3841.492
305716.0,01,Food and non-alcoholic beverages,6243.292
305717.0,01,Food and non-alcoholic beverages,22052.4
305718.0,01,Food and non-alcoholic beverages,9627.0
305719.0,01,Food and non-alcoholic beverages,8871.05
305720.0,01,Food and non-alcoholic beverages,2760.08
305721.0,01,Food and non-alcoholic beverages,11753.5
305722.0,01,Food and non-alcoholic beverages,13550.0
305723.0,01,Food and non-alcoholic beverages,27745.0
305724.0,01,Food and non-alcoholic beverages,13720.372
305725.0,01,Food and non-alcoholic beverages,2316.011
305726.0,01,Food and non-alcoholic beverages,11902.798
305727.0,01,Food and non-alcoholic beverages,6750.0
305728.0,01,Food and non-alcoholic beverages,27750.0
305729.0,01,Food and non-alcoholic beverages,5450.615
305730.0,01,Food and non-alcoholic beverages,13160.55
305731.0,01,Food and non-alcoholic beverages,12946.5
305732.0,01,Food and non-alcoholic beverages,54910.5
305733.0,01,Food and non-alcoholic beverages,21400.5
305734.0,01,Food and non-alcoholic beverages,22271.05
305735.0,01,Food and non-alcoholic beverages,8089.201
305736.0,01,Food and non-alcoholic beverages,3210.0
305737.0,01,Food and non-alcoholic beverages,826.442
305738.0,01,Food and non-alcoholic beverages,2461.9300000000003
305739.0,01,Food and non-alcoholic beverages,1673.4489999999998
305740.0,01,Food and non-alcoholic beverages,10053.785
305741.0,01,Food and non-alcoholic beverages,2606.15
305742.0,01,Food and non-alcoholic beverages,3275.75
305743.0,01,Food and non-alcoholic beverages,16573.407
305744.0,01,Food and non-alcoholic beverages,1901.25
305745.0,01,Food and non-alcoholic beverages,2473.12
305747.0,01,Food and non-alcoholic beverages,18025.9
305748.0,01,Food and non-alcoholic beverages,15836.55
305749.0,01,Food and non-alcoholic beverages,23138.793
305750.0,01,Food and non-alcoholic beverages,28484.29
305751.0,01,Food and non-alcoholic beverages,4054.297
305752.0,01,Food and non-alcoholic beverages,951.4739999999999
305753.0,01,Food and non-alcoholic beverages,5935.045
305754.0,01,Food and non-alcoholic beverages,6635.413
305755.0,01,Food and non-alcoholic beverages,17389.5
305756.0,01,Food and non-alcoholic beverages,11575.658
305757.0,01,Food and non-alcoholic beverages,716.71
305758.0,01,Food and non-alcoholic beverages,10651.48
305759.0,01,Food and non-alcoholic beverages,10006.012
305760.0,01,Food and non-alcoholic beverages,14315.0
305761.0,01,Food and non-alcoholic beverages,17404.75
305762.0,01,Food and non-alcoholic beverages,21251.0
305763.0,01,Food and non-alcoholic beverages,10051.4
305764.0,01,Food and non-alcoholic beverages,7053.75
305765.0,01,Food and non-alcoholic beverages,16150.0
305766.0,01,Food and non-alcoholic beverages,28150.0
305767.0,01,Food and non-alcoholic beverages,9940.0
305768.0,01,Food and non-alcoholic beverages,30450.0
305769.0,01,Food and non-alcoholic beverages,800.0
305770.0,01,Food and non-alcoholic beverages,19950.0
305771.0,01,Food and non-alcoholic beverages,8580.991
305772.0,01,Food and non-alcoholic beverages,15090.856
305773.0,01,Food and non-alcoholic beverages,1354.0
305774.0,01,Food and non-alcoholic beverages,13508.25
305775.0,01,Food and non-alcoholic beverages,9279.869
305776.0,01,Food and non-alcoholic beverages,12971.886
305777.0,01,Food and non-alcoholic beverages,42303.5
305778.0,01,Food and non-alcoholic beverages,12250.4
305779.0,01,Food and non-alcoholic beverages,8908.706
305780.0,01,Food and non-alcoholic beverages,21368.5
305781.0,01,Food and non-alcoholic beverages,5052.758
305782.0,01,Food and non-alcoholic beverages,37450.0
305783.0,01,Food and non-alcoholic beverages,10908.2
305784.0,01,Food and non-alcoholic beverages,31949.8
305785.0,01,Food and non-alcoholic beverages,20655.6
305786.0,01,Food and non-alcoholic beverages,24504.832000000002
305787.0,01,Food and non-alcoholic beverages,6645.0
305788.0,01,Food and non-alcoholic beverages,18576.85
305789.0,01,Food and non-alcoholic beverages,13408.6
305790.0,01,Food and non-alcoholic beverages,1869.3
305791.0,01,Food and non-alcoholic beverages,14651.5
305792.0,01,Food and non-alcoholic beverages,10596.751
305793.0,01,Food and non-alcoholic beverages,2267.692
305794.0,01,Food and non-alcoholic beverages,10306.8
305795.0,01,Food and non-alcoholic beverages,6096.434
305796.0,01,Food and non-alcoholic beverages,10900.0
305797.0,01,Food and non-alcoholic beverages,11261.25
305798.0,01,Food and non-alcoholic beverages,16151.25
305799.0,01,Food and non-alcoholic beverages,17331.35
305800.0,01,Food and non-alcoholic beverages,13312.0
305801.0,01,Food and non-alcoholic beverages,10355.652
305802.0,01,Food and non-alcoholic beverages,9428.85
305803.0,01,Food and non-alcoholic beverages,4014.895
305804.0,01,Food and non-alcoholic beverages,3604.747
305805.0,01,Food and non-alcoholic beverages,10561.415
305806.0,01,Food and non-alcoholic beverages,4003.75
305807.0,01,Food and non-alcoholic beverages,3562.6
305808.0,01,Food and non-alcoholic beverages,2708.75
305809.0,01,Food and non-alcoholic beverages,6786.0689999999995
305810.0,01,Food and non-alcoholic beverages,7269.0765
305811.0,01,Food and non-alcoholic beverages,518.265
305812.0,01,Food and non-alcoholic beverages,14539.298
305813.0,01,Food and non-alcoholic beverages,10651.135
305814.0,01,Food and non-alcoholic beverages,9102.842
305815.0,01,Food and non-alcoholic beverages,7950.58
305816.0,01,Food and non-alcoholic beverages,14650.0
305817.0,01,Food and non-alcoholic beverages,10300.0
305818.0,01,Food and non-alcoholic beverages,14600.6
305819.0,01,Food and non-alcoholic beverages,21231.79
305820.0,01,Food and non-alcoholic beverages,6401.4
305821.0,01,Food and non-alcoholic beverages,19902.7
305822.0,01,Food and non-alcoholic beverages,6100.0
305823.0,01,Food and non-alcoholic beverages,7830.0
305824.0,01,Food and non-alcoholic beverages,10551.75
305825.0,01,Food and non-alcoholic beverages,4819.085
305826.0,01,Food and non-alcoholic beverages,9550.299
305827.0,01,Food and non-alcoholic beverages,17583.541
305828.0,01,Food and non-alcoholic beverages,14553.102
305829.0,01,Food and non-alcoholic beverages,14210.222
305830.0,01,Food and non-alcoholic beverages,13106.091
305831.0,01,Food and non-alcoholic beverages,17309.851
305832.0,01,Food and non-alcoholic beverages,2409.316
305833.0,01,Food and non-alcoholic beverages,7662.648
305834.0,01,Food and non-alcoholic beverages,7272.748
305835.0,01,Food and non-alcoholic beverages,6717.515
305836.0,01,Food and non-alcoholic beverages,24887.457000000002
305837.0,01,Food and non-alcoholic beverages,30782.922
305838.0,01,Food and non-alcoholic beverages,9318.616
305839.0,01,Food and non-alcoholic beverages,7323.568
305840.0,01,Food and non-alcoholic beverages,7704.508
305841.0,01,Food and non-alcoholic beverages,2921.9139999999998
305842.0,01,Food and non-alcoholic beverages,5733.875
305843.0,01,Food and non-alcoholic beverages,6754.11
305844.0,01,Food and non-alcoholic beverages,3779.509
305845.0,01,Food and non-alcoholic beverages,2811.889
305846.0,01,Food and non-alcoholic beverages,3121.951
305847.0,01,Food and non-alcoholic beverages,12528.464
305848.0,01,Food and non-alcoholic beverages,6723.905
305849.0,01,Food and non-alcoholic beverages,3470.001
305850.0,01,Food and non-alcoholic beverages,8276.19
305851.0,01,Food and non-alcoholic beverages,14040.0
305852.0,01,Food and non-alcoholic beverages,18509.785
305853.0,01,Food and non-alcoholic beverages,40750.0
305854.0,01,Food and non-alcoholic beverages,15058.0
305855.0,01,Food and non-alcoholic beverages,38795.045
305856.0,01,Food and non-alcoholic beverages,33051.377
305857.0,01,Food and non-alcoholic beverages,28740.0
305858.0,01,Food and non-alcoholic beverages,26607.849
305859.0,01,Food and non-alcoholic beverages,24350.574
305860.0,01,Food and non-alcoholic beverages,12607.75
305861.0,01,Food and non-alcoholic beverages,6023.163
305862.0,01,Food and non-alcoholic beverages,7308.012
305863.0,01,Food and non-alcoholic beverages,5759.253
305864.0,01,Food and non-alcoholic beverages,22175.5
305865.0,01,Food and non-alcoholic beverages,7677.487
305866.0,01,Food and non-alcoholic beverages,8003.908
305867.0,01,Food and non-alcoholic beverages,1305.391
305868.0,01,Food and non-alcoholic beverages,6628.955
305869.0,01,Food and non-alcoholic beverages,5406.312
305870.0,01,Food and non-alcoholic beverages,17434.234
305871.0,01,Food and non-alcoholic beverages,3626.867
305872.0,01,Food and non-alcoholic beverages,11952.81
305873.0,01,Food and non-alcoholic beverages,8361.715
305874.0,01,Food and non-alcoholic beverages,12367.892
305875.0,01,Food and non-alcoholic beverages,12052.75
305876.0,01,Food and non-alcoholic beverages,5462.5
305877.0,01,Food and non-alcoholic beverages,10025.34
305878.0,01,Food and non-alcoholic beverages,7131.15
305879.0,01,Food and non-alcoholic beverages,12557.188
305880.0,01,Food and non-alcoholic beverages,13613.645
305881.0,01,Food and non-alcoholic beverages,7275.445
305882.0,01,Food and non-alcoholic beverages,6856.12
305883.0,01,Food and non-alcoholic beverages,9247.077
305884.0,01,Food and non-alcoholic beverages,3817.628
305885.0,01,Food and non-alcoholic beverages,9335.303
305886.0,01,Food and non-alcoholic beverages,8425.4
305887.0,01,Food and non-alcoholic beverages,8346.004
305888.0,01,Food and non-alcoholic beverages,4756.879
305889.0,01,Food and non-alcoholic beverages,6459.034
305890.0,01,Food and non-alcoholic beverages,2673.065
305891.0,01,Food and non-alcoholic beverages,6808.699
305892.0,01,Food and non-alcoholic beverages,924.863
305893.0,01,Food and non-alcoholic beverages,2020.2964
305894.0,01,Food and non-alcoholic beverages,4006.55
305895.0,01,Food and non-alcoholic beverages,8354.43
305896.0,01,Food and non-alcoholic beverages,4799.337
305897.0,01,Food and non-alcoholic beverages,10223.323
305898.0,01,Food and non-alcoholic beverages,8784.5
305899.0,01,Food and non-alcoholic beverages,5348.09
305900.0,01,Food and non-alcoholic beverages,7016.517
305901.0,01,Food and non-alcoholic beverages,9897.828
305902.0,01,Food and non-alcoholic beverages,10702.968
305903.0,01,Food and non-alcoholic beverages,7559.0
305904.0,01,Food and non-alcoholic beverages,4788.81
305905.0,01,Food and non-alcoholic beverages,39909.75
305906.0,01,Food and non-alcoholic beverages,5424.07
305907.0,01,Food and non-alcoholic beverages,34904.581
305908.0,01,Food and non-alcoholic beverages,31004.527
305909.0,01,Food and non-alcoholic beverages,13804.014
305910.0,01,Food and non-alcoholic beverages,7770.563
305911.0,01,Food and non-alcoholic beverages,12100.0
305912.0,01,Food and non-alcoholic beverages,10050.0
305913.0,01,Food and non-alcoholic beverages,12108.006
305914.0,01,Food and non-alcoholic beverages,5612.481
305915.0,01,Food and non-alcoholic beverages,6985.284000000001
305916.0,01,Food and non-alcoholic beverages,1978.34
305917.0,01,Food and non-alcoholic beverages,2104.029
305918.0,01,Food and non-alcoholic beverages,1976.975
305919.0,01,Food and non-alcoholic beverages,702.472
305920.0,01,Food and non-alcoholic beverages,9155.1
305921.0,01,Food and non-alcoholic beverages,12617.17
305922.0,01,Food and non-alcoholic beverages,26483.625
305923.0,01,Food and non-alcoholic beverages,1660.996
305924.0,01,Food and non-alcoholic beverages,10185.316
305925.0,01,Food and non-alcoholic beverages,16108.902
305926.0,01,Food and non-alcoholic beverages,7651.5
305927.0,01,Food and non-alcoholic beverages,72095.87
305928.0,01,Food and non-alcoholic beverages,63880.539
305929.0,01,Food and non-alcoholic beverages,3200.0
305930.0,01,Food and non-alcoholic beverages,11270.015
305931.0,01,Food and non-alcoholic beverages,15650.0
305932.0,01,Food and non-alcoholic beverages,811.314
305933.0,01,Food and non-alcoholic beverages,10371.272
305934.0,01,Food and non-alcoholic beverages,8060.5
305935.0,01,Food and non-alcoholic beverages,5.050000000000001
305936.0,01,Food and non-alcoholic beverages,6518.25
305937.0,01,Food and non-alcoholic beverages,7467.25
305938.0,01,Food and non-alcoholic beverages,4134.058
305939.0,01,Food and non-alcoholic beverages,9988.7
305940.0,01,Food and non-alcoholic beverages,3978.145
305941.0,01,Food and non-alcoholic beverages,5998.749
305942.0,01,Food and non-alcoholic beverages,11203.5
305943.0,01,Food and non-alcoholic beverages,7280.138000000001
305944.0,01,Food and non-alcoholic beverages,971.392
305945.0,01,Food and non-alcoholic beverages,6810.05
305946.0,01,Food and non-alcoholic beverages,35809.7
305947.0,01,Food and non-alcoholic beverages,25602.4
305948.0,01,Food and non-alcoholic beverages,6262.882
305949.0,01,Food and non-alcoholic beverages,4579.61
305950.0,01,Food and non-alcoholic beverages,9912.554
305951.0,01,Food and non-alcoholic beverages,12034.683
305952.0,01,Food and non-alcoholic beverages,20507.832
305953.0,01,Food and non-alcoholic beverages,7572.198
305954.0,01,Food and non-alcoholic beverages,9301.381
305955.0,01,Food and non-alcoholic beverages,4362.75
305956.0,01,Food and non-alcoholic beverages,15312.0
305957.0,01,Food and non-alcoholic beverages,15511.802
305958.0,01,Food and non-alcoholic beverages,6052.25
305959.0,01,Food and non-alcoholic beverages,3426.892
305960.0,01,Food and non-alcoholic beverages,7653.735
305961.0,01,Food and non-alcoholic beverages,9716.724
305962.0,01,Food and non-alcoholic beverages,714.306
305963.0,01,Food and non-alcoholic beverages,21468.242
305964.0,01,Food and non-alcoholic beverages,24022.14
305965.0,01,Food and non-alcoholic beverages,12382.0
305966.0,01,Food and non-alcoholic beverages,3176.1693
305967.0,01,Food and non-alcoholic beverages,2655.875
305968.0,01,Food and non-alcoholic beverages,13954.01
305969.0,01,Food and non-alcoholic beverages,13099.005
305970.0,01,Food and non-alcoholic beverages,7709.215
305971.0,01,Food and non-alcoholic beverages,33227.85
305972.0,01,Food and non-alcoholic beverages,11204.987
305973.0,01,Food and non-alcoholic beverages,11340.36
305974.0,01,Food and non-alcoholic beverages,14684.2
305975.0,01,Food and non-alcoholic beverages,1123.9
305976.0,01,Food and non-alcoholic beverages,5608.812
305977.0,01,Food and non-alcoholic beverages,10586.744999999999
305978.0,01,Food and non-alcoholic beverages,6218.59
305979.0,01,Food and non-alcoholic beverages,6614.75
305980.0,01,Food and non-alcoholic beverages,17753.0
305981.0,01,Food and non-alcoholic beverages,17822.2
305982.0,01,Food and non-alcoholic beverages,20503.65
305983.0,01,Food and non-alcoholic beverages,2163.668
305984.0,01,Food and non-alcoholic beverages,8013.76
305985.0,01,Food and non-alcoholic beverages,8015.523999999999
305986.0,01,Food and non-alcoholic beverages,2450.0
305987.0,01,Food and non-alcoholic beverages,10200.0
305988.0,01,Food and non-alcoholic beverages,6668.773
305989.0,01,Food and non-alcoholic beverages,2911.08
305990.0,01,Food and non-alcoholic beverages,17773.683
305991.0,01,Food and non-alcoholic beverages,2432.0
305992.0,01,Food and non-alcoholic beverages,4201.0
305993.0,01,Food and non-alcoholic beverages,1671.892
305994.0,01,Food and non-alcoholic beverages,19199.495
305995.0,01,Food and non-alcoholic beverages,5545.9725
305996.0,01,Food and non-alcoholic beverages,3514.7208
305997.0,01,Food and non-alcoholic beverages,2466.1749999999997
305998.0,01,Food and non-alcoholic beverages,1800.0
305999.0,01,Food and non-alcoholic beverages,162.264
306000.0,01,Food and non-alcoholic beverages,8283.356
306001.0,01,Food and non-alcoholic beverages,3282.0950000000003
306002.0,01,Food and non-alcoholic beverages,8576.226
306003.0,01,Food and non-alcoholic beverages,27.2963
306004.0,01,Food and non-alcoholic beverages,4683.515
306005.0,01,Food and non-alcoholic beverages,13132.5
306006.0,01,Food and non-alcoholic beverages,14028.723
306007.0,01,Food and non-alcoholic beverages,11427.875
306008.0,01,Food and non-alcoholic beverages,28523.573
306009.0,01,Food and non-alcoholic beverages,3802.26
306010.0,01,Food and non-alcoholic beverages,6821.063
306011.0,01,Food and non-alcoholic beverages,20864.763
306012.0,01,Food and non-alcoholic beverages,5058.609
306013.0,01,Food and non-alcoholic beverages,5577.572
306014.0,01,Food and non-alcoholic beverages,6620.133
306015.0,01,Food and non-alcoholic beverages,3021.98
306016.0,01,Food and non-alcoholic beverages,5435.917
306017.0,01,Food and non-alcoholic beverages,12510.961
306018.0,01,Food and non-alcoholic beverages,4291.411
306019.0,01,Food and non-alcoholic beverages,1907.876
306020.0,01,Food and non-alcoholic beverages,11700.0
306021.0,01,Food and non-alcoholic beverages,18872.82
306022.0,01,Food and non-alcoholic beverages,17061.784
306023.0,01,Food and non-alcoholic beverages,11552.072
306024.0,01,Food and non-alcoholic beverages,8215.658
306025.0,01,Food and non-alcoholic beverages,18367.865
306026.0,01,Food and non-alcoholic beverages,14358.78
306027.0,01,Food and non-alcoholic beverages,17953.0
306028.0,01,Food and non-alcoholic beverages,22154.07
306029.0,01,Food and non-alcoholic beverages,7559.253
306030.0,01,Food and non-alcoholic beverages,7415.41
306031.0,01,Food and non-alcoholic beverages,7457.34
306032.0,01,Food and non-alcoholic beverages,8884.429
306033.0,01,Food and non-alcoholic beverages,3051.0
306034.0,01,Food and non-alcoholic beverages,8908.325
306035.0,01,Food and non-alcoholic beverages,13469.099999999999
306036.0,01,Food and non-alcoholic beverages,10816.526
306037.0,01,Food and non-alcoholic beverages,1308.245
306038.0,01,Food and non-alcoholic beverages,9103.47
306039.0,01,Food and non-alcoholic beverages,3739.5
306040.0,01,Food and non-alcoholic beverages,8213.758
306041.0,01,Food and non-alcoholic beverages,7993.582
306042.0,01,Food and non-alcoholic beverages,7076.375
306043.0,01,Food and non-alcoholic beverages,10343.2
306044.0,01,Food and non-alcoholic beverages,4026.0699999999997
306045.0,01,Food and non-alcoholic beverages,5835.766
306046.0,01,Food and non-alcoholic beverages,9622.68
306047.0,01,Food and non-alcoholic beverages,21067.5
306048.0,01,Food and non-alcoholic beverages,1503.25
306049.0,01,Food and non-alcoholic beverages,9459.557
306050.0,01,Food and non-alcoholic beverages,1688.25
306051.0,01,Food and non-alcoholic beverages,5919.04
306052.0,01,Food and non-alcoholic beverages,4954.075
306053.0,01,Food and non-alcoholic beverages,7307.118
306054.0,01,Food and non-alcoholic beverages,15481.0
306055.0,01,Food and non-alcoholic beverages,25.4
306056.0,01,Food and non-alcoholic beverages,5922.769
306057.0,01,Food and non-alcoholic beverages,10048.387
306058.0,01,Food and non-alcoholic beverages,4777.503
306059.0,01,Food and non-alcoholic beverages,11515.26
306060.0,01,Food and non-alcoholic beverages,7521.948
306061.0,01,Food and non-alcoholic beverages,2617.742
306062.0,01,Food and non-alcoholic beverages,3767.976
306063.0,01,Food and non-alcoholic beverages,3159.088
306064.0,01,Food and non-alcoholic beverages,12266.0
306065.0,01,Food and non-alcoholic beverages,5228.2317
306066.0,01,Food and non-alcoholic beverages,7902.5
306067.0,01,Food and non-alcoholic beverages,12103.515
306068.0,01,Food and non-alcoholic beverages,51351.127
306069.0,01,Food and non-alcoholic beverages,13657.938999999998
306070.0,01,Food and non-alcoholic beverages,5406.608
306071.0,01,Food and non-alcoholic beverages,25300.25
306072.0,01,Food and non-alcoholic beverages,7760.15
306073.0,01,Food and non-alcoholic beverages,28217.675
306074.0,01,Food and non-alcoholic beverages,6434.758
306075.0,01,Food and non-alcoholic beverages,6712.6720000000005
306076.0,01,Food and non-alcoholic beverages,4660.5625
306077.0,01,Food and non-alcoholic beverages,32764.758
306078.0,01,Food and non-alcoholic beverages,26526.156
306079.0,01,Food and non-alcoholic beverages,5504.664
306080.0,01,Food and non-alcoholic beverages,2208.117
306081.0,01,Food and non-alcoholic beverages,16900.5
306082.0,01,Food and non-alcoholic beverages,4625.622
306083.0,01,Food and non-alcoholic beverages,14557.9
306084.0,01,Food and non-alcoholic beverages,4458.262
306085.0,01,Food and non-alcoholic beverages,3776.25
306086.0,01,Food and non-alcoholic beverages,4394.302
306087.0,01,Food and non-alcoholic beverages,2770.785
306088.0,01,Food and non-alcoholic beverages,11257.865
306089.0,01,Food and non-alcoholic beverages,3326.672
306090.0,01,Food and non-alcoholic beverages,416.3
306091.0,01,Food and non-alcoholic beverages,2967.101
306092.0,01,Food and non-alcoholic beverages,9768.07
306093.0,01,Food and non-alcoholic beverages,6959.5
306094.0,01,Food and non-alcoholic beverages,8583.599
306095.0,01,Food and non-alcoholic beverages,2032.184
306096.0,01,Food and non-alcoholic beverages,11234.761
306097.0,01,Food and non-alcoholic beverages,7203.25
306098.0,01,Food and non-alcoholic beverages,7407.724
306099.0,01,Food and non-alcoholic beverages,8303.211
306100.0,01,Food and non-alcoholic beverages,2874.75
306101.0,01,Food and non-alcoholic beverages,4913.95
306102.0,01,Food and non-alcoholic beverages,14518.554
306103.0,01,Food and non-alcoholic beverages,1641.55
306104.0,01,Food and non-alcoholic beverages,4043.579
306105.0,01,Food and non-alcoholic beverages,5524.971
306106.0,01,Food and non-alcoholic beverages,2832.693
306107.0,01,Food and non-alcoholic beverages,1969.494
306108.0,01,Food and non-alcoholic beverages,3624.18
306109.0,01,Food and non-alcoholic beverages,7201.1
306110.0,01,Food and non-alcoholic beverages,8321.5
306111.0,01,Food and non-alcoholic beverages,10065.01
306112.0,01,Food and non-alcoholic beverages,29778.489
306113.0,01,Food and non-alcoholic beverages,5914.876
306114.0,01,Food and non-alcoholic beverages,15161.25
306115.0,01,Food and non-alcoholic beverages,3990.448
306116.0,01,Food and non-alcoholic beverages,3651.741
306117.0,01,Food and non-alcoholic beverages,5867.157999999999
306118.0,01,Food and non-alcoholic beverages,6137.89
306119.0,01,Food and non-alcoholic beverages,30450.75
306120.0,01,Food and non-alcoholic beverages,1116.819
306121.0,01,Food and non-alcoholic beverages,918.41
306122.0,01,Food and non-alcoholic beverages,5912.425
306123.0,01,Food and non-alcoholic beverages,9912.863
306124.0,01,Food and non-alcoholic beverages,47119.505
306125.0,01,Food and non-alcoholic beverages,12760.822
306126.0,01,Food and non-alcoholic beverages,6863.601
306127.0,01,Food and non-alcoholic beverages,7554.75
306128.0,01,Food and non-alcoholic beverages,11205.307
306129.0,01,Food and non-alcoholic beverages,6336.672
306130.0,01,Food and non-alcoholic beverages,9703.278
306131.0,01,Food and non-alcoholic beverages,4667.848
306132.0,01,Food and non-alcoholic beverages,1800.25
306133.0,01,Food and non-alcoholic beverages,3165.762
306134.0,01,Food and non-alcoholic beverages,12050.0
306135.0,01,Food and non-alcoholic beverages,7320.518
306136.0,01,Food and non-alcoholic beverages,31257.506
306137.0,01,Food and non-alcoholic beverages,17480.45
306138.0,01,Food and non-alcoholic beverages,17901.0
306139.0,01,Food and non-alcoholic beverages,10466.766
306140.0,01,Food and non-alcoholic beverages,6513.5
306141.0,01,Food and non-alcoholic beverages,5696.643
306142.0,01,Food and non-alcoholic beverages,4756.106
306143.0,01,Food and non-alcoholic beverages,3086.031
306144.0,01,Food and non-alcoholic beverages,9497.268
306145.0,01,Food and non-alcoholic beverages,3630.375
306146.0,01,Food and non-alcoholic beverages,3119.5
306147.0,01,Food and non-alcoholic beverages,229.883
306148.0,01,Food and non-alcoholic beverages,7504.0
306149.0,01,Food and non-alcoholic beverages,4220.812
306150.0,01,Food and non-alcoholic beverages,3995.606
306151.0,01,Food and non-alcoholic beverages,13282.731
306152.0,01,Food and non-alcoholic beverages,2034.116
306153.0,01,Food and non-alcoholic beverages,1356.555
306154.0,01,Food and non-alcoholic beverages,12417.73
306155.0,01,Food and non-alcoholic beverages,3121.0476
306156.0,01,Food and non-alcoholic beverages,4353.25
306157.0,01,Food and non-alcoholic beverages,2082.513
306158.0,01,Food and non-alcoholic beverages,8342.545
306159.0,01,Food and non-alcoholic beverages,5436.751
306160.0,01,Food and non-alcoholic beverages,9217.210000000001
306161.0,01,Food and non-alcoholic beverages,273.622
306162.0,01,Food and non-alcoholic beverages,3474.5176
306163.0,01,Food and non-alcoholic beverages,4078.302
306164.0,01,Food and non-alcoholic beverages,1026.881
306165.0,01,Food and non-alcoholic beverages,13356.733
306166.0,01,Food and non-alcoholic beverages,312.036
306167.0,01,Food and non-alcoholic beverages,990.445
306168.0,01,Food and non-alcoholic beverages,4400.0
306169.0,01,Food and non-alcoholic beverages,5823.754
306170.0,01,Food and non-alcoholic beverages,13664.5
306171.0,01,Food and non-alcoholic beverages,4616.05
306172.0,01,Food and non-alcoholic beverages,2820.8
306173.0,01,Food and non-alcoholic beverages,13.2666
306174.0,01,Food and non-alcoholic beverages,4934.5833
306175.0,01,Food and non-alcoholic beverages,13660.0
306176.0,01,Food and non-alcoholic beverages,27404.893
306177.0,01,Food and non-alcoholic beverages,13108.0
306178.0,01,Food and non-alcoholic beverages,4700.045
306179.0,01,Food and non-alcoholic beverages,25400.0
306180.0,01,Food and non-alcoholic beverages,35187.75
306181.0,01,Food and non-alcoholic beverages,36508.164
306182.0,01,Food and non-alcoholic beverages,5.204
306183.0,01,Food and non-alcoholic beverages,17960.0
306184.0,01,Food and non-alcoholic beverages,11537.469000000001
306185.0,01,Food and non-alcoholic beverages,26294.278
306186.0,01,Food and non-alcoholic beverages,7707.0849
306187.0,01,Food and non-alcoholic beverages,2832.012
306188.0,01,Food and non-alcoholic beverages,7545.96
306189.0,01,Food and non-alcoholic beverages,1544.622
306190.0,01,Food and non-alcoholic beverages,2507.9
306191.0,01,Food and non-alcoholic beverages,18710.909
306192.0,01,Food and non-alcoholic beverages,10941.25
306193.0,01,Food and non-alcoholic beverages,4480.874
306194.0,01,Food and non-alcoholic beverages,13718.791
306195.0,01,Food and non-alcoholic beverages,9550.0
306196.0,01,Food and non-alcoholic beverages,16953.0
306197.0,01,Food and non-alcoholic beverages,15889.394
306198.0,01,Food and non-alcoholic beverages,9000.0
306199.0,01,Food and non-alcoholic beverages,12711.528
306200.0,01,Food and non-alcoholic beverages,4295.772
306201.0,01,Food and non-alcoholic beverages,9966.765
306202.0,01,Food and non-alcoholic beverages,3974.499
306203.0,01,Food and non-alcoholic beverages,4926.982
306204.0,01,Food and non-alcoholic beverages,9100.0
306205.0,01,Food and non-alcoholic beverages,5160.125
306206.0,01,Food and non-alcoholic beverages,5816.5
306207.0,01,Food and non-alcoholic beverages,12207.6
306208.0,01,Food and non-alcoholic beverages,2918.1666
306209.0,01,Food and non-alcoholic beverages,4786.69
306210.0,01,Food and non-alcoholic beverages,3332.5
306211.0,01,Food and non-alcoholic beverages,5073.25
306212.0,01,Food and non-alcoholic beverages,4966.697
306213.0,01,Food and non-alcoholic beverages,2248.315
306214.0,01,Food and non-alcoholic beverages,12565.375
306215.0,01,Food and non-alcoholic beverages,6179.63
306216.0,01,Food and non-alcoholic beverages,10660.5
306217.0,01,Food and non-alcoholic beverages,6363.6666000000005
306218.0,01,Food and non-alcoholic beverages,2645.82
306219.0,01,Food and non-alcoholic beverages,8066.3
306220.0,01,Food and non-alcoholic beverages,8840.731
306221.0,01,Food and non-alcoholic beverages,5067.912
306222.0,01,Food and non-alcoholic beverages,7304.708
306223.0,01,Food and non-alcoholic beverages,13263.866600000001
306224.0,01,Food and non-alcoholic beverages,5022.9
306225.0,01,Food and non-alcoholic beverages,9473.365
306226.0,01,Food and non-alcoholic beverages,734.25
306227.0,01,Food and non-alcoholic beverages,7953.5
306228.0,01,Food and non-alcoholic beverages,6124.504
306229.0,01,Food and non-alcoholic beverages,5806.565
306230.0,01,Food and non-alcoholic beverages,3377.585
306231.0,01,Food and non-alcoholic beverages,7937.0
306232.0,01,Food and non-alcoholic beverages,3314.5
306233.0,01,Food and non-alcoholic beverages,18960.0
306234.0,01,Food and non-alcoholic beverages,3501.0
306235.0,01,Food and non-alcoholic beverages,7628.75
306236.0,01,Food and non-alcoholic beverages,1628.846
306237.0,01,Food and non-alcoholic beverages,8500.056
306238.0,01,Food and non-alcoholic beverages,10750.5
306239.0,01,Food and non-alcoholic beverages,9959.913
306240.0,01,Food and non-alcoholic beverages,6719.46
306241.0,01,Food and non-alcoholic beverages,6615.38
306242.0,01,Food and non-alcoholic beverages,3015.0
306243.0,01,Food and non-alcoholic beverages,111.5
306244.0,01,Food and non-alcoholic beverages,6443.875
306245.0,01,Food and non-alcoholic beverages,10374.664
306246.0,01,Food and non-alcoholic beverages,8023.5689999999995
306247.0,01,Food and non-alcoholic beverages,11390.0
306248.0,01,Food and non-alcoholic beverages,2187.762
306249.0,01,Food and non-alcoholic beverages,4659.005
306250.0,01,Food and non-alcoholic beverages,2003.0
306251.0,01,Food and non-alcoholic beverages,20043.498
306252.0,01,Food and non-alcoholic beverages,11714.72
306253.0,01,Food and non-alcoholic beverages,11619.098
306254.0,01,Food and non-alcoholic beverages,18009.0
306255.0,01,Food and non-alcoholic beverages,4276.0
306256.0,01,Food and non-alcoholic beverages,7814.85
306257.0,01,Food and non-alcoholic beverages,10952.0
306258.0,01,Food and non-alcoholic beverages,5967.305
306259.0,01,Food and non-alcoholic beverages,7469.3150000000005
306260.0,01,Food and non-alcoholic beverages,812.8779999999999
306261.0,01,Food and non-alcoholic beverages,11017.0
306262.0,01,Food and non-alcoholic beverages,13214.0
306263.0,01,Food and non-alcoholic beverages,16118.27
306264.0,01,Food and non-alcoholic beverages,1406.25
306265.0,01,Food and non-alcoholic beverages,4371.79
306266.0,01,Food and non-alcoholic beverages,8927.0
306267.0,01,Food and non-alcoholic beverages,3314.271
306268.0,01,Food and non-alcoholic beverages,4800.0
306269.0,01,Food and non-alcoholic beverages,1326.855
306270.0,01,Food and non-alcoholic beverages,4674.735
306271.0,01,Food and non-alcoholic beverages,4069.0769999999998
306272.0,01,Food and non-alcoholic beverages,3409.964
306273.0,01,Food and non-alcoholic beverages,11925.5
306274.0,01,Food and non-alcoholic beverages,13491.343
306275.0,01,Food and non-alcoholic beverages,7553.25
306276.0,01,Food and non-alcoholic beverages,4075.9900000000002
306277.0,01,Food and non-alcoholic beverages,5457.47
306278.0,01,Food and non-alcoholic beverages,25.0
306279.0,01,Food and non-alcoholic beverages,2550.702
306280.0,01,Food and non-alcoholic beverages,10651.82
306281.0,01,Food and non-alcoholic beverages,2624.57
306282.0,01,Food and non-alcoholic beverages,1405.915
306283.0,01,Food and non-alcoholic beverages,890.5
306284.0,01,Food and non-alcoholic beverages,16952.12
306285.0,01,Food and non-alcoholic beverages,7416.0
306286.0,01,Food and non-alcoholic beverages,12063.0
306287.0,01,Food and non-alcoholic beverages,4790.803
306288.0,01,Food and non-alcoholic beverages,11612.15
306289.0,01,Food and non-alcoholic beverages,16950.0
306290.0,01,Food and non-alcoholic beverages,18608.91
306291.0,01,Food and non-alcoholic beverages,16315.475
306292.0,01,Food and non-alcoholic beverages,24254.0
306293.0,01,Food and non-alcoholic beverages,13450.25
306294.0,01,Food and non-alcoholic beverages,4250.0
306295.0,01,Food and non-alcoholic beverages,4775.0
306296.0,01,Food and non-alcoholic beverages,1365.924
306297.0,01,Food and non-alcoholic beverages,21051.0
306298.0,01,Food and non-alcoholic beverages,17550.0
306299.0,01,Food and non-alcoholic beverages,6640.5
306300.0,01,Food and non-alcoholic beverages,8505.75
306301.0,01,Food and non-alcoholic beverages,13918.637
306302.0,01,Food and non-alcoholic beverages,3835.312
306303.0,01,Food and non-alcoholic beverages,19427.225
306304.0,01,Food and non-alcoholic beverages,9650.864300000001
306305.0,01,Food and non-alcoholic beverages,8903.1827
306306.0,01,Food and non-alcoholic beverages,5304.25
306307.0,01,Food and non-alcoholic beverages,14470.168
306308.0,01,Food and non-alcoholic beverages,4975.177
306309.0,01,Food and non-alcoholic beverages,19938.981
306310.0,01,Food and non-alcoholic beverages,14086.5
306311.0,01,Food and non-alcoholic beverages,10763.372
306312.0,01,Food and non-alcoholic beverages,7308.5
306313.0,01,Food and non-alcoholic beverages,25374.785
306314.0,01,Food and non-alcoholic beverages,11855.021
306315.0,01,Food and non-alcoholic beverages,12112.561
306316.0,01,Food and non-alcoholic beverages,8649.52
306317.0,01,Food and non-alcoholic beverages,14654.768
306318.0,01,Food and non-alcoholic beverages,30609.435
306319.0,01,Food and non-alcoholic beverages,36621.69
306320.0,01,Food and non-alcoholic beverages,40018.895
306321.0,01,Food and non-alcoholic beverages,14476.03
306322.0,01,Food and non-alcoholic beverages,30884.86
306323.0,01,Food and non-alcoholic beverages,13753.08
306324.0,01,Food and non-alcoholic beverages,5275.25
306325.0,01,Food and non-alcoholic beverages,23854.75
306326.0,01,Food and non-alcoholic beverages,11415.652
306327.0,01,Food and non-alcoholic beverages,1176.458
306328.0,01,Food and non-alcoholic beverages,4112.85
306329.0,01,Food and non-alcoholic beverages,6344.018
306330.0,01,Food and non-alcoholic beverages,8767.938
306331.0,01,Food and non-alcoholic beverages,14881.18
306332.0,01,Food and non-alcoholic beverages,3512.78
306333.0,01,Food and non-alcoholic beverages,7817.383
306334.0,01,Food and non-alcoholic beverages,24760.0
306335.0,01,Food and non-alcoholic beverages,15973.967
306336.0,01,Food and non-alcoholic beverages,17313.525999999998
306337.0,01,Food and non-alcoholic beverages,1882.21
306338.0,01,Food and non-alcoholic beverages,16922.043
306339.0,01,Food and non-alcoholic beverages,7860.1089999999995
306340.0,01,Food and non-alcoholic beverages,2783.4049999999997
306341.0,01,Food and non-alcoholic beverages,21851.75
306342.0,01,Food and non-alcoholic beverages,10278.79
306343.0,01,Food and non-alcoholic beverages,8950.5
306344.0,01,Food and non-alcoholic beverages,10209.979
306345.0,01,Food and non-alcoholic beverages,9508.5
306346.0,01,Food and non-alcoholic beverages,12501.0
306347.0,01,Food and non-alcoholic beverages,8533.509
306348.0,01,Food and non-alcoholic beverages,10790.315
306349.0,01,Food and non-alcoholic beverages,10239.366
306350.0,01,Food and non-alcoholic beverages,3980.2331
306351.0,01,Food and non-alcoholic beverages,4442.3240000000005
306352.0,01,Food and non-alcoholic beverages,37844.2
306353.0,01,Food and non-alcoholic beverages,13980.79
306354.0,01,Food and non-alcoholic beverages,27264.641
306355.0,01,Food and non-alcoholic beverages,16107.0
306356.0,01,Food and non-alcoholic beverages,7608.0
306357.0,01,Food and non-alcoholic beverages,30367.5
306358.0,01,Food and non-alcoholic beverages,8141.63
306359.0,01,Food and non-alcoholic beverages,3652.61
306360.0,01,Food and non-alcoholic beverages,13505.315
306361.0,01,Food and non-alcoholic beverages,19962.4
306362.0,01,Food and non-alcoholic beverages,7719.0
306363.0,01,Food and non-alcoholic beverages,6801.0
306364.0,01,Food and non-alcoholic beverages,4263.258
306365.0,01,Food and non-alcoholic beverages,31.427000000000003
306366.0,01,Food and non-alcoholic beverages,11623.4325
306367.0,01,Food and non-alcoholic beverages,6057.0
306368.0,01,Food and non-alcoholic beverages,12958.012
306369.0,01,Food and non-alcoholic beverages,15820.0
306370.0,01,Food and non-alcoholic beverages,9249.547
306371.0,01,Food and non-alcoholic beverages,11600.3
306372.0,01,Food and non-alcoholic beverages,21323.874
306373.0,01,Food and non-alcoholic beverages,43751.014
306374.0,01,Food and non-alcoholic beverages,15255.25
306375.0,01,Food and non-alcoholic beverages,22663.064
306376.0,01,Food and non-alcoholic beverages,12355.25
306377.0,01,Food and non-alcoholic beverages,10879.682999999999
306378.0,01,Food and non-alcoholic beverages,6590.76
306379.0,01,Food and non-alcoholic beverages,4909.523
306380.0,01,Food and non-alcoholic beverages,4759.508
306381.0,01,Food and non-alcoholic beverages,5362.992
306382.0,01,Food and non-alcoholic beverages,4294.012
306383.0,01,Food and non-alcoholic beverages,16072.0
306384.0,01,Food and non-alcoholic beverages,22204.805
306385.0,01,Food and non-alcoholic beverages,6267.53
306386.0,01,Food and non-alcoholic beverages,12376.5
306387.0,01,Food and non-alcoholic beverages,17681.37
306388.0,01,Food and non-alcoholic beverages,19234.585
306389.0,01,Food and non-alcoholic beverages,1868.7649999999999
306390.0,01,Food and non-alcoholic beverages,15779.508
306391.0,01,Food and non-alcoholic beverages,62987.886
306392.0,01,Food and non-alcoholic beverages,22951.951
306393.0,01,Food and non-alcoholic beverages,9415.0
306394.0,01,Food and non-alcoholic beverages,25396.41
306395.0,01,Food and non-alcoholic beverages,9380.765
306396.0,01,Food and non-alcoholic beverages,8206.14
306397.0,01,Food and non-alcoholic beverages,9027.77
306398.0,01,Food and non-alcoholic beverages,6960.268
306399.0,01,Food and non-alcoholic beverages,15941.2
306400.0,01,Food and non-alcoholic beverages,6516.532
306401.0,01,Food and non-alcoholic beverages,59701.008
306402.0,01,Food and non-alcoholic beverages,2958.404
306403.0,01,Food and non-alcoholic beverages,5253.258
306404.0,01,Food and non-alcoholic beverages,10910.283
306405.0,01,Food and non-alcoholic beverages,15552.5
306406.0,01,Food and non-alcoholic beverages,5802.0
306407.0,01,Food and non-alcoholic beverages,16668.5
306408.0,01,Food and non-alcoholic beverages,11006.512
306409.0,01,Food and non-alcoholic beverages,17761.53
306410.0,01,Food and non-alcoholic beverages,8557.75
306411.0,01,Food and non-alcoholic beverages,43946.5
306412.0,01,Food and non-alcoholic beverages,5857.005
306413.0,01,Food and non-alcoholic beverages,22748.564
306414.0,01,Food and non-alcoholic beverages,8953.369
306415.0,01,Food and non-alcoholic beverages,24885.965
306416.0,01,Food and non-alcoholic beverages,14357.906
306417.0,01,Food and non-alcoholic beverages,9739.542
306418.0,01,Food and non-alcoholic beverages,5063.66
306419.0,01,Food and non-alcoholic beverages,7385.012
306420.0,01,Food and non-alcoholic beverages,26254.411
306421.0,01,Food and non-alcoholic beverages,8088.52
306422.0,01,Food and non-alcoholic beverages,6156.536
306423.0,01,Food and non-alcoholic beverages,1617.354
306424.0,01,Food and non-alcoholic beverages,8851.698
306425.0,01,Food and non-alcoholic beverages,23293.329999999998
306426.0,01,Food and non-alcoholic beverages,38112.856
306427.0,01,Food and non-alcoholic beverages,22504.0
306428.0,01,Food and non-alcoholic beverages,29500.0
306429.0,01,Food and non-alcoholic beverages,12772.2
306430.0,01,Food and non-alcoholic beverages,1302.4
306431.0,01,Food and non-alcoholic beverages,6711.5
306432.0,01,Food and non-alcoholic beverages,23556.0
306433.0,01,Food and non-alcoholic beverages,13640.0
306434.0,01,Food and non-alcoholic beverages,743.033
306435.0,01,Food and non-alcoholic beverages,2068.303
306436.0,01,Food and non-alcoholic beverages,19588.52
306437.0,01,Food and non-alcoholic beverages,2003.0
306438.0,01,Food and non-alcoholic beverages,3363.004
306439.0,01,Food and non-alcoholic beverages,6455.24
306440.0,01,Food and non-alcoholic beverages,2913.507
306441.0,01,Food and non-alcoholic beverages,5013.964
306442.0,01,Food and non-alcoholic beverages,9343.315
306443.0,01,Food and non-alcoholic beverages,6366.5
306444.0,01,Food and non-alcoholic beverages,2962.33
306445.0,01,Food and non-alcoholic beverages,16320.0
306446.0,01,Food and non-alcoholic beverages,6600.004
306447.0,01,Food and non-alcoholic beverages,11052.0
306448.0,01,Food and non-alcoholic beverages,25107.034
306449.0,01,Food and non-alcoholic beverages,6833.134
306450.0,01,Food and non-alcoholic beverages,8793.831
306451.0,01,Food and non-alcoholic beverages,13110.024
306452.0,01,Food and non-alcoholic beverages,7072.098
306453.0,01,Food and non-alcoholic beverages,14786.17
306454.0,01,Food and non-alcoholic beverages,5231.0
306455.0,01,Food and non-alcoholic beverages,10072.126
306456.0,01,Food and non-alcoholic beverages,8625.268
306457.0,01,Food and non-alcoholic beverages,9269.708
306458.0,01,Food and non-alcoholic beverages,8485.5
306459.0,01,Food and non-alcoholic beverages,34821.715
306460.0,01,Food and non-alcoholic beverages,2021.214
306461.0,01,Food and non-alcoholic beverages,3834.0
306462.0,01,Food and non-alcoholic beverages,8868.869999999999
306463.0,01,Food and non-alcoholic beverages,22542.973
306464.0,01,Food and non-alcoholic beverages,5940.53
306465.0,01,Food and non-alcoholic beverages,7895.387
306466.0,01,Food and non-alcoholic beverages,17969.058
306467.0,01,Food and non-alcoholic beverages,5338.535
306468.0,01,Food and non-alcoholic beverages,22049.75
306469.0,01,Food and non-alcoholic beverages,11631.267
306470.0,01,Food and non-alcoholic beverages,6270.808
306471.0,01,Food and non-alcoholic beverages,11070.106
306472.0,01,Food and non-alcoholic beverages,1508.255
306473.0,01,Food and non-alcoholic beverages,11805.5
306474.0,01,Food and non-alcoholic beverages,6853.009
306475.0,01,Food and non-alcoholic beverages,14717.51
306476.0,01,Food and non-alcoholic beverages,9860.581
306477.0,01,Food and non-alcoholic beverages,10361.53
306478.0,01,Food and non-alcoholic beverages,10250.771
306479.0,01,Food and non-alcoholic beverages,6317.323
306480.0,01,Food and non-alcoholic beverages,20660.5
306481.0,01,Food and non-alcoholic beverages,30524.5
306482.0,01,Food and non-alcoholic beverages,626.8645
306483.0,01,Food and non-alcoholic beverages,10913.429
306484.0,01,Food and non-alcoholic beverages,6553.65
306485.0,01,Food and non-alcoholic beverages,7201.25
306486.0,01,Food and non-alcoholic beverages,3252.189
306487.0,01,Food and non-alcoholic beverages,7552.0
306488.0,01,Food and non-alcoholic beverages,7146.95
306489.0,01,Food and non-alcoholic beverages,9572.9
306490.0,01,Food and non-alcoholic beverages,16010.508
306491.0,01,Food and non-alcoholic beverages,1373.7
306492.0,01,Food and non-alcoholic beverages,11400.0
306493.0,01,Food and non-alcoholic beverages,21510.024
306494.0,01,Food and non-alcoholic beverages,7457.5
306495.0,01,Food and non-alcoholic beverages,34202.0
306496.0,01,Food and non-alcoholic beverages,19050.215
306497.0,01,Food and non-alcoholic beverages,12300.0
306498.0,01,Food and non-alcoholic beverages,16103.735
306499.0,01,Food and non-alcoholic beverages,36723.6
306500.0,01,Food and non-alcoholic beverages,36370.0
306501.0,01,Food and non-alcoholic beverages,22610.683
306502.0,01,Food and non-alcoholic beverages,6065.375
306503.0,01,Food and non-alcoholic beverages,11520.238
306504.0,01,Food and non-alcoholic beverages,14176.034
306505.0,01,Food and non-alcoholic beverages,9438.8535
306506.0,01,Food and non-alcoholic beverages,21901.012
306507.0,01,Food and non-alcoholic beverages,5250.004
306508.0,01,Food and non-alcoholic beverages,6110.36
306509.0,01,Food and non-alcoholic beverages,10575.0
306510.0,01,Food and non-alcoholic beverages,7462.641
306511.0,01,Food and non-alcoholic beverages,8119.812
306512.0,01,Food and non-alcoholic beverages,17023.25
306513.0,01,Food and non-alcoholic beverages,30606.758
306514.0,01,Food and non-alcoholic beverages,12854.736
306515.0,01,Food and non-alcoholic beverages,11506.5
306516.0,01,Food and non-alcoholic beverages,5712.5
306517.0,01,Food and non-alcoholic beverages,5554.5
306518.0,01,Food and non-alcoholic beverages,5552.264
306519.0,01,Food and non-alcoholic beverages,5699.988
306520.0,01,Food and non-alcoholic beverages,3457.22
306521.0,01,Food and non-alcoholic beverages,12.0
306522.0,01,Food and non-alcoholic beverages,10547.25
306523.0,01,Food and non-alcoholic beverages,7054.5
306524.0,01,Food and non-alcoholic beverages,16908.25
306525.0,01,Food and non-alcoholic beverages,5722.082
306526.0,01,Food and non-alcoholic beverages,14712.301
306527.0,01,Food and non-alcoholic beverages,5212.719
306528.0,01,Food and non-alcoholic beverages,11674.2
306529.0,01,Food and non-alcoholic beverages,12555.0
306530.0,01,Food and non-alcoholic beverages,11557.75
306531.0,01,Food and non-alcoholic beverages,8610.5
306532.0,01,Food and non-alcoholic beverages,15050.8115
306533.0,01,Food and non-alcoholic beverages,12960.615
306534.0,01,Food and non-alcoholic beverages,10602.55
306535.0,01,Food and non-alcoholic beverages,13454.215
306536.0,01,Food and non-alcoholic beverages,180237.48
306537.0,01,Food and non-alcoholic beverages,7662.948
306538.0,01,Food and non-alcoholic beverages,22920.5
306539.0,01,Food and non-alcoholic beverages,6068.75
306540.0,01,Food and non-alcoholic beverages,24417.524
306541.0,01,Food and non-alcoholic beverages,5068.362
306542.0,01,Food and non-alcoholic beverages,5770.8
306543.0,01,Food and non-alcoholic beverages,8650.5
306544.0,01,Food and non-alcoholic beverages,12058.344000000001
306545.0,01,Food and non-alcoholic beverages,13168.05
306546.0,01,Food and non-alcoholic beverages,7022.964
306547.0,01,Food and non-alcoholic beverages,8566.0
306548.0,01,Food and non-alcoholic beverages,14699.25
306549.0,01,Food and non-alcoholic beverages,12118.3
306550.0,01,Food and non-alcoholic beverages,60488.75
306551.0,01,Food and non-alcoholic beverages,1117.065
306552.0,01,Food and non-alcoholic beverages,9700.0
306553.0,01,Food and non-alcoholic beverages,8824.366
306554.0,01,Food and non-alcoholic beverages,10450.5
306555.0,01,Food and non-alcoholic beverages,76710.5
306556.0,01,Food and non-alcoholic beverages,32866.0
306557.0,01,Food and non-alcoholic beverages,11752.5
306558.0,01,Food and non-alcoholic beverages,7024.34
306559.0,01,Food and non-alcoholic beverages,7607.531
306560.0,01,Food and non-alcoholic beverages,10410.348
306561.0,01,Food and non-alcoholic beverages,20879.967
306562.0,01,Food and non-alcoholic beverages,15212.803
306563.0,01,Food and non-alcoholic beverages,5447.15
306564.0,01,Food and non-alcoholic beverages,6526.151
306565.0,01,Food and non-alcoholic beverages,20025.61
306566.0,01,Food and non-alcoholic beverages,14908.25
306567.0,01,Food and non-alcoholic beverages,10852.75
306568.0,01,Food and non-alcoholic beverages,2280.784
306569.0,01,Food and non-alcoholic beverages,3617.22
306570.0,01,Food and non-alcoholic beverages,15914.666
306571.0,01,Food and non-alcoholic beverages,6661.117
306572.0,01,Food and non-alcoholic beverages,10574.196
306573.0,01,Food and non-alcoholic beverages,3707.915
306574.0,01,Food and non-alcoholic beverages,8776.5
306575.0,01,Food and non-alcoholic beverages,27092.045
306576.0,01,Food and non-alcoholic beverages,10727.75
306577.0,01,Food and non-alcoholic beverages,3962.618
306578.0,01,Food and non-alcoholic beverages,2900.014
306579.0,01,Food and non-alcoholic beverages,4166.0
306580.0,01,Food and non-alcoholic beverages,1219.77
306581.0,01,Food and non-alcoholic beverages,15945.5
306582.0,01,Food and non-alcoholic beverages,13880.0
306583.0,01,Food and non-alcoholic beverages,14312.5084
306584.0,01,Food and non-alcoholic beverages,8631.012
306585.0,01,Food and non-alcoholic beverages,10237.01
306586.0,01,Food and non-alcoholic beverages,6972.05
306587.0,01,Food and non-alcoholic beverages,5200.0
306588.0,01,Food and non-alcoholic beverages,10687.005
306589.0,01,Food and non-alcoholic beverages,19797.428
306590.0,01,Food and non-alcoholic beverages,8690.625
306591.0,01,Food and non-alcoholic beverages,10301.5
306592.0,01,Food and non-alcoholic beverages,8121.506
306593.0,01,Food and non-alcoholic beverages,6054.75
306594.0,01,Food and non-alcoholic beverages,3850.125
306595.0,01,Food and non-alcoholic beverages,7803.5
306596.0,01,Food and non-alcoholic beverages,10219.857
306597.0,01,Food and non-alcoholic beverages,4707.204
306598.0,01,Food and non-alcoholic beverages,21350.006
306599.0,01,Food and non-alcoholic beverages,1930.6
306600.0,01,Food and non-alcoholic beverages,14601.229
306601.0,01,Food and non-alcoholic beverages,9719.02
306602.0,01,Food and non-alcoholic beverages,6147.8
306603.0,01,Food and non-alcoholic beverages,11083.0
306604.0,01,Food and non-alcoholic beverages,12555.034
306605.0,01,Food and non-alcoholic beverages,4735.96
306606.0,01,Food and non-alcoholic beverages,5026.574
306607.0,01,Food and non-alcoholic beverages,7714.887
306608.0,01,Food and non-alcoholic beverages,3121.215
306609.0,01,Food and non-alcoholic beverages,8050.75
306610.0,01,Food and non-alcoholic beverages,20145.087
306611.0,01,Food and non-alcoholic beverages,17397.55
306612.0,01,Food and non-alcoholic beverages,28113.25
306613.0,01,Food and non-alcoholic beverages,27320.33
306614.0,01,Food and non-alcoholic beverages,25007.75
306615.0,01,Food and non-alcoholic beverages,3173.016
306616.0,01,Food and non-alcoholic beverages,4001.261
306617.0,01,Food and non-alcoholic beverages,29809.1193
306618.0,01,Food and non-alcoholic beverages,3305.917
306619.0,01,Food and non-alcoholic beverages,2576.593
306620.0,01,Food and non-alcoholic beverages,2188.942
306621.0,01,Food and non-alcoholic beverages,10723.936
306622.0,01,Food and non-alcoholic beverages,7615.8369999999995
306623.0,01,Food and non-alcoholic beverages,27608.952
306624.0,01,Food and non-alcoholic beverages,14971.2
306625.0,01,Food and non-alcoholic beverages,13004.216
306626.0,01,Food and non-alcoholic beverages,21412.754
306627.0,01,Food and non-alcoholic beverages,15276.5
306628.0,01,Food and non-alcoholic beverages,19002.12
306629.0,01,Food and non-alcoholic beverages,4900.269
306630.0,01,Food and non-alcoholic beverages,25219.78
306631.0,01,Food and non-alcoholic beverages,4551.097
306632.0,01,Food and non-alcoholic beverages,35100.0
306633.0,01,Food and non-alcoholic beverages,7667.02
306634.0,01,Food and non-alcoholic beverages,8866.102
306635.0,01,Food and non-alcoholic beverages,7110.906
306636.0,01,Food and non-alcoholic beverages,5650.15
306637.0,01,Food and non-alcoholic beverages,16179.1824
306638.0,01,Food and non-alcoholic beverages,7087.4534
306639.0,01,Food and non-alcoholic beverages,3218.605
306640.0,01,Food and non-alcoholic beverages,3826.65
306641.0,01,Food and non-alcoholic beverages,22792.0
306642.0,01,Food and non-alcoholic beverages,32714.055
306643.0,01,Food and non-alcoholic beverages,6220.082
306644.0,01,Food and non-alcoholic beverages,22300.446
306645.0,01,Food and non-alcoholic beverages,8208.0
306646.0,01,Food and non-alcoholic beverages,18803.0
306647.0,01,Food and non-alcoholic beverages,5455.5
306648.0,01,Food and non-alcoholic beverages,3916.0
306649.0,01,Food and non-alcoholic beverages,9864.0
306650.0,01,Food and non-alcoholic beverages,3491.46
306651.0,01,Food and non-alcoholic beverages,4231.75
306652.0,01,Food and non-alcoholic beverages,4565.276
306653.0,01,Food and non-alcoholic beverages,3435.0
306654.0,01,Food and non-alcoholic beverages,7609.0625
306655.0,01,Food and non-alcoholic beverages,31350.0
306656.0,01,Food and non-alcoholic beverages,11951.0
306657.0,01,Food and non-alcoholic beverages,4329.666
306658.0,01,Food and non-alcoholic beverages,3564.5
306659.0,01,Food and non-alcoholic beverages,6514.825
306660.0,01,Food and non-alcoholic beverages,4913.203
306661.0,01,Food and non-alcoholic beverages,15116.75
306662.0,01,Food and non-alcoholic beverages,17270.87
306663.0,01,Food and non-alcoholic beverages,11416.045
306664.0,01,Food and non-alcoholic beverages,9705.17
306665.0,01,Food and non-alcoholic beverages,764.134
306666.0,01,Food and non-alcoholic beverages,17906.634
306667.0,01,Food and non-alcoholic beverages,2225.6
306668.0,01,Food and non-alcoholic beverages,10481.75
306669.0,01,Food and non-alcoholic beverages,6606.5
306670.0,01,Food and non-alcoholic beverages,7735.3425
306671.0,01,Food and non-alcoholic beverages,4322.925
306672.0,01,Food and non-alcoholic beverages,34613.0
306673.0,01,Food and non-alcoholic beverages,2488.724
306674.0,01,Food and non-alcoholic beverages,10815.931
306675.0,01,Food and non-alcoholic beverages,7204.506
306676.0,01,Food and non-alcoholic beverages,24265.0
306677.0,01,Food and non-alcoholic beverages,5025.45
306678.0,01,Food and non-alcoholic beverages,6362.5
306679.0,01,Food and non-alcoholic beverages,11165.595
306680.0,01,Food and non-alcoholic beverages,21207.0765
306681.0,01,Food and non-alcoholic beverages,9130.3028
306682.0,01,Food and non-alcoholic beverages,23003.0
306683.0,01,Food and non-alcoholic beverages,46420.0
306684.0,01,Food and non-alcoholic beverages,7082.488
306685.0,01,Food and non-alcoholic beverages,3355.857
306686.0,01,Food and non-alcoholic beverages,14210.5
306687.0,01,Food and non-alcoholic beverages,14106.25
306688.0,01,Food and non-alcoholic beverages,26936.125
306689.0,01,Food and non-alcoholic beverages,9650.51
306690.0,01,Food and non-alcoholic beverages,29374.125
306691.0,01,Food and non-alcoholic beverages,14004.0
306692.0,01,Food and non-alcoholic beverages,9991.5
306693.0,01,Food and non-alcoholic beverages,11437.050000000001
306694.0,01,Food and non-alcoholic beverages,467.004
306695.0,01,Food and non-alcoholic beverages,3207.6
306696.0,01,Food and non-alcoholic beverages,9628.15
306697.0,01,Food and non-alcoholic beverages,4237.0
306698.0,01,Food and non-alcoholic beverages,24721.0
306699.0,01,Food and non-alcoholic beverages,24350.0
306700.0,01,Food and non-alcoholic beverages,15855.0
306701.0,01,Food and non-alcoholic beverages,10153.5
306702.0,01,Food and non-alcoholic beverages,75499.25
306703.0,01,Food and non-alcoholic beverages,19224.785
306704.0,01,Food and non-alcoholic beverages,7651.915
306705.0,01,Food and non-alcoholic beverages,1962.015
306706.0,01,Food and non-alcoholic beverages,10853.005
306707.0,01,Food and non-alcoholic beverages,49936.01
306708.0,01,Food and non-alcoholic beverages,17115.041
306709.0,01,Food and non-alcoholic beverages,12343.256
306710.0,01,Food and non-alcoholic beverages,9035.64
306711.0,01,Food and non-alcoholic beverages,9637.0
306712.0,01,Food and non-alcoholic beverages,10481.27
306713.0,01,Food and non-alcoholic beverages,8024.304
306714.0,01,Food and non-alcoholic beverages,1322.619
306715.0,01,Food and non-alcoholic beverages,19901.0
306716.0,01,Food and non-alcoholic beverages,10150.125
306717.0,01,Food and non-alcoholic beverages,23557.0
306718.0,01,Food and non-alcoholic beverages,18262.273
306719.0,01,Food and non-alcoholic beverages,13952.0
306720.0,01,Food and non-alcoholic beverages,19115.822
306721.0,01,Food and non-alcoholic beverages,7278.5
306722.0,01,Food and non-alcoholic beverages,15647.624
306723.0,01,Food and non-alcoholic beverages,13311.625
306724.0,01,Food and non-alcoholic beverages,19704.5
306725.0,01,Food and non-alcoholic beverages,3605.75
306726.0,01,Food and non-alcoholic beverages,8453.0
306727.0,01,Food and non-alcoholic beverages,11165.95
306728.0,01,Food and non-alcoholic beverages,19762.75
306729.0,01,Food and non-alcoholic beverages,4847.7
306730.0,01,Food and non-alcoholic beverages,1007.037
306731.0,01,Food and non-alcoholic beverages,9072.75
306732.0,01,Food and non-alcoholic beverages,8909.27
306733.0,01,Food and non-alcoholic beverages,19919.602
306734.0,01,Food and non-alcoholic beverages,14723.0
306735.0,01,Food and non-alcoholic beverages,44621.889
306736.0,01,Food and non-alcoholic beverages,5886.0
306737.0,01,Food and non-alcoholic beverages,2028.37
306738.0,01,Food and non-alcoholic beverages,15130.0
306739.0,01,Food and non-alcoholic beverages,8916.875
306740.0,01,Food and non-alcoholic beverages,7226.4800000000005
306741.0,01,Food and non-alcoholic beverages,9167.0
306742.0,01,Food and non-alcoholic beverages,18260.7
306743.0,01,Food and non-alcoholic beverages,24423.0
306744.0,01,Food and non-alcoholic beverages,20217.5
306745.0,01,Food and non-alcoholic beverages,9324.0
306746.0,01,Food and non-alcoholic beverages,9159.19
306747.0,01,Food and non-alcoholic beverages,13880.778
306748.0,01,Food and non-alcoholic beverages,7401.45
306749.0,01,Food and non-alcoholic beverages,3706.3360000000002
306750.0,01,Food and non-alcoholic beverages,2919.922
306751.0,01,Food and non-alcoholic beverages,19441.5
306752.0,01,Food and non-alcoholic beverages,17250.384
306753.0,01,Food and non-alcoholic beverages,13401.0
306754.0,01,Food and non-alcoholic beverages,16950.0
306755.0,01,Food and non-alcoholic beverages,11601.025
306756.0,01,Food and non-alcoholic beverages,12520.25
306757.0,01,Food and non-alcoholic beverages,5857.85
306758.0,01,Food and non-alcoholic beverages,3157.023
306759.0,01,Food and non-alcoholic beverages,12440.0
306760.0,01,Food and non-alcoholic beverages,12694.762
306761.0,01,Food and non-alcoholic beverages,5250.4310000000005
306762.0,01,Food and non-alcoholic beverages,8100.075
306763.0,01,Food and non-alcoholic beverages,8038.523
306764.0,01,Food and non-alcoholic beverages,14427.115
306765.0,01,Food and non-alcoholic beverages,12051.0
306766.0,01,Food and non-alcoholic beverages,7054.0
306767.0,01,Food and non-alcoholic beverages,12802.0
306768.0,01,Food and non-alcoholic beverages,11012.018
306769.0,01,Food and non-alcoholic beverages,5250.775
306770.0,01,Food and non-alcoholic beverages,42247.5
306771.0,01,Food and non-alcoholic beverages,8123.928
306772.0,01,Food and non-alcoholic beverages,24622.0
306773.0,01,Food and non-alcoholic beverages,26584.5
306774.0,01,Food and non-alcoholic beverages,42832.2
306775.0,01,Food and non-alcoholic beverages,5254.5
306776.0,01,Food and non-alcoholic beverages,10400.5
306777.0,01,Food and non-alcoholic beverages,7616.944
306778.0,01,Food and non-alcoholic beverages,38965.916
306779.0,01,Food and non-alcoholic beverages,6062.5
306780.0,01,Food and non-alcoholic beverages,11006.0
306781.0,01,Food and non-alcoholic beverages,21565.5
306782.0,01,Food and non-alcoholic beverages,9604.625
306783.0,01,Food and non-alcoholic beverages,7953.0
306784.0,01,Food and non-alcoholic beverages,28851.0
306785.0,01,Food and non-alcoholic beverages,14353.5
306786.0,01,Food and non-alcoholic beverages,26000.0
306787.0,01,Food and non-alcoholic beverages,22062.078999999998
306788.0,01,Food and non-alcoholic beverages,6769.11
306789.0,01,Food and non-alcoholic beverages,8798.75
306790.0,01,Food and non-alcoholic beverages,16208.0
306791.0,01,Food and non-alcoholic beverages,11302.15
306792.0,01,Food and non-alcoholic beverages,5513.206
306793.0,01,Food and non-alcoholic beverages,6618.746
306794.0,01,Food and non-alcoholic beverages,2171.328
306795.0,01,Food and non-alcoholic beverages,7446.025
306796.0,01,Food and non-alcoholic beverages,1950.177
306797.0,01,Food and non-alcoholic beverages,11464.379
306798.0,01,Food and non-alcoholic beverages,9740.0
306799.0,01,Food and non-alcoholic beverages,5200.75
306800.0,01,Food and non-alcoholic beverages,11961.806
306801.0,01,Food and non-alcoholic beverages,21853.14
306802.0,01,Food and non-alcoholic beverages,11700.251
306803.0,01,Food and non-alcoholic beverages,12408.0
306804.0,01,Food and non-alcoholic beverages,8551.0
306805.0,01,Food and non-alcoholic beverages,19250.0
306806.0,01,Food and non-alcoholic beverages,39001.25
306807.0,01,Food and non-alcoholic beverages,10072.333
306808.0,01,Food and non-alcoholic beverages,20450.0
306809.0,01,Food and non-alcoholic beverages,19150.0
306810.0,01,Food and non-alcoholic beverages,9551.25
306811.0,01,Food and non-alcoholic beverages,2900.0
306812.0,01,Food and non-alcoholic beverages,27350.25
306813.0,01,Food and non-alcoholic beverages,16950.25
306814.0,01,Food and non-alcoholic beverages,6302.0495
306815.0,01,Food and non-alcoholic beverages,26277.72
306816.0,01,Food and non-alcoholic beverages,24975.0
306817.0,01,Food and non-alcoholic beverages,6650.05
306818.0,01,Food and non-alcoholic beverages,24550.63
306819.0,01,Food and non-alcoholic beverages,11650.0
306820.0,01,Food and non-alcoholic beverages,18003.5
306821.0,01,Food and non-alcoholic beverages,32356.0
306822.0,01,Food and non-alcoholic beverages,22405.0
306823.0,01,Food and non-alcoholic beverages,30352.105
306824.0,01,Food and non-alcoholic beverages,13091.46
306825.0,01,Food and non-alcoholic beverages,24250.0
306826.0,01,Food and non-alcoholic beverages,43500.75
306827.0,01,Food and non-alcoholic beverages,9058.722
306828.0,01,Food and non-alcoholic beverages,6402.07
306829.0,01,Food and non-alcoholic beverages,4060.0
306830.0,01,Food and non-alcoholic beverages,38963.75
306831.0,01,Food and non-alcoholic beverages,10302.25
306832.0,01,Food and non-alcoholic beverages,19550.762
306833.0,01,Food and non-alcoholic beverages,2055.05
306834.0,01,Food and non-alcoholic beverages,15262.03
306835.0,01,Food and non-alcoholic beverages,9462.609
306836.0,01,Food and non-alcoholic beverages,5405.415
306837.0,01,Food and non-alcoholic beverages,10101.880000000001
306838.0,01,Food and non-alcoholic beverages,12269.514
306839.0,01,Food and non-alcoholic beverages,1153.165
306840.0,01,Food and non-alcoholic beverages,1661.136
306841.0,01,Food and non-alcoholic beverages,37671.312
306842.0,01,Food and non-alcoholic beverages,10850.7
306843.0,01,Food and non-alcoholic beverages,33551.75
306844.0,01,Food and non-alcoholic beverages,30050.35
306845.0,01,Food and non-alcoholic beverages,26426.3849
306846.0,01,Food and non-alcoholic beverages,13400.28
306847.0,01,Food and non-alcoholic beverages,21002.0
306848.0,01,Food and non-alcoholic beverages,29156.2
306849.0,01,Food and non-alcoholic beverages,28220.574
306850.0,01,Food and non-alcoholic beverages,15457.757
306851.0,01,Food and non-alcoholic beverages,19252.0
306852.0,01,Food and non-alcoholic beverages,23660.5
306853.0,01,Food and non-alcoholic beverages,65073.0
306854.0,01,Food and non-alcoholic beverages,13750.02
306855.0,01,Food and non-alcoholic beverages,8562.8
306856.0,01,Food and non-alcoholic beverages,31557.87
306857.0,01,Food and non-alcoholic beverages,31203.2
306858.0,01,Food and non-alcoholic beverages,23913.0
306859.0,01,Food and non-alcoholic beverages,11706.0
306860.0,01,Food and non-alcoholic beverages,2900.49
306861.0,01,Food and non-alcoholic beverages,31951.21
306862.0,01,Food and non-alcoholic beverages,51469.334
306863.0,01,Food and non-alcoholic beverages,17207.264
306864.0,01,Food and non-alcoholic beverages,38200.0
306865.0,01,Food and non-alcoholic beverages,27357.84
306866.0,01,Food and non-alcoholic beverages,66300.0
306867.0,01,Food and non-alcoholic beverages,31800.0
306868.0,01,Food and non-alcoholic beverages,6612.051
306869.0,01,Food and non-alcoholic beverages,6003.002
306870.0,01,Food and non-alcoholic beverages,654.765
306871.0,01,Food and non-alcoholic beverages,18557.0
306872.0,01,Food and non-alcoholic beverages,17177.229
306873.0,01,Food and non-alcoholic beverages,16650.003
306874.0,01,Food and non-alcoholic beverages,6130.007
306875.0,01,Food and non-alcoholic beverages,6850.0
306876.0,01,Food and non-alcoholic beverages,159.304
306877.0,01,Food and non-alcoholic beverages,54458.5
306878.0,01,Food and non-alcoholic beverages,6650.446
306879.0,01,Food and non-alcoholic beverages,13483.0
306880.0,01,Food and non-alcoholic beverages,33112.654
306881.0,01,Food and non-alcoholic beverages,9507.341
306882.0,01,Food and non-alcoholic beverages,1050.02
306883.0,01,Food and non-alcoholic beverages,9805.874
306884.0,01,Food and non-alcoholic beverages,5353.135
306885.0,01,Food and non-alcoholic beverages,12385.925
306886.0,01,Food and non-alcoholic beverages,16723.534
306887.0,01,Food and non-alcoholic beverages,10701.375
306888.0,01,Food and non-alcoholic beverages,15102.0
306889.0,01,Food and non-alcoholic beverages,28701.71
306890.0,01,Food and non-alcoholic beverages,8630.5
306891.0,01,Food and non-alcoholic beverages,13401.79
306892.0,01,Food and non-alcoholic beverages,13057.824
306893.0,01,Food and non-alcoholic beverages,4891.0
306894.0,01,Food and non-alcoholic beverages,6270.468
306895.0,01,Food and non-alcoholic beverages,5202.01
306896.0,01,Food and non-alcoholic beverages,25916.939
306897.0,01,Food and non-alcoholic beverages,19351.212
306898.0,01,Food and non-alcoholic beverages,19905.022
306899.0,01,Food and non-alcoholic beverages,28215.938000000002
306900.0,01,Food and non-alcoholic beverages,5007.398
306901.0,01,Food and non-alcoholic beverages,22800.254
306902.0,01,Food and non-alcoholic beverages,5701.74
306903.0,01,Food and non-alcoholic beverages,15103.504
306904.0,01,Food and non-alcoholic beverages,1302.08
306905.0,01,Food and non-alcoholic beverages,56404.0
306906.0,01,Food and non-alcoholic beverages,11500.0
306907.0,01,Food and non-alcoholic beverages,18860.0
306908.0,01,Food and non-alcoholic beverages,9556.0
306909.0,01,Food and non-alcoholic beverages,9530.0
306910.0,01,Food and non-alcoholic beverages,46480.0
306911.0,01,Food and non-alcoholic beverages,9151.5
306912.0,01,Food and non-alcoholic beverages,29900.0
306913.0,01,Food and non-alcoholic beverages,21700.0
306914.0,01,Food and non-alcoholic beverages,28461.653
306915.0,01,Food and non-alcoholic beverages,16600.0
306916.0,01,Food and non-alcoholic beverages,52400.0
306917.0,01,Food and non-alcoholic beverages,14500.456
306919.0,01,Food and non-alcoholic beverages,17450.0
306920.0,01,Food and non-alcoholic beverages,39700.0
306921.0,01,Food and non-alcoholic beverages,15000.0
306922.0,01,Food and non-alcoholic beverages,4956.27
306923.0,01,Food and non-alcoholic beverages,3804.0
306924.0,01,Food and non-alcoholic beverages,4714.2300000000005
306925.0,01,Food and non-alcoholic beverages,7850.0
306926.0,01,Food and non-alcoholic beverages,4053.619
306927.0,01,Food and non-alcoholic beverages,8400.016
306928.0,01,Food and non-alcoholic beverages,11030.0
306929.0,01,Food and non-alcoholic beverages,5109.366
306930.0,01,Food and non-alcoholic beverages,26883.209
306931.0,01,Food and non-alcoholic beverages,37658.0
306932.0,01,Food and non-alcoholic beverages,8400.0
306933.0,01,Food and non-alcoholic beverages,6255.5
306934.0,01,Food and non-alcoholic beverages,8184.9685
306935.0,01,Food and non-alcoholic beverages,8867.0
306936.0,01,Food and non-alcoholic beverages,15919.06
306937.0,01,Food and non-alcoholic beverages,11350.86
306938.0,01,Food and non-alcoholic beverages,18971.0
306939.0,01,Food and non-alcoholic beverages,11958.0
306940.0,01,Food and non-alcoholic beverages,9293.351
306941.0,01,Food and non-alcoholic beverages,18658.5
306942.0,01,Food and non-alcoholic beverages,20335.136
306943.0,01,Food and non-alcoholic beverages,7774.16
306944.0,01,Food and non-alcoholic beverages,29800.04
306945.0,01,Food and non-alcoholic beverages,43954.662
306946.0,01,Food and non-alcoholic beverages,11276.2
306947.0,01,Food and non-alcoholic beverages,13599.435
306948.0,01,Food and non-alcoholic beverages,7608.433
306949.0,01,Food and non-alcoholic beverages,6888.506
306950.0,01,Food and non-alcoholic beverages,41283.04
306951.0,01,Food and non-alcoholic beverages,9919.403
306952.0,01,Food and non-alcoholic beverages,503.45
306953.0,01,Food and non-alcoholic beverages,19107.06
306954.0,01,Food and non-alcoholic beverages,13810.191
306955.0,01,Food and non-alcoholic beverages,3702.24
306956.0,01,Food and non-alcoholic beverages,8056.54
306957.0,01,Food and non-alcoholic beverages,4805.69
306958.0,01,Food and non-alcoholic beverages,10722.96
306959.0,01,Food and non-alcoholic beverages,59783.505
306960.0,01,Food and non-alcoholic beverages,24779.052
306961.0,01,Food and non-alcoholic beverages,19165.33
306962.0,01,Food and non-alcoholic beverages,8605.645
306963.0,01,Food and non-alcoholic beverages,47956.0
306964.0,01,Food and non-alcoholic beverages,14406.125
306965.0,01,Food and non-alcoholic beverages,5904.24
306966.0,01,Food and non-alcoholic beverages,74876.04
306967.0,01,Food and non-alcoholic beverages,45900.0
306968.0,01,Food and non-alcoholic beverages,3935.7599999999998
306969.0,01,Food and non-alcoholic beverages,26551.0
306970.0,01,Food and non-alcoholic beverages,57976.0
306971.0,01,Food and non-alcoholic beverages,25555.5
306972.0,01,Food and non-alcoholic beverages,8155.58
306973.0,01,Food and non-alcoholic beverages,24250.36
306974.0,01,Food and non-alcoholic beverages,22200.245
306975.0,01,Food and non-alcoholic beverages,22653.5
306976.0,01,Food and non-alcoholic beverages,20453.088
306977.0,01,Food and non-alcoholic beverages,200.0
306978.0,01,Food and non-alcoholic beverages,1600.0
306979.0,01,Food and non-alcoholic beverages,13750.0
306981.0,01,Food and non-alcoholic beverages,4500.0
306982.0,01,Food and non-alcoholic beverages,15600.5
306983.0,01,Food and non-alcoholic beverages,19750.0
306984.0,01,Food and non-alcoholic beverages,4122.5
306985.0,01,Food and non-alcoholic beverages,6179.761
306986.0,01,Food and non-alcoholic beverages,17531.62
306987.0,01,Food and non-alcoholic beverages,1904.005
306988.0,01,Food and non-alcoholic beverages,4433.012
306989.0,01,Food and non-alcoholic beverages,3217.068
306990.0,01,Food and non-alcoholic beverages,4165.19
306991.0,01,Food and non-alcoholic beverages,3537.96
306992.0,01,Food and non-alcoholic beverages,29470.75
306993.0,01,Food and non-alcoholic beverages,14915.175
306994.0,01,Food and non-alcoholic beverages,7613.125
306995.0,01,Food and non-alcoholic beverages,6605.294
306996.0,01,Food and non-alcoholic beverages,8515.039
306997.0,01,Food and non-alcoholic beverages,14363.396
306998.0,01,Food and non-alcoholic beverages,11258.232
306999.0,01,Food and non-alcoholic beverages,3758.96
307000.0,01,Food and non-alcoholic beverages,20222.75
307001.0,01,Food and non-alcoholic beverages,27965.95
307002.0,01,Food and non-alcoholic beverages,9603.05
307003.0,01,Food and non-alcoholic beverages,7316.47
307004.0,01,Food and non-alcoholic beverages,5656.02
307005.0,01,Food and non-alcoholic beverages,17413.284
307006.0,01,Food and non-alcoholic beverages,4068.0
307007.0,01,Food and non-alcoholic beverages,29237.427
307008.0,01,Food and non-alcoholic beverages,15061.1
307009.0,01,Food and non-alcoholic beverages,15290.616
307010.0,01,Food and non-alcoholic beverages,12303.55
307011.0,01,Food and non-alcoholic beverages,19015.019
307012.0,01,Food and non-alcoholic beverages,11816.97
307013.0,01,Food and non-alcoholic beverages,21549.63
307014.0,01,Food and non-alcoholic beverages,11705.022
307015.0,01,Food and non-alcoholic beverages,15252.256
307016.0,01,Food and non-alcoholic beverages,10842.0
307017.0,01,Food and non-alcoholic beverages,9359.088
307018.0,01,Food and non-alcoholic beverages,14050.53
307019.0,01,Food and non-alcoholic beverages,14859.623
307020.0,01,Food and non-alcoholic beverages,3716.303
307021.0,01,Food and non-alcoholic beverages,13905.965
307022.0,01,Food and non-alcoholic beverages,11753.41
307023.0,01,Food and non-alcoholic beverages,9206.308
307024.0,01,Food and non-alcoholic beverages,7251.678
307025.0,01,Food and non-alcoholic beverages,17052.544
307026.0,01,Food and non-alcoholic beverages,11753.927
307027.0,01,Food and non-alcoholic beverages,9717.016
307028.0,01,Food and non-alcoholic beverages,6962.073
307029.0,01,Food and non-alcoholic beverages,20676.067
307030.0,01,Food and non-alcoholic beverages,23550.0
307031.0,01,Food and non-alcoholic beverages,16655.56
307032.0,01,Food and non-alcoholic beverages,3718.0
307033.0,01,Food and non-alcoholic beverages,5650.0
307034.0,01,Food and non-alcoholic beverages,10455.144
307035.0,01,Food and non-alcoholic beverages,16354.869999999999
307036.0,01,Food and non-alcoholic beverages,13201.555
307037.0,01,Food and non-alcoholic beverages,8361.36
307038.0,01,Food and non-alcoholic beverages,9002.859
307039.0,01,Food and non-alcoholic beverages,34304.64
307040.0,01,Food and non-alcoholic beverages,17359.888
307041.0,01,Food and non-alcoholic beverages,21901.006
307042.0,01,Food and non-alcoholic beverages,14164.423999999999
307043.0,01,Food and non-alcoholic beverages,4889.85
307044.0,01,Food and non-alcoholic beverages,20300.071
307045.0,01,Food and non-alcoholic beverages,2100.185
307046.0,01,Food and non-alcoholic beverages,8600.268
307047.0,01,Food and non-alcoholic beverages,17650.25
307048.0,01,Food and non-alcoholic beverages,11500.7
307049.0,01,Food and non-alcoholic beverages,17251.24
307050.0,01,Food and non-alcoholic beverages,22500.092
307051.0,01,Food and non-alcoholic beverages,18052.0
307052.0,01,Food and non-alcoholic beverages,17051.129
307053.0,01,Food and non-alcoholic beverages,24690.119
307054.0,01,Food and non-alcoholic beverages,17100.846
307055.0,01,Food and non-alcoholic beverages,27407.673
307056.0,01,Food and non-alcoholic beverages,10764.972
307057.0,01,Food and non-alcoholic beverages,1508.6235
307058.0,01,Food and non-alcoholic beverages,39108.42
307059.0,01,Food and non-alcoholic beverages,8656.253
307060.0,01,Food and non-alcoholic beverages,23268.010000000002
307061.0,01,Food and non-alcoholic beverages,6150.0
307062.0,01,Food and non-alcoholic beverages,11550.0
307063.0,01,Food and non-alcoholic beverages,36600.24
307064.0,01,Food and non-alcoholic beverages,15850.323
307065.0,01,Food and non-alcoholic beverages,10852.75
307066.0,01,Food and non-alcoholic beverages,5719.2
307067.0,01,Food and non-alcoholic beverages,18546.872
307068.0,01,Food and non-alcoholic beverages,17177.033
307069.0,01,Food and non-alcoholic beverages,24235.974
307070.0,01,Food and non-alcoholic beverages,22953.709
307071.0,01,Food and non-alcoholic beverages,3751.486
307072.0,01,Food and non-alcoholic beverages,4703.717
307073.0,01,Food and non-alcoholic beverages,4802.444
307074.0,01,Food and non-alcoholic beverages,6960.131
307075.0,01,Food and non-alcoholic beverages,12054.561
307076.0,01,Food and non-alcoholic beverages,78658.344
307077.0,01,Food and non-alcoholic beverages,12557.784
307078.0,01,Food and non-alcoholic beverages,21806.805
307079.0,01,Food and non-alcoholic beverages,13951.328
307080.0,01,Food and non-alcoholic beverages,16555.2
307081.0,01,Food and non-alcoholic beverages,3751.796
307082.0,01,Food and non-alcoholic beverages,5404.844
307083.0,01,Food and non-alcoholic beverages,51400.0
307084.0,01,Food and non-alcoholic beverages,10060.444
307085.0,01,Food and non-alcoholic beverages,16650.0
307086.0,01,Food and non-alcoholic beverages,10125.0
307087.0,01,Food and non-alcoholic beverages,17503.082
307088.0,01,Food and non-alcoholic beverages,9251.996
307089.0,01,Food and non-alcoholic beverages,7338.673
307090.0,01,Food and non-alcoholic beverages,7100.035
307091.0,01,Food and non-alcoholic beverages,27754.722
307092.0,01,Food and non-alcoholic beverages,6803.4
307093.0,01,Food and non-alcoholic beverages,9261.06
307094.0,01,Food and non-alcoholic beverages,11760.655
307095.0,01,Food and non-alcoholic beverages,9407.362
307096.0,01,Food and non-alcoholic beverages,36257.56
307097.0,01,Food and non-alcoholic beverages,12509.608
307098.0,01,Food and non-alcoholic beverages,19002.512
307099.0,01,Food and non-alcoholic beverages,9010.265
307100.0,01,Food and non-alcoholic beverages,1852.0
307101.0,01,Food and non-alcoholic beverages,12803.023
307102.0,01,Food and non-alcoholic beverages,38650.0
307103.0,01,Food and non-alcoholic beverages,15550.74
307104.0,01,Food and non-alcoholic beverages,13863.939
307105.0,01,Food and non-alcoholic beverages,8202.089
307106.0,01,Food and non-alcoholic beverages,1210.895
307107.0,01,Food and non-alcoholic beverages,3319.234
307108.0,01,Food and non-alcoholic beverages,35703.0
307109.0,01,Food and non-alcoholic beverages,13217.654
307110.0,01,Food and non-alcoholic beverages,41828.5
307111.0,01,Food and non-alcoholic beverages,29838.093
307112.0,01,Food and non-alcoholic beverages,95425.0
307113.0,01,Food and non-alcoholic beverages,13200.0
307114.0,01,Food and non-alcoholic beverages,4250.0
307115.0,01,Food and non-alcoholic beverages,4051.25
307116.0,01,Food and non-alcoholic beverages,81408.735
307117.0,01,Food and non-alcoholic beverages,5450.0
307118.0,01,Food and non-alcoholic beverages,24607.972
307119.0,01,Food and non-alcoholic beverages,20269.608
307120.0,01,Food and non-alcoholic beverages,12033.747
307121.0,01,Food and non-alcoholic beverages,7515.25
307122.0,01,Food and non-alcoholic beverages,16416.928
307123.0,01,Food and non-alcoholic beverages,14250.0
307124.0,01,Food and non-alcoholic beverages,5150.06
307125.0,01,Food and non-alcoholic beverages,6550.875
307126.0,01,Food and non-alcoholic beverages,12812.01
307127.0,01,Food and non-alcoholic beverages,6555.7
307128.0,01,Food and non-alcoholic beverages,5076.2880000000005
307129.0,01,Food and non-alcoholic beverages,9856.75
307130.0,01,Food and non-alcoholic beverages,32303.519
307131.0,01,Food and non-alcoholic beverages,85166.376
307132.0,01,Food and non-alcoholic beverages,7047.493
307133.0,01,Food and non-alcoholic beverages,252.65
307134.0,01,Food and non-alcoholic beverages,8543.112
307135.0,01,Food and non-alcoholic beverages,14940.435
307136.0,01,Food and non-alcoholic beverages,1515.793
307137.0,01,Food and non-alcoholic beverages,8703.329
307138.0,01,Food and non-alcoholic beverages,11964.698
307139.0,01,Food and non-alcoholic beverages,18231.170000000002
307140.0,01,Food and non-alcoholic beverages,811.116
307141.0,01,Food and non-alcoholic beverages,14267.327
307142.0,01,Food and non-alcoholic beverages,5236.0470000000005
307143.0,01,Food and non-alcoholic beverages,6109.93
307144.0,01,Food and non-alcoholic beverages,930.432
307145.0,01,Food and non-alcoholic beverages,3213.06
307146.0,01,Food and non-alcoholic beverages,13907.613000000001
307147.0,01,Food and non-alcoholic beverages,5416.375
307148.0,01,Food and non-alcoholic beverages,13700.24
307149.0,01,Food and non-alcoholic beverages,10203.742
307150.0,01,Food and non-alcoholic beverages,8900.0
307151.0,01,Food and non-alcoholic beverages,17758.0
307152.0,01,Food and non-alcoholic beverages,7757.035
307153.0,01,Food and non-alcoholic beverages,24950.0
307154.0,01,Food and non-alcoholic beverages,6807.3099999999995
307155.0,01,Food and non-alcoholic beverages,15983.015
307156.0,01,Food and non-alcoholic beverages,17370.857
307157.0,01,Food and non-alcoholic beverages,6483.5779999999995
307158.0,01,Food and non-alcoholic beverages,10174.323
307159.0,01,Food and non-alcoholic beverages,21408.772
307160.0,01,Food and non-alcoholic beverages,13951.38
307161.0,01,Food and non-alcoholic beverages,20014.019
307162.0,01,Food and non-alcoholic beverages,12996.04
307163.0,01,Food and non-alcoholic beverages,27329.615
307164.0,01,Food and non-alcoholic beverages,65001.22
307165.0,01,Food and non-alcoholic beverages,1000.0
307166.0,01,Food and non-alcoholic beverages,17701.226
307167.0,01,Food and non-alcoholic beverages,27902.0
307168.0,01,Food and non-alcoholic beverages,31302.0
307169.0,01,Food and non-alcoholic beverages,12550.5
307170.0,01,Food and non-alcoholic beverages,11806.07
307171.0,01,Food and non-alcoholic beverages,70401.295
307172.0,01,Food and non-alcoholic beverages,31650.0
307173.0,01,Food and non-alcoholic beverages,19552.0
307174.0,01,Food and non-alcoholic beverages,39450.0
307175.0,01,Food and non-alcoholic beverages,102350.0
307176.0,01,Food and non-alcoholic beverages,35500.6
307177.0,01,Food and non-alcoholic beverages,12606.7
307179.0,01,Food and non-alcoholic beverages,33550.0
307180.0,01,Food and non-alcoholic beverages,33900.0
307181.0,01,Food and non-alcoholic beverages,38300.264
307182.0,01,Food and non-alcoholic beverages,7305.0
307183.0,01,Food and non-alcoholic beverages,17651.5
307184.0,01,Food and non-alcoholic beverages,42506.5
307185.0,01,Food and non-alcoholic beverages,18650.1
307186.0,01,Food and non-alcoholic beverages,6202.0
307187.0,01,Food and non-alcoholic beverages,50300.0
307188.0,01,Food and non-alcoholic beverages,18800.24
307189.0,01,Food and non-alcoholic beverages,5552.285
307190.0,01,Food and non-alcoholic beverages,25155.689
307191.0,01,Food and non-alcoholic beverages,3985.3
307192.0,01,Food and non-alcoholic beverages,22733.46
307193.0,01,Food and non-alcoholic beverages,7949.072
307194.0,01,Food and non-alcoholic beverages,6801.328
307195.0,01,Food and non-alcoholic beverages,8322.11
307196.0,01,Food and non-alcoholic beverages,11824.630000000001
307197.0,01,Food and non-alcoholic beverages,48007.0
307198.0,01,Food and non-alcoholic beverages,13538.6
307199.0,01,Food and non-alcoholic beverages,7506.17
307200.0,01,Food and non-alcoholic beverages,20155.5
307201.0,01,Food and non-alcoholic beverages,12994.64
307202.0,01,Food and non-alcoholic beverages,11704.99
307203.0,01,Food and non-alcoholic beverages,7209.313
307204.0,01,Food and non-alcoholic beverages,4707.742
307205.0,01,Food and non-alcoholic beverages,7403.678
307206.0,01,Food and non-alcoholic beverages,22353.0
307207.0,01,Food and non-alcoholic beverages,12225.425
307208.0,01,Food and non-alcoholic beverages,11903.0
307209.0,01,Food and non-alcoholic beverages,19075.52
307210.0,01,Food and non-alcoholic beverages,13237.006
307211.0,01,Food and non-alcoholic beverages,28801.0
307212.0,01,Food and non-alcoholic beverages,10503.03
307213.0,01,Food and non-alcoholic beverages,17229.628
307214.0,01,Food and non-alcoholic beverages,9457.3
307215.0,01,Food and non-alcoholic beverages,14750.0
307216.0,01,Food and non-alcoholic beverages,9590.156
307217.0,01,Food and non-alcoholic beverages,10652.0
307218.0,01,Food and non-alcoholic beverages,14200.5
307219.0,01,Food and non-alcoholic beverages,12350.25
307220.0,01,Food and non-alcoholic beverages,82050.0
307221.0,01,Food and non-alcoholic beverages,43433.0
307222.0,01,Food and non-alcoholic beverages,29975.0
307223.0,01,Food and non-alcoholic beverages,30050.466
307224.0,01,Food and non-alcoholic beverages,18600.0
307225.0,01,Food and non-alcoholic beverages,40803.9
307226.0,01,Food and non-alcoholic beverages,36500.0
307227.0,01,Food and non-alcoholic beverages,11912.636
307228.0,01,Food and non-alcoholic beverages,7505.7111
307229.0,01,Food and non-alcoholic beverages,12850.075
307230.0,01,Food and non-alcoholic beverages,2105.871
307231.0,01,Food and non-alcoholic beverages,12900.468
307232.0,01,Food and non-alcoholic beverages,12903.365
307233.0,01,Food and non-alcoholic beverages,30550.13
307234.0,01,Food and non-alcoholic beverages,4800.294
307235.0,01,Food and non-alcoholic beverages,4504.045
307236.0,01,Food and non-alcoholic beverages,6503.112
307237.0,01,Food and non-alcoholic beverages,13554.806
307238.0,01,Food and non-alcoholic beverages,14601.566
307239.0,01,Food and non-alcoholic beverages,13700.0
307240.0,01,Food and non-alcoholic beverages,34650.014
307241.0,01,Food and non-alcoholic beverages,19201.975
307242.0,01,Food and non-alcoholic beverages,7115.72
307243.0,01,Food and non-alcoholic beverages,8501.697
307244.0,01,Food and non-alcoholic beverages,7014.377
307245.0,01,Food and non-alcoholic beverages,7751.763
307246.0,01,Food and non-alcoholic beverages,35492.291
307247.0,01,Food and non-alcoholic beverages,6100.23
307248.0,01,Food and non-alcoholic beverages,24755.143
307249.0,01,Food and non-alcoholic beverages,2803.885
307250.0,01,Food and non-alcoholic beverages,6051.412
307251.0,01,Food and non-alcoholic beverages,5550.98
307252.0,01,Food and non-alcoholic beverages,8150.468
307253.0,01,Food and non-alcoholic beverages,4501.029
307254.0,01,Food and non-alcoholic beverages,19856.864999999998
307255.0,01,Food and non-alcoholic beverages,22156.795
307256.0,01,Food and non-alcoholic beverages,72927.0
307257.0,01,Food and non-alcoholic beverages,15471.713
307258.0,01,Food and non-alcoholic beverages,51850.0
307259.0,01,Food and non-alcoholic beverages,11500.0
307260.0,01,Food and non-alcoholic beverages,2003.0
307261.0,01,Food and non-alcoholic beverages,47814.155
307262.0,01,Food and non-alcoholic beverages,27800.65
307263.0,01,Food and non-alcoholic beverages,26208.589
307264.0,01,Food and non-alcoholic beverages,16852.5
307265.0,01,Food and non-alcoholic beverages,25013.225
307266.0,01,Food and non-alcoholic beverages,17303.052
307267.0,01,Food and non-alcoholic beverages,6156.934
307268.0,01,Food and non-alcoholic beverages,18037.017
307269.0,01,Food and non-alcoholic beverages,20546.72
307270.0,01,Food and non-alcoholic beverages,35856.742
307271.0,01,Food and non-alcoholic beverages,21102.07
307272.0,01,Food and non-alcoholic beverages,13148.8
307273.0,01,Food and non-alcoholic beverages,8569.582
307274.0,01,Food and non-alcoholic beverages,23400.0
307275.0,01,Food and non-alcoholic beverages,55682.328
307276.0,01,Food and non-alcoholic beverages,21800.0
307277.0,01,Food and non-alcoholic beverages,35351.0
307278.0,01,Food and non-alcoholic beverages,17530.0
307279.0,01,Food and non-alcoholic beverages,28018.165999999997
307280.0,01,Food and non-alcoholic beverages,23152.0
307281.0,01,Food and non-alcoholic beverages,85971.0
307282.0,01,Food and non-alcoholic beverages,4804.005
307283.0,01,Food and non-alcoholic beverages,25655.502
307284.0,01,Food and non-alcoholic beverages,5011.0
307285.0,01,Food and non-alcoholic beverages,9660.422
307286.0,01,Food and non-alcoholic beverages,14079.25
307287.0,01,Food and non-alcoholic beverages,42068.5
307288.0,01,Food and non-alcoholic beverages,5150.806
307289.0,01,Food and non-alcoholic beverages,13591.625
307290.0,01,Food and non-alcoholic beverages,2651.526
307291.0,01,Food and non-alcoholic beverages,2812.9700000000003
307292.0,01,Food and non-alcoholic beverages,26856.381
307293.0,01,Food and non-alcoholic beverages,12730.751
307294.0,01,Food and non-alcoholic beverages,2904.0
307295.0,01,Food and non-alcoholic beverages,14101.5
307296.0,01,Food and non-alcoholic beverages,16051.5
307297.0,01,Food and non-alcoholic beverages,12753.25
307298.0,01,Food and non-alcoholic beverages,15809.21
307299.0,01,Food and non-alcoholic beverages,22269.56
307300.0,01,Food and non-alcoholic beverages,1000.0
307301.0,01,Food and non-alcoholic beverages,29724.0
307302.0,01,Food and non-alcoholic beverages,16900.0
307303.0,01,Food and non-alcoholic beverages,23310.25
307305.0,01,Food and non-alcoholic beverages,4900.536
307306.0,01,Food and non-alcoholic beverages,31103.41
307307.0,01,Food and non-alcoholic beverages,46053.25
307308.0,01,Food and non-alcoholic beverages,11701.8
307309.0,01,Food and non-alcoholic beverages,9712.53
307310.0,01,Food and non-alcoholic beverages,17960.815
307311.0,01,Food and non-alcoholic beverages,29600.805
307312.0,01,Food and non-alcoholic beverages,42048.715
307313.0,01,Food and non-alcoholic beverages,25600.3
307314.0,01,Food and non-alcoholic beverages,4506.0009
307315.0,01,Food and non-alcoholic beverages,36150.7505
307316.0,01,Food and non-alcoholic beverages,25023.9
307317.0,01,Food and non-alcoholic beverages,12523.35
307318.0,01,Food and non-alcoholic beverages,27883.06
307319.0,01,Food and non-alcoholic beverages,10866.75
307320.0,01,Food and non-alcoholic beverages,28260.002
307321.0,01,Food and non-alcoholic beverages,26411.81
307322.0,01,Food and non-alcoholic beverages,9571.25
307323.0,01,Food and non-alcoholic beverages,15860.105
307324.0,01,Food and non-alcoholic beverages,14862.696
307325.0,01,Food and non-alcoholic beverages,12553.736
307326.0,01,Food and non-alcoholic beverages,4801.5
307327.0,01,Food and non-alcoholic beverages,17711.0
307328.0,01,Food and non-alcoholic beverages,16530.03
307329.0,01,Food and non-alcoholic beverages,29903.5
307330.0,01,Food and non-alcoholic beverages,13854.2506
307331.0,01,Food and non-alcoholic beverages,11451.52
307332.0,01,Food and non-alcoholic beverages,10131.216
307333.0,01,Food and non-alcoholic beverages,6704.935
307334.0,01,Food and non-alcoholic beverages,15266.43
307335.0,01,Food and non-alcoholic beverages,6956.5
307336.0,01,Food and non-alcoholic beverages,6207.502
307337.0,01,Food and non-alcoholic beverages,1852.0
307338.0,01,Food and non-alcoholic beverages,10159.0
307339.0,01,Food and non-alcoholic beverages,6765.457
307340.0,01,Food and non-alcoholic beverages,2205.5
307341.0,01,Food and non-alcoholic beverages,10478.695
307342.0,01,Food and non-alcoholic beverages,9808.5
307343.0,01,Food and non-alcoholic beverages,1359.463
307344.0,01,Food and non-alcoholic beverages,51488.9
307345.0,01,Food and non-alcoholic beverages,36310.8
307346.0,01,Food and non-alcoholic beverages,10928.584
307347.0,01,Food and non-alcoholic beverages,24934.3
307348.0,01,Food and non-alcoholic beverages,6135.110000000001
307349.0,01,Food and non-alcoholic beverages,7418.5
307350.0,01,Food and non-alcoholic beverages,13408.3
307351.0,01,Food and non-alcoholic beverages,4712.316
307352.0,01,Food and non-alcoholic beverages,11177.05
307353.0,01,Food and non-alcoholic beverages,564.889
307354.0,01,Food and non-alcoholic beverages,8906.68
307355.0,01,Food and non-alcoholic beverages,4318.55
307356.0,01,Food and non-alcoholic beverages,11505.5
307357.0,01,Food and non-alcoholic beverages,6014.841
307358.0,01,Food and non-alcoholic beverages,5853.75
307359.0,01,Food and non-alcoholic beverages,12155.958
307360.0,01,Food and non-alcoholic beverages,23824.2575
307361.0,01,Food and non-alcoholic beverages,7254.168
307362.0,01,Food and non-alcoholic beverages,43978.605
307363.0,01,Food and non-alcoholic beverages,41800.0
307364.0,01,Food and non-alcoholic beverages,20723.577
307365.0,01,Food and non-alcoholic beverages,14134.2873
307366.0,01,Food and non-alcoholic beverages,4413.6
307367.0,01,Food and non-alcoholic beverages,19200.003
307368.0,01,Food and non-alcoholic beverages,55252.0
307369.0,01,Food and non-alcoholic beverages,20951.0
307370.0,01,Food and non-alcoholic beverages,53502.236
307371.0,01,Food and non-alcoholic beverages,18624.0229
307372.0,01,Food and non-alcoholic beverages,12098.415
307373.0,01,Food and non-alcoholic beverages,20753.0
307374.0,01,Food and non-alcoholic beverages,7774.95
307375.0,01,Food and non-alcoholic beverages,22725.81
307376.0,01,Food and non-alcoholic beverages,4812.0
307377.0,01,Food and non-alcoholic beverages,9913.5
307378.0,01,Food and non-alcoholic beverages,10311.675
307379.0,01,Food and non-alcoholic beverages,11351.502
307380.0,01,Food and non-alcoholic beverages,16065.503
307381.0,01,Food and non-alcoholic beverages,18115.5
307382.0,01,Food and non-alcoholic beverages,9178.535
307383.0,01,Food and non-alcoholic beverages,6335.0
307384.0,01,Food and non-alcoholic beverages,17637.503
307385.0,01,Food and non-alcoholic beverages,27878.035
307386.0,01,Food and non-alcoholic beverages,39415.5
307387.0,01,Food and non-alcoholic beverages,30701.003
307388.0,01,Food and non-alcoholic beverages,14886.5
307389.0,01,Food and non-alcoholic beverages,26046.181
307390.0,01,Food and non-alcoholic beverages,24558.003
307391.0,01,Food and non-alcoholic beverages,8018.2
307392.0,01,Food and non-alcoholic beverages,25800.253
307393.0,01,Food and non-alcoholic beverages,11314.868
307394.0,01,Food and non-alcoholic beverages,13928.25
307395.0,01,Food and non-alcoholic beverages,7916.5
307396.0,01,Food and non-alcoholic beverages,11743.887
307397.0,01,Food and non-alcoholic beverages,9855.03
307398.0,01,Food and non-alcoholic beverages,4139.741
307399.0,01,Food and non-alcoholic beverages,4714.0
307400.0,01,Food and non-alcoholic beverages,16426.5
307401.0,01,Food and non-alcoholic beverages,3660.55
307402.0,01,Food and non-alcoholic beverages,7263.25
307403.0,01,Food and non-alcoholic beverages,22468.0
307404.0,01,Food and non-alcoholic beverages,465.525
307405.0,01,Food and non-alcoholic beverages,7032.0
307406.0,01,Food and non-alcoholic beverages,3892.123
307407.0,01,Food and non-alcoholic beverages,16231.235
307408.0,01,Food and non-alcoholic beverages,12992.509
307409.0,01,Food and non-alcoholic beverages,15917.76
307410.0,01,Food and non-alcoholic beverages,6852.138
307411.0,01,Food and non-alcoholic beverages,11307.5
307412.0,01,Food and non-alcoholic beverages,4007.003
307413.0,01,Food and non-alcoholic beverages,7100.01
307414.0,01,Food and non-alcoholic beverages,11400.0
307415.0,01,Food and non-alcoholic beverages,5746.833
307416.0,01,Food and non-alcoholic beverages,33121.01
307417.0,01,Food and non-alcoholic beverages,16555.5
307418.0,01,Food and non-alcoholic beverages,11209.504
307419.0,01,Food and non-alcoholic beverages,22379.75
307420.0,01,Food and non-alcoholic beverages,10996.046
307421.0,01,Food and non-alcoholic beverages,13135.609
307422.0,01,Food and non-alcoholic beverages,24032.038
307423.0,01,Food and non-alcoholic beverages,29.035
307424.0,01,Food and non-alcoholic beverages,21788.0
307425.0,01,Food and non-alcoholic beverages,15051.466
307426.0,01,Food and non-alcoholic beverages,5528.5
307427.0,01,Food and non-alcoholic beverages,3209.118
307428.0,01,Food and non-alcoholic beverages,11653.302
307429.0,01,Food and non-alcoholic beverages,15655.752
307430.0,01,Food and non-alcoholic beverages,17702.35
307431.0,01,Food and non-alcoholic beverages,14663.25
307432.0,01,Food and non-alcoholic beverages,7272.544
307433.0,01,Food and non-alcoholic beverages,22757.696
307434.0,01,Food and non-alcoholic beverages,9080.0
307435.0,01,Food and non-alcoholic beverages,22258.568
307436.0,01,Food and non-alcoholic beverages,1807.0
307437.0,01,Food and non-alcoholic beverages,3027.3
307438.0,01,Food and non-alcoholic beverages,1084.5
307439.0,01,Food and non-alcoholic beverages,16006.0
307440.0,01,Food and non-alcoholic beverages,9300.0
307441.0,01,Food and non-alcoholic beverages,19401.015
307442.0,01,Food and non-alcoholic beverages,9674.046
307443.0,01,Food and non-alcoholic beverages,1307.5
307444.0,01,Food and non-alcoholic beverages,820.6
307445.0,01,Food and non-alcoholic beverages,7052.75
307446.0,01,Food and non-alcoholic beverages,15506.503
307447.0,01,Food and non-alcoholic beverages,16063.803
307448.0,01,Food and non-alcoholic beverages,20008.728
307449.0,01,Food and non-alcoholic beverages,15313.785
307450.0,01,Food and non-alcoholic beverages,7247.639999999999
307451.0,01,Food and non-alcoholic beverages,15460.639
307452.0,01,Food and non-alcoholic beverages,8354.261
307453.0,01,Food and non-alcoholic beverages,20232.005
307454.0,01,Food and non-alcoholic beverages,4175.858
307455.0,01,Food and non-alcoholic beverages,21316.25
307456.0,01,Food and non-alcoholic beverages,16507.985
307457.0,01,Food and non-alcoholic beverages,17707.101
307458.0,01,Food and non-alcoholic beverages,9253.5
307459.0,01,Food and non-alcoholic beverages,9550.045
307460.0,01,Food and non-alcoholic beverages,62450.1
307461.0,01,Food and non-alcoholic beverages,52254.0
307462.0,01,Food and non-alcoholic beverages,22250.0
307463.0,01,Food and non-alcoholic beverages,23650.0
307464.0,01,Food and non-alcoholic beverages,15852.5
307465.0,01,Food and non-alcoholic beverages,7819.0
307466.0,01,Food and non-alcoholic beverages,20253.0
307467.0,01,Food and non-alcoholic beverages,7417.25
307468.0,01,Food and non-alcoholic beverages,17485.5
307469.0,01,Food and non-alcoholic beverages,18281.074
307470.0,01,Food and non-alcoholic beverages,4081.45
307471.0,01,Food and non-alcoholic beverages,3259.37
307472.0,01,Food and non-alcoholic beverages,8646.45
307473.0,01,Food and non-alcoholic beverages,17613.25
307474.0,01,Food and non-alcoholic beverages,9950.0
307475.0,01,Food and non-alcoholic beverages,862.792
307476.0,01,Food and non-alcoholic beverages,16.5
307477.0,01,Food and non-alcoholic beverages,4184.28
307478.0,01,Food and non-alcoholic beverages,5333.106
307479.0,01,Food and non-alcoholic beverages,7503.0
307480.0,01,Food and non-alcoholic beverages,5708.5
307481.0,01,Food and non-alcoholic beverages,8610.31
307482.0,01,Food and non-alcoholic beverages,6721.6630000000005
307483.0,01,Food and non-alcoholic beverages,15350.773
307484.0,01,Food and non-alcoholic beverages,1820.838
307485.0,01,Food and non-alcoholic beverages,16021.866
307486.0,01,Food and non-alcoholic beverages,11364.51
307487.0,01,Food and non-alcoholic beverages,21901.012
307488.0,01,Food and non-alcoholic beverages,15904.586
307489.0,01,Food and non-alcoholic beverages,14919.755
307490.0,01,Food and non-alcoholic beverages,5971.0
307491.0,01,Food and non-alcoholic beverages,14889.002
307492.0,01,Food and non-alcoholic beverages,11017.57
307493.0,01,Food and non-alcoholic beverages,19095.5
307494.0,01,Food and non-alcoholic beverages,18280.769
307495.0,01,Food and non-alcoholic beverages,6704.25
307496.0,01,Food and non-alcoholic beverages,11244.527
307497.0,01,Food and non-alcoholic beverages,6820.453
307498.0,01,Food and non-alcoholic beverages,12236.45
307499.0,01,Food and non-alcoholic beverages,21.576
307500.0,01,Food and non-alcoholic beverages,10044.25
307501.0,01,Food and non-alcoholic beverages,16000.56
307502.0,01,Food and non-alcoholic beverages,8319.5
307503.0,01,Food and non-alcoholic beverages,3270.75
307504.0,01,Food and non-alcoholic beverages,39830.65
307505.0,01,Food and non-alcoholic beverages,8061.756
307506.0,01,Food and non-alcoholic beverages,2917.575
307507.0,01,Food and non-alcoholic beverages,14463.796
307508.0,01,Food and non-alcoholic beverages,6706.074
307509.0,01,Food and non-alcoholic beverages,9408.0
307510.0,01,Food and non-alcoholic beverages,4864.0
307511.0,01,Food and non-alcoholic beverages,2723.0
307512.0,01,Food and non-alcoholic beverages,30123.954
307513.0,01,Food and non-alcoholic beverages,28504.509
307514.0,01,Food and non-alcoholic beverages,8630.003
307515.0,01,Food and non-alcoholic beverages,16868.396
307516.0,01,Food and non-alcoholic beverages,13185.76
307517.0,01,Food and non-alcoholic beverages,7.62
307518.0,01,Food and non-alcoholic beverages,11566.43
307519.0,01,Food and non-alcoholic beverages,12708.4522
307520.0,01,Food and non-alcoholic beverages,8163.806
307521.0,01,Food and non-alcoholic beverages,4853.255
307522.0,01,Food and non-alcoholic beverages,982.98
307523.0,01,Food and non-alcoholic beverages,18.607
307524.0,01,Food and non-alcoholic beverages,43565.511
307525.0,01,Food and non-alcoholic beverages,75410.29
307526.0,01,Food and non-alcoholic beverages,10765.215
307527.0,01,Food and non-alcoholic beverages,16340.279999999999
307528.0,01,Food and non-alcoholic beverages,9645.0
307529.0,01,Food and non-alcoholic beverages,14703.525
307530.0,01,Food and non-alcoholic beverages,23874.5
307531.0,01,Food and non-alcoholic beverages,4171.5
307532.0,01,Food and non-alcoholic beverages,1757.175
307533.0,01,Food and non-alcoholic beverages,30071.515
307534.0,01,Food and non-alcoholic beverages,36068.586
307535.0,01,Food and non-alcoholic beverages,12620.445
307536.0,01,Food and non-alcoholic beverages,10353.1
307537.0,01,Food and non-alcoholic beverages,4401.256
307538.0,01,Food and non-alcoholic beverages,14596.798999999999
307539.0,01,Food and non-alcoholic beverages,22490.8
307540.0,01,Food and non-alcoholic beverages,13206.0
307541.0,01,Food and non-alcoholic beverages,21754.5
307542.0,01,Food and non-alcoholic beverages,6907.0
307543.0,01,Food and non-alcoholic beverages,15421.36
307544.0,01,Food and non-alcoholic beverages,9254.5
307545.0,01,Food and non-alcoholic beverages,9030.0
307546.0,01,Food and non-alcoholic beverages,4686.356
307547.0,01,Food and non-alcoholic beverages,9044.753
307548.0,01,Food and non-alcoholic beverages,1831.3
307549.0,01,Food and non-alcoholic beverages,25025.25
307550.0,01,Food and non-alcoholic beverages,15179.085
307551.0,01,Food and non-alcoholic beverages,20751.0
307552.0,01,Food and non-alcoholic beverages,6464.326
307553.0,01,Food and non-alcoholic beverages,4873.25
307554.0,01,Food and non-alcoholic beverages,8115.755
307555.0,01,Food and non-alcoholic beverages,10543.5
307556.0,01,Food and non-alcoholic beverages,5126.28
307557.0,01,Food and non-alcoholic beverages,22166.56
307558.0,01,Food and non-alcoholic beverages,10550.0
307559.0,01,Food and non-alcoholic beverages,12692.5
307560.0,01,Food and non-alcoholic beverages,23710.25
307561.0,01,Food and non-alcoholic beverages,42400.75
307562.0,01,Food and non-alcoholic beverages,21500.0
307563.0,01,Food and non-alcoholic beverages,6164.298
307564.0,01,Food and non-alcoholic beverages,22855.5
307565.0,01,Food and non-alcoholic beverages,11311.02
307566.0,01,Food and non-alcoholic beverages,22275.5
307567.0,01,Food and non-alcoholic beverages,2210.615
307568.0,01,Food and non-alcoholic beverages,23201.5
307569.0,01,Food and non-alcoholic beverages,11642.02
307570.0,01,Food and non-alcoholic beverages,5243.41
307571.0,01,Food and non-alcoholic beverages,716.51
307572.0,01,Food and non-alcoholic beverages,2588.506
307573.0,01,Food and non-alcoholic beverages,22007.508
307574.0,01,Food and non-alcoholic beverages,4044.505
307575.0,01,Food and non-alcoholic beverages,6685.6
307576.0,01,Food and non-alcoholic beverages,4813.25
307577.0,01,Food and non-alcoholic beverages,3454.22
307578.0,01,Food and non-alcoholic beverages,19664.019
307579.0,01,Food and non-alcoholic beverages,26304.0
307580.0,01,Food and non-alcoholic beverages,8863.703
307581.0,01,Food and non-alcoholic beverages,7306.25
307582.0,01,Food and non-alcoholic beverages,14751.523
307583.0,01,Food and non-alcoholic beverages,12770.5
307584.0,01,Food and non-alcoholic beverages,21712.25
307585.0,01,Food and non-alcoholic beverages,32756.504
307586.0,01,Food and non-alcoholic beverages,30549.0
307587.0,01,Food and non-alcoholic beverages,62.525
307588.0,01,Food and non-alcoholic beverages,30208.5
307589.0,01,Food and non-alcoholic beverages,13086.015
307590.0,01,Food and non-alcoholic beverages,5209.0
307591.0,01,Food and non-alcoholic beverages,7196.426
307592.0,01,Food and non-alcoholic beverages,10960.0
307593.0,01,Food and non-alcoholic beverages,5717.132
307594.0,01,Food and non-alcoholic beverages,5651.557
307595.0,01,Food and non-alcoholic beverages,8114.93
307596.0,01,Food and non-alcoholic beverages,6822.02
307597.0,01,Food and non-alcoholic beverages,2001.962
307598.0,01,Food and non-alcoholic beverages,1152.25
307599.0,01,Food and non-alcoholic beverages,1859.8
307600.0,01,Food and non-alcoholic beverages,1654.527
307601.0,01,Food and non-alcoholic beverages,3055.1
307602.0,01,Food and non-alcoholic beverages,5511.04
307603.0,01,Food and non-alcoholic beverages,10708.833
307604.0,01,Food and non-alcoholic beverages,3219.244
307605.0,01,Food and non-alcoholic beverages,19838.049
307606.0,01,Food and non-alcoholic beverages,7970.225
307607.0,01,Food and non-alcoholic beverages,8452.77
307608.0,01,Food and non-alcoholic beverages,2712.75
307609.0,01,Food and non-alcoholic beverages,16237.0
307610.0,01,Food and non-alcoholic beverages,10506.0
307611.0,01,Food and non-alcoholic beverages,6109.0
307612.0,01,Food and non-alcoholic beverages,16405.115
307613.0,01,Food and non-alcoholic beverages,5200.0
307614.0,01,Food and non-alcoholic beverages,3130.258
307615.0,01,Food and non-alcoholic beverages,1057.048
307616.0,01,Food and non-alcoholic beverages,1243.3980000000001
307617.0,01,Food and non-alcoholic beverages,2909.0
307618.0,01,Food and non-alcoholic beverages,2108.5
307619.0,01,Food and non-alcoholic beverages,87.155
307620.0,01,Food and non-alcoholic beverages,3114.75
307621.0,01,Food and non-alcoholic beverages,3547.5
307622.0,01,Food and non-alcoholic beverages,206.02
307623.0,01,Food and non-alcoholic beverages,19392.539
307624.0,01,Food and non-alcoholic beverages,4370.9
307625.0,01,Food and non-alcoholic beverages,8894.82
307626.0,01,Food and non-alcoholic beverages,1778.3
307627.0,01,Food and non-alcoholic beverages,10055.1
307628.0,01,Food and non-alcoholic beverages,4832.92
307629.0,01,Food and non-alcoholic beverages,3881.0
307630.0,01,Food and non-alcoholic beverages,8670.5
307631.0,01,Food and non-alcoholic beverages,8767.248
307632.0,01,Food and non-alcoholic beverages,11630.0
307633.0,01,Food and non-alcoholic beverages,15420.354
307634.0,01,Food and non-alcoholic beverages,8900.0
307635.0,01,Food and non-alcoholic beverages,52576.0
307636.0,01,Food and non-alcoholic beverages,4314.65
307637.0,01,Food and non-alcoholic beverages,22163.5
307638.0,01,Food and non-alcoholic beverages,7800.0
307639.0,01,Food and non-alcoholic beverages,2804.0
307640.0,01,Food and non-alcoholic beverages,4088.0
307641.0,01,Food and non-alcoholic beverages,24965.25
307642.0,01,Food and non-alcoholic beverages,58861.75
307643.0,01,Food and non-alcoholic beverages,10356.0
307644.0,01,Food and non-alcoholic beverages,6505.2
307645.0,01,Food and non-alcoholic beverages,35820.0
307646.0,01,Food and non-alcoholic beverages,11429.59
307647.0,01,Food and non-alcoholic beverages,1920.654
307648.0,01,Food and non-alcoholic beverages,53011.02
307649.0,01,Food and non-alcoholic beverages,11300.0
307650.0,01,Food and non-alcoholic beverages,10257.0
307651.0,01,Food and non-alcoholic beverages,11918.251
307652.0,01,Food and non-alcoholic beverages,8267.75
307653.0,01,Food and non-alcoholic beverages,4282.95
307654.0,01,Food and non-alcoholic beverages,2495.285
307655.0,01,Food and non-alcoholic beverages,5069.465
307656.0,01,Food and non-alcoholic beverages,2596.5
307657.0,01,Food and non-alcoholic beverages,4943.0
307658.0,01,Food and non-alcoholic beverages,16.665
307659.0,01,Food and non-alcoholic beverages,6022.77
307660.0,01,Food and non-alcoholic beverages,15653.5
307661.0,01,Food and non-alcoholic beverages,40552.4
307662.0,01,Food and non-alcoholic beverages,7872.75
307663.0,01,Food and non-alcoholic beverages,11215.5
307664.0,01,Food and non-alcoholic beverages,14907.05
307665.0,01,Food and non-alcoholic beverages,2531.0
307666.0,01,Food and non-alcoholic beverages,13732.048
307667.0,01,Food and non-alcoholic beverages,15307.516
307668.0,01,Food and non-alcoholic beverages,18153.0
307669.0,01,Food and non-alcoholic beverages,37004.505
307670.0,01,Food and non-alcoholic beverages,1800.0
307671.0,01,Food and non-alcoholic beverages,12700.0
307672.0,01,Food and non-alcoholic beverages,21150.0
307673.0,01,Food and non-alcoholic beverages,1102.07
307674.0,01,Food and non-alcoholic beverages,34453.86
307675.0,01,Food and non-alcoholic beverages,8856.0
307676.0,01,Food and non-alcoholic beverages,3553.25
307677.0,01,Food and non-alcoholic beverages,14353.45
307678.0,01,Food and non-alcoholic beverages,18483.5
307679.0,01,Food and non-alcoholic beverages,8101.0
307680.0,01,Food and non-alcoholic beverages,7031.0
307681.0,01,Food and non-alcoholic beverages,8759.2
307682.0,01,Food and non-alcoholic beverages,8564.1
307683.0,01,Food and non-alcoholic beverages,24268.239999999998
307684.0,01,Food and non-alcoholic beverages,26252.0
307685.0,01,Food and non-alcoholic beverages,9366.0
307686.0,01,Food and non-alcoholic beverages,23101.5
307687.0,01,Food and non-alcoholic beverages,13308.0
307688.0,01,Food and non-alcoholic beverages,13456.0
307689.0,01,Food and non-alcoholic beverages,15003.25
307690.0,01,Food and non-alcoholic beverages,10858.253
307691.0,01,Food and non-alcoholic beverages,12215.0
307692.0,01,Food and non-alcoholic beverages,12205.5
307693.0,01,Food and non-alcoholic beverages,19164.03
307694.0,01,Food and non-alcoholic beverages,6601.27
307695.0,01,Food and non-alcoholic beverages,13209.5
307696.0,01,Food and non-alcoholic beverages,514.071
307697.0,01,Food and non-alcoholic beverages,24.434
307698.0,01,Food and non-alcoholic beverages,7424.25
307699.0,01,Food and non-alcoholic beverages,6698.6
307700.0,01,Food and non-alcoholic beverages,6568.5
307701.0,01,Food and non-alcoholic beverages,3589.65
307702.0,01,Food and non-alcoholic beverages,15400.0
307703.0,01,Food and non-alcoholic beverages,5728.0
307704.0,01,Food and non-alcoholic beverages,7609.75
307705.0,01,Food and non-alcoholic beverages,5855.93
307706.0,01,Food and non-alcoholic beverages,15280.606
307707.0,01,Food and non-alcoholic beverages,10155.919
307708.0,01,Food and non-alcoholic beverages,49781.5
307709.0,01,Food and non-alcoholic beverages,21617.903
307710.0,01,Food and non-alcoholic beverages,15605.02
307711.0,01,Food and non-alcoholic beverages,13179.84
307712.0,01,Food and non-alcoholic beverages,11959.5
307713.0,01,Food and non-alcoholic beverages,24207.2
307714.0,01,Food and non-alcoholic beverages,3319.0
307715.0,01,Food and non-alcoholic beverages,3770.5
307716.0,01,Food and non-alcoholic beverages,4566.13
307717.0,01,Food and non-alcoholic beverages,10488.081
307718.0,01,Food and non-alcoholic beverages,1530.707
307719.0,01,Food and non-alcoholic beverages,3025.5
307720.0,01,Food and non-alcoholic beverages,831.0
307721.0,01,Food and non-alcoholic beverages,2179.0
307722.0,01,Food and non-alcoholic beverages,13600.032
307723.0,01,Food and non-alcoholic beverages,5103.5
307724.0,01,Food and non-alcoholic beverages,8875.258
307725.0,01,Food and non-alcoholic beverages,6438.5
307726.0,01,Food and non-alcoholic beverages,16504.265
307727.0,01,Food and non-alcoholic beverages,5364.04
307728.0,01,Food and non-alcoholic beverages,6014.0380000000005
307729.0,01,Food and non-alcoholic beverages,3468.01
307730.0,01,Food and non-alcoholic beverages,3016.5
307731.0,01,Food and non-alcoholic beverages,8577.01
307732.0,01,Food and non-alcoholic beverages,17647.05
307733.0,01,Food and non-alcoholic beverages,1249.02
307734.0,01,Food and non-alcoholic beverages,16923.22
307735.0,01,Food and non-alcoholic beverages,4924.008
307736.0,01,Food and non-alcoholic beverages,5113.0
307737.0,01,Food and non-alcoholic beverages,10021.355
307738.0,01,Food and non-alcoholic beverages,11087.982
307739.0,01,Food and non-alcoholic beverages,10709.25
307740.0,01,Food and non-alcoholic beverages,19752.0
307741.0,01,Food and non-alcoholic beverages,10654.5
307742.0,01,Food and non-alcoholic beverages,23751.0
307743.0,01,Food and non-alcoholic beverages,7443.52
307744.0,01,Food and non-alcoholic beverages,3913.9
307745.0,01,Food and non-alcoholic beverages,6837.0
307746.0,01,Food and non-alcoholic beverages,9004.25
307747.0,01,Food and non-alcoholic beverages,17160.0
307748.0,01,Food and non-alcoholic beverages,8156.0
307749.0,01,Food and non-alcoholic beverages,13500.25
307750.0,01,Food and non-alcoholic beverages,15553.52
307751.0,01,Food and non-alcoholic beverages,17700.028
307752.0,01,Food and non-alcoholic beverages,25659.07
307753.0,01,Food and non-alcoholic beverages,9620.75
307754.0,01,Food and non-alcoholic beverages,18223.052
307755.0,01,Food and non-alcoholic beverages,7269.35
307756.0,01,Food and non-alcoholic beverages,22557.36
307757.0,01,Food and non-alcoholic beverages,26152.032
307758.0,01,Food and non-alcoholic beverages,37455.875
307759.0,01,Food and non-alcoholic beverages,16350.25
307760.0,01,Food and non-alcoholic beverages,6802.0
307761.0,01,Food and non-alcoholic beverages,27801.606
307762.0,01,Food and non-alcoholic beverages,7959.38
307763.0,01,Food and non-alcoholic beverages,21662.05
307764.0,01,Food and non-alcoholic beverages,21608.5
307765.0,01,Food and non-alcoholic beverages,19185.574
307766.0,01,Food and non-alcoholic beverages,24110.1
307767.0,01,Food and non-alcoholic beverages,11157.431
307768.0,01,Food and non-alcoholic beverages,22604.0
307769.0,01,Food and non-alcoholic beverages,5454.1810000000005
307770.0,01,Food and non-alcoholic beverages,12661.5052
307771.0,01,Food and non-alcoholic beverages,13424.619999999999
307772.0,01,Food and non-alcoholic beverages,16864.765
307773.0,01,Food and non-alcoholic beverages,3588.5
307774.0,01,Food and non-alcoholic beverages,4225.675
307775.0,01,Food and non-alcoholic beverages,9346.5
307776.0,01,Food and non-alcoholic beverages,36250.057
307777.0,01,Food and non-alcoholic beverages,3917.614
307778.0,01,Food and non-alcoholic beverages,5127.049
307779.0,01,Food and non-alcoholic beverages,4416.215
307780.0,01,Food and non-alcoholic beverages,4418.07
307781.0,01,Food and non-alcoholic beverages,2612.641
307782.0,01,Food and non-alcoholic beverages,10415.32
307783.0,01,Food and non-alcoholic beverages,2118.475
307784.0,01,Food and non-alcoholic beverages,885.366
307785.0,01,Food and non-alcoholic beverages,9914.516
307786.0,01,Food and non-alcoholic beverages,29150.014
307787.0,01,Food and non-alcoholic beverages,10166.4321
307788.0,01,Food and non-alcoholic beverages,8384.53
307789.0,01,Food and non-alcoholic beverages,102782.42
307790.0,01,Food and non-alcoholic beverages,20998.989
307791.0,01,Food and non-alcoholic beverages,48678.0
307792.0,01,Food and non-alcoholic beverages,16184.831
307793.0,01,Food and non-alcoholic beverages,7026.643
307794.0,01,Food and non-alcoholic beverages,11160.855
307795.0,01,Food and non-alcoholic beverages,11452.133
307796.0,01,Food and non-alcoholic beverages,1509.51
307797.0,01,Food and non-alcoholic beverages,13100.569
307798.0,01,Food and non-alcoholic beverages,8754.5
307799.0,01,Food and non-alcoholic beverages,11237.2
307800.0,01,Food and non-alcoholic beverages,10568.422
307801.0,01,Food and non-alcoholic beverages,15160.419
307802.0,01,Food and non-alcoholic beverages,3701.841
307803.0,01,Food and non-alcoholic beverages,8514.0045
307804.0,01,Food and non-alcoholic beverages,8655.291
307805.0,01,Food and non-alcoholic beverages,508.748
307806.0,01,Food and non-alcoholic beverages,13953.263
307807.0,01,Food and non-alcoholic beverages,8517.423999999999
307808.0,01,Food and non-alcoholic beverages,11300.0
307809.0,01,Food and non-alcoholic beverages,45728.505
307810.0,01,Food and non-alcoholic beverages,14251.444
307811.0,01,Food and non-alcoholic beverages,9724.52
307812.0,01,Food and non-alcoholic beverages,2507.2
307813.0,01,Food and non-alcoholic beverages,27181.904
307814.0,01,Food and non-alcoholic beverages,11229.193
307815.0,01,Food and non-alcoholic beverages,10514.53
307816.0,01,Food and non-alcoholic beverages,10812.5
307817.0,01,Food and non-alcoholic beverages,6607.125
307818.0,01,Food and non-alcoholic beverages,6575.75
307819.0,01,Food and non-alcoholic beverages,6814.0
307820.0,01,Food and non-alcoholic beverages,28025.667
307821.0,01,Food and non-alcoholic beverages,6007.229
307822.0,01,Food and non-alcoholic beverages,44005.0
307823.0,01,Food and non-alcoholic beverages,10128.098
307824.0,01,Food and non-alcoholic beverages,14158.501
307825.0,01,Food and non-alcoholic beverages,5417.605
307826.0,01,Food and non-alcoholic beverages,23145.807
307827.0,01,Food and non-alcoholic beverages,9258.0
307828.0,01,Food and non-alcoholic beverages,2814.1279999999997
307829.0,01,Food and non-alcoholic beverages,11329.534
307830.0,01,Food and non-alcoholic beverages,1916.254
307831.0,01,Food and non-alcoholic beverages,10195.752
307832.0,01,Food and non-alcoholic beverages,8681.625
307833.0,01,Food and non-alcoholic beverages,6519.25
307834.0,01,Food and non-alcoholic beverages,935.05
307835.0,01,Food and non-alcoholic beverages,3760.5
307836.0,01,Food and non-alcoholic beverages,3768.515
307837.0,01,Food and non-alcoholic beverages,3920.275
307838.0,01,Food and non-alcoholic beverages,8366.161
307839.0,01,Food and non-alcoholic beverages,4999.911
307840.0,01,Food and non-alcoholic beverages,2128.25
307841.0,01,Food and non-alcoholic beverages,11727.167
307842.0,01,Food and non-alcoholic beverages,5222.761
307843.0,01,Food and non-alcoholic beverages,2250.506
307844.0,01,Food and non-alcoholic beverages,10353.667
307845.0,01,Food and non-alcoholic beverages,17313.762
307846.0,01,Food and non-alcoholic beverages,10340.991
307847.0,01,Food and non-alcoholic beverages,9222.0
307848.0,01,Food and non-alcoholic beverages,4665.252
307849.0,01,Food and non-alcoholic beverages,27151.0
307850.0,01,Food and non-alcoholic beverages,9974.752
307851.0,01,Food and non-alcoholic beverages,2672.353
307852.0,01,Food and non-alcoholic beverages,13451.502
307853.0,01,Food and non-alcoholic beverages,1120.986
307854.0,01,Food and non-alcoholic beverages,1745.57
307855.0,01,Food and non-alcoholic beverages,13053.124
307856.0,01,Food and non-alcoholic beverages,6759.244
307857.0,01,Food and non-alcoholic beverages,615.175
307858.0,01,Food and non-alcoholic beverages,1130.535
307859.0,01,Food and non-alcoholic beverages,6137.517
307860.0,01,Food and non-alcoholic beverages,23003.0
307861.0,01,Food and non-alcoholic beverages,8209.875
307862.0,01,Food and non-alcoholic beverages,2360.521
307863.0,01,Food and non-alcoholic beverages,15640.088
307864.0,01,Food and non-alcoholic beverages,2259.05
307865.0,01,Food and non-alcoholic beverages,2873.987
307866.0,01,Food and non-alcoholic beverages,14371.506
307867.0,01,Food and non-alcoholic beverages,19805.327
307868.0,01,Food and non-alcoholic beverages,23486.625
307869.0,01,Food and non-alcoholic beverages,5310.742
307870.0,01,Food and non-alcoholic beverages,28803.0
307871.0,01,Food and non-alcoholic beverages,14750.625
307872.0,01,Food and non-alcoholic beverages,9567.398000000001
307873.0,01,Food and non-alcoholic beverages,12133.1215
307874.0,01,Food and non-alcoholic beverages,6618.275000000001
307875.0,01,Food and non-alcoholic beverages,8932.604
307876.0,01,Food and non-alcoholic beverages,951.496
307877.0,01,Food and non-alcoholic beverages,3212.62
307878.0,01,Food and non-alcoholic beverages,7479.5
307879.0,01,Food and non-alcoholic beverages,3383.462
307880.0,01,Food and non-alcoholic beverages,4306.99
307881.0,01,Food and non-alcoholic beverages,5305.054
307882.0,01,Food and non-alcoholic beverages,3936.702
307883.0,01,Food and non-alcoholic beverages,8745.715
307884.0,01,Food and non-alcoholic beverages,12514.754
307885.0,01,Food and non-alcoholic beverages,2556.972
307886.0,01,Food and non-alcoholic beverages,1327.757
307887.0,01,Food and non-alcoholic beverages,1493.3790000000001
307888.0,01,Food and non-alcoholic beverages,13656.993
307889.0,01,Food and non-alcoholic beverages,5316.248
307890.0,01,Food and non-alcoholic beverages,7111.33
307891.0,01,Food and non-alcoholic beverages,4370.224999999999
307892.0,01,Food and non-alcoholic beverages,7838.267
307893.0,01,Food and non-alcoholic beverages,4536.415
307894.0,01,Food and non-alcoholic beverages,4030.361
307895.0,01,Food and non-alcoholic beverages,9286.123
307896.0,01,Food and non-alcoholic beverages,10113.06
307897.0,01,Food and non-alcoholic beverages,10120.494999999999
307898.0,01,Food and non-alcoholic beverages,7339.008
307899.0,01,Food and non-alcoholic beverages,2904.412
307900.0,01,Food and non-alcoholic beverages,1922.688
307901.0,01,Food and non-alcoholic beverages,11069.831
307902.0,01,Food and non-alcoholic beverages,8172.893
307903.0,01,Food and non-alcoholic beverages,12779.0
307904.0,01,Food and non-alcoholic beverages,5622.152
307905.0,01,Food and non-alcoholic beverages,9622.5
307906.0,01,Food and non-alcoholic beverages,5657.119
307907.0,01,Food and non-alcoholic beverages,18627.55
307908.0,01,Food and non-alcoholic beverages,7557.0
307909.0,01,Food and non-alcoholic beverages,2212.125
307910.0,01,Food and non-alcoholic beverages,6451.154
307911.0,01,Food and non-alcoholic beverages,7676.911
307912.0,01,Food and non-alcoholic beverages,8261.755
307913.0,01,Food and non-alcoholic beverages,30769.125
307914.0,01,Food and non-alcoholic beverages,7008.6
307915.0,01,Food and non-alcoholic beverages,12818.881
307916.0,01,Food and non-alcoholic beverages,24957.0
307917.0,01,Food and non-alcoholic beverages,8964.112
307918.0,01,Food and non-alcoholic beverages,7764.757
307919.0,01,Food and non-alcoholic beverages,20100.0
307920.0,01,Food and non-alcoholic beverages,29006.0
307921.0,01,Food and non-alcoholic beverages,6556.125
307922.0,01,Food and non-alcoholic beverages,10963.532
307923.0,01,Food and non-alcoholic beverages,17338.3593
307924.0,01,Food and non-alcoholic beverages,20100.0
307925.0,01,Food and non-alcoholic beverages,6800.0
307926.0,01,Food and non-alcoholic beverages,8961.506
307927.0,01,Food and non-alcoholic beverages,14704.5
307928.0,01,Food and non-alcoholic beverages,3878.474
307929.0,01,Food and non-alcoholic beverages,4289.093
307930.0,01,Food and non-alcoholic beverages,9685.766
307931.0,01,Food and non-alcoholic beverages,1090.261
307932.0,01,Food and non-alcoholic beverages,6174.426
307933.0,01,Food and non-alcoholic beverages,14718.178
307934.0,01,Food and non-alcoholic beverages,10865.5
307935.0,01,Food and non-alcoholic beverages,5307.147
307936.0,01,Food and non-alcoholic beverages,1133.522
307937.0,01,Food and non-alcoholic beverages,2270.503
307938.0,01,Food and non-alcoholic beverages,2160.558
307939.0,01,Food and non-alcoholic beverages,3108.576
307940.0,01,Food and non-alcoholic beverages,7715.75
307941.0,01,Food and non-alcoholic beverages,2910.101
307942.0,01,Food and non-alcoholic beverages,4532.051
307943.0,01,Food and non-alcoholic beverages,332.99699999999996
307944.0,01,Food and non-alcoholic beverages,17.89
307945.0,01,Food and non-alcoholic beverages,5081.8205
307946.0,01,Food and non-alcoholic beverages,6793.17
307947.0,01,Food and non-alcoholic beverages,7150.52
307948.0,01,Food and non-alcoholic beverages,512.3720000000001
307949.0,01,Food and non-alcoholic beverages,12205.417
307950.0,01,Food and non-alcoholic beverages,26840.367
307952.0,01,Food and non-alcoholic beverages,4980.505
307953.0,01,Food and non-alcoholic beverages,5850.0
307954.0,01,Food and non-alcoholic beverages,10815.2
307955.0,01,Food and non-alcoholic beverages,4205.0
307956.0,01,Food and non-alcoholic beverages,6832.808
307957.0,01,Food and non-alcoholic beverages,725.051
307958.0,01,Food and non-alcoholic beverages,2644.893
307959.0,01,Food and non-alcoholic beverages,9819.406
307960.0,01,Food and non-alcoholic beverages,2189.366
307961.0,01,Food and non-alcoholic beverages,24980.91
307962.0,01,Food and non-alcoholic beverages,6002.362
307963.0,01,Food and non-alcoholic beverages,4955.324
307964.0,01,Food and non-alcoholic beverages,9320.758
307965.0,01,Food and non-alcoholic beverages,9431.05
307966.0,01,Food and non-alcoholic beverages,20393.884
307967.0,01,Food and non-alcoholic beverages,11310.875
307968.0,01,Food and non-alcoholic beverages,4380.035
307969.0,01,Food and non-alcoholic beverages,10156.2829
307970.0,01,Food and non-alcoholic beverages,7819.023
307971.0,01,Food and non-alcoholic beverages,708.099
307972.0,01,Food and non-alcoholic beverages,20108.828
307973.0,01,Food and non-alcoholic beverages,2107.0
307974.0,01,Food and non-alcoholic beverages,26573.719
307975.0,01,Food and non-alcoholic beverages,21997.944
307976.0,01,Food and non-alcoholic beverages,5311.342
307977.0,01,Food and non-alcoholic beverages,7383.616
307978.0,01,Food and non-alcoholic beverages,7282.936
307979.0,01,Food and non-alcoholic beverages,3010.552
307980.0,01,Food and non-alcoholic beverages,2922.9519999999998
307981.0,01,Food and non-alcoholic beverages,3717.2980000000002
307982.0,01,Food and non-alcoholic beverages,1176.75
307983.0,01,Food and non-alcoholic beverages,8962.1276
307984.0,01,Food and non-alcoholic beverages,5254.6749
307985.0,01,Food and non-alcoholic beverages,7744.061
307986.0,01,Food and non-alcoholic beverages,7714.6873
307987.0,01,Food and non-alcoholic beverages,3835.349
307988.0,01,Food and non-alcoholic beverages,5036.505
307989.0,01,Food and non-alcoholic beverages,433.021
307990.0,01,Food and non-alcoholic beverages,4273.646
307991.0,01,Food and non-alcoholic beverages,1118.8229999999999
307992.0,01,Food and non-alcoholic beverages,14471.565
307993.0,01,Food and non-alcoholic beverages,8381.0
307994.0,01,Food and non-alcoholic beverages,2539.0
307995.0,01,Food and non-alcoholic beverages,34869.586
307996.0,01,Food and non-alcoholic beverages,18454.25
307997.0,01,Food and non-alcoholic beverages,6227.0585
307998.0,01,Food and non-alcoholic beverages,28775.9069
307999.0,01,Food and non-alcoholic beverages,3671.0609
308000.0,01,Food and non-alcoholic beverages,4172.564
308001.0,01,Food and non-alcoholic beverages,6530.0
308002.0,01,Food and non-alcoholic beverages,3569.0
308003.0,01,Food and non-alcoholic beverages,38736.239
308004.0,01,Food and non-alcoholic beverages,6664.027
308005.0,01,Food and non-alcoholic beverages,4671.045
308006.0,01,Food and non-alcoholic beverages,9688.167
308007.0,01,Food and non-alcoholic beverages,3156.6972
308008.0,01,Food and non-alcoholic beverages,5556.413
308009.0,01,Food and non-alcoholic beverages,1221.157
308010.0,01,Food and non-alcoholic beverages,6055.0
308011.0,01,Food and non-alcoholic beverages,13500.0
308012.0,01,Food and non-alcoholic beverages,9302.0
308013.0,01,Food and non-alcoholic beverages,12400.0
308014.0,01,Food and non-alcoholic beverages,6964.26
308015.0,01,Food and non-alcoholic beverages,9808.15
308016.0,01,Food and non-alcoholic beverages,5428.132
308017.0,01,Food and non-alcoholic beverages,688.566
308018.0,01,Food and non-alcoholic beverages,14542.151
308019.0,01,Food and non-alcoholic beverages,6577.437
308020.0,01,Food and non-alcoholic beverages,871.115
308021.0,01,Food and non-alcoholic beverages,2295.886
308022.0,01,Food and non-alcoholic beverages,9167.77
308023.0,01,Food and non-alcoholic beverages,2207.597
308024.0,01,Food and non-alcoholic beverages,8407.415
308025.0,01,Food and non-alcoholic beverages,3302.291
308026.0,01,Food and non-alcoholic beverages,7268.215
308027.0,01,Food and non-alcoholic beverages,1518.28
308028.0,01,Food and non-alcoholic beverages,2678.017
308029.0,01,Food and non-alcoholic beverages,9851.911
308030.0,01,Food and non-alcoholic beverages,516.639
308031.0,01,Food and non-alcoholic beverages,6072.229
308032.0,01,Food and non-alcoholic beverages,2079.283
308033.0,01,Food and non-alcoholic beverages,1108.0059999999999
308034.0,01,Food and non-alcoholic beverages,2779.185
308035.0,01,Food and non-alcoholic beverages,1790.8737
308036.0,01,Food and non-alcoholic beverages,2636.707
308037.0,01,Food and non-alcoholic beverages,4625.806
308038.0,01,Food and non-alcoholic beverages,2221.716
308039.0,01,Food and non-alcoholic beverages,6740.493
308040.0,01,Food and non-alcoholic beverages,4712.8099999999995
308041.0,01,Food and non-alcoholic beverages,8040.332
308042.0,01,Food and non-alcoholic beverages,4211.117
308043.0,01,Food and non-alcoholic beverages,1969.6177
308044.0,01,Food and non-alcoholic beverages,5599.399
308045.0,01,Food and non-alcoholic beverages,2118.64
308046.0,01,Food and non-alcoholic beverages,4075.44
308047.0,01,Food and non-alcoholic beverages,6181.648
308048.0,01,Food and non-alcoholic beverages,4468.901
308049.0,01,Food and non-alcoholic beverages,4765.6265
308050.0,01,Food and non-alcoholic beverages,10567.549
308051.0,01,Food and non-alcoholic beverages,33.5
308052.0,01,Food and non-alcoholic beverages,822.704
308053.0,01,Food and non-alcoholic beverages,1492.996
308054.0,01,Food and non-alcoholic beverages,22432.029
308055.0,01,Food and non-alcoholic beverages,7053.0
308056.0,01,Food and non-alcoholic beverages,2500.0
308057.0,01,Food and non-alcoholic beverages,15255.0
308058.0,01,Food and non-alcoholic beverages,10552.822
308059.0,01,Food and non-alcoholic beverages,39721.02
308060.0,01,Food and non-alcoholic beverages,21137.634
308061.0,01,Food and non-alcoholic beverages,12980.178
308062.0,01,Food and non-alcoholic beverages,9901.645
308063.0,01,Food and non-alcoholic beverages,2371.768
308064.0,01,Food and non-alcoholic beverages,1734.1950000000002
308065.0,01,Food and non-alcoholic beverages,4080.9359999999997
308066.0,01,Food and non-alcoholic beverages,11873.6
308067.0,01,Food and non-alcoholic beverages,10.120000000000001
308068.0,01,Food and non-alcoholic beverages,2354.764
308069.0,01,Food and non-alcoholic beverages,3779.18
308070.0,01,Food and non-alcoholic beverages,1333.0
308071.0,01,Food and non-alcoholic beverages,16369.573
308072.0,01,Food and non-alcoholic beverages,664.0
308073.0,01,Food and non-alcoholic beverages,10572.09
308074.0,01,Food and non-alcoholic beverages,4118.036
308075.0,01,Food and non-alcoholic beverages,8970.7
308076.0,01,Food and non-alcoholic beverages,9789.63
308077.0,01,Food and non-alcoholic beverages,15317.6442
308078.0,01,Food and non-alcoholic beverages,4580.11
308079.0,01,Food and non-alcoholic beverages,3849.785
308080.0,01,Food and non-alcoholic beverages,10736.0672
308081.0,01,Food and non-alcoholic beverages,3230.32
308082.0,01,Food and non-alcoholic beverages,3338.094
308083.0,01,Food and non-alcoholic beverages,1434.056
308084.0,01,Food and non-alcoholic beverages,224.92999999999998
308085.0,01,Food and non-alcoholic beverages,728.762
308086.0,01,Food and non-alcoholic beverages,251.52100000000002
308087.0,01,Food and non-alcoholic beverages,384.171
308088.0,01,Food and non-alcoholic beverages,977.261
308089.0,01,Food and non-alcoholic beverages,11088.993
308090.0,01,Food and non-alcoholic beverages,3671.148
308091.0,01,Food and non-alcoholic beverages,3857.101
308092.0,01,Food and non-alcoholic beverages,3007.326
308093.0,01,Food and non-alcoholic beverages,2831.282
308094.0,01,Food and non-alcoholic beverages,5464.911
308095.0,01,Food and non-alcoholic beverages,840.965
308096.0,01,Food and non-alcoholic beverages,3798.441
308097.0,01,Food and non-alcoholic beverages,10341.171
308098.0,01,Food and non-alcoholic beverages,8710.535
308099.0,01,Food and non-alcoholic beverages,6236.784
308100.0,01,Food and non-alcoholic beverages,3376.584
308101.0,01,Food and non-alcoholic beverages,3391.125
308102.0,01,Food and non-alcoholic beverages,7301.0
308103.0,01,Food and non-alcoholic beverages,10108.617
308104.0,01,Food and non-alcoholic beverages,5336.089
308105.0,01,Food and non-alcoholic beverages,742.078
308106.0,01,Food and non-alcoholic beverages,378.3538
308107.0,01,Food and non-alcoholic beverages,5100.5
308108.0,01,Food and non-alcoholic beverages,2750.286
308109.0,01,Food and non-alcoholic beverages,3727.05
308110.0,01,Food and non-alcoholic beverages,3720.25
308111.0,01,Food and non-alcoholic beverages,4566.0
308112.0,01,Food and non-alcoholic beverages,3126.759
308113.0,01,Food and non-alcoholic beverages,17048.245
308114.0,01,Food and non-alcoholic beverages,1996.741
308115.0,01,Food and non-alcoholic beverages,5417.124
308116.0,01,Food and non-alcoholic beverages,16965.76
308117.0,01,Food and non-alcoholic beverages,8868.726
308118.0,01,Food and non-alcoholic beverages,581.407
308119.0,01,Food and non-alcoholic beverages,626.1080000000001
308120.0,01,Food and non-alcoholic beverages,6837.09
308121.0,01,Food and non-alcoholic beverages,12603.826
308122.0,01,Food and non-alcoholic beverages,3869.395
308123.0,01,Food and non-alcoholic beverages,1085.295
308124.0,01,Food and non-alcoholic beverages,3710.64
308125.0,01,Food and non-alcoholic beverages,1425.505
308126.0,01,Food and non-alcoholic beverages,8073.996
308127.0,01,Food and non-alcoholic beverages,4448.507
308128.0,01,Food and non-alcoholic beverages,3427.805
308129.0,01,Food and non-alcoholic beverages,5971.0
308130.0,01,Food and non-alcoholic beverages,3931.85
308131.0,01,Food and non-alcoholic beverages,14861.506
308132.0,01,Food and non-alcoholic beverages,3886.611
308133.0,01,Food and non-alcoholic beverages,11523.0971
308134.0,01,Food and non-alcoholic beverages,5223.624
308135.0,01,Food and non-alcoholic beverages,5971.15
308136.0,01,Food and non-alcoholic beverages,8413.172
308137.0,01,Food and non-alcoholic beverages,3439.9937999999997
308138.0,01,Food and non-alcoholic beverages,1443.424
308139.0,01,Food and non-alcoholic beverages,2712.783
308140.0,01,Food and non-alcoholic beverages,4722.0
308141.0,01,Food and non-alcoholic beverages,1213.8255
308142.0,01,Food and non-alcoholic beverages,2981.307
308143.0,01,Food and non-alcoholic beverages,13540.37
308144.0,01,Food and non-alcoholic beverages,6758.84
308145.0,01,Food and non-alcoholic beverages,4830.739
308146.0,01,Food and non-alcoholic beverages,4594.0866
308147.0,01,Food and non-alcoholic beverages,2135.0209999999997
308148.0,01,Food and non-alcoholic beverages,363.284
308149.0,01,Food and non-alcoholic beverages,6570.218
308150.0,01,Food and non-alcoholic beverages,2853.765
308151.0,01,Food and non-alcoholic beverages,3671.273
308152.0,01,Food and non-alcoholic beverages,8302.44
308153.0,01,Food and non-alcoholic beverages,2687.603
308154.0,01,Food and non-alcoholic beverages,637.854
308155.0,01,Food and non-alcoholic beverages,11706.195
308156.0,01,Food and non-alcoholic beverages,574.0
308157.0,01,Food and non-alcoholic beverages,378.8678
308158.0,01,Food and non-alcoholic beverages,1928.6765
308159.0,01,Food and non-alcoholic beverages,3400.564
308160.0,01,Food and non-alcoholic beverages,6758.0
308161.0,01,Food and non-alcoholic beverages,7259.0
308162.0,01,Food and non-alcoholic beverages,10231.77
308163.0,01,Food and non-alcoholic beverages,2251.7799999999997
308164.0,01,Food and non-alcoholic beverages,3822.466
308165.0,01,Food and non-alcoholic beverages,3967.752
308166.0,01,Food and non-alcoholic beverages,9480.554
308167.0,01,Food and non-alcoholic beverages,1834.257
308168.0,01,Food and non-alcoholic beverages,13030.41
308169.0,01,Food and non-alcoholic beverages,5572.2676
308170.0,01,Food and non-alcoholic beverages,11850.184
308171.0,01,Food and non-alcoholic beverages,4992.735
308172.0,01,Food and non-alcoholic beverages,1105.032
308173.0,01,Food and non-alcoholic beverages,1483.743
308174.0,01,Food and non-alcoholic beverages,22363.838
308175.0,01,Food and non-alcoholic beverages,7746.799
308176.0,01,Food and non-alcoholic beverages,4299.389
308177.0,01,Food and non-alcoholic beverages,12117.0
308178.0,01,Food and non-alcoholic beverages,4224.216
308179.0,01,Food and non-alcoholic beverages,15200.0
308180.0,01,Food and non-alcoholic beverages,4192.384
308181.0,01,Food and non-alcoholic beverages,9402.981
308182.0,01,Food and non-alcoholic beverages,4573.0
308183.0,01,Food and non-alcoholic beverages,7818.133
308184.0,01,Food and non-alcoholic beverages,12854.91
308185.0,01,Food and non-alcoholic beverages,7395.6615
308186.0,01,Food and non-alcoholic beverages,10764.1
308187.0,01,Food and non-alcoholic beverages,1629.4569999999999
308188.0,01,Food and non-alcoholic beverages,1620.0
308189.0,01,Food and non-alcoholic beverages,3415.267
308190.0,01,Food and non-alcoholic beverages,11141.43
308191.0,01,Food and non-alcoholic beverages,14227.234
308192.0,01,Food and non-alcoholic beverages,1266.066
308193.0,01,Food and non-alcoholic beverages,3165.904
308194.0,01,Food and non-alcoholic beverages,1522.79
308195.0,01,Food and non-alcoholic beverages,14450.0
308196.0,01,Food and non-alcoholic beverages,13665.736
308197.0,01,Food and non-alcoholic beverages,6713.571
308198.0,01,Food and non-alcoholic beverages,44646.92
308199.0,01,Food and non-alcoholic beverages,2400.0
308200.0,01,Food and non-alcoholic beverages,35205.0
308201.0,01,Food and non-alcoholic beverages,14617.0
308202.0,01,Food and non-alcoholic beverages,9766.613
308203.0,01,Food and non-alcoholic beverages,4751.5
308204.0,01,Food and non-alcoholic beverages,9558.978
308205.0,01,Food and non-alcoholic beverages,9951.13
308206.0,01,Food and non-alcoholic beverages,4327.4400000000005
308207.0,01,Food and non-alcoholic beverages,17060.125
308208.0,01,Food and non-alcoholic beverages,16014.633
308209.0,01,Food and non-alcoholic beverages,19627.909
308210.0,01,Food and non-alcoholic beverages,2605.0
308211.0,01,Food and non-alcoholic beverages,21188.095
308212.0,01,Food and non-alcoholic beverages,7960.973
308213.0,01,Food and non-alcoholic beverages,8812.246
308214.0,01,Food and non-alcoholic beverages,8784.825
308215.0,01,Food and non-alcoholic beverages,10204.45
308216.0,01,Food and non-alcoholic beverages,15268.688
308217.0,01,Food and non-alcoholic beverages,8869.231
308218.0,01,Food and non-alcoholic beverages,9670.0
308219.0,01,Food and non-alcoholic beverages,11222.0
308220.0,01,Food and non-alcoholic beverages,17964.322
308221.0,01,Food and non-alcoholic beverages,7222.988
308222.0,01,Food and non-alcoholic beverages,8528.5
308223.0,01,Food and non-alcoholic beverages,4471.255999999999
308224.0,01,Food and non-alcoholic beverages,9520.042
308225.0,01,Food and non-alcoholic beverages,4713.005
308226.0,01,Food and non-alcoholic beverages,6924.04
308227.0,01,Food and non-alcoholic beverages,21500.0
308228.0,01,Food and non-alcoholic beverages,4347.75
308229.0,01,Food and non-alcoholic beverages,5100.5
308230.0,01,Food and non-alcoholic beverages,3923.5
308231.0,01,Food and non-alcoholic beverages,15762.19
308232.0,01,Food and non-alcoholic beverages,2106.89
308233.0,01,Food and non-alcoholic beverages,2421.63
308234.0,01,Food and non-alcoholic beverages,9763.951000000001
308235.0,01,Food and non-alcoholic beverages,12575.627
308236.0,01,Food and non-alcoholic beverages,3736.994
308237.0,01,Food and non-alcoholic beverages,31433.972999999998
308238.0,01,Food and non-alcoholic beverages,9769.369
308239.0,01,Food and non-alcoholic beverages,8978.74
308240.0,01,Food and non-alcoholic beverages,4055.279
308241.0,01,Food and non-alcoholic beverages,2029.894
308242.0,01,Food and non-alcoholic beverages,2119.702
308243.0,01,Food and non-alcoholic beverages,12650.25
308244.0,01,Food and non-alcoholic beverages,15555.402
308245.0,01,Food and non-alcoholic beverages,6655.436
308246.0,01,Food and non-alcoholic beverages,7551.99
308247.0,01,Food and non-alcoholic beverages,2261.5
308248.0,01,Food and non-alcoholic beverages,6650.25
308249.0,01,Food and non-alcoholic beverages,5909.902
308250.0,01,Food and non-alcoholic beverages,9159.316
308251.0,01,Food and non-alcoholic beverages,5900.0
308252.0,01,Food and non-alcoholic beverages,11702.5
308253.0,01,Food and non-alcoholic beverages,14312.0
308254.0,01,Food and non-alcoholic beverages,11200.773
308255.0,01,Food and non-alcoholic beverages,15908.75
308256.0,01,Food and non-alcoholic beverages,12800.0
308257.0,01,Food and non-alcoholic beverages,7402.002
308258.0,01,Food and non-alcoholic beverages,15001.0
308259.0,01,Food and non-alcoholic beverages,14600.5
308260.0,01,Food and non-alcoholic beverages,9002.125
308261.0,01,Food and non-alcoholic beverages,6609.311
308262.0,01,Food and non-alcoholic beverages,6163.508
308263.0,01,Food and non-alcoholic beverages,6404.65
308264.0,01,Food and non-alcoholic beverages,16812.518
308265.0,01,Food and non-alcoholic beverages,5767.626
308266.0,01,Food and non-alcoholic beverages,19755.4498
308267.0,01,Food and non-alcoholic beverages,12560.6743
308268.0,01,Food and non-alcoholic beverages,8804.4035
308269.0,01,Food and non-alcoholic beverages,6856.452
308270.0,01,Food and non-alcoholic beverages,6315.336
308271.0,01,Food and non-alcoholic beverages,9817.282
308272.0,01,Food and non-alcoholic beverages,8315.722
308273.0,01,Food and non-alcoholic beverages,6658.019
308274.0,01,Food and non-alcoholic beverages,4051.125
308275.0,01,Food and non-alcoholic beverages,4154.088
308276.0,01,Food and non-alcoholic beverages,2213.558
308277.0,01,Food and non-alcoholic beverages,10012.145
308278.0,01,Food and non-alcoholic beverages,68502.5
308279.0,01,Food and non-alcoholic beverages,42653.262
308280.0,01,Food and non-alcoholic beverages,10400.0
308281.0,01,Food and non-alcoholic beverages,19200.0
308282.0,01,Food and non-alcoholic beverages,22560.586600000002
308283.0,01,Food and non-alcoholic beverages,23704.01
308284.0,01,Food and non-alcoholic beverages,23250.002
308285.0,01,Food and non-alcoholic beverages,15300.735
308286.0,01,Food and non-alcoholic beverages,11852.985
308287.0,01,Food and non-alcoholic beverages,21109.316
308288.0,01,Food and non-alcoholic beverages,2861.767
308289.0,01,Food and non-alcoholic beverages,12206.025
308290.0,01,Food and non-alcoholic beverages,16604.65
308291.0,01,Food and non-alcoholic beverages,4503.009
308292.0,01,Food and non-alcoholic beverages,4160.564
308293.0,01,Food and non-alcoholic beverages,26426.716
308294.0,01,Food and non-alcoholic beverages,4910.7880000000005
308295.0,01,Food and non-alcoholic beverages,16960.7534
308296.0,01,Food and non-alcoholic beverages,15010.3333
308297.0,01,Food and non-alcoholic beverages,10670.532
308298.0,01,Food and non-alcoholic beverages,14660.217
308299.0,01,Food and non-alcoholic beverages,8310.219
308300.0,01,Food and non-alcoholic beverages,6158.644
308301.0,01,Food and non-alcoholic beverages,906.966
308302.0,01,Food and non-alcoholic beverages,15612.5
308303.0,01,Food and non-alcoholic beverages,16324.819
308304.0,01,Food and non-alcoholic beverages,14566.5
308305.0,01,Food and non-alcoholic beverages,22655.75
308306.0,01,Food and non-alcoholic beverages,8738.295
308307.0,01,Food and non-alcoholic beverages,2500.0
308308.0,01,Food and non-alcoholic beverages,3570.1530000000002
308309.0,01,Food and non-alcoholic beverages,8213.516
308310.0,01,Food and non-alcoholic beverages,1370.6
308311.0,01,Food and non-alcoholic beverages,6703.603
308312.0,01,Food and non-alcoholic beverages,8007.0
308313.0,01,Food and non-alcoholic beverages,2763.269
308314.0,01,Food and non-alcoholic beverages,9467.24
308315.0,01,Food and non-alcoholic beverages,35522.716
308316.0,01,Food and non-alcoholic beverages,9618.2
308317.0,01,Food and non-alcoholic beverages,31010.086
308318.0,01,Food and non-alcoholic beverages,12853.704
308319.0,01,Food and non-alcoholic beverages,5231.43
308320.0,01,Food and non-alcoholic beverages,11908.285
308321.0,01,Food and non-alcoholic beverages,23357.25
308322.0,01,Food and non-alcoholic beverages,21979.1696
308323.0,01,Food and non-alcoholic beverages,19471.713
308324.0,01,Food and non-alcoholic beverages,9654.041
308325.0,01,Food and non-alcoholic beverages,4208.2
308326.0,01,Food and non-alcoholic beverages,10950.0
308327.0,01,Food and non-alcoholic beverages,12672.268
308328.0,01,Food and non-alcoholic beverages,17552.75
308329.0,01,Food and non-alcoholic beverages,8554.028
308330.0,01,Food and non-alcoholic beverages,9207.5
308331.0,01,Food and non-alcoholic beverages,7503.011
308332.0,01,Food and non-alcoholic beverages,22421.282
308333.0,01,Food and non-alcoholic beverages,18306.0
308334.0,01,Food and non-alcoholic beverages,8457.41
308335.0,01,Food and non-alcoholic beverages,10455.9
308336.0,01,Food and non-alcoholic beverages,19803.0
308337.0,01,Food and non-alcoholic beverages,24921.95
308338.0,01,Food and non-alcoholic beverages,20867.77
308339.0,01,Food and non-alcoholic beverages,20559.5
308340.0,01,Food and non-alcoholic beverages,9510.684
308341.0,01,Food and non-alcoholic beverages,3551.8615
308342.0,01,Food and non-alcoholic beverages,7937.025
308343.0,01,Food and non-alcoholic beverages,44555.21
308344.0,01,Food and non-alcoholic beverages,20860.65
308345.0,01,Food and non-alcoholic beverages,8246.435
308346.0,01,Food and non-alcoholic beverages,8099.615
308347.0,01,Food and non-alcoholic beverages,2314.5
308348.0,01,Food and non-alcoholic beverages,16629.53
308349.0,01,Food and non-alcoholic beverages,19530.022
308350.0,01,Food and non-alcoholic beverages,6063.768
308351.0,01,Food and non-alcoholic beverages,16903.0
308352.0,01,Food and non-alcoholic beverages,21250.0
308353.0,01,Food and non-alcoholic beverages,35650.5
308354.0,01,Food and non-alcoholic beverages,18101.85
308355.0,01,Food and non-alcoholic beverages,38149.0
308357.0,01,Food and non-alcoholic beverages,18104.665
308358.0,01,Food and non-alcoholic beverages,54779.0
308359.0,01,Food and non-alcoholic beverages,13550.25
308360.0,01,Food and non-alcoholic beverages,22287.8
308361.0,01,Food and non-alcoholic beverages,1663.9
308362.0,01,Food and non-alcoholic beverages,3582.929
308363.0,01,Food and non-alcoholic beverages,8666.135
308364.0,01,Food and non-alcoholic beverages,3454.085
308365.0,01,Food and non-alcoholic beverages,47980.78
308366.0,01,Food and non-alcoholic beverages,9006.333
308367.0,01,Food and non-alcoholic beverages,14306.9152
308368.0,01,Food and non-alcoholic beverages,2519.7415
308369.0,01,Food and non-alcoholic beverages,2243.403
308370.0,01,Food and non-alcoholic beverages,3834.27
308371.0,01,Food and non-alcoholic beverages,1028.15
308372.0,01,Food and non-alcoholic beverages,7508.45
308373.0,01,Food and non-alcoholic beverages,342.0
308374.0,01,Food and non-alcoholic beverages,12998.635
308375.0,01,Food and non-alcoholic beverages,1011.148
308376.0,01,Food and non-alcoholic beverages,7641.26
308377.0,01,Food and non-alcoholic beverages,6738.9537
308378.0,01,Food and non-alcoholic beverages,1409.2
308379.0,01,Food and non-alcoholic beverages,9679.1
308380.0,01,Food and non-alcoholic beverages,11501.0
308381.0,01,Food and non-alcoholic beverages,30426.7125
308382.0,01,Food and non-alcoholic beverages,10475.189
308383.0,01,Food and non-alcoholic beverages,11460.781
308384.0,01,Food and non-alcoholic beverages,1883.3596
308385.0,01,Food and non-alcoholic beverages,5952.25
308386.0,01,Food and non-alcoholic beverages,3606.277
308387.0,01,Food and non-alcoholic beverages,12174.085000000001
308388.0,01,Food and non-alcoholic beverages,17507.117
308389.0,01,Food and non-alcoholic beverages,5904.743
308390.0,01,Food and non-alcoholic beverages,5430.563
308391.0,01,Food and non-alcoholic beverages,4075.0
308392.0,01,Food and non-alcoholic beverages,8457.004
308393.0,01,Food and non-alcoholic beverages,35031.45
308394.0,01,Food and non-alcoholic beverages,1593.861
308395.0,01,Food and non-alcoholic beverages,8518.355
308396.0,01,Food and non-alcoholic beverages,3504.55
308397.0,01,Food and non-alcoholic beverages,25160.516
308398.0,01,Food and non-alcoholic beverages,5918.55
308399.0,01,Food and non-alcoholic beverages,8882.3815
308400.0,01,Food and non-alcoholic beverages,1727.355
308401.0,01,Food and non-alcoholic beverages,16797.171
308402.0,01,Food and non-alcoholic beverages,19186.547
308403.0,01,Food and non-alcoholic beverages,2761.18
308404.0,01,Food and non-alcoholic beverages,15426.812
308405.0,01,Food and non-alcoholic beverages,7805.782
308406.0,01,Food and non-alcoholic beverages,3569.829
308407.0,01,Food and non-alcoholic beverages,6734.197
308408.0,01,Food and non-alcoholic beverages,5707.455
308409.0,01,Food and non-alcoholic beverages,14763.883
308410.0,01,Food and non-alcoholic beverages,2421.25
308411.0,01,Food and non-alcoholic beverages,6652.73
308412.0,01,Food and non-alcoholic beverages,5368.547
308413.0,01,Food and non-alcoholic beverages,8166.222
308414.0,01,Food and non-alcoholic beverages,17906.675
308415.0,01,Food and non-alcoholic beverages,16404.6
308416.0,01,Food and non-alcoholic beverages,9713.283
308417.0,01,Food and non-alcoholic beverages,10411.813
308418.0,01,Food and non-alcoholic beverages,721.13
308419.0,01,Food and non-alcoholic beverages,18161.56
308420.0,01,Food and non-alcoholic beverages,3460.795
308421.0,01,Food and non-alcoholic beverages,5228.8395
308422.0,01,Food and non-alcoholic beverages,9372.124
308423.0,01,Food and non-alcoholic beverages,11873.85
308424.0,01,Food and non-alcoholic beverages,3200.685
308425.0,01,Food and non-alcoholic beverages,4476.258
308426.0,01,Food and non-alcoholic beverages,2092.435
308427.0,01,Food and non-alcoholic beverages,15483.8545
308428.0,01,Food and non-alcoholic beverages,20029.261
308429.0,01,Food and non-alcoholic beverages,2512.8469999999998
308430.0,01,Food and non-alcoholic beverages,7218.781
308431.0,01,Food and non-alcoholic beverages,2665.1623
308432.0,01,Food and non-alcoholic beverages,28401.0
308433.0,01,Food and non-alcoholic beverages,25203.6
308434.0,01,Food and non-alcoholic beverages,7950.3
308435.0,01,Food and non-alcoholic beverages,13702.36
308436.0,01,Food and non-alcoholic beverages,2251.3095
308437.0,01,Food and non-alcoholic beverages,30000.85
308438.0,01,Food and non-alcoholic beverages,8352.58
308439.0,01,Food and non-alcoholic beverages,4656.9452
308440.0,01,Food and non-alcoholic beverages,22501.0
308441.0,01,Food and non-alcoholic beverages,16360.65
308442.0,01,Food and non-alcoholic beverages,5055.8
308443.0,01,Food and non-alcoholic beverages,13981.156
308444.0,01,Food and non-alcoholic beverages,10861.021
308445.0,01,Food and non-alcoholic beverages,13076.315
308446.0,01,Food and non-alcoholic beverages,9308.15
308447.0,01,Food and non-alcoholic beverages,862.137
308448.0,01,Food and non-alcoholic beverages,24185.51
308449.0,01,Food and non-alcoholic beverages,6567.5
308450.0,01,Food and non-alcoholic beverages,9857.68
308451.0,01,Food and non-alcoholic beverages,5275.824
308452.0,01,Food and non-alcoholic beverages,14105.206
308453.0,01,Food and non-alcoholic beverages,19367.198
308454.0,01,Food and non-alcoholic beverages,4011.9675
308455.0,01,Food and non-alcoholic beverages,11400.0
308456.0,01,Food and non-alcoholic beverages,517.925
308457.0,01,Food and non-alcoholic beverages,13894.1245
308458.0,01,Food and non-alcoholic beverages,47704.087
308459.0,01,Food and non-alcoholic beverages,99800.0
308460.0,01,Food and non-alcoholic beverages,9400.259
308461.0,01,Food and non-alcoholic beverages,9903.405
308462.0,01,Food and non-alcoholic beverages,19100.0
308463.0,01,Food and non-alcoholic beverages,17400.0
308464.0,01,Food and non-alcoholic beverages,5602.157999999999
308465.0,01,Food and non-alcoholic beverages,34650.75
308466.0,01,Food and non-alcoholic beverages,52302.0
308467.0,01,Food and non-alcoholic beverages,60200.0
308468.0,01,Food and non-alcoholic beverages,16200.0003
308469.0,01,Food and non-alcoholic beverages,14868.95
308470.0,01,Food and non-alcoholic beverages,41108.52
308471.0,01,Food and non-alcoholic beverages,13305.186
308472.0,01,Food and non-alcoholic beverages,5761.322
308473.0,01,Food and non-alcoholic beverages,13908.0473
308474.0,01,Food and non-alcoholic beverages,11361.005
308475.0,01,Food and non-alcoholic beverages,8769.112
308476.0,01,Food and non-alcoholic beverages,4053.0
308477.0,01,Food and non-alcoholic beverages,1201.055
308478.0,01,Food and non-alcoholic beverages,30704.402
308479.0,01,Food and non-alcoholic beverages,10452.2
308480.0,01,Food and non-alcoholic beverages,22602.0
308481.0,01,Food and non-alcoholic beverages,15152.027
308482.0,01,Food and non-alcoholic beverages,29151.528
308483.0,01,Food and non-alcoholic beverages,30151.25
308484.0,01,Food and non-alcoholic beverages,32703.0
308485.0,01,Food and non-alcoholic beverages,8500.0
308486.0,01,Food and non-alcoholic beverages,12354.85
308487.0,01,Food and non-alcoholic beverages,9002.86
308488.0,01,Food and non-alcoholic beverages,16208.755
308489.0,01,Food and non-alcoholic beverages,10375.633
308490.0,01,Food and non-alcoholic beverages,9258.65
308491.0,01,Food and non-alcoholic beverages,16952.425
308492.0,01,Food and non-alcoholic beverages,1104.8776
308493.0,01,Food and non-alcoholic beverages,1709.867
308494.0,01,Food and non-alcoholic beverages,9758.25
308495.0,01,Food and non-alcoholic beverages,14953.5
308496.0,01,Food and non-alcoholic beverages,9223.926
308497.0,01,Food and non-alcoholic beverages,14102.004
308498.0,01,Food and non-alcoholic beverages,14102.05
308499.0,01,Food and non-alcoholic beverages,16634.782
308500.0,01,Food and non-alcoholic beverages,6420.603
308501.0,01,Food and non-alcoholic beverages,11211.282
308502.0,01,Food and non-alcoholic beverages,16358.296
308503.0,01,Food and non-alcoholic beverages,11540.033
308504.0,01,Food and non-alcoholic beverages,23081.113
308505.0,01,Food and non-alcoholic beverages,26010.93
308506.0,01,Food and non-alcoholic beverages,15716.86
308507.0,01,Food and non-alcoholic beverages,17563.127
308508.0,01,Food and non-alcoholic beverages,18915.762
308509.0,01,Food and non-alcoholic beverages,11823.3405
308510.0,01,Food and non-alcoholic beverages,8768.249
308511.0,01,Food and non-alcoholic beverages,10222.3
308512.0,01,Food and non-alcoholic beverages,14693.902
308513.0,01,Food and non-alcoholic beverages,15213.015
308514.0,01,Food and non-alcoholic beverages,4630.248
308515.0,01,Food and non-alcoholic beverages,7412.529
308516.0,01,Food and non-alcoholic beverages,14409.97
308517.0,01,Food and non-alcoholic beverages,4329.335
308518.0,01,Food and non-alcoholic beverages,6920.493
308519.0,01,Food and non-alcoholic beverages,10765.622
308520.0,01,Food and non-alcoholic beverages,4712.362999999999
308521.0,01,Food and non-alcoholic beverages,7759.0
308522.0,01,Food and non-alcoholic beverages,4105.8
308523.0,01,Food and non-alcoholic beverages,66503.7
308524.0,01,Food and non-alcoholic beverages,62051.9
308525.0,01,Food and non-alcoholic beverages,754.6510000000001
308526.0,01,Food and non-alcoholic beverages,43500.0
308527.0,01,Food and non-alcoholic beverages,18606.486
308528.0,01,Food and non-alcoholic beverages,4100.1
308529.0,01,Food and non-alcoholic beverages,44255.5
308530.0,01,Food and non-alcoholic beverages,55858.5
308531.0,01,Food and non-alcoholic beverages,13733.073
308532.0,01,Food and non-alcoholic beverages,7924.325
308533.0,01,Food and non-alcoholic beverages,56435.021
308534.0,01,Food and non-alcoholic beverages,80915.999
308535.0,01,Food and non-alcoholic beverages,11362.374
308536.0,01,Food and non-alcoholic beverages,4816.036
308537.0,01,Food and non-alcoholic beverages,11981.1833
308538.0,01,Food and non-alcoholic beverages,3014.108
308539.0,01,Food and non-alcoholic beverages,10752.1865
308540.0,01,Food and non-alcoholic beverages,15616.5
308541.0,01,Food and non-alcoholic beverages,25459.355
308542.0,01,Food and non-alcoholic beverages,14652.565
308543.0,01,Food and non-alcoholic beverages,22600.0
308544.0,01,Food and non-alcoholic beverages,17440.0
308545.0,01,Food and non-alcoholic beverages,30550.0
308546.0,01,Food and non-alcoholic beverages,19451.0
308547.0,01,Food and non-alcoholic beverages,4756.6109
308548.0,01,Food and non-alcoholic beverages,11751.506
308549.0,01,Food and non-alcoholic beverages,29755.5
308550.0,01,Food and non-alcoholic beverages,8148.4493
308551.0,01,Food and non-alcoholic beverages,5245.102
308552.0,01,Food and non-alcoholic beverages,7422.805
308553.0,01,Food and non-alcoholic beverages,1621.325
308554.0,01,Food and non-alcoholic beverages,2412.4700000000003
308555.0,01,Food and non-alcoholic beverages,3796.244
308556.0,01,Food and non-alcoholic beverages,1112.167
308557.0,01,Food and non-alcoholic beverages,5239.946
308558.0,01,Food and non-alcoholic beverages,16712.619
308559.0,01,Food and non-alcoholic beverages,1613.025
308560.0,01,Food and non-alcoholic beverages,7405.0
308561.0,01,Food and non-alcoholic beverages,21100.004
308562.0,01,Food and non-alcoholic beverages,9406.206
308563.0,01,Food and non-alcoholic beverages,6253.9166000000005
308564.0,01,Food and non-alcoholic beverages,14368.9
308565.0,01,Food and non-alcoholic beverages,4110.2326
308566.0,01,Food and non-alcoholic beverages,9852.509
308567.0,01,Food and non-alcoholic beverages,6908.0
308568.0,01,Food and non-alcoholic beverages,7950.03
308569.0,01,Food and non-alcoholic beverages,12950.77
308570.0,01,Food and non-alcoholic beverages,2816.408
308571.0,01,Food and non-alcoholic beverages,5357.064
308572.0,01,Food and non-alcoholic beverages,8822.089
308573.0,01,Food and non-alcoholic beverages,1318.781
308574.0,01,Food and non-alcoholic beverages,3736.9242999999997
308575.0,01,Food and non-alcoholic beverages,2064.4195
308576.0,01,Food and non-alcoholic beverages,12430.703
308577.0,01,Food and non-alcoholic beverages,22070.0
308578.0,01,Food and non-alcoholic beverages,2114.5
308579.0,01,Food and non-alcoholic beverages,7657.916
308580.0,01,Food and non-alcoholic beverages,625.274
308582.0,01,Food and non-alcoholic beverages,43238.494
308583.0,01,Food and non-alcoholic beverages,14432.106
308584.0,01,Food and non-alcoholic beverages,7904.008
308585.0,01,Food and non-alcoholic beverages,8878.110999999999
308586.0,01,Food and non-alcoholic beverages,13952.115
308587.0,01,Food and non-alcoholic beverages,10553.0
308588.0,01,Food and non-alcoholic beverages,17153.333
308589.0,01,Food and non-alcoholic beverages,10117.314
308590.0,01,Food and non-alcoholic beverages,6709.16
308591.0,01,Food and non-alcoholic beverages,28850.0
308592.0,01,Food and non-alcoholic beverages,26211.979
308593.0,01,Food and non-alcoholic beverages,4409.75
308594.0,01,Food and non-alcoholic beverages,11119.694
308595.0,01,Food and non-alcoholic beverages,10793.960000000001
308596.0,01,Food and non-alcoholic beverages,9755.012
308597.0,01,Food and non-alcoholic beverages,2007.51
308598.0,01,Food and non-alcoholic beverages,11283.9
308599.0,01,Food and non-alcoholic beverages,2900.0
308600.0,01,Food and non-alcoholic beverages,5412.4553
308601.0,01,Food and non-alcoholic beverages,7524.2662
308602.0,01,Food and non-alcoholic beverages,4172.272
308603.0,01,Food and non-alcoholic beverages,9253.021
308604.0,01,Food and non-alcoholic beverages,6650.0
308605.0,01,Food and non-alcoholic beverages,17254.8
308606.0,01,Food and non-alcoholic beverages,21663.772
308607.0,01,Food and non-alcoholic beverages,16508.5
308608.0,01,Food and non-alcoholic beverages,5557.75
308609.0,01,Food and non-alcoholic beverages,12119.4
308610.0,01,Food and non-alcoholic beverages,16300.9
308611.0,01,Food and non-alcoholic beverages,6850.5
308612.0,01,Food and non-alcoholic beverages,7356.8125
308613.0,01,Food and non-alcoholic beverages,3111.007
308614.0,01,Food and non-alcoholic beverages,2859.011
308615.0,01,Food and non-alcoholic beverages,12211.56
308616.0,01,Food and non-alcoholic beverages,11303.0
308617.0,01,Food and non-alcoholic beverages,8611.798
308618.0,01,Food and non-alcoholic beverages,6568.309
308619.0,01,Food and non-alcoholic beverages,32802.05
308620.0,01,Food and non-alcoholic beverages,3507.096
308621.0,01,Food and non-alcoholic beverages,5106.856
308622.0,01,Food and non-alcoholic beverages,9302.755
308623.0,01,Food and non-alcoholic beverages,16859.0
308624.0,01,Food and non-alcoholic beverages,15621.27
308625.0,01,Food and non-alcoholic beverages,4261.25
308626.0,01,Food and non-alcoholic beverages,7655.25
308627.0,01,Food and non-alcoholic beverages,16751.5
308628.0,01,Food and non-alcoholic beverages,13605.89
308629.0,01,Food and non-alcoholic beverages,8676.0624
308630.0,01,Food and non-alcoholic beverages,9350.0
308631.0,01,Food and non-alcoholic beverages,13550.0
308632.0,01,Food and non-alcoholic beverages,9705.265
308633.0,01,Food and non-alcoholic beverages,36500.8
308634.0,01,Food and non-alcoholic beverages,18550.0006
308635.0,01,Food and non-alcoholic beverages,16163.5
308636.0,01,Food and non-alcoholic beverages,35050.0
308637.0,01,Food and non-alcoholic beverages,11908.75
308638.0,01,Food and non-alcoholic beverages,9008.508
308639.0,01,Food and non-alcoholic beverages,16628.4
308640.0,01,Food and non-alcoholic beverages,1117.5
308641.0,01,Food and non-alcoholic beverages,5661.703
308642.0,01,Food and non-alcoholic beverages,3268.102
308643.0,01,Food and non-alcoholic beverages,4515.722
308644.0,01,Food and non-alcoholic beverages,3363.772
308645.0,01,Food and non-alcoholic beverages,2858.83
308646.0,01,Food and non-alcoholic beverages,7108.6848
308647.0,01,Food and non-alcoholic beverages,3221.733
308648.0,01,Food and non-alcoholic beverages,8214.0
308649.0,01,Food and non-alcoholic beverages,25907.0
308650.0,01,Food and non-alcoholic beverages,31817.86
308651.0,01,Food and non-alcoholic beverages,709.8363
308652.0,01,Food and non-alcoholic beverages,25706.9999
308653.0,01,Food and non-alcoholic beverages,17051.537
308654.0,01,Food and non-alcoholic beverages,23455.721
308655.0,01,Food and non-alcoholic beverages,8459.405
308656.0,01,Food and non-alcoholic beverages,17518.953
308657.0,01,Food and non-alcoholic beverages,24345.518
308658.0,01,Food and non-alcoholic beverages,8022.2767
308659.0,01,Food and non-alcoholic beverages,14719.587
308660.0,01,Food and non-alcoholic beverages,27962.743
308661.0,01,Food and non-alcoholic beverages,3428.08
308662.0,01,Food and non-alcoholic beverages,10839.34
308663.0,01,Food and non-alcoholic beverages,6010.4586
308664.0,01,Food and non-alcoholic beverages,16214.0
308665.0,01,Food and non-alcoholic beverages,10416.02
308666.0,01,Food and non-alcoholic beverages,2752.74
308667.0,01,Food and non-alcoholic beverages,14956.15
308668.0,01,Food and non-alcoholic beverages,15556.85
308669.0,01,Food and non-alcoholic beverages,5702.5
308670.0,01,Food and non-alcoholic beverages,5921.95
308671.0,01,Food and non-alcoholic beverages,15711.05
308672.0,01,Food and non-alcoholic beverages,8903.882
308673.0,01,Food and non-alcoholic beverages,1971.0
308674.0,01,Food and non-alcoholic beverages,3904.183
308675.0,01,Food and non-alcoholic beverages,27825.0
308676.0,01,Food and non-alcoholic beverages,21350.35
308677.0,01,Food and non-alcoholic beverages,2175.0299999999997
308678.0,01,Food and non-alcoholic beverages,3914.126
308679.0,01,Food and non-alcoholic beverages,14907.602
308680.0,01,Food and non-alcoholic beverages,8304.5
308681.0,01,Food and non-alcoholic beverages,17900.0
308682.0,01,Food and non-alcoholic beverages,10676.497
308683.0,01,Food and non-alcoholic beverages,9784.093
308684.0,01,Food and non-alcoholic beverages,6771.9
308685.0,01,Food and non-alcoholic beverages,11110.0
308686.0,01,Food and non-alcoholic beverages,10323.877
308687.0,01,Food and non-alcoholic beverages,12837.404999999999
308688.0,01,Food and non-alcoholic beverages,7973.818
308689.0,01,Food and non-alcoholic beverages,5214.5
308690.0,01,Food and non-alcoholic beverages,11113.734
308691.0,01,Food and non-alcoholic beverages,15562.9366
308692.0,01,Food and non-alcoholic beverages,10904.923999999999
308693.0,01,Food and non-alcoholic beverages,13752.105
308694.0,01,Food and non-alcoholic beverages,13050.0
308695.0,01,Food and non-alcoholic beverages,18200.0
308696.0,01,Food and non-alcoholic beverages,14501.0
308697.0,01,Food and non-alcoholic beverages,9058.0
308698.0,01,Food and non-alcoholic beverages,2351.209
308699.0,01,Food and non-alcoholic beverages,14450.0
308700.0,01,Food and non-alcoholic beverages,16550.4903
308701.0,01,Food and non-alcoholic beverages,17400.662
308702.0,01,Food and non-alcoholic beverages,14900.0
308703.0,01,Food and non-alcoholic beverages,18350.0
308704.0,01,Food and non-alcoholic beverages,36250.5
308705.0,01,Food and non-alcoholic beverages,51350.0
308706.0,01,Food and non-alcoholic beverages,49704.76
308707.0,01,Food and non-alcoholic beverages,20200.0
308708.0,01,Food and non-alcoholic beverages,16300.0
308709.0,01,Food and non-alcoholic beverages,8000.0
308710.0,01,Food and non-alcoholic beverages,10900.0
308711.0,01,Food and non-alcoholic beverages,16929.2828
308712.0,01,Food and non-alcoholic beverages,8525.417
308713.0,01,Food and non-alcoholic beverages,8968.04
308714.0,01,Food and non-alcoholic beverages,11101.0
308715.0,01,Food and non-alcoholic beverages,23680.9
308716.0,01,Food and non-alcoholic beverages,11157.3196
308717.0,01,Food and non-alcoholic beverages,4606.683
308718.0,01,Food and non-alcoholic beverages,5409.782
308719.0,01,Food and non-alcoholic beverages,20200.0
308720.0,01,Food and non-alcoholic beverages,5251.1125
308721.0,01,Food and non-alcoholic beverages,3910.0
308722.0,01,Food and non-alcoholic beverages,704.3910000000001
308723.0,01,Food and non-alcoholic beverages,21551.508
308724.0,01,Food and non-alcoholic beverages,3404.7
308725.0,01,Food and non-alcoholic beverages,514.1733
308726.0,01,Food and non-alcoholic beverages,3517.27
308727.0,01,Food and non-alcoholic beverages,3960.9
308728.0,01,Food and non-alcoholic beverages,2551.8
308729.0,01,Food and non-alcoholic beverages,6500.0
308730.0,01,Food and non-alcoholic beverages,58257.985
308731.0,01,Food and non-alcoholic beverages,2517.123
308732.0,01,Food and non-alcoholic beverages,4010.941
308733.0,01,Food and non-alcoholic beverages,39165.206
308734.0,01,Food and non-alcoholic beverages,6539.860000000001
308735.0,01,Food and non-alcoholic beverages,9820.6
308736.0,01,Food and non-alcoholic beverages,3356.3999999999996
308737.0,01,Food and non-alcoholic beverages,1657.2730000000001
308738.0,01,Food and non-alcoholic beverages,18157.394
308739.0,01,Food and non-alcoholic beverages,17623.55
308740.0,01,Food and non-alcoholic beverages,7952.994
308741.0,01,Food and non-alcoholic beverages,809.746
308742.0,01,Food and non-alcoholic beverages,14505.115
308743.0,01,Food and non-alcoholic beverages,10057.914
308744.0,01,Food and non-alcoholic beverages,10855.013
308745.0,01,Food and non-alcoholic beverages,8147.1006
308746.0,01,Food and non-alcoholic beverages,6771.5
308747.0,01,Food and non-alcoholic beverages,14378.422
308748.0,01,Food and non-alcoholic beverages,17460.783
308749.0,01,Food and non-alcoholic beverages,22763.899
308750.0,01,Food and non-alcoholic beverages,67602.998
308751.0,01,Food and non-alcoholic beverages,5515.919
308752.0,01,Food and non-alcoholic beverages,31428.66
308753.0,01,Food and non-alcoholic beverages,20263.072
308754.0,01,Food and non-alcoholic beverages,18372.0
308755.0,01,Food and non-alcoholic beverages,11971.535
308756.0,01,Food and non-alcoholic beverages,21700.0
308757.0,01,Food and non-alcoholic beverages,29100.0
308758.0,01,Food and non-alcoholic beverages,22457.0
308759.0,01,Food and non-alcoholic beverages,1413.454
308760.0,01,Food and non-alcoholic beverages,15563.975
308761.0,01,Food and non-alcoholic beverages,5601.978
308762.0,01,Food and non-alcoholic beverages,17769.504
308763.0,01,Food and non-alcoholic beverages,4569.5216
308764.0,01,Food and non-alcoholic beverages,18356.1
308765.0,01,Food and non-alcoholic beverages,10119.464
308766.0,01,Food and non-alcoholic beverages,11454.75
308767.0,01,Food and non-alcoholic beverages,7477.67
308768.0,01,Food and non-alcoholic beverages,5205.65
308769.0,01,Food and non-alcoholic beverages,706.637
308770.0,01,Food and non-alcoholic beverages,16772.793
308771.0,01,Food and non-alcoholic beverages,4932.613
308772.0,01,Food and non-alcoholic beverages,3410.326
308773.0,01,Food and non-alcoholic beverages,1110.6
308774.0,01,Food and non-alcoholic beverages,918.69
308775.0,01,Food and non-alcoholic beverages,8512.9289
308776.0,01,Food and non-alcoholic beverages,9211.439
308777.0,01,Food and non-alcoholic beverages,4603.575
308778.0,01,Food and non-alcoholic beverages,5456.75
308779.0,01,Food and non-alcoholic beverages,4018.458
308780.0,01,Food and non-alcoholic beverages,8565.714
308781.0,01,Food and non-alcoholic beverages,1963.327
308782.0,01,Food and non-alcoholic beverages,1524.75
308783.0,01,Food and non-alcoholic beverages,9160.151
308784.0,01,Food and non-alcoholic beverages,21151.123
308785.0,01,Food and non-alcoholic beverages,6805.794
308786.0,01,Food and non-alcoholic beverages,4104.264
308787.0,01,Food and non-alcoholic beverages,10268.141
308788.0,01,Food and non-alcoholic beverages,6663.879
308789.0,01,Food and non-alcoholic beverages,29712.496
308790.0,01,Food and non-alcoholic beverages,20864.261
308791.0,01,Food and non-alcoholic beverages,13558.75
308792.0,01,Food and non-alcoholic beverages,29500.0
308793.0,01,Food and non-alcoholic beverages,76514.87
308794.0,01,Food and non-alcoholic beverages,22521.8
308795.0,01,Food and non-alcoholic beverages,3150.5
308796.0,01,Food and non-alcoholic beverages,9950.093
308797.0,01,Food and non-alcoholic beverages,9200.025
308798.0,01,Food and non-alcoholic beverages,9908.801
308799.0,01,Food and non-alcoholic beverages,9651.0
308800.0,01,Food and non-alcoholic beverages,13010.745
308801.0,01,Food and non-alcoholic beverages,8006.387
308802.0,01,Food and non-alcoholic beverages,8160.515
308803.0,01,Food and non-alcoholic beverages,5760.97
308804.0,01,Food and non-alcoholic beverages,4417.201
308805.0,01,Food and non-alcoholic beverages,6863.291
308806.0,01,Food and non-alcoholic beverages,5318.845
308807.0,01,Food and non-alcoholic beverages,12032.69
308808.0,01,Food and non-alcoholic beverages,7269.89
308809.0,01,Food and non-alcoholic beverages,3991.095
308810.0,01,Food and non-alcoholic beverages,3883.646
308811.0,01,Food and non-alcoholic beverages,3315.582
308812.0,01,Food and non-alcoholic beverages,16529.521
308813.0,01,Food and non-alcoholic beverages,3318.669
308814.0,01,Food and non-alcoholic beverages,4786.775
308815.0,01,Food and non-alcoholic beverages,11245.218
308816.0,01,Food and non-alcoholic beverages,5678.27
308817.0,01,Food and non-alcoholic beverages,9436.411
308818.0,01,Food and non-alcoholic beverages,5792.178
308819.0,01,Food and non-alcoholic beverages,6259.392
308820.0,01,Food and non-alcoholic beverages,4221.971
308821.0,01,Food and non-alcoholic beverages,8404.984
308822.0,01,Food and non-alcoholic beverages,13534.693
308823.0,01,Food and non-alcoholic beverages,11102.432999999999
308824.0,01,Food and non-alcoholic beverages,20129.466
308825.0,01,Food and non-alcoholic beverages,31205.006
308826.0,01,Food and non-alcoholic beverages,1217.9013
308827.0,01,Food and non-alcoholic beverages,6098.994
308828.0,01,Food and non-alcoholic beverages,17912.701
308829.0,01,Food and non-alcoholic beverages,4207.5
308830.0,01,Food and non-alcoholic beverages,20208.262
308831.0,01,Food and non-alcoholic beverages,5385.047
308832.0,01,Food and non-alcoholic beverages,16117.553
308833.0,01,Food and non-alcoholic beverages,7666.645
308834.0,01,Food and non-alcoholic beverages,18325.67
308835.0,01,Food and non-alcoholic beverages,15824.207
308836.0,01,Food and non-alcoholic beverages,2614.79
308837.0,01,Food and non-alcoholic beverages,22501.013
308838.0,01,Food and non-alcoholic beverages,18053.833
308839.0,01,Food and non-alcoholic beverages,98729.114
308840.0,01,Food and non-alcoholic beverages,9086.684
308841.0,01,Food and non-alcoholic beverages,9028.994
308842.0,01,Food and non-alcoholic beverages,96718.021
308843.0,01,Food and non-alcoholic beverages,30455.125
308844.0,01,Food and non-alcoholic beverages,18209.554
308845.0,01,Food and non-alcoholic beverages,8828.55
308846.0,01,Food and non-alcoholic beverages,22704.309
308847.0,01,Food and non-alcoholic beverages,8440.601
308848.0,01,Food and non-alcoholic beverages,13170.704
308849.0,01,Food and non-alcoholic beverages,65283.258
308850.0,01,Food and non-alcoholic beverages,8556.0
308851.0,01,Food and non-alcoholic beverages,13605.557
308852.0,01,Food and non-alcoholic beverages,25258.512
308853.0,01,Food and non-alcoholic beverages,54890.196
308854.0,01,Food and non-alcoholic beverages,25400.018
308855.0,01,Food and non-alcoholic beverages,18446.822
308856.0,01,Food and non-alcoholic beverages,20208.008
308857.0,01,Food and non-alcoholic beverages,5785.3395
308858.0,01,Food and non-alcoholic beverages,9143.616
308859.0,01,Food and non-alcoholic beverages,33130.949
308860.0,01,Food and non-alcoholic beverages,10850.018
308861.0,01,Food and non-alcoholic beverages,11508.9
308862.0,01,Food and non-alcoholic beverages,4123.8383
308863.0,01,Food and non-alcoholic beverages,1981.374
308864.0,01,Food and non-alcoholic beverages,1410.751
308865.0,01,Food and non-alcoholic beverages,10076.251
308866.0,01,Food and non-alcoholic beverages,4652.039
308867.0,01,Food and non-alcoholic beverages,6573.497
308868.0,01,Food and non-alcoholic beverages,3008.1240000000003
308869.0,01,Food and non-alcoholic beverages,3616.515
308870.0,01,Food and non-alcoholic beverages,10191.226
308871.0,01,Food and non-alcoholic beverages,7652.287
308872.0,01,Food and non-alcoholic beverages,2843.027
308873.0,01,Food and non-alcoholic beverages,14613.685
308874.0,01,Food and non-alcoholic beverages,11257.341
308875.0,01,Food and non-alcoholic beverages,8230.469000000001
308876.0,01,Food and non-alcoholic beverages,4501.523
308877.0,01,Food and non-alcoholic beverages,12165.459
308878.0,01,Food and non-alcoholic beverages,1017.131
308879.0,01,Food and non-alcoholic beverages,40.939
308880.0,01,Food and non-alcoholic beverages,17504.232
308881.0,01,Food and non-alcoholic beverages,5223.4
308882.0,01,Food and non-alcoholic beverages,8123.45
308883.0,01,Food and non-alcoholic beverages,6804.765
308884.0,01,Food and non-alcoholic beverages,10762.868
308885.0,01,Food and non-alcoholic beverages,11907.5
308886.0,01,Food and non-alcoholic beverages,14167.508
308887.0,01,Food and non-alcoholic beverages,16639.933
308888.0,01,Food and non-alcoholic beverages,16327.831
308889.0,01,Food and non-alcoholic beverages,8654.772
308890.0,01,Food and non-alcoholic beverages,15667.029
308891.0,01,Food and non-alcoholic beverages,32043.133
308892.0,01,Food and non-alcoholic beverages,3769.697
308893.0,01,Food and non-alcoholic beverages,3766.308
308894.0,01,Food and non-alcoholic beverages,6100.685
308895.0,01,Food and non-alcoholic beverages,2254.15
308896.0,01,Food and non-alcoholic beverages,8329.639
308897.0,01,Food and non-alcoholic beverages,5303.3
308898.0,01,Food and non-alcoholic beverages,2118.222
308899.0,01,Food and non-alcoholic beverages,7709.154
308900.0,01,Food and non-alcoholic beverages,16769.346
308901.0,01,Food and non-alcoholic beverages,10964.375
308902.0,01,Food and non-alcoholic beverages,11108.76
308903.0,01,Food and non-alcoholic beverages,11411.183
308904.0,01,Food and non-alcoholic beverages,5180.496
308905.0,01,Food and non-alcoholic beverages,5431.442
308906.0,01,Food and non-alcoholic beverages,5817.233
308907.0,01,Food and non-alcoholic beverages,4063.415
308908.0,01,Food and non-alcoholic beverages,7911.531
308909.0,01,Food and non-alcoholic beverages,713.112
308910.0,01,Food and non-alcoholic beverages,15419.508
308911.0,01,Food and non-alcoholic beverages,4213.734
308912.0,01,Food and non-alcoholic beverages,18670.844
308913.0,01,Food and non-alcoholic beverages,4183.461
308914.0,01,Food and non-alcoholic beverages,4413.862
308915.0,01,Food and non-alcoholic beverages,2392.351
308916.0,01,Food and non-alcoholic beverages,5458.889
308917.0,01,Food and non-alcoholic beverages,24953.95
308918.0,01,Food and non-alcoholic beverages,15400.0
308919.0,01,Food and non-alcoholic beverages,17202.054
308920.0,01,Food and non-alcoholic beverages,6109.85
308921.0,01,Food and non-alcoholic beverages,2306.559
308922.0,01,Food and non-alcoholic beverages,30452.641
308923.0,01,Food and non-alcoholic beverages,9927.372
308924.0,01,Food and non-alcoholic beverages,7561.539
308925.0,01,Food and non-alcoholic beverages,13054.008
308926.0,01,Food and non-alcoholic beverages,11768.867
308927.0,01,Food and non-alcoholic beverages,7897.046
308928.0,01,Food and non-alcoholic beverages,12002.665
308929.0,01,Food and non-alcoholic beverages,1536.1154999999999
308930.0,01,Food and non-alcoholic beverages,11764.632
308931.0,01,Food and non-alcoholic beverages,5522.835
308932.0,01,Food and non-alcoholic beverages,5908.855
308933.0,01,Food and non-alcoholic beverages,4310.0280999999995
308934.0,01,Food and non-alcoholic beverages,2819.19
308935.0,01,Food and non-alcoholic beverages,715.265
308936.0,01,Food and non-alcoholic beverages,29416.5
308937.0,01,Food and non-alcoholic beverages,11622.855
308938.0,01,Food and non-alcoholic beverages,15101.015
308939.0,01,Food and non-alcoholic beverages,6350.348
308940.0,01,Food and non-alcoholic beverages,8200.515
308941.0,01,Food and non-alcoholic beverages,7000.0
308942.0,01,Food and non-alcoholic beverages,14154.354
308943.0,01,Food and non-alcoholic beverages,9130.028
308944.0,01,Food and non-alcoholic beverages,23701.694
308945.0,01,Food and non-alcoholic beverages,5377.25
308946.0,01,Food and non-alcoholic beverages,6712.675
308947.0,01,Food and non-alcoholic beverages,20151.851
308948.0,01,Food and non-alcoholic beverages,3874.0
308949.0,01,Food and non-alcoholic beverages,5908.3
308950.0,01,Food and non-alcoholic beverages,3922.415
308951.0,01,Food and non-alcoholic beverages,3613.029
308952.0,01,Food and non-alcoholic beverages,7606.842
308953.0,01,Food and non-alcoholic beverages,7505.267
308954.0,01,Food and non-alcoholic beverages,7809.526
308955.0,01,Food and non-alcoholic beverages,1958.425
308956.0,01,Food and non-alcoholic beverages,3048.325
308957.0,01,Food and non-alcoholic beverages,9552.781
308958.0,01,Food and non-alcoholic beverages,3122.869
308959.0,01,Food and non-alcoholic beverages,13668.625
308960.0,01,Food and non-alcoholic beverages,8306.068
308961.0,01,Food and non-alcoholic beverages,12500.088
308962.0,01,Food and non-alcoholic beverages,2908.45
308963.0,01,Food and non-alcoholic beverages,3765.3849999999998
308964.0,01,Food and non-alcoholic beverages,12977.966
308965.0,01,Food and non-alcoholic beverages,3013.504
308966.0,01,Food and non-alcoholic beverages,7234.558
308967.0,01,Food and non-alcoholic beverages,3676.277
308968.0,01,Food and non-alcoholic beverages,3708.568
308969.0,01,Food and non-alcoholic beverages,7253.395
308970.0,01,Food and non-alcoholic beverages,11619.804
308971.0,01,Food and non-alcoholic beverages,6864.112
308972.0,01,Food and non-alcoholic beverages,42295.6
308973.0,01,Food and non-alcoholic beverages,6080.585
308974.0,01,Food and non-alcoholic beverages,7500.485
308975.0,01,Food and non-alcoholic beverages,6157.049
308976.0,01,Food and non-alcoholic beverages,10964.786
308977.0,01,Food and non-alcoholic beverages,16810.009
308978.0,01,Food and non-alcoholic beverages,4514.743
308979.0,01,Food and non-alcoholic beverages,16031.1655
308980.0,01,Food and non-alcoholic beverages,19272.0195
308981.0,01,Food and non-alcoholic beverages,5822.764
308982.0,01,Food and non-alcoholic beverages,8902.011
308983.0,01,Food and non-alcoholic beverages,2194.512
308984.0,01,Food and non-alcoholic beverages,26401.3
308985.0,01,Food and non-alcoholic beverages,9758.896
308986.0,01,Food and non-alcoholic beverages,17379.337
308987.0,01,Food and non-alcoholic beverages,3607.755
308988.0,01,Food and non-alcoholic beverages,1429.574
308989.0,01,Food and non-alcoholic beverages,3524.833
308990.0,01,Food and non-alcoholic beverages,36355.58
308991.0,01,Food and non-alcoholic beverages,8414.108
308992.0,01,Food and non-alcoholic beverages,12555.475
308993.0,01,Food and non-alcoholic beverages,12481.84
308994.0,01,Food and non-alcoholic beverages,23233.5
308995.0,01,Food and non-alcoholic beverages,19281.5
308996.0,01,Food and non-alcoholic beverages,10001.0
308997.0,01,Food and non-alcoholic beverages,8914.003
308998.0,01,Food and non-alcoholic beverages,6662.368
308999.0,01,Food and non-alcoholic beverages,39830.621
309000.0,01,Food and non-alcoholic beverages,4824.876
309001.0,01,Food and non-alcoholic beverages,20328.118
309002.0,01,Food and non-alcoholic beverages,4679.618
309003.0,01,Food and non-alcoholic beverages,3508.87
309004.0,01,Food and non-alcoholic beverages,9569.895
309005.0,01,Food and non-alcoholic beverages,816.57
309006.0,01,Food and non-alcoholic beverages,2867.3
309007.0,01,Food and non-alcoholic beverages,2260.27
309008.0,01,Food and non-alcoholic beverages,11116.796
309009.0,01,Food and non-alcoholic beverages,2279.077
309010.0,01,Food and non-alcoholic beverages,1617.819
309011.0,01,Food and non-alcoholic beverages,4255.713
309012.0,01,Food and non-alcoholic beverages,20965.288
309013.0,01,Food and non-alcoholic beverages,7663.986
309014.0,01,Food and non-alcoholic beverages,3152.5
309015.0,01,Food and non-alcoholic beverages,16559.942
309016.0,01,Food and non-alcoholic beverages,4552.4529999999995
309017.0,01,Food and non-alcoholic beverages,34508.5
309018.0,01,Food and non-alcoholic beverages,23004.55
309019.0,01,Food and non-alcoholic beverages,12766.027
309020.0,01,Food and non-alcoholic beverages,6779.425
309021.0,01,Food and non-alcoholic beverages,11872.132
309022.0,01,Food and non-alcoholic beverages,18857.85
309023.0,01,Food and non-alcoholic beverages,9155.054
309024.0,01,Food and non-alcoholic beverages,11982.688
309025.0,01,Food and non-alcoholic beverages,9789.266
309026.0,01,Food and non-alcoholic beverages,14737.77
309027.0,01,Food and non-alcoholic beverages,5382.25
309028.0,01,Food and non-alcoholic beverages,3217.426
309029.0,01,Food and non-alcoholic beverages,9213.19
309030.0,01,Food and non-alcoholic beverages,7063.0
309031.0,01,Food and non-alcoholic beverages,4087.185
309032.0,01,Food and non-alcoholic beverages,14890.017
309033.0,01,Food and non-alcoholic beverages,8981.008
309034.0,01,Food and non-alcoholic beverages,4001.548
309035.0,01,Food and non-alcoholic beverages,13374.006
309036.0,01,Food and non-alcoholic beverages,12587.997
309037.0,01,Food and non-alcoholic beverages,11060.766
309038.0,01,Food and non-alcoholic beverages,21847.608
309039.0,01,Food and non-alcoholic beverages,21022.324
309040.0,01,Food and non-alcoholic beverages,4862.603
309041.0,01,Food and non-alcoholic beverages,10900.25
309042.0,01,Food and non-alcoholic beverages,12736.834
309043.0,01,Food and non-alcoholic beverages,7413.0599999999995
309044.0,01,Food and non-alcoholic beverages,11873.279
309045.0,01,Food and non-alcoholic beverages,1526.304
309046.0,01,Food and non-alcoholic beverages,21334.29
309047.0,01,Food and non-alcoholic beverages,10833.001
309048.0,01,Food and non-alcoholic beverages,1885.325
309049.0,01,Food and non-alcoholic beverages,17708.276
309050.0,01,Food and non-alcoholic beverages,7252.62
309051.0,01,Food and non-alcoholic beverages,4358.577
309052.0,01,Food and non-alcoholic beverages,5800.0
309053.0,01,Food and non-alcoholic beverages,6450.862
309054.0,01,Food and non-alcoholic beverages,2113.6639999999998
309055.0,01,Food and non-alcoholic beverages,21439.02
309056.0,01,Food and non-alcoholic beverages,3529.63
309057.0,01,Food and non-alcoholic beverages,2615.85
309058.0,01,Food and non-alcoholic beverages,16255.210000000001
309059.0,01,Food and non-alcoholic beverages,4332.888
309060.0,01,Food and non-alcoholic beverages,2414.78
309061.0,01,Food and non-alcoholic beverages,9726.235
309062.0,01,Food and non-alcoholic beverages,5632.076
309063.0,01,Food and non-alcoholic beverages,2581.375
309064.0,01,Food and non-alcoholic beverages,1172.59
309065.0,01,Food and non-alcoholic beverages,16878.16
309066.0,01,Food and non-alcoholic beverages,13523.271
309067.0,01,Food and non-alcoholic beverages,4586.505
309068.0,01,Food and non-alcoholic beverages,3812.65
309069.0,01,Food and non-alcoholic beverages,538.7325
309070.0,01,Food and non-alcoholic beverages,4259.0
309071.0,01,Food and non-alcoholic beverages,2524.799
309072.0,01,Food and non-alcoholic beverages,4643.514
309073.0,01,Food and non-alcoholic beverages,2216.353
309074.0,01,Food and non-alcoholic beverages,9076.296
309075.0,01,Food and non-alcoholic beverages,9221.506
309076.0,01,Food and non-alcoholic beverages,6719.243
309077.0,01,Food and non-alcoholic beverages,6506.846
309078.0,01,Food and non-alcoholic beverages,2407.001
309079.0,01,Food and non-alcoholic beverages,9357.596
309080.0,01,Food and non-alcoholic beverages,19112.958
309081.0,01,Food and non-alcoholic beverages,61322.109000000004
309082.0,01,Food and non-alcoholic beverages,4202.25
309083.0,01,Food and non-alcoholic beverages,2706.256
309084.0,01,Food and non-alcoholic beverages,19367.355
309085.0,01,Food and non-alcoholic beverages,8454.085
309086.0,01,Food and non-alcoholic beverages,1000.005
309087.0,01,Food and non-alcoholic beverages,8753.653
309088.0,01,Food and non-alcoholic beverages,38815.523
309089.0,01,Food and non-alcoholic beverages,6323.106
309090.0,01,Food and non-alcoholic beverages,13106.033
309091.0,01,Food and non-alcoholic beverages,2619.0
309092.0,01,Food and non-alcoholic beverages,7007.385
309093.0,01,Food and non-alcoholic beverages,8926.82
309094.0,01,Food and non-alcoholic beverages,5263.216
309095.0,01,Food and non-alcoholic beverages,4275.004
309096.0,01,Food and non-alcoholic beverages,5969.88
309097.0,01,Food and non-alcoholic beverages,6705.467
309098.0,01,Food and non-alcoholic beverages,9561.632
309099.0,01,Food and non-alcoholic beverages,3007.032
309100.0,01,Food and non-alcoholic beverages,12061.006
309101.0,01,Food and non-alcoholic beverages,6700.035
309102.0,01,Food and non-alcoholic beverages,8779.623
309103.0,01,Food and non-alcoholic beverages,57016.473
309104.0,01,Food and non-alcoholic beverages,17056.025
309105.0,01,Food and non-alcoholic beverages,13704.95
309106.0,01,Food and non-alcoholic beverages,23911.131
309107.0,01,Food and non-alcoholic beverages,3083.772
309108.0,01,Food and non-alcoholic beverages,6249.663
309109.0,01,Food and non-alcoholic beverages,4008.647
309110.0,01,Food and non-alcoholic beverages,21202.25
309111.0,01,Food and non-alcoholic beverages,7213.73
309112.0,01,Food and non-alcoholic beverages,6176.6
309113.0,01,Food and non-alcoholic beverages,556.27
309114.0,01,Food and non-alcoholic beverages,7361.735000000001
309115.0,01,Food and non-alcoholic beverages,7834.458
309116.0,01,Food and non-alcoholic beverages,6645.232
309117.0,01,Food and non-alcoholic beverages,3562.575
309118.0,01,Food and non-alcoholic beverages,7962.75
309119.0,01,Food and non-alcoholic beverages,2064.491
309120.0,01,Food and non-alcoholic beverages,18356.118
309121.0,01,Food and non-alcoholic beverages,6113.227
309122.0,01,Food and non-alcoholic beverages,3472.725
309123.0,01,Food and non-alcoholic beverages,811.442
309124.0,01,Food and non-alcoholic beverages,12917.645
309125.0,01,Food and non-alcoholic beverages,11610.373
309126.0,01,Food and non-alcoholic beverages,3761.9
309127.0,01,Food and non-alcoholic beverages,26315.5
309128.0,01,Food and non-alcoholic beverages,10812.685
309129.0,01,Food and non-alcoholic beverages,11631.7
309130.0,01,Food and non-alcoholic beverages,1968.726
309131.0,01,Food and non-alcoholic beverages,5748.23
309132.0,01,Food and non-alcoholic beverages,3736.249
309133.0,01,Food and non-alcoholic beverages,4625.6
309134.0,01,Food and non-alcoholic beverages,10334.344
309135.0,01,Food and non-alcoholic beverages,3192.346
309136.0,01,Food and non-alcoholic beverages,2317.15
309137.0,01,Food and non-alcoholic beverages,2557.409
309138.0,01,Food and non-alcoholic beverages,13459.727
309139.0,01,Food and non-alcoholic beverages,6712.818
309140.0,01,Food and non-alcoholic beverages,10678.092
309141.0,01,Food and non-alcoholic beverages,14518.6
309142.0,01,Food and non-alcoholic beverages,4133.261
309143.0,01,Food and non-alcoholic beverages,3405.757
309144.0,01,Food and non-alcoholic beverages,2605.321
309145.0,01,Food and non-alcoholic beverages,13678.374
309146.0,01,Food and non-alcoholic beverages,7982.5
309147.0,01,Food and non-alcoholic beverages,8003.5
309148.0,01,Food and non-alcoholic beverages,3416.647
309149.0,01,Food and non-alcoholic beverages,2816.45
309150.0,01,Food and non-alcoholic beverages,8112.7970000000005
309151.0,01,Food and non-alcoholic beverages,19509.993
309152.0,01,Food and non-alcoholic beverages,10218.395
309153.0,01,Food and non-alcoholic beverages,11100.542
309154.0,01,Food and non-alcoholic beverages,11959.26
309155.0,01,Food and non-alcoholic beverages,9758.088
309156.0,01,Food and non-alcoholic beverages,5821.651
309157.0,01,Food and non-alcoholic beverages,5604.626
309158.0,01,Food and non-alcoholic beverages,372.675
309159.0,01,Food and non-alcoholic beverages,2298.62
309160.0,01,Food and non-alcoholic beverages,7551.0
309161.0,01,Food and non-alcoholic beverages,25413.74
309162.0,01,Food and non-alcoholic beverages,4873.2
309163.0,01,Food and non-alcoholic beverages,11423.48
309164.0,01,Food and non-alcoholic beverages,15753.02
309165.0,01,Food and non-alcoholic beverages,4507.902
309166.0,01,Food and non-alcoholic beverages,9321.925000000001
309167.0,01,Food and non-alcoholic beverages,11159.751
309168.0,01,Food and non-alcoholic beverages,9063.487000000001
309169.0,01,Food and non-alcoholic beverages,41361.165
309170.0,01,Food and non-alcoholic beverages,10020.0
309171.0,01,Food and non-alcoholic beverages,7554.439
309172.0,01,Food and non-alcoholic beverages,10815.248
309173.0,01,Food and non-alcoholic beverages,6029.779
309174.0,01,Food and non-alcoholic beverages,8954.45
309175.0,01,Food and non-alcoholic beverages,14277.904
309176.0,01,Food and non-alcoholic beverages,11856.7
309177.0,01,Food and non-alcoholic beverages,5207.545
309178.0,01,Food and non-alcoholic beverages,7420.275
309179.0,01,Food and non-alcoholic beverages,16875.552
309180.0,01,Food and non-alcoholic beverages,10211.696
309181.0,01,Food and non-alcoholic beverages,5364.884
309182.0,01,Food and non-alcoholic beverages,3255.529
309183.0,01,Food and non-alcoholic beverages,2230.45
309184.0,01,Food and non-alcoholic beverages,17508.227
309185.0,01,Food and non-alcoholic beverages,12610.237000000001
309186.0,01,Food and non-alcoholic beverages,8987.242
309187.0,01,Food and non-alcoholic beverages,4225.93
309188.0,01,Food and non-alcoholic beverages,2221.191
309189.0,01,Food and non-alcoholic beverages,13824.85
309190.0,01,Food and non-alcoholic beverages,21102.552
309191.0,01,Food and non-alcoholic beverages,5974.46
309192.0,01,Food and non-alcoholic beverages,7520.75
309193.0,01,Food and non-alcoholic beverages,11005.0
309194.0,01,Food and non-alcoholic beverages,5200.209
309195.0,01,Food and non-alcoholic beverages,8322.147
309196.0,01,Food and non-alcoholic beverages,3426.2
309197.0,01,Food and non-alcoholic beverages,4768.874
309198.0,01,Food and non-alcoholic beverages,3868.976
309199.0,01,Food and non-alcoholic beverages,9871.593
309200.0,01,Food and non-alcoholic beverages,1162.2
309201.0,01,Food and non-alcoholic beverages,5302.103
309202.0,01,Food and non-alcoholic beverages,5825.894
309203.0,01,Food and non-alcoholic beverages,34705.287
309204.0,01,Food and non-alcoholic beverages,8779.029
309205.0,01,Food and non-alcoholic beverages,15737.5
309206.0,01,Food and non-alcoholic beverages,913.019
309207.0,01,Food and non-alcoholic beverages,7726.622
309208.0,01,Food and non-alcoholic beverages,4318.9
309209.0,01,Food and non-alcoholic beverages,4608.857
309210.0,01,Food and non-alcoholic beverages,8075.304
309211.0,01,Food and non-alcoholic beverages,19929.362
309212.0,01,Food and non-alcoholic beverages,1966.327
309213.0,01,Food and non-alcoholic beverages,106.93199999999999
309214.0,01,Food and non-alcoholic beverages,6519.235
309215.0,01,Food and non-alcoholic beverages,13377.728000000001
309216.0,01,Food and non-alcoholic beverages,5874.25
309217.0,01,Food and non-alcoholic beverages,4865.736
309218.0,01,Food and non-alcoholic beverages,5861.5
309219.0,01,Food and non-alcoholic beverages,8958.205
309220.0,01,Food and non-alcoholic beverages,3920.613
309221.0,01,Food and non-alcoholic beverages,14211.99
309222.0,01,Food and non-alcoholic beverages,5918.5364
309223.0,01,Food and non-alcoholic beverages,9613.720000000001
309224.0,01,Food and non-alcoholic beverages,16460.5
309225.0,01,Food and non-alcoholic beverages,19277.482
309226.0,01,Food and non-alcoholic beverages,3263.349
309227.0,01,Food and non-alcoholic beverages,8871.065
309228.0,01,Food and non-alcoholic beverages,7239.929
309229.0,01,Food and non-alcoholic beverages,8729.8
309230.0,01,Food and non-alcoholic beverages,25080.0
309231.0,01,Food and non-alcoholic beverages,21771.08
309232.0,01,Food and non-alcoholic beverages,2902.5
309233.0,01,Food and non-alcoholic beverages,4973.75
309234.0,01,Food and non-alcoholic beverages,9599.694
309235.0,01,Food and non-alcoholic beverages,10183.62
309236.0,01,Food and non-alcoholic beverages,19132.36
309237.0,01,Food and non-alcoholic beverages,8575.268
309238.0,01,Food and non-alcoholic beverages,4063.3726
309239.0,01,Food and non-alcoholic beverages,16004.0
309240.0,01,Food and non-alcoholic beverages,7071.363
309241.0,01,Food and non-alcoholic beverages,10013.0
309242.0,01,Food and non-alcoholic beverages,16254.0
309243.0,01,Food and non-alcoholic beverages,312.254
309244.0,01,Food and non-alcoholic beverages,12528.39
309245.0,01,Food and non-alcoholic beverages,2087.99
309246.0,01,Food and non-alcoholic beverages,3817.3559999999998
309247.0,01,Food and non-alcoholic beverages,9314.06
309248.0,01,Food and non-alcoholic beverages,5110.336
309249.0,01,Food and non-alcoholic beverages,7069.696
309250.0,01,Food and non-alcoholic beverages,56081.0
309251.0,01,Food and non-alcoholic beverages,29080.128
309252.0,01,Food and non-alcoholic beverages,48359.4
309253.0,01,Food and non-alcoholic beverages,25268.978
309254.0,01,Food and non-alcoholic beverages,15214.945
309255.0,01,Food and non-alcoholic beverages,24400.36
309256.0,01,Food and non-alcoholic beverages,82800.0
309257.0,01,Food and non-alcoholic beverages,19703.7129
309258.0,01,Food and non-alcoholic beverages,32327.897
309259.0,01,Food and non-alcoholic beverages,40018.675
309260.0,01,Food and non-alcoholic beverages,10153.809
309261.0,01,Food and non-alcoholic beverages,9249.601
309262.0,01,Food and non-alcoholic beverages,5304.0
309263.0,01,Food and non-alcoholic beverages,6295.56
309264.0,01,Food and non-alcoholic beverages,4525.265
309265.0,01,Food and non-alcoholic beverages,15463.156
309266.0,01,Food and non-alcoholic beverages,11584.884
309267.0,01,Food and non-alcoholic beverages,12305.162
309268.0,01,Food and non-alcoholic beverages,9333.630000000001
309269.0,01,Food and non-alcoholic beverages,30949.268
309270.0,01,Food and non-alcoholic beverages,27460.0
309271.0,01,Food and non-alcoholic beverages,49010.0
309272.0,01,Food and non-alcoholic beverages,14851.5
309273.0,01,Food and non-alcoholic beverages,18801.868
309274.0,01,Food and non-alcoholic beverages,21602.643
309275.0,01,Food and non-alcoholic beverages,19950.657
309276.0,01,Food and non-alcoholic beverages,27551.5
309277.0,01,Food and non-alcoholic beverages,44684.233
309278.0,01,Food and non-alcoholic beverages,8994.75
309279.0,01,Food and non-alcoholic beverages,9655.502
309280.0,01,Food and non-alcoholic beverages,12154.0
309281.0,01,Food and non-alcoholic beverages,12707.236
309282.0,01,Food and non-alcoholic beverages,41651.18
309283.0,01,Food and non-alcoholic beverages,7284.748
309284.0,01,Food and non-alcoholic beverages,22381.42
309285.0,01,Food and non-alcoholic beverages,12929.358
309286.0,01,Food and non-alcoholic beverages,12369.36
309287.0,01,Food and non-alcoholic beverages,15876.094
309288.0,01,Food and non-alcoholic beverages,7191.27
309289.0,01,Food and non-alcoholic beverages,5299.5509999999995
309290.0,01,Food and non-alcoholic beverages,2041.425
309291.0,01,Food and non-alcoholic beverages,1227.623
309292.0,01,Food and non-alcoholic beverages,3748.403
309293.0,01,Food and non-alcoholic beverages,31.291
309294.0,01,Food and non-alcoholic beverages,2072.348
309295.0,01,Food and non-alcoholic beverages,9446.167
309296.0,01,Food and non-alcoholic beverages,2935.78
309297.0,01,Food and non-alcoholic beverages,17583.088
309298.0,01,Food and non-alcoholic beverages,9114.81
309299.0,01,Food and non-alcoholic beverages,4585.252
309300.0,01,Food and non-alcoholic beverages,8116.747
309301.0,01,Food and non-alcoholic beverages,1083.736
309302.0,01,Food and non-alcoholic beverages,713.22
309303.0,01,Food and non-alcoholic beverages,6165.0
309304.0,01,Food and non-alcoholic beverages,117.75
309305.0,01,Food and non-alcoholic beverages,30825.099000000002
309306.0,01,Food and non-alcoholic beverages,1313.93
309307.0,01,Food and non-alcoholic beverages,36271.24
309308.0,01,Food and non-alcoholic beverages,8733.112
309309.0,01,Food and non-alcoholic beverages,9202.524
309310.0,01,Food and non-alcoholic beverages,2750.0
309311.0,01,Food and non-alcoholic beverages,32600.0
309312.0,01,Food and non-alcoholic beverages,56721.605
309313.0,01,Food and non-alcoholic beverages,5972.35
309314.0,01,Food and non-alcoholic beverages,3400.0
309315.0,01,Food and non-alcoholic beverages,26206.53
309316.0,01,Food and non-alcoholic beverages,28200.58
309317.0,01,Food and non-alcoholic beverages,20380.65
309318.0,01,Food and non-alcoholic beverages,16000.0
309319.0,01,Food and non-alcoholic beverages,90235.0
309320.0,01,Food and non-alcoholic beverages,15400.004
309321.0,01,Food and non-alcoholic beverages,38300.0
309322.0,01,Food and non-alcoholic beverages,5810.5
309323.0,01,Food and non-alcoholic beverages,37990.357
309324.0,01,Food and non-alcoholic beverages,51240.172
309325.0,01,Food and non-alcoholic beverages,14345.006
309326.0,01,Food and non-alcoholic beverages,12990.893
309327.0,01,Food and non-alcoholic beverages,13571.31
309328.0,01,Food and non-alcoholic beverages,7706.625
309329.0,01,Food and non-alcoholic beverages,6522.0
309330.0,01,Food and non-alcoholic beverages,9912.716
309331.0,01,Food and non-alcoholic beverages,17110.138
309332.0,01,Food and non-alcoholic beverages,3115.645
309333.0,01,Food and non-alcoholic beverages,38214.05
309334.0,01,Food and non-alcoholic beverages,35860.473
309335.0,01,Food and non-alcoholic beverages,17594.309
309336.0,01,Food and non-alcoholic beverages,11003.34
309337.0,01,Food and non-alcoholic beverages,5833.183
309338.0,01,Food and non-alcoholic beverages,2036.0
309339.0,01,Food and non-alcoholic beverages,6868.0
309340.0,01,Food and non-alcoholic beverages,21923.542
309341.0,01,Food and non-alcoholic beverages,8087.9
309342.0,01,Food and non-alcoholic beverages,13757.163
309343.0,01,Food and non-alcoholic beverages,23380.001
309344.0,01,Food and non-alcoholic beverages,12748.12
309345.0,01,Food and non-alcoholic beverages,11562.214
309346.0,01,Food and non-alcoholic beverages,6655.627
309347.0,01,Food and non-alcoholic beverages,10513.751
309348.0,01,Food and non-alcoholic beverages,9.370000000000001
309349.0,01,Food and non-alcoholic beverages,1287.925
309350.0,01,Food and non-alcoholic beverages,5529.624
309351.0,01,Food and non-alcoholic beverages,15258.394
309352.0,01,Food and non-alcoholic beverages,21763.629
309353.0,01,Food and non-alcoholic beverages,15562.922
309354.0,01,Food and non-alcoholic beverages,4724.797
309355.0,01,Food and non-alcoholic beverages,6023.642
309356.0,01,Food and non-alcoholic beverages,12908.25
309357.0,01,Food and non-alcoholic beverages,8282.625
309358.0,01,Food and non-alcoholic beverages,2064.505
309359.0,01,Food and non-alcoholic beverages,32335.93
309360.0,01,Food and non-alcoholic beverages,12100.217
309361.0,01,Food and non-alcoholic beverages,21270.0
309362.0,01,Food and non-alcoholic beverages,25116.3
309363.0,01,Food and non-alcoholic beverages,27397.33
309364.0,01,Food and non-alcoholic beverages,13591.818
309365.0,01,Food and non-alcoholic beverages,8566.771
309366.0,01,Food and non-alcoholic beverages,5731.682
309367.0,01,Food and non-alcoholic beverages,9187.31
309368.0,01,Food and non-alcoholic beverages,82900.005
309369.0,01,Food and non-alcoholic beverages,53451.4
309370.0,01,Food and non-alcoholic beverages,35900.88
309371.0,01,Food and non-alcoholic beverages,30601.03
309372.0,01,Food and non-alcoholic beverages,54170.024
309373.0,01,Food and non-alcoholic beverages,11550.5
309374.0,01,Food and non-alcoholic beverages,39953.25
309375.0,01,Food and non-alcoholic beverages,21250.0
309376.0,01,Food and non-alcoholic beverages,43864.0
309377.0,01,Food and non-alcoholic beverages,5125.448
309378.0,01,Food and non-alcoholic beverages,5361.537
309379.0,01,Food and non-alcoholic beverages,4008.9
309380.0,01,Food and non-alcoholic beverages,2459.811
309381.0,01,Food and non-alcoholic beverages,4925.56
309382.0,01,Food and non-alcoholic beverages,15503.68
309383.0,01,Food and non-alcoholic beverages,25889.583
309384.0,01,Food and non-alcoholic beverages,2219.26
309385.0,01,Food and non-alcoholic beverages,2017.058
309386.0,01,Food and non-alcoholic beverages,40014.62
309387.0,01,Food and non-alcoholic beverages,21076.13
309388.0,01,Food and non-alcoholic beverages,2966.479
309389.0,01,Food and non-alcoholic beverages,510.68
309390.0,01,Food and non-alcoholic beverages,6208.66
309391.0,01,Food and non-alcoholic beverages,9729.75
309392.0,01,Food and non-alcoholic beverages,8520.25
309393.0,01,Food and non-alcoholic beverages,18862.0
309394.0,01,Food and non-alcoholic beverages,6575.01
309395.0,01,Food and non-alcoholic beverages,16630.6
309396.0,01,Food and non-alcoholic beverages,8456.21
309397.0,01,Food and non-alcoholic beverages,1986.29
309398.0,01,Food and non-alcoholic beverages,8902.5
309399.0,01,Food and non-alcoholic beverages,4352.0
309400.0,01,Food and non-alcoholic beverages,8916.44
309401.0,01,Food and non-alcoholic beverages,20567.15
309402.0,01,Food and non-alcoholic beverages,12843.995
309403.0,01,Food and non-alcoholic beverages,9415.94
309404.0,01,Food and non-alcoholic beverages,16991.25
309405.0,01,Food and non-alcoholic beverages,6553.02
309406.0,01,Food and non-alcoholic beverages,3122.2371
309407.0,01,Food and non-alcoholic beverages,14675.529
309408.0,01,Food and non-alcoholic beverages,6671.611
309409.0,01,Food and non-alcoholic beverages,7466.25
309410.0,01,Food and non-alcoholic beverages,828.85
309411.0,01,Food and non-alcoholic beverages,4414.71
309412.0,01,Food and non-alcoholic beverages,4270.5
309413.0,01,Food and non-alcoholic beverages,4732.832
309414.0,01,Food and non-alcoholic beverages,6508.532
309415.0,01,Food and non-alcoholic beverages,1815.454
309416.0,01,Food and non-alcoholic beverages,3010.75
309417.0,01,Food and non-alcoholic beverages,8004.25
309418.0,01,Food and non-alcoholic beverages,23501.61
309419.0,01,Food and non-alcoholic beverages,5284.878
309420.0,01,Food and non-alcoholic beverages,21870.085
309421.0,01,Food and non-alcoholic beverages,10005.45
309422.0,01,Food and non-alcoholic beverages,67892.5
309423.0,01,Food and non-alcoholic beverages,9213.755
309424.0,01,Food and non-alcoholic beverages,6431.7
309425.0,01,Food and non-alcoholic beverages,31450.32
309426.0,01,Food and non-alcoholic beverages,14326.48
309427.0,01,Food and non-alcoholic beverages,2408.683
309428.0,01,Food and non-alcoholic beverages,20254.516
309429.0,01,Food and non-alcoholic beverages,16115.4
309430.0,01,Food and non-alcoholic beverages,11900.018
309431.0,01,Food and non-alcoholic beverages,19.134999999999998
309432.0,01,Food and non-alcoholic beverages,19639.014
309433.0,01,Food and non-alcoholic beverages,11230.985
309434.0,01,Food and non-alcoholic beverages,919.71
309435.0,01,Food and non-alcoholic beverages,6912.35
309436.0,01,Food and non-alcoholic beverages,7956.08
309437.0,01,Food and non-alcoholic beverages,12709.752
309438.0,01,Food and non-alcoholic beverages,1451.005
309439.0,01,Food and non-alcoholic beverages,2324.161
309440.0,01,Food and non-alcoholic beverages,7845.474
309441.0,01,Food and non-alcoholic beverages,24273.198
309442.0,01,Food and non-alcoholic beverages,4730.49
309443.0,01,Food and non-alcoholic beverages,6771.6
309444.0,01,Food and non-alcoholic beverages,2660.88
309445.0,01,Food and non-alcoholic beverages,5026.55
309446.0,01,Food and non-alcoholic beverages,6346.5
309447.0,01,Food and non-alcoholic beverages,11908.268
309448.0,01,Food and non-alcoholic beverages,9500.0
309449.0,01,Food and non-alcoholic beverages,4927.825
309450.0,01,Food and non-alcoholic beverages,6575.98
309451.0,01,Food and non-alcoholic beverages,9106.25
309452.0,01,Food and non-alcoholic beverages,2018.258
309453.0,01,Food and non-alcoholic beverages,7042.596
309454.0,01,Food and non-alcoholic beverages,6104.753
309455.0,01,Food and non-alcoholic beverages,14672.965
309456.0,01,Food and non-alcoholic beverages,2313.367
309457.0,01,Food and non-alcoholic beverages,1614.05
309458.0,01,Food and non-alcoholic beverages,2981.825
309459.0,01,Food and non-alcoholic beverages,1517.686
309460.0,01,Food and non-alcoholic beverages,4974.623
309461.0,01,Food and non-alcoholic beverages,2619.985
309462.0,01,Food and non-alcoholic beverages,419.5761
309463.0,01,Food and non-alcoholic beverages,2485.803
309464.0,01,Food and non-alcoholic beverages,3333.514
309465.0,01,Food and non-alcoholic beverages,2234.262
309466.0,01,Food and non-alcoholic beverages,23113.708
309467.0,01,Food and non-alcoholic beverages,2389.03
309468.0,01,Food and non-alcoholic beverages,214.938
309469.0,01,Food and non-alcoholic beverages,426.87800000000004
309470.0,01,Food and non-alcoholic beverages,653.57
309471.0,01,Food and non-alcoholic beverages,6802.26
309472.0,01,Food and non-alcoholic beverages,3901.5
309473.0,01,Food and non-alcoholic beverages,5785.576
309474.0,01,Food and non-alcoholic beverages,3709.625
309475.0,01,Food and non-alcoholic beverages,3291.075
309476.0,01,Food and non-alcoholic beverages,12913.703
309477.0,01,Food and non-alcoholic beverages,40454.706
309478.0,01,Food and non-alcoholic beverages,57816.06
309479.0,01,Food and non-alcoholic beverages,26112.36
309480.0,01,Food and non-alcoholic beverages,2157.5
309481.0,01,Food and non-alcoholic beverages,86064.33099999999
309482.0,01,Food and non-alcoholic beverages,14800.36
309483.0,01,Food and non-alcoholic beverages,22212.696
309484.0,01,Food and non-alcoholic beverages,18927.111
309485.0,01,Food and non-alcoholic beverages,15654.785
309486.0,01,Food and non-alcoholic beverages,1005.1011
309487.0,01,Food and non-alcoholic beverages,31207.787
309488.0,01,Food and non-alcoholic beverages,8195.25
309489.0,01,Food and non-alcoholic beverages,29557.31
309490.0,01,Food and non-alcoholic beverages,20679.38
309491.0,01,Food and non-alcoholic beverages,31852.5
309492.0,01,Food and non-alcoholic beverages,3725.571
309493.0,01,Food and non-alcoholic beverages,15162.5
309494.0,01,Food and non-alcoholic beverages,24674.087
309495.0,01,Food and non-alcoholic beverages,29751.25
309496.0,01,Food and non-alcoholic beverages,2399.1
309497.0,01,Food and non-alcoholic beverages,51908.0
309498.0,01,Food and non-alcoholic beverages,38531.5
309499.0,01,Food and non-alcoholic beverages,7987.035
309500.0,01,Food and non-alcoholic beverages,9158.75
309501.0,01,Food and non-alcoholic beverages,29035.714
309502.0,01,Food and non-alcoholic beverages,7959.04
309503.0,01,Food and non-alcoholic beverages,47385.505
309504.0,01,Food and non-alcoholic beverages,11600.435
309505.0,01,Food and non-alcoholic beverages,19900.006
309506.0,01,Food and non-alcoholic beverages,18033.5
309507.0,01,Food and non-alcoholic beverages,6727.656
309508.0,01,Food and non-alcoholic beverages,4628.44
309509.0,01,Food and non-alcoholic beverages,97550.0
309510.0,01,Food and non-alcoholic beverages,11021.5
309511.0,01,Food and non-alcoholic beverages,20035.325
309512.0,01,Food and non-alcoholic beverages,14252.352
309513.0,01,Food and non-alcoholic beverages,13282.009
309514.0,01,Food and non-alcoholic beverages,2572.2252
309515.0,01,Food and non-alcoholic beverages,11767.5
309516.0,01,Food and non-alcoholic beverages,15020.75
309517.0,01,Food and non-alcoholic beverages,32454.0
309518.0,01,Food and non-alcoholic beverages,11366.5
309519.0,01,Food and non-alcoholic beverages,2567.008
309520.0,01,Food and non-alcoholic beverages,32017.5
309521.0,01,Food and non-alcoholic beverages,6786.75
309522.0,01,Food and non-alcoholic beverages,1721.814
309523.0,01,Food and non-alcoholic beverages,8846.793
309524.0,01,Food and non-alcoholic beverages,18982.27
309525.0,01,Food and non-alcoholic beverages,6419.755
309526.0,01,Food and non-alcoholic beverages,4726.5
309527.0,01,Food and non-alcoholic beverages,17667.043
309528.0,01,Food and non-alcoholic beverages,9857.75
309529.0,01,Food and non-alcoholic beverages,3795.825
309530.0,01,Food and non-alcoholic beverages,22361.714
309531.0,01,Food and non-alcoholic beverages,31148.241
309532.0,01,Food and non-alcoholic beverages,12402.7
309533.0,01,Food and non-alcoholic beverages,1919.691
309534.0,01,Food and non-alcoholic beverages,8306.767
309535.0,01,Food and non-alcoholic beverages,19202.405
309536.0,01,Food and non-alcoholic beverages,13255.5
309537.0,01,Food and non-alcoholic beverages,78774.515
309538.0,01,Food and non-alcoholic beverages,23274.005
309539.0,01,Food and non-alcoholic beverages,20096.7491
309540.0,01,Food and non-alcoholic beverages,16340.606
309541.0,01,Food and non-alcoholic beverages,1161.0
309542.0,01,Food and non-alcoholic beverages,7768.625
309543.0,01,Food and non-alcoholic beverages,5430.5
309544.0,01,Food and non-alcoholic beverages,26764.913
309545.0,01,Food and non-alcoholic beverages,4970.874
309546.0,01,Food and non-alcoholic beverages,12786.626
309547.0,01,Food and non-alcoholic beverages,817.3915
309548.0,01,Food and non-alcoholic beverages,38150.0
309549.0,01,Food and non-alcoholic beverages,17350.0
309550.0,01,Food and non-alcoholic beverages,5960.0
309551.0,01,Food and non-alcoholic beverages,33003.5
309552.0,01,Food and non-alcoholic beverages,9552.0
309553.0,01,Food and non-alcoholic beverages,17252.0
309554.0,01,Food and non-alcoholic beverages,23901.004
309555.0,01,Food and non-alcoholic beverages,65746.1
309556.0,01,Food and non-alcoholic beverages,21803.25
309557.0,01,Food and non-alcoholic beverages,9264.002
309558.0,01,Food and non-alcoholic beverages,4331.25
309559.0,01,Food and non-alcoholic beverages,9565.51
309560.0,01,Food and non-alcoholic beverages,19031.751
309561.0,01,Food and non-alcoholic beverages,16301.509
309562.0,01,Food and non-alcoholic beverages,5709.36
309563.0,01,Food and non-alcoholic beverages,14378.5
309564.0,01,Food and non-alcoholic beverages,12000.295
309565.0,01,Food and non-alcoholic beverages,10117.499
309566.0,01,Food and non-alcoholic beverages,12014.6
309567.0,01,Food and non-alcoholic beverages,7272.071
309568.0,01,Food and non-alcoholic beverages,15300.3
309569.0,01,Food and non-alcoholic beverages,9962.363
309570.0,01,Food and non-alcoholic beverages,13458.5
309571.0,01,Food and non-alcoholic beverages,19292.5
309572.0,01,Food and non-alcoholic beverages,5737.121999999999
309573.0,01,Food and non-alcoholic beverages,4601.3
309574.0,01,Food and non-alcoholic beverages,17959.31
309575.0,01,Food and non-alcoholic beverages,7347.452
309576.0,01,Food and non-alcoholic beverages,4017.521
309577.0,01,Food and non-alcoholic beverages,16198.5001
309578.0,01,Food and non-alcoholic beverages,3413.393
309579.0,01,Food and non-alcoholic beverages,6799.2
309580.0,01,Food and non-alcoholic beverages,12511.272
309581.0,01,Food and non-alcoholic beverages,8873.75
309582.0,01,Food and non-alcoholic beverages,9300.0
309583.0,01,Food and non-alcoholic beverages,3496.691
309584.0,01,Food and non-alcoholic beverages,1330.212
309585.0,01,Food and non-alcoholic beverages,2929.731
309586.0,01,Food and non-alcoholic beverages,3407.0
309587.0,01,Food and non-alcoholic beverages,12400.0
309588.0,01,Food and non-alcoholic beverages,12496.367
309589.0,01,Food and non-alcoholic beverages,6490.056
309590.0,01,Food and non-alcoholic beverages,11327.0
309591.0,01,Food and non-alcoholic beverages,3450.004
309592.0,01,Food and non-alcoholic beverages,5065.199
309593.0,01,Food and non-alcoholic beverages,9335.6002
309594.0,01,Food and non-alcoholic beverages,6.796
309595.0,01,Food and non-alcoholic beverages,10069.5
309596.0,01,Food and non-alcoholic beverages,6505.0
309597.0,01,Food and non-alcoholic beverages,28483.33
309598.0,01,Food and non-alcoholic beverages,7075.0
309599.0,01,Food and non-alcoholic beverages,8203.5
309600.0,01,Food and non-alcoholic beverages,4913.837
309601.0,01,Food and non-alcoholic beverages,25300.003
309602.0,01,Food and non-alcoholic beverages,21160.2
309603.0,01,Food and non-alcoholic beverages,24969.4
309604.0,01,Food and non-alcoholic beverages,2709.325
309605.0,01,Food and non-alcoholic beverages,7813.5
309606.0,01,Food and non-alcoholic beverages,16673.75
309607.0,01,Food and non-alcoholic beverages,29741.0
309608.0,01,Food and non-alcoholic beverages,5068.028
309609.0,01,Food and non-alcoholic beverages,15539.953
309610.0,01,Food and non-alcoholic beverages,44540.613
309611.0,01,Food and non-alcoholic beverages,11935.0
309612.0,01,Food and non-alcoholic beverages,7977.941
309613.0,01,Food and non-alcoholic beverages,13965.455
309614.0,01,Food and non-alcoholic beverages,41446.506
309615.0,01,Food and non-alcoholic beverages,10319.0
309616.0,01,Food and non-alcoholic beverages,33000.5
309617.0,01,Food and non-alcoholic beverages,6107.5
309618.0,01,Food and non-alcoholic beverages,10616.51
309619.0,01,Food and non-alcoholic beverages,5657.496
309620.0,01,Food and non-alcoholic beverages,7479.32
309621.0,01,Food and non-alcoholic beverages,18550.29
309622.0,01,Food and non-alcoholic beverages,21757.105
309623.0,01,Food and non-alcoholic beverages,10751.55
309624.0,01,Food and non-alcoholic beverages,12201.292
309625.0,01,Food and non-alcoholic beverages,1424.67
309626.0,01,Food and non-alcoholic beverages,25758.933
309627.0,01,Food and non-alcoholic beverages,19177.0
309628.0,01,Food and non-alcoholic beverages,11114.685
309629.0,01,Food and non-alcoholic beverages,17858.0
309630.0,01,Food and non-alcoholic beverages,7450.75
309631.0,01,Food and non-alcoholic beverages,6053.8
309632.0,01,Food and non-alcoholic beverages,15167.756
309633.0,01,Food and non-alcoholic beverages,11644.19
309634.0,01,Food and non-alcoholic beverages,33457.25
309635.0,01,Food and non-alcoholic beverages,17481.625
309636.0,01,Food and non-alcoholic beverages,6060.0
309637.0,01,Food and non-alcoholic beverages,9252.3
309638.0,01,Food and non-alcoholic beverages,11950.25
309639.0,01,Food and non-alcoholic beverages,13912.0
309640.0,01,Food and non-alcoholic beverages,20672.45
309641.0,01,Food and non-alcoholic beverages,36451.0
309642.0,01,Food and non-alcoholic beverages,19191.125
309643.0,01,Food and non-alcoholic beverages,5969.0
309644.0,01,Food and non-alcoholic beverages,12732.0
309645.0,01,Food and non-alcoholic beverages,22892.0
309646.0,01,Food and non-alcoholic beverages,7301.506
309647.0,01,Food and non-alcoholic beverages,19330.0
309648.0,01,Food and non-alcoholic beverages,34939.526
309649.0,01,Food and non-alcoholic beverages,24300.83
309650.0,01,Food and non-alcoholic beverages,23643.25
309651.0,01,Food and non-alcoholic beverages,18957.0
309652.0,01,Food and non-alcoholic beverages,24160.0
309653.0,01,Food and non-alcoholic beverages,11662.0
309654.0,01,Food and non-alcoholic beverages,11097.0
309655.0,01,Food and non-alcoholic beverages,4834.325
309656.0,01,Food and non-alcoholic beverages,11148.491
309657.0,01,Food and non-alcoholic beverages,15300.0
309658.0,01,Food and non-alcoholic beverages,20740.85
309659.0,01,Food and non-alcoholic beverages,19627.1165
309660.0,01,Food and non-alcoholic beverages,21819.06
309661.0,01,Food and non-alcoholic beverages,20992.331
309662.0,01,Food and non-alcoholic beverages,18689.4325
309663.0,01,Food and non-alcoholic beverages,17930.25
309664.0,01,Food and non-alcoholic beverages,16428.501
309665.0,01,Food and non-alcoholic beverages,9921.104
309666.0,01,Food and non-alcoholic beverages,6371.0
309667.0,01,Food and non-alcoholic beverages,11013.325
309668.0,01,Food and non-alcoholic beverages,7312.5
309669.0,01,Food and non-alcoholic beverages,14227.0
309670.0,01,Food and non-alcoholic beverages,5760.835
309671.0,01,Food and non-alcoholic beverages,5752.5
309672.0,01,Food and non-alcoholic beverages,8719.505000000001
309673.0,01,Food and non-alcoholic beverages,8728.923999999999
309674.0,01,Food and non-alcoholic beverages,5166.205
309676.0,01,Food and non-alcoholic beverages,17807.566
309677.0,01,Food and non-alcoholic beverages,22479.0
309678.0,01,Food and non-alcoholic beverages,1552.25
309679.0,01,Food and non-alcoholic beverages,21322.5
309680.0,01,Food and non-alcoholic beverages,12315.5
309681.0,01,Food and non-alcoholic beverages,9962.5
309682.0,01,Food and non-alcoholic beverages,4255.5
309683.0,01,Food and non-alcoholic beverages,5177.262
309684.0,01,Food and non-alcoholic beverages,2812.83
309685.0,01,Food and non-alcoholic beverages,1808.297
309686.0,01,Food and non-alcoholic beverages,19387.458
309687.0,01,Food and non-alcoholic beverages,8705.0
309688.0,01,Food and non-alcoholic beverages,7750.0
309689.0,01,Food and non-alcoholic beverages,14884.25
309690.0,01,Food and non-alcoholic beverages,8810.8
309691.0,01,Food and non-alcoholic beverages,9785.128
309692.0,01,Food and non-alcoholic beverages,13065.805
309693.0,01,Food and non-alcoholic beverages,16404.0
309694.0,01,Food and non-alcoholic beverages,11958.0
309695.0,01,Food and non-alcoholic beverages,17886.0
309696.0,01,Food and non-alcoholic beverages,9067.0
309697.0,01,Food and non-alcoholic beverages,7022.75
309698.0,01,Food and non-alcoholic beverages,9268.25
309699.0,01,Food and non-alcoholic beverages,18659.0
309700.0,01,Food and non-alcoholic beverages,2132.5
309701.0,01,Food and non-alcoholic beverages,3161.005
309702.0,01,Food and non-alcoholic beverages,13609.5
309703.0,01,Food and non-alcoholic beverages,19191.5
309704.0,01,Food and non-alcoholic beverages,19851.75
309705.0,01,Food and non-alcoholic beverages,39603.26
309706.0,01,Food and non-alcoholic beverages,9708.533
309707.0,01,Food and non-alcoholic beverages,5620.0
309708.0,01,Food and non-alcoholic beverages,6381.006
309709.0,01,Food and non-alcoholic beverages,11411.25
309710.0,01,Food and non-alcoholic beverages,2366.27
309711.0,01,Food and non-alcoholic beverages,4717.53
309712.0,01,Food and non-alcoholic beverages,19221.442
309713.0,01,Food and non-alcoholic beverages,12329.415
309714.0,01,Food and non-alcoholic beverages,752.0
309715.0,01,Food and non-alcoholic beverages,18283.65
309716.0,01,Food and non-alcoholic beverages,4392.1
309717.0,01,Food and non-alcoholic beverages,7532.323
309718.0,01,Food and non-alcoholic beverages,3267.383
309719.0,01,Food and non-alcoholic beverages,8881.007
309720.0,01,Food and non-alcoholic beverages,3679.527
309721.0,01,Food and non-alcoholic beverages,45682.968
309722.0,01,Food and non-alcoholic beverages,24858.502
309723.0,01,Food and non-alcoholic beverages,9.613
309724.0,01,Food and non-alcoholic beverages,19279.785
309725.0,01,Food and non-alcoholic beverages,710.474
309726.0,01,Food and non-alcoholic beverages,4787.683
309727.0,01,Food and non-alcoholic beverages,5041.334
309728.0,01,Food and non-alcoholic beverages,16164.512
309729.0,01,Food and non-alcoholic beverages,23660.5
309730.0,01,Food and non-alcoholic beverages,30451.0
309731.0,01,Food and non-alcoholic beverages,28924.0
309732.0,01,Food and non-alcoholic beverages,6750.0
309733.0,01,Food and non-alcoholic beverages,48382.65
309734.0,01,Food and non-alcoholic beverages,4640.0
309735.0,01,Food and non-alcoholic beverages,6252.0
309736.0,01,Food and non-alcoholic beverages,42950.0
309737.0,01,Food and non-alcoholic beverages,3874.214
309738.0,01,Food and non-alcoholic beverages,2210.089
309739.0,01,Food and non-alcoholic beverages,2312.6
309740.0,01,Food and non-alcoholic beverages,3288.056
309741.0,01,Food and non-alcoholic beverages,7992.079
309742.0,01,Food and non-alcoholic beverages,18495.675
309743.0,01,Food and non-alcoholic beverages,3849.0
309744.0,01,Food and non-alcoholic beverages,13917.879
309745.0,01,Food and non-alcoholic beverages,5710.29
309746.0,01,Food and non-alcoholic beverages,12467.0
309747.0,01,Food and non-alcoholic beverages,11331.503
309748.0,01,Food and non-alcoholic beverages,10151.003
309749.0,01,Food and non-alcoholic beverages,8359.44
309750.0,01,Food and non-alcoholic beverages,12014.0
309751.0,01,Food and non-alcoholic beverages,1113.31
309752.0,01,Food and non-alcoholic beverages,10008.98
309753.0,01,Food and non-alcoholic beverages,5789.75
309754.0,01,Food and non-alcoholic beverages,11377.71
309755.0,01,Food and non-alcoholic beverages,7877.7
309756.0,01,Food and non-alcoholic beverages,12132.0
309757.0,01,Food and non-alcoholic beverages,7139.878
309758.0,01,Food and non-alcoholic beverages,16157.5
309759.0,01,Food and non-alcoholic beverages,10691.375
309760.0,01,Food and non-alcoholic beverages,501.80899999999997
309761.0,01,Food and non-alcoholic beverages,743.341
309762.0,01,Food and non-alcoholic beverages,46402.0
309763.0,01,Food and non-alcoholic beverages,19854.44
309764.0,01,Food and non-alcoholic beverages,21869.056
309765.0,01,Food and non-alcoholic beverages,10567.68
309766.0,01,Food and non-alcoholic beverages,536.859
309767.0,01,Food and non-alcoholic beverages,3514.125
309768.0,01,Food and non-alcoholic beverages,12379.319
309769.0,01,Food and non-alcoholic beverages,6336.11
309770.0,01,Food and non-alcoholic beverages,5304.689
309771.0,01,Food and non-alcoholic beverages,5198.75
309772.0,01,Food and non-alcoholic beverages,6541.69
309773.0,01,Food and non-alcoholic beverages,3165.959
309774.0,01,Food and non-alcoholic beverages,10245.1912
309775.0,01,Food and non-alcoholic beverages,19164.962
309776.0,01,Food and non-alcoholic beverages,20520.25
309777.0,01,Food and non-alcoholic beverages,7169.515
309778.0,01,Food and non-alcoholic beverages,4007.3540000000003
309779.0,01,Food and non-alcoholic beverages,2823.602
309780.0,01,Food and non-alcoholic beverages,606.468
309781.0,01,Food and non-alcoholic beverages,1222.768
309782.0,01,Food and non-alcoholic beverages,7194.371
309783.0,01,Food and non-alcoholic beverages,9984.73
309784.0,01,Food and non-alcoholic beverages,11513.25
309785.0,01,Food and non-alcoholic beverages,11618.768
309786.0,01,Food and non-alcoholic beverages,12002.3
309787.0,01,Food and non-alcoholic beverages,336.145
309788.0,01,Food and non-alcoholic beverages,7749.553
309789.0,01,Food and non-alcoholic beverages,5157.2
309790.0,01,Food and non-alcoholic beverages,5276.577
309791.0,01,Food and non-alcoholic beverages,6282.648999999999
309792.0,01,Food and non-alcoholic beverages,290.31
309793.0,01,Food and non-alcoholic beverages,7049.922
309794.0,01,Food and non-alcoholic beverages,9119.696
309795.0,01,Food and non-alcoholic beverages,608.912
309796.0,01,Food and non-alcoholic beverages,1802.2649999999999
309797.0,01,Food and non-alcoholic beverages,9004.939
309798.0,01,Food and non-alcoholic beverages,6287.524
309799.0,01,Food and non-alcoholic beverages,2631.415
309800.0,01,Food and non-alcoholic beverages,4962.45
309801.0,01,Food and non-alcoholic beverages,69257.338
309802.0,01,Food and non-alcoholic beverages,3952.066
309803.0,01,Food and non-alcoholic beverages,13978.281
309804.0,01,Food and non-alcoholic beverages,8.802
309805.0,01,Food and non-alcoholic beverages,42372.519
309806.0,01,Food and non-alcoholic beverages,5342.5
309807.0,01,Food and non-alcoholic beverages,9860.9
309808.0,01,Food and non-alcoholic beverages,9724.139
309809.0,01,Food and non-alcoholic beverages,2609.306
309810.0,01,Food and non-alcoholic beverages,5436.965
309811.0,01,Food and non-alcoholic beverages,9234.509
309812.0,01,Food and non-alcoholic beverages,8465.005
309813.0,01,Food and non-alcoholic beverages,3612.239
309814.0,01,Food and non-alcoholic beverages,7328.01
309815.0,01,Food and non-alcoholic beverages,8619.845
309816.0,01,Food and non-alcoholic beverages,1092.9
309817.0,01,Food and non-alcoholic beverages,36031.901
309818.0,01,Food and non-alcoholic beverages,410.25
309819.0,01,Food and non-alcoholic beverages,14816.635
309820.0,01,Food and non-alcoholic beverages,414.51
309821.0,01,Food and non-alcoholic beverages,17123.188
309822.0,01,Food and non-alcoholic beverages,2476.156
309823.0,01,Food and non-alcoholic beverages,5129.962
309824.0,01,Food and non-alcoholic beverages,4060.5
309825.0,01,Food and non-alcoholic beverages,27111.504
309826.0,01,Food and non-alcoholic beverages,5465.011
309827.0,01,Food and non-alcoholic beverages,13005.886
309828.0,01,Food and non-alcoholic beverages,5374.138
309829.0,01,Food and non-alcoholic beverages,17352.25
309830.0,01,Food and non-alcoholic beverages,18356.005
309831.0,01,Food and non-alcoholic beverages,8913.283
309832.0,01,Food and non-alcoholic beverages,17702.286
309833.0,01,Food and non-alcoholic beverages,3941.0
309834.0,01,Food and non-alcoholic beverages,416.07599999999996
309835.0,01,Food and non-alcoholic beverages,9623.474
309836.0,01,Food and non-alcoholic beverages,2731.227
309837.0,01,Food and non-alcoholic beverages,3168.465
309838.0,01,Food and non-alcoholic beverages,7683.104
309839.0,01,Food and non-alcoholic beverages,6409.777
309840.0,01,Food and non-alcoholic beverages,1162.917
309841.0,01,Food and non-alcoholic beverages,11920.758
309842.0,01,Food and non-alcoholic beverages,3017.489
309843.0,01,Food and non-alcoholic beverages,221.055
309844.0,01,Food and non-alcoholic beverages,4779.5
309845.0,01,Food and non-alcoholic beverages,1966.109
309846.0,01,Food and non-alcoholic beverages,12428.397
309847.0,01,Food and non-alcoholic beverages,15181.505
309848.0,01,Food and non-alcoholic beverages,9876.25
309849.0,01,Food and non-alcoholic beverages,53185.789
309850.0,01,Food and non-alcoholic beverages,4063.6809999999996
309851.0,01,Food and non-alcoholic beverages,1451.9740000000002
309852.0,01,Food and non-alcoholic beverages,23901.703
309853.0,01,Food and non-alcoholic beverages,2068.322
309854.0,01,Food and non-alcoholic beverages,6974.874
309855.0,01,Food and non-alcoholic beverages,3060.538
309856.0,01,Food and non-alcoholic beverages,2305.02
309857.0,01,Food and non-alcoholic beverages,1760.792
309858.0,01,Food and non-alcoholic beverages,8511.916
309859.0,01,Food and non-alcoholic beverages,15148.015
309860.0,01,Food and non-alcoholic beverages,2805.258
309861.0,01,Food and non-alcoholic beverages,904.843
309862.0,01,Food and non-alcoholic beverages,2602.57
309863.0,01,Food and non-alcoholic beverages,18515.75
309864.0,01,Food and non-alcoholic beverages,6979.479
309865.0,01,Food and non-alcoholic beverages,2000.02
309866.0,01,Food and non-alcoholic beverages,5634.6074
309867.0,01,Food and non-alcoholic beverages,15301.09
309868.0,01,Food and non-alcoholic beverages,14964.42
309869.0,01,Food and non-alcoholic beverages,8506.93
309870.0,01,Food and non-alcoholic beverages,4091.335
309871.0,01,Food and non-alcoholic beverages,923.953
309872.0,01,Food and non-alcoholic beverages,5603.608
309873.0,01,Food and non-alcoholic beverages,18998.25
309874.0,01,Food and non-alcoholic beverages,6734.143
309875.0,01,Food and non-alcoholic beverages,2394.118
309876.0,01,Food and non-alcoholic beverages,7357.761
309877.0,01,Food and non-alcoholic beverages,3092.813
309878.0,01,Food and non-alcoholic beverages,2704.267
309879.0,01,Food and non-alcoholic beverages,18.35
309880.0,01,Food and non-alcoholic beverages,17781.51
309881.0,01,Food and non-alcoholic beverages,6391.714
309882.0,01,Food and non-alcoholic beverages,353.53799999999995
309883.0,01,Food and non-alcoholic beverages,3100.732
309884.0,01,Food and non-alcoholic beverages,5257.246
309885.0,01,Food and non-alcoholic beverages,9737.749
309886.0,01,Food and non-alcoholic beverages,5668.362
309887.0,01,Food and non-alcoholic beverages,7895.76
309888.0,01,Food and non-alcoholic beverages,5970.26
309889.0,01,Food and non-alcoholic beverages,5859.258
309890.0,01,Food and non-alcoholic beverages,16534.642
309891.0,01,Food and non-alcoholic beverages,763.951
309892.0,01,Food and non-alcoholic beverages,1265.687
309893.0,01,Food and non-alcoholic beverages,8.077
309894.0,01,Food and non-alcoholic beverages,11779.338
309895.0,01,Food and non-alcoholic beverages,3171.841
309896.0,01,Food and non-alcoholic beverages,27626.408
309897.0,01,Food and non-alcoholic beverages,4041.8179999999998
309898.0,01,Food and non-alcoholic beverages,4456.915300000001
309899.0,01,Food and non-alcoholic beverages,3079.708
309900.0,01,Food and non-alcoholic beverages,5069.28
309901.0,01,Food and non-alcoholic beverages,4572.575
309902.0,01,Food and non-alcoholic beverages,641.276
309903.0,01,Food and non-alcoholic beverages,5178.6359999999995
309904.0,01,Food and non-alcoholic beverages,5323.75
309905.0,01,Food and non-alcoholic beverages,768.541
309906.0,01,Food and non-alcoholic beverages,10011.75
309907.0,01,Food and non-alcoholic beverages,1777.525
309908.0,01,Food and non-alcoholic beverages,1476.5610000000001
309909.0,01,Food and non-alcoholic beverages,7964.782
309910.0,01,Food and non-alcoholic beverages,9365.75
309911.0,01,Food and non-alcoholic beverages,62972.0
309912.0,01,Food and non-alcoholic beverages,9170.0
309913.0,01,Food and non-alcoholic beverages,6726.357
309914.0,01,Food and non-alcoholic beverages,6211.65
309915.0,01,Food and non-alcoholic beverages,11421.377
309916.0,01,Food and non-alcoholic beverages,120.556
309917.0,01,Food and non-alcoholic beverages,4070.143
309918.0,01,Food and non-alcoholic beverages,4823.086
309919.0,01,Food and non-alcoholic beverages,1931.117
309920.0,01,Food and non-alcoholic beverages,23852.0
309921.0,01,Food and non-alcoholic beverages,3477.284
309922.0,01,Food and non-alcoholic beverages,6956.506
309923.0,01,Food and non-alcoholic beverages,2005.522
309924.0,01,Food and non-alcoholic beverages,11053.6
309925.0,01,Food and non-alcoholic beverages,8570.845
309926.0,01,Food and non-alcoholic beverages,2886.495
309927.0,01,Food and non-alcoholic beverages,6184.93
309928.0,01,Food and non-alcoholic beverages,8915.333
309929.0,01,Food and non-alcoholic beverages,13889.762
309930.0,01,Food and non-alcoholic beverages,1297.09
309931.0,01,Food and non-alcoholic beverages,4243.747
309932.0,01,Food and non-alcoholic beverages,9926.598
309933.0,01,Food and non-alcoholic beverages,5149.981
309934.0,01,Food and non-alcoholic beverages,3110.345
309935.0,01,Food and non-alcoholic beverages,3333.993
309936.0,01,Food and non-alcoholic beverages,11920.627
309937.0,01,Food and non-alcoholic beverages,15882.528
309938.0,01,Food and non-alcoholic beverages,2399.896
309939.0,01,Food and non-alcoholic beverages,7222.04
309940.0,01,Food and non-alcoholic beverages,8792.91
309941.0,01,Food and non-alcoholic beverages,23900.727
309942.0,01,Food and non-alcoholic beverages,12095.083
309943.0,01,Food and non-alcoholic beverages,8427.75
309944.0,01,Food and non-alcoholic beverages,4908.75
309945.0,01,Food and non-alcoholic beverages,8628.061
309946.0,01,Food and non-alcoholic beverages,6104.25
309947.0,01,Food and non-alcoholic beverages,11278.035
309948.0,01,Food and non-alcoholic beverages,2423.025
309949.0,01,Food and non-alcoholic beverages,13715.588
309950.0,01,Food and non-alcoholic beverages,4754.64
309951.0,01,Food and non-alcoholic beverages,8208.084
309952.0,01,Food and non-alcoholic beverages,1817.586
309953.0,01,Food and non-alcoholic beverages,29403.917
309954.0,01,Food and non-alcoholic beverages,13035.53
309955.0,01,Food and non-alcoholic beverages,2173.907
309956.0,01,Food and non-alcoholic beverages,8038.612
309957.0,01,Food and non-alcoholic beverages,9770.145
309958.0,01,Food and non-alcoholic beverages,6622.045
309959.0,01,Food and non-alcoholic beverages,1623.747
309960.0,01,Food and non-alcoholic beverages,10957.0
309961.0,01,Food and non-alcoholic beverages,14217.924
309962.0,01,Food and non-alcoholic beverages,10032.75
309963.0,01,Food and non-alcoholic beverages,7814.783
309964.0,01,Food and non-alcoholic beverages,18149.402
309965.0,01,Food and non-alcoholic beverages,5043.983
309966.0,01,Food and non-alcoholic beverages,2063.984
309967.0,01,Food and non-alcoholic beverages,10429.453
309968.0,01,Food and non-alcoholic beverages,29815.308999999997
309969.0,01,Food and non-alcoholic beverages,593.173
309970.0,01,Food and non-alcoholic beverages,3174.5
309971.0,01,Food and non-alcoholic beverages,18259.75
309972.0,01,Food and non-alcoholic beverages,915.168
309973.0,01,Food and non-alcoholic beverages,1294.065
309974.0,01,Food and non-alcoholic beverages,4775.662
309975.0,01,Food and non-alcoholic beverages,9923.284
309976.0,01,Food and non-alcoholic beverages,11981.258
309977.0,01,Food and non-alcoholic beverages,2155.616
309978.0,01,Food and non-alcoholic beverages,6261.232
309979.0,01,Food and non-alcoholic beverages,11810.529
309980.0,01,Food and non-alcoholic beverages,8800.0
309981.0,01,Food and non-alcoholic beverages,17650.125
309982.0,01,Food and non-alcoholic beverages,5437.864
309983.0,01,Food and non-alcoholic beverages,9342.046
309984.0,01,Food and non-alcoholic beverages,8660.0
309985.0,01,Food and non-alcoholic beverages,17351.897
309986.0,01,Food and non-alcoholic beverages,13366.259
309987.0,01,Food and non-alcoholic beverages,15812.668
309988.0,01,Food and non-alcoholic beverages,64807.35
309989.0,01,Food and non-alcoholic beverages,2330.4500000000003
309990.0,01,Food and non-alcoholic beverages,11116.931
309991.0,01,Food and non-alcoholic beverages,8927.456
309992.0,01,Food and non-alcoholic beverages,6385.393
309993.0,01,Food and non-alcoholic beverages,2621.131
309994.0,01,Food and non-alcoholic beverages,11646.83
309995.0,01,Food and non-alcoholic beverages,12741.681
309996.0,01,Food and non-alcoholic beverages,2956.3815
309997.0,01,Food and non-alcoholic beverages,782.002
309998.0,01,Food and non-alcoholic beverages,3263.398
309999.0,01,Food and non-alcoholic beverages,3453.283
310000.0,01,Food and non-alcoholic beverages,11392.5
310001.0,01,Food and non-alcoholic beverages,39678.502
310002.0,01,Food and non-alcoholic beverages,12525.468
310003.0,01,Food and non-alcoholic beverages,9131.829
310004.0,01,Food and non-alcoholic beverages,12600.0
310005.0,01,Food and non-alcoholic beverages,2510.95
310006.0,01,Food and non-alcoholic beverages,22253.005
310007.0,01,Food and non-alcoholic beverages,10645.265
310008.0,01,Food and non-alcoholic beverages,12150.191
310009.0,01,Food and non-alcoholic beverages,2932.096
310010.0,01,Food and non-alcoholic beverages,13146.765
310011.0,01,Food and non-alcoholic beverages,3664.768
310012.0,01,Food and non-alcoholic beverages,18475.25
310013.0,01,Food and non-alcoholic beverages,7701.21
310014.0,01,Food and non-alcoholic beverages,1324.787
310015.0,01,Food and non-alcoholic beverages,11777.863
310016.0,01,Food and non-alcoholic beverages,26006.5
310017.0,01,Food and non-alcoholic beverages,8686.0
310018.0,01,Food and non-alcoholic beverages,7305.089
310019.0,01,Food and non-alcoholic beverages,18723.057
310020.0,01,Food and non-alcoholic beverages,3883.25
310021.0,01,Food and non-alcoholic beverages,391.086
310022.0,01,Food and non-alcoholic beverages,17567.5
310023.0,01,Food and non-alcoholic beverages,3124.7200000000003
310024.0,01,Food and non-alcoholic beverages,6430.573
310025.0,01,Food and non-alcoholic beverages,6683.0
310026.0,01,Food and non-alcoholic beverages,19335.123
310027.0,01,Food and non-alcoholic beverages,7040.217
310028.0,01,Food and non-alcoholic beverages,17970.675
310029.0,01,Food and non-alcoholic beverages,4176.883
310030.0,01,Food and non-alcoholic beverages,3925.0
310031.0,01,Food and non-alcoholic beverages,13476.97
310032.0,01,Food and non-alcoholic beverages,5180.64
310033.0,01,Food and non-alcoholic beverages,5468.219
310034.0,01,Food and non-alcoholic beverages,12244.75
310035.0,01,Food and non-alcoholic beverages,5937.0
310036.0,01,Food and non-alcoholic beverages,5992.648
310037.0,01,Food and non-alcoholic beverages,5664.0
310038.0,01,Food and non-alcoholic beverages,10979.769
310039.0,01,Food and non-alcoholic beverages,11503.6
310040.0,01,Food and non-alcoholic beverages,224.914
310041.0,01,Food and non-alcoholic beverages,8503.265
310042.0,01,Food and non-alcoholic beverages,21.565
310043.0,01,Food and non-alcoholic beverages,6213.232
310044.0,01,Food and non-alcoholic beverages,3200.0
310045.0,01,Food and non-alcoholic beverages,9324.0
310046.0,01,Food and non-alcoholic beverages,16361.5
310047.0,01,Food and non-alcoholic beverages,28651.76
310048.0,01,Food and non-alcoholic beverages,4402.8330000000005
310049.0,01,Food and non-alcoholic beverages,35057.388
310050.0,01,Food and non-alcoholic beverages,4054.916
310051.0,01,Food and non-alcoholic beverages,15000.0
310052.0,01,Food and non-alcoholic beverages,4276.0470000000005
310053.0,01,Food and non-alcoholic beverages,7446.174
310054.0,01,Food and non-alcoholic beverages,12240.031
310055.0,01,Food and non-alcoholic beverages,8056.116
310056.0,01,Food and non-alcoholic beverages,8113.0
310057.0,01,Food and non-alcoholic beverages,10118.804
310058.0,01,Food and non-alcoholic beverages,6631.715
310059.0,01,Food and non-alcoholic beverages,6179.656
310060.0,01,Food and non-alcoholic beverages,1220.0430000000001
310061.0,01,Food and non-alcoholic beverages,4069.504
310062.0,01,Food and non-alcoholic beverages,6828.0
310063.0,01,Food and non-alcoholic beverages,3600.0
310064.0,01,Food and non-alcoholic beverages,5325.0
310065.0,01,Food and non-alcoholic beverages,2748.8
310066.0,01,Food and non-alcoholic beverages,4178.558
310067.0,01,Food and non-alcoholic beverages,3177.203
310068.0,01,Food and non-alcoholic beverages,4627.565
310069.0,01,Food and non-alcoholic beverages,1368.6
310070.0,01,Food and non-alcoholic beverages,2577.08
310071.0,01,Food and non-alcoholic beverages,3131.5099999999998
310072.0,01,Food and non-alcoholic beverages,14837.208
310073.0,01,Food and non-alcoholic beverages,4373.203
310074.0,01,Food and non-alcoholic beverages,4110.464
310075.0,01,Food and non-alcoholic beverages,6653.5
310076.0,01,Food and non-alcoholic beverages,2813.2799999999997
310077.0,01,Food and non-alcoholic beverages,5524.32
310078.0,01,Food and non-alcoholic beverages,1742.25
310079.0,01,Food and non-alcoholic beverages,2522.615
310080.0,01,Food and non-alcoholic beverages,7690.745
310081.0,01,Food and non-alcoholic beverages,4392.51
310082.0,01,Food and non-alcoholic beverages,11090.371
310083.0,01,Food and non-alcoholic beverages,5252.726
310084.0,01,Food and non-alcoholic beverages,1788.755
310085.0,01,Food and non-alcoholic beverages,1868.423
310086.0,01,Food and non-alcoholic beverages,6495.005
310087.0,01,Food and non-alcoholic beverages,2855.5
310088.0,01,Food and non-alcoholic beverages,7542.0
310089.0,01,Food and non-alcoholic beverages,1727.775
310090.0,01,Food and non-alcoholic beverages,3849.92
310091.0,01,Food and non-alcoholic beverages,1283.594
310092.0,01,Food and non-alcoholic beverages,4815.262
310093.0,01,Food and non-alcoholic beverages,14596.29
310094.0,01,Food and non-alcoholic beverages,4483.5
310095.0,01,Food and non-alcoholic beverages,6272.5
310096.0,01,Food and non-alcoholic beverages,2379.927
310097.0,01,Food and non-alcoholic beverages,1655.934
310098.0,01,Food and non-alcoholic beverages,2670.353
310099.0,01,Food and non-alcoholic beverages,3543.04
310100.0,01,Food and non-alcoholic beverages,1468.811
310101.0,01,Food and non-alcoholic beverages,7950.015
310102.0,01,Food and non-alcoholic beverages,5199.036
310103.0,01,Food and non-alcoholic beverages,2762.705
310104.0,01,Food and non-alcoholic beverages,6414.769
310105.0,01,Food and non-alcoholic beverages,13405.975
310106.0,01,Food and non-alcoholic beverages,75722.547
310107.0,01,Food and non-alcoholic beverages,16723.144
310108.0,01,Food and non-alcoholic beverages,5062.313
310109.0,01,Food and non-alcoholic beverages,17059.418
310110.0,01,Food and non-alcoholic beverages,8462.842
310111.0,01,Food and non-alcoholic beverages,17807.19
310112.0,01,Food and non-alcoholic beverages,14273.115
310113.0,01,Food and non-alcoholic beverages,8505.095
310114.0,01,Food and non-alcoholic beverages,22268.018
310115.0,01,Food and non-alcoholic beverages,10191.039
310116.0,01,Food and non-alcoholic beverages,12960.0
310117.0,01,Food and non-alcoholic beverages,8603.25
310118.0,01,Food and non-alcoholic beverages,7045.153
310119.0,01,Food and non-alcoholic beverages,11.75
310120.0,01,Food and non-alcoholic beverages,9690.125
310121.0,01,Food and non-alcoholic beverages,6152.027
310122.0,01,Food and non-alcoholic beverages,1313.312
310123.0,01,Food and non-alcoholic beverages,2765.32
310124.0,01,Food and non-alcoholic beverages,5214.278
310125.0,01,Food and non-alcoholic beverages,79.873
310126.0,01,Food and non-alcoholic beverages,6412.5
310127.0,01,Food and non-alcoholic beverages,13275.492
310128.0,01,Food and non-alcoholic beverages,3906.0
310129.0,01,Food and non-alcoholic beverages,13500.5
310130.0,01,Food and non-alcoholic beverages,435.616
310131.0,01,Food and non-alcoholic beverages,2724.405
310132.0,01,Food and non-alcoholic beverages,10520.59
310133.0,01,Food and non-alcoholic beverages,2457.79
310134.0,01,Food and non-alcoholic beverages,3416.149
310135.0,01,Food and non-alcoholic beverages,7976.5
310136.0,01,Food and non-alcoholic beverages,5152.5
310137.0,01,Food and non-alcoholic beverages,16651.5
310138.0,01,Food and non-alcoholic beverages,3804.029
310139.0,01,Food and non-alcoholic beverages,2129.319
310140.0,01,Food and non-alcoholic beverages,4335.8135
310141.0,01,Food and non-alcoholic beverages,1228.26
310142.0,01,Food and non-alcoholic beverages,4328.635
310143.0,01,Food and non-alcoholic beverages,4384.42
310144.0,01,Food and non-alcoholic beverages,10820.0
310145.0,01,Food and non-alcoholic beverages,3772.776
310146.0,01,Food and non-alcoholic beverages,10540.025
310147.0,01,Food and non-alcoholic beverages,4007.5
310148.0,01,Food and non-alcoholic beverages,14105.173999999999
310149.0,01,Food and non-alcoholic beverages,5079.618
310150.0,01,Food and non-alcoholic beverages,6472.206
310151.0,01,Food and non-alcoholic beverages,13343.7
310152.0,01,Food and non-alcoholic beverages,2751.7659999999996
310153.0,01,Food and non-alcoholic beverages,2840.068
310154.0,01,Food and non-alcoholic beverages,11.231
310155.0,01,Food and non-alcoholic beverages,15450.5
310156.0,01,Food and non-alcoholic beverages,22400.0
310157.0,01,Food and non-alcoholic beverages,22722.25
310158.0,01,Food and non-alcoholic beverages,3850.1
310159.0,01,Food and non-alcoholic beverages,2376.08
310160.0,01,Food and non-alcoholic beverages,5232.466
310161.0,01,Food and non-alcoholic beverages,50063.0
310162.0,01,Food and non-alcoholic beverages,1858.894
310163.0,01,Food and non-alcoholic beverages,12372.380000000001
310164.0,01,Food and non-alcoholic beverages,8875.85
310165.0,01,Food and non-alcoholic beverages,7323.5
310166.0,01,Food and non-alcoholic beverages,3955.0
310167.0,01,Food and non-alcoholic beverages,8451.64
310168.0,01,Food and non-alcoholic beverages,3423.901
310169.0,01,Food and non-alcoholic beverages,501.6
310170.0,01,Food and non-alcoholic beverages,6320.26
310171.0,01,Food and non-alcoholic beverages,3535.504
310172.0,01,Food and non-alcoholic beverages,5607.25
310173.0,01,Food and non-alcoholic beverages,9737.005
310174.0,01,Food and non-alcoholic beverages,15462.0
310175.0,01,Food and non-alcoholic beverages,2858.6
310176.0,01,Food and non-alcoholic beverages,5107.0
310177.0,01,Food and non-alcoholic beverages,4320.909
310178.0,01,Food and non-alcoholic beverages,23474.103
310179.0,01,Food and non-alcoholic beverages,8077.532
310180.0,01,Food and non-alcoholic beverages,3213.25
310181.0,01,Food and non-alcoholic beverages,5317.5
310182.0,01,Food and non-alcoholic beverages,8225.5
310183.0,01,Food and non-alcoholic beverages,8980.5
310184.0,01,Food and non-alcoholic beverages,4730.5
310185.0,01,Food and non-alcoholic beverages,2319.319
310186.0,01,Food and non-alcoholic beverages,12414.147
310187.0,01,Food and non-alcoholic beverages,24790.35
310188.0,01,Food and non-alcoholic beverages,18973.07
310189.0,01,Food and non-alcoholic beverages,3859.828
310190.0,01,Food and non-alcoholic beverages,24022.63
310191.0,01,Food and non-alcoholic beverages,11035.1
310192.0,01,Food and non-alcoholic beverages,3362.409
310193.0,01,Food and non-alcoholic beverages,3764.899
310194.0,01,Food and non-alcoholic beverages,4831.759
310195.0,01,Food and non-alcoholic beverages,2415.75
310196.0,01,Food and non-alcoholic beverages,20550.7
310197.0,01,Food and non-alcoholic beverages,9305.292
310198.0,01,Food and non-alcoholic beverages,17653.924
310199.0,01,Food and non-alcoholic beverages,12113.9
310200.0,01,Food and non-alcoholic beverages,20551.0
310201.0,01,Food and non-alcoholic beverages,18731.108
310202.0,01,Food and non-alcoholic beverages,25853.174
310203.0,01,Food and non-alcoholic beverages,18450.367
310204.0,01,Food and non-alcoholic beverages,26194.7
310205.0,01,Food and non-alcoholic beverages,31500.0
310206.0,01,Food and non-alcoholic beverages,17331.832
310207.0,01,Food and non-alcoholic beverages,16892.0
310208.0,01,Food and non-alcoholic beverages,20153.723
310209.0,01,Food and non-alcoholic beverages,17982.814
310210.0,01,Food and non-alcoholic beverages,18921.156
310211.0,01,Food and non-alcoholic beverages,9510.359
310212.0,01,Food and non-alcoholic beverages,64050.273
310213.0,01,Food and non-alcoholic beverages,14870.052
310214.0,01,Food and non-alcoholic beverages,30385.5
310215.0,01,Food and non-alcoholic beverages,50051.004
310216.0,01,Food and non-alcoholic beverages,8302.403
310217.0,01,Food and non-alcoholic beverages,27100.09
310218.0,01,Food and non-alcoholic beverages,34951.9
310219.0,01,Food and non-alcoholic beverages,31260.0
310220.0,01,Food and non-alcoholic beverages,92504.25
310221.0,01,Food and non-alcoholic beverages,65650.0
310222.0,01,Food and non-alcoholic beverages,30300.0
310223.0,01,Food and non-alcoholic beverages,30300.0
310224.0,01,Food and non-alcoholic beverages,18350.0
310225.0,01,Food and non-alcoholic beverages,27852.0
310226.0,01,Food and non-alcoholic beverages,23667.29
310227.0,01,Food and non-alcoholic beverages,7459.32
310228.0,01,Food and non-alcoholic beverages,13905.784
310229.0,01,Food and non-alcoholic beverages,11051.528
310230.0,01,Food and non-alcoholic beverages,10683.032
310231.0,01,Food and non-alcoholic beverages,20307.042
310232.0,01,Food and non-alcoholic beverages,9094.66
310233.0,01,Food and non-alcoholic beverages,7913.5
310234.0,01,Food and non-alcoholic beverages,18710.0
310235.0,01,Food and non-alcoholic beverages,14955.308
310236.0,01,Food and non-alcoholic beverages,11253.5
310237.0,01,Food and non-alcoholic beverages,7509.0
310238.0,01,Food and non-alcoholic beverages,16602.391
310239.0,01,Food and non-alcoholic beverages,12053.854
310240.0,01,Food and non-alcoholic beverages,18735.357
310241.0,01,Food and non-alcoholic beverages,29001.5
310242.0,01,Food and non-alcoholic beverages,4007.0
310243.0,01,Food and non-alcoholic beverages,6572.5
310244.0,01,Food and non-alcoholic beverages,14150.0
310245.0,01,Food and non-alcoholic beverages,12518.532
310246.0,01,Food and non-alcoholic beverages,12155.016
310247.0,01,Food and non-alcoholic beverages,14968.154
310248.0,01,Food and non-alcoholic beverages,1803.464
310249.0,01,Food and non-alcoholic beverages,21711.911
310250.0,01,Food and non-alcoholic beverages,21850.012
310251.0,01,Food and non-alcoholic beverages,13500.0
310252.0,01,Food and non-alcoholic beverages,118051.0
310253.0,01,Food and non-alcoholic beverages,11010.708
310254.0,01,Food and non-alcoholic beverages,15401.0
310255.0,01,Food and non-alcoholic beverages,7505.107
310256.0,01,Food and non-alcoholic beverages,21500.0
310257.0,01,Food and non-alcoholic beverages,4706.298
310258.0,01,Food and non-alcoholic beverages,14651.51
310259.0,01,Food and non-alcoholic beverages,7956.5
310260.0,01,Food and non-alcoholic beverages,27354.5
310261.0,01,Food and non-alcoholic beverages,22816.076
310262.0,01,Food and non-alcoholic beverages,12900.41
310263.0,01,Food and non-alcoholic beverages,3510.28
310264.0,01,Food and non-alcoholic beverages,21974.55
310265.0,01,Food and non-alcoholic beverages,13000.12
310266.0,01,Food and non-alcoholic beverages,11022.938
310267.0,01,Food and non-alcoholic beverages,56801.0
310268.0,01,Food and non-alcoholic beverages,4235.5
310269.0,01,Food and non-alcoholic beverages,5367.85
310270.0,01,Food and non-alcoholic beverages,6971.876
310271.0,01,Food and non-alcoholic beverages,2308.941
310272.0,01,Food and non-alcoholic beverages,24320.911
310273.0,01,Food and non-alcoholic beverages,4869.4490000000005
310274.0,01,Food and non-alcoholic beverages,24579.048
310275.0,01,Food and non-alcoholic beverages,15208.579
310276.0,01,Food and non-alcoholic beverages,10136.67
310277.0,01,Food and non-alcoholic beverages,2543.76
310278.0,01,Food and non-alcoholic beverages,908.456
310279.0,01,Food and non-alcoholic beverages,18722.5
310280.0,01,Food and non-alcoholic beverages,6904.875
310281.0,01,Food and non-alcoholic beverages,3777.99
310282.0,01,Food and non-alcoholic beverages,13584.0
310283.0,01,Food and non-alcoholic beverages,5643.446
310284.0,01,Food and non-alcoholic beverages,5665.281
310285.0,01,Food and non-alcoholic beverages,16975.152
310286.0,01,Food and non-alcoholic beverages,20400.535
310287.0,01,Food and non-alcoholic beverages,13500.672
310288.0,01,Food and non-alcoholic beverages,21979.0
310289.0,01,Food and non-alcoholic beverages,18807.72
310290.0,01,Food and non-alcoholic beverages,16600.0
310291.0,01,Food and non-alcoholic beverages,22393.69
310292.0,01,Food and non-alcoholic beverages,33375.635
310293.0,01,Food and non-alcoholic beverages,14456.349
310294.0,01,Food and non-alcoholic beverages,12702.355
310295.0,01,Food and non-alcoholic beverages,31550.0
310296.0,01,Food and non-alcoholic beverages,9702.0
310297.0,01,Food and non-alcoholic beverages,37950.0
310298.0,01,Food and non-alcoholic beverages,5759.114
310299.0,01,Food and non-alcoholic beverages,600.0
310300.0,01,Food and non-alcoholic beverages,9500.109
310301.0,01,Food and non-alcoholic beverages,38759.664
310302.0,01,Food and non-alcoholic beverages,11180.27
310303.0,01,Food and non-alcoholic beverages,5844.4220000000005
310304.0,01,Food and non-alcoholic beverages,1073.233
310305.0,01,Food and non-alcoholic beverages,4848.687
310306.0,01,Food and non-alcoholic beverages,3322.258
310307.0,01,Food and non-alcoholic beverages,7029.0
310308.0,01,Food and non-alcoholic beverages,9007.627
310309.0,01,Food and non-alcoholic beverages,7607.518
310310.0,01,Food and non-alcoholic beverages,13119.744
310311.0,01,Food and non-alcoholic beverages,4136.41
310312.0,01,Food and non-alcoholic beverages,1127.91
310313.0,01,Food and non-alcoholic beverages,14487.266
310314.0,01,Food and non-alcoholic beverages,10854.048
310315.0,01,Food and non-alcoholic beverages,618.0269999999999
310316.0,01,Food and non-alcoholic beverages,13751.61
310317.0,01,Food and non-alcoholic beverages,14107.0
310318.0,01,Food and non-alcoholic beverages,31518.856
310319.0,01,Food and non-alcoholic beverages,13460.754
310320.0,01,Food and non-alcoholic beverages,713.194
310321.0,01,Food and non-alcoholic beverages,19519.978
310322.0,01,Food and non-alcoholic beverages,39082.84
310323.0,01,Food and non-alcoholic beverages,8108.505
310324.0,01,Food and non-alcoholic beverages,13887.439
310325.0,01,Food and non-alcoholic beverages,17609.8
310326.0,01,Food and non-alcoholic beverages,14349.024
310327.0,01,Food and non-alcoholic beverages,10862.612
310328.0,01,Food and non-alcoholic beverages,9573.7
310329.0,01,Food and non-alcoholic beverages,12601.038
310330.0,01,Food and non-alcoholic beverages,10534.762
310331.0,01,Food and non-alcoholic beverages,26684.668
310332.0,01,Food and non-alcoholic beverages,9172.5
310333.0,01,Food and non-alcoholic beverages,22638.108
310334.0,01,Food and non-alcoholic beverages,4876.752
310335.0,01,Food and non-alcoholic beverages,3503.52
310336.0,01,Food and non-alcoholic beverages,9742.696
310337.0,01,Food and non-alcoholic beverages,3036.263
310338.0,01,Food and non-alcoholic beverages,11764.109
310339.0,01,Food and non-alcoholic beverages,9486.9
310340.0,01,Food and non-alcoholic beverages,1759.631
310341.0,01,Food and non-alcoholic beverages,10527.093
310342.0,01,Food and non-alcoholic beverages,12012.249
310343.0,01,Food and non-alcoholic beverages,75305.33
310344.0,01,Food and non-alcoholic beverages,1526.536
310345.0,01,Food and non-alcoholic beverages,16087.06
310346.0,01,Food and non-alcoholic beverages,121.39800000000001
310347.0,01,Food and non-alcoholic beverages,13802.142
310348.0,01,Food and non-alcoholic beverages,23769.4
310349.0,01,Food and non-alcoholic beverages,25100.0
310350.0,01,Food and non-alcoholic beverages,28400.0
310351.0,01,Food and non-alcoholic beverages,13920.0
310352.0,01,Food and non-alcoholic beverages,29812.5
310353.0,01,Food and non-alcoholic beverages,25312.382
310354.0,01,Food and non-alcoholic beverages,16307.135
310355.0,01,Food and non-alcoholic beverages,9600.0
310356.0,01,Food and non-alcoholic beverages,11754.466999999999
310357.0,01,Food and non-alcoholic beverages,12860.618
310358.0,01,Food and non-alcoholic beverages,14954.872
310359.0,01,Food and non-alcoholic beverages,8941.38
310360.0,01,Food and non-alcoholic beverages,6055.446
310361.0,01,Food and non-alcoholic beverages,5252.013
310362.0,01,Food and non-alcoholic beverages,13530.827
310363.0,01,Food and non-alcoholic beverages,14982.32
310364.0,01,Food and non-alcoholic beverages,11780.556
310365.0,01,Food and non-alcoholic beverages,20517.811999999998
310366.0,01,Food and non-alcoholic beverages,10121.294
310367.0,01,Food and non-alcoholic beverages,20707.988
310368.0,01,Food and non-alcoholic beverages,23994.53
310369.0,01,Food and non-alcoholic beverages,25528.678
310370.0,01,Food and non-alcoholic beverages,10596.05
310371.0,01,Food and non-alcoholic beverages,5109.21
310372.0,01,Food and non-alcoholic beverages,10167.116
310373.0,01,Food and non-alcoholic beverages,16456.85
310374.0,01,Food and non-alcoholic beverages,11000.0
310375.0,01,Food and non-alcoholic beverages,12003.24
310376.0,01,Food and non-alcoholic beverages,47323.5
310377.0,01,Food and non-alcoholic beverages,9909.0
310378.0,01,Food and non-alcoholic beverages,8309.185
310379.0,01,Food and non-alcoholic beverages,14604.863
310380.0,01,Food and non-alcoholic beverages,15904.1
310381.0,01,Food and non-alcoholic beverages,7907.826
310382.0,01,Food and non-alcoholic beverages,6700.0
310383.0,01,Food and non-alcoholic beverages,9958.979
310384.0,01,Food and non-alcoholic beverages,21159.914
310385.0,01,Food and non-alcoholic beverages,22356.508
310386.0,01,Food and non-alcoholic beverages,5456.803
310387.0,01,Food and non-alcoholic beverages,9546.32
310388.0,01,Food and non-alcoholic beverages,8315.026
310389.0,01,Food and non-alcoholic beverages,7609.46
310390.0,01,Food and non-alcoholic beverages,10720.882
310391.0,01,Food and non-alcoholic beverages,10351.042
310392.0,01,Food and non-alcoholic beverages,5703.735
310393.0,01,Food and non-alcoholic beverages,257.819
310394.0,01,Food and non-alcoholic beverages,14705.0
310395.0,01,Food and non-alcoholic beverages,54050.5
310396.0,01,Food and non-alcoholic beverages,35965.466
310397.0,01,Food and non-alcoholic beverages,45420.0
310398.0,01,Food and non-alcoholic beverages,33350.0
310399.0,01,Food and non-alcoholic beverages,27775.0
310400.0,01,Food and non-alcoholic beverages,19150.0
310401.0,01,Food and non-alcoholic beverages,16434.254
310402.0,01,Food and non-alcoholic beverages,19450.0
310403.0,01,Food and non-alcoholic beverages,652.4979999999999
310404.0,01,Food and non-alcoholic beverages,12420.922999999999
310405.0,01,Food and non-alcoholic beverages,9873.991
310406.0,01,Food and non-alcoholic beverages,8728.504
310407.0,01,Food and non-alcoholic beverages,1917.014
310408.0,01,Food and non-alcoholic beverages,7803.495
310409.0,01,Food and non-alcoholic beverages,10546.948
310410.0,01,Food and non-alcoholic beverages,2932.474
310411.0,01,Food and non-alcoholic beverages,1545.441
310412.0,01,Food and non-alcoholic beverages,14305.15
310413.0,01,Food and non-alcoholic beverages,12883.006
310414.0,01,Food and non-alcoholic beverages,19654.670000000002
310415.0,01,Food and non-alcoholic beverages,47100.933
310416.0,01,Food and non-alcoholic beverages,10000.0
310417.0,01,Food and non-alcoholic beverages,9214.078
310418.0,01,Food and non-alcoholic beverages,15802.092
310419.0,01,Food and non-alcoholic beverages,13950.97
310420.0,01,Food and non-alcoholic beverages,24250.168
310421.0,01,Food and non-alcoholic beverages,19966.0
310422.0,01,Food and non-alcoholic beverages,9562.87
310423.0,01,Food and non-alcoholic beverages,6961.175
310424.0,01,Food and non-alcoholic beverages,11205.271999999999
310425.0,01,Food and non-alcoholic beverages,6385.512
310426.0,01,Food and non-alcoholic beverages,6785.408
310427.0,01,Food and non-alcoholic beverages,6312.626
310428.0,01,Food and non-alcoholic beverages,1982.129
310429.0,01,Food and non-alcoholic beverages,4062.3289999999997
310430.0,01,Food and non-alcoholic beverages,39647.19
310431.0,01,Food and non-alcoholic beverages,18369.018
310432.0,01,Food and non-alcoholic beverages,23340.04
310433.0,01,Food and non-alcoholic beverages,12622.081
310434.0,01,Food and non-alcoholic beverages,17700.28
310435.0,01,Food and non-alcoholic beverages,40833.021
310436.0,01,Food and non-alcoholic beverages,2705.67
310437.0,01,Food and non-alcoholic beverages,23650.0
310438.0,01,Food and non-alcoholic beverages,17506.51
310439.0,01,Food and non-alcoholic beverages,9734.18
310440.0,01,Food and non-alcoholic beverages,10861.005000000001
310441.0,01,Food and non-alcoholic beverages,14625.666
310442.0,01,Food and non-alcoholic beverages,11022.77
310443.0,01,Food and non-alcoholic beverages,5123.078
310444.0,01,Food and non-alcoholic beverages,1805.868
310445.0,01,Food and non-alcoholic beverages,10067.967
310446.0,01,Food and non-alcoholic beverages,11390.584
310447.0,01,Food and non-alcoholic beverages,28831.536
310448.0,01,Food and non-alcoholic beverages,9827.707
310449.0,01,Food and non-alcoholic beverages,1454.8029999999999
310450.0,01,Food and non-alcoholic beverages,3379.001
310451.0,01,Food and non-alcoholic beverages,14751.49
310452.0,01,Food and non-alcoholic beverages,6507.248
310453.0,01,Food and non-alcoholic beverages,9334.704
310454.0,01,Food and non-alcoholic beverages,11373.695
310455.0,01,Food and non-alcoholic beverages,3037.685
310456.0,01,Food and non-alcoholic beverages,6380.466
310457.0,01,Food and non-alcoholic beverages,108650.35
310458.0,01,Food and non-alcoholic beverages,2804.224
310459.0,01,Food and non-alcoholic beverages,8254.616
310460.0,01,Food and non-alcoholic beverages,48650.0
310461.0,01,Food and non-alcoholic beverages,16750.858
310462.0,01,Food and non-alcoholic beverages,21562.5
310463.0,01,Food and non-alcoholic beverages,8300.0
310464.0,01,Food and non-alcoholic beverages,10500.105
310465.0,01,Food and non-alcoholic beverages,42403.0
310466.0,01,Food and non-alcoholic beverages,5727.0
310467.0,01,Food and non-alcoholic beverages,8684.52
310468.0,01,Food and non-alcoholic beverages,4403.224
310469.0,01,Food and non-alcoholic beverages,10660.03
310470.0,01,Food and non-alcoholic beverages,7314.3
310471.0,01,Food and non-alcoholic beverages,5767.727
310472.0,01,Food and non-alcoholic beverages,1287.6100000000001
310473.0,01,Food and non-alcoholic beverages,3219.62
310474.0,01,Food and non-alcoholic beverages,6891.51
310475.0,01,Food and non-alcoholic beverages,33950.0
310476.0,01,Food and non-alcoholic beverages,99050.0
310477.0,01,Food and non-alcoholic beverages,9853.42
310478.0,01,Food and non-alcoholic beverages,31450.0
310479.0,01,Food and non-alcoholic beverages,25400.0
310481.0,01,Food and non-alcoholic beverages,4851.05
310482.0,01,Food and non-alcoholic beverages,30500.6
310483.0,01,Food and non-alcoholic beverages,11450.0
310484.0,01,Food and non-alcoholic beverages,12119.405
310485.0,01,Food and non-alcoholic beverages,18324.280000000002
310486.0,01,Food and non-alcoholic beverages,10537.912
310487.0,01,Food and non-alcoholic beverages,14806.05
310488.0,01,Food and non-alcoholic beverages,24808.67
310489.0,01,Food and non-alcoholic beverages,17019.935
310490.0,01,Food and non-alcoholic beverages,21461.23
310491.0,01,Food and non-alcoholic beverages,45802.952
310492.0,01,Food and non-alcoholic beverages,11419.561
310493.0,01,Food and non-alcoholic beverages,82003.294
310494.0,01,Food and non-alcoholic beverages,17604.032
310495.0,01,Food and non-alcoholic beverages,22524.3764
310496.0,01,Food and non-alcoholic beverages,10824.5
310497.0,01,Food and non-alcoholic beverages,31665.644
310498.0,01,Food and non-alcoholic beverages,14006.738
310499.0,01,Food and non-alcoholic beverages,13055.5
310500.0,01,Food and non-alcoholic beverages,23576.348
310501.0,01,Food and non-alcoholic beverages,25551.841
310502.0,01,Food and non-alcoholic beverages,14523.494999999999
310503.0,01,Food and non-alcoholic beverages,19800.76
310504.0,01,Food and non-alcoholic beverages,21231.12
310505.0,01,Food and non-alcoholic beverages,10304.394
310506.0,01,Food and non-alcoholic beverages,4321.16
310507.0,01,Food and non-alcoholic beverages,31258.573
310508.0,01,Food and non-alcoholic beverages,17113.276
310509.0,01,Food and non-alcoholic beverages,5566.994
310510.0,01,Food and non-alcoholic beverages,22950.469
310511.0,01,Food and non-alcoholic beverages,2418.906
310512.0,01,Food and non-alcoholic beverages,8418.772
310513.0,01,Food and non-alcoholic beverages,10309.0
310514.0,01,Food and non-alcoholic beverages,3610.283
310515.0,01,Food and non-alcoholic beverages,6606.723
310516.0,01,Food and non-alcoholic beverages,3318.068
310517.0,01,Food and non-alcoholic beverages,247.69
310518.0,01,Food and non-alcoholic beverages,822.894
310519.0,01,Food and non-alcoholic beverages,11661.665
310520.0,01,Food and non-alcoholic beverages,7101.08
310521.0,01,Food and non-alcoholic beverages,10800.0
310522.0,01,Food and non-alcoholic beverages,14850.0
310523.0,01,Food and non-alcoholic beverages,16725.433
310524.0,01,Food and non-alcoholic beverages,15256.25
310525.0,01,Food and non-alcoholic beverages,25650.0
310526.0,01,Food and non-alcoholic beverages,66435.0
310527.0,01,Food and non-alcoholic beverages,21600.0
310528.0,01,Food and non-alcoholic beverages,14416.476
310529.0,01,Food and non-alcoholic beverages,2552.716
310530.0,01,Food and non-alcoholic beverages,1429.56
310531.0,01,Food and non-alcoholic beverages,12855.882
310532.0,01,Food and non-alcoholic beverages,18841.706
310533.0,01,Food and non-alcoholic beverages,18911.322
310534.0,01,Food and non-alcoholic beverages,13621.288
310535.0,01,Food and non-alcoholic beverages,815.789
310536.0,01,Food and non-alcoholic beverages,2217.872
310537.0,01,Food and non-alcoholic beverages,775.1
310538.0,01,Food and non-alcoholic beverages,14329.5
310539.0,01,Food and non-alcoholic beverages,6660.112
310540.0,01,Food and non-alcoholic beverages,7498.825
310541.0,01,Food and non-alcoholic beverages,4023.485
310542.0,01,Food and non-alcoholic beverages,4472.117
310543.0,01,Food and non-alcoholic beverages,14614.17
310544.0,01,Food and non-alcoholic beverages,6966.58
310545.0,01,Food and non-alcoholic beverages,3756.901
310546.0,01,Food and non-alcoholic beverages,8471.995
310547.0,01,Food and non-alcoholic beverages,33084.226
310548.0,01,Food and non-alcoholic beverages,15000.603
310549.0,01,Food and non-alcoholic beverages,7666.298
310550.0,01,Food and non-alcoholic beverages,13851.266
310551.0,01,Food and non-alcoholic beverages,6467.928
310552.0,01,Food and non-alcoholic beverages,17706.04
310553.0,01,Food and non-alcoholic beverages,52519.61
310554.0,01,Food and non-alcoholic beverages,42880.04
310555.0,01,Food and non-alcoholic beverages,42900.5
310556.0,01,Food and non-alcoholic beverages,1712.153
310557.0,01,Food and non-alcoholic beverages,6349.3
310558.0,01,Food and non-alcoholic beverages,3018.13
310559.0,01,Food and non-alcoholic beverages,7325.905
310560.0,01,Food and non-alcoholic beverages,3229.493
310561.0,01,Food and non-alcoholic beverages,4123.711
310562.0,01,Food and non-alcoholic beverages,6154.3859999999995
310563.0,01,Food and non-alcoholic beverages,15417.688
310564.0,01,Food and non-alcoholic beverages,5861.26
310565.0,01,Food and non-alcoholic beverages,12060.9
310566.0,01,Food and non-alcoholic beverages,17169.78
310567.0,01,Food and non-alcoholic beverages,7507.542
310568.0,01,Food and non-alcoholic beverages,16802.0
310569.0,01,Food and non-alcoholic beverages,8400.0
310570.0,01,Food and non-alcoholic beverages,15682.51
310571.0,01,Food and non-alcoholic beverages,17450.0
310572.0,01,Food and non-alcoholic beverages,625.863
310573.0,01,Food and non-alcoholic beverages,28003.29
310574.0,01,Food and non-alcoholic beverages,5116.5
310575.0,01,Food and non-alcoholic beverages,13523.0
310576.0,01,Food and non-alcoholic beverages,6519.34
310577.0,01,Food and non-alcoholic beverages,3547.028
310578.0,01,Food and non-alcoholic beverages,17137.268
310579.0,01,Food and non-alcoholic beverages,8670.38
310580.0,01,Food and non-alcoholic beverages,4177.699
310581.0,01,Food and non-alcoholic beverages,632.809
310582.0,01,Food and non-alcoholic beverages,1231.001
310583.0,01,Food and non-alcoholic beverages,6703.064
310584.0,01,Food and non-alcoholic beverages,26929.955
310585.0,01,Food and non-alcoholic beverages,45973.994
310586.0,01,Food and non-alcoholic beverages,17000.34
310587.0,01,Food and non-alcoholic beverages,25655.632
310588.0,01,Food and non-alcoholic beverages,77909.68000000001
310589.0,01,Food and non-alcoholic beverages,61203.0
310590.0,01,Food and non-alcoholic beverages,24550.0
310591.0,01,Food and non-alcoholic beverages,32552.0
310593.0,01,Food and non-alcoholic beverages,25550.0
310594.0,01,Food and non-alcoholic beverages,27550.0
310595.0,01,Food and non-alcoholic beverages,48300.0
310596.0,01,Food and non-alcoholic beverages,27700.0
310597.0,01,Food and non-alcoholic beverages,2650.0
310598.0,01,Food and non-alcoholic beverages,45256.146
310599.0,01,Food and non-alcoholic beverages,29202.33
310600.0,01,Food and non-alcoholic beverages,7013.866
310601.0,01,Food and non-alcoholic beverages,12502.66
310602.0,01,Food and non-alcoholic beverages,17000.0
310603.0,01,Food and non-alcoholic beverages,19550.178
310604.0,01,Food and non-alcoholic beverages,25602.188
310605.0,01,Food and non-alcoholic beverages,6106.802
310606.0,01,Food and non-alcoholic beverages,6454.0
310607.0,01,Food and non-alcoholic beverages,16850.0
310608.0,01,Food and non-alcoholic beverages,7070.26
310609.0,01,Food and non-alcoholic beverages,7350.541
310610.0,01,Food and non-alcoholic beverages,12417.828
310611.0,01,Food and non-alcoholic beverages,2906.638
310612.0,01,Food and non-alcoholic beverages,35682.12
310613.0,01,Food and non-alcoholic beverages,7533.284000000001
310614.0,01,Food and non-alcoholic beverages,4437.014
310615.0,01,Food and non-alcoholic beverages,544.51
310616.0,01,Food and non-alcoholic beverages,18702.386
310617.0,01,Food and non-alcoholic beverages,5379.701
310618.0,01,Food and non-alcoholic beverages,9397.576
310619.0,01,Food and non-alcoholic beverages,9202.0
310620.0,01,Food and non-alcoholic beverages,14681.276
310621.0,01,Food and non-alcoholic beverages,12794.494
310622.0,01,Food and non-alcoholic beverages,19.043
310623.0,01,Food and non-alcoholic beverages,527.26
310624.0,01,Food and non-alcoholic beverages,8692.568
310625.0,01,Food and non-alcoholic beverages,5621.873
310626.0,01,Food and non-alcoholic beverages,717.038
310627.0,01,Food and non-alcoholic beverages,6679.400000000001
310628.0,01,Food and non-alcoholic beverages,15949.566
310629.0,01,Food and non-alcoholic beverages,12070.5
310630.0,01,Food and non-alcoholic beverages,11525.24
310631.0,01,Food and non-alcoholic beverages,1391.854
310632.0,01,Food and non-alcoholic beverages,7612.735000000001
310633.0,01,Food and non-alcoholic beverages,19435.361
310634.0,01,Food and non-alcoholic beverages,3207.173
310635.0,01,Food and non-alcoholic beverages,5968.0
310636.0,01,Food and non-alcoholic beverages,1817.671
310637.0,01,Food and non-alcoholic beverages,13214.052
310638.0,01,Food and non-alcoholic beverages,610.16
310639.0,01,Food and non-alcoholic beverages,20555.63
310640.0,01,Food and non-alcoholic beverages,17801.9125
310641.0,01,Food and non-alcoholic beverages,6405.026
310642.0,01,Food and non-alcoholic beverages,11101.204
310643.0,01,Food and non-alcoholic beverages,8534.148
310644.0,01,Food and non-alcoholic beverages,1061.451
310645.0,01,Food and non-alcoholic beverages,11671.205
310646.0,01,Food and non-alcoholic beverages,14454.56
310647.0,01,Food and non-alcoholic beverages,87602.5
310648.0,01,Food and non-alcoholic beverages,99100.0
310649.0,01,Food and non-alcoholic beverages,15562.6
310650.0,01,Food and non-alcoholic beverages,35655.041
310651.0,01,Food and non-alcoholic beverages,5254.73
310652.0,01,Food and non-alcoholic beverages,19615.65
310653.0,01,Food and non-alcoholic beverages,22850.108
310654.0,01,Food and non-alcoholic beverages,11203.276
310655.0,01,Food and non-alcoholic beverages,14913.671
310656.0,01,Food and non-alcoholic beverages,13455.943
310657.0,01,Food and non-alcoholic beverages,324.6
310658.0,01,Food and non-alcoholic beverages,7328.913
310659.0,01,Food and non-alcoholic beverages,6533.85
310660.0,01,Food and non-alcoholic beverages,4318.988
310661.0,01,Food and non-alcoholic beverages,13450.0
310662.0,01,Food and non-alcoholic beverages,4041.114
310663.0,01,Food and non-alcoholic beverages,13675.33
310664.0,01,Food and non-alcoholic beverages,34403.96
310665.0,01,Food and non-alcoholic beverages,12050.0
310666.0,01,Food and non-alcoholic beverages,17850.0
310667.0,01,Food and non-alcoholic beverages,7300.608
310668.0,01,Food and non-alcoholic beverages,7153.0
310669.0,01,Food and non-alcoholic beverages,30211.578
310670.0,01,Food and non-alcoholic beverages,30300.0
310671.0,01,Food and non-alcoholic beverages,7751.668
310672.0,01,Food and non-alcoholic beverages,21014.825
310673.0,01,Food and non-alcoholic beverages,9665.848
310674.0,01,Food and non-alcoholic beverages,10500.0
310675.0,01,Food and non-alcoholic beverages,6213.31
310676.0,01,Food and non-alcoholic beverages,36251.2
310677.0,01,Food and non-alcoholic beverages,16518.825
310678.0,01,Food and non-alcoholic beverages,8361.57
310679.0,01,Food and non-alcoholic beverages,14605.091
310680.0,01,Food and non-alcoholic beverages,8512.380000000001
310681.0,01,Food and non-alcoholic beverages,6606.415
310682.0,01,Food and non-alcoholic beverages,7262.5
310683.0,01,Food and non-alcoholic beverages,3200.5
310685.0,01,Food and non-alcoholic beverages,1400.0
310686.0,01,Food and non-alcoholic beverages,9250.0
310687.0,01,Food and non-alcoholic beverages,20205.5
310688.0,01,Food and non-alcoholic beverages,17114.764
310689.0,01,Food and non-alcoholic beverages,21711.25
310690.0,01,Food and non-alcoholic beverages,28968.375
310691.0,01,Food and non-alcoholic beverages,12400.0
310692.0,01,Food and non-alcoholic beverages,16200.0
310693.0,01,Food and non-alcoholic beverages,3424.5
310694.0,01,Food and non-alcoholic beverages,5149.5
310695.0,01,Food and non-alcoholic beverages,6436.0
310696.0,01,Food and non-alcoholic beverages,11416.508
310697.0,01,Food and non-alcoholic beverages,10070.75
310698.0,01,Food and non-alcoholic beverages,22300.0
310699.0,01,Food and non-alcoholic beverages,16622.558
310700.0,01,Food and non-alcoholic beverages,20104.154
310701.0,01,Food and non-alcoholic beverages,4401.25
310702.0,01,Food and non-alcoholic beverages,8944.0
310703.0,01,Food and non-alcoholic beverages,16004.0
310704.0,01,Food and non-alcoholic beverages,20551.582
310705.0,01,Food and non-alcoholic beverages,212.783
310706.0,01,Food and non-alcoholic beverages,8155.574
310707.0,01,Food and non-alcoholic beverages,29952.35
310708.0,01,Food and non-alcoholic beverages,22169.872
310709.0,01,Food and non-alcoholic beverages,7980.299
310710.0,01,Food and non-alcoholic beverages,11376.725
310712.0,01,Food and non-alcoholic beverages,3740.009
310713.0,01,Food and non-alcoholic beverages,6250.5
310714.0,01,Food and non-alcoholic beverages,3307.0
310715.0,01,Food and non-alcoholic beverages,9810.028
310716.0,01,Food and non-alcoholic beverages,2309.294
310717.0,01,Food and non-alcoholic beverages,9686.256
310718.0,01,Food and non-alcoholic beverages,10020.799
310719.0,01,Food and non-alcoholic beverages,62668.0
310720.0,01,Food and non-alcoholic beverages,9812.25
310721.0,01,Food and non-alcoholic beverages,8360.87
310722.0,01,Food and non-alcoholic beverages,5315.129
310723.0,01,Food and non-alcoholic beverages,29777.96
310724.0,01,Food and non-alcoholic beverages,2313.733
310725.0,01,Food and non-alcoholic beverages,14458.5986
310726.0,01,Food and non-alcoholic beverages,5626.75
310727.0,01,Food and non-alcoholic beverages,8785.166
310728.0,01,Food and non-alcoholic beverages,14085.142
310729.0,01,Food and non-alcoholic beverages,11346.125
310730.0,01,Food and non-alcoholic beverages,69867.702
310731.0,01,Food and non-alcoholic beverages,5220.065
310732.0,01,Food and non-alcoholic beverages,8082.04
310733.0,01,Food and non-alcoholic beverages,6.771
310734.0,01,Food and non-alcoholic beverages,7602.0
310735.0,01,Food and non-alcoholic beverages,5729.128
310736.0,01,Food and non-alcoholic beverages,10002.335
310737.0,01,Food and non-alcoholic beverages,3508.538
310738.0,01,Food and non-alcoholic beverages,6092.0
310739.0,01,Food and non-alcoholic beverages,17208.0
310740.0,01,Food and non-alcoholic beverages,9353.5
310741.0,01,Food and non-alcoholic beverages,12839.44
310742.0,01,Food and non-alcoholic beverages,1124.531
310743.0,01,Food and non-alcoholic beverages,22198.506
310744.0,01,Food and non-alcoholic beverages,8207.75
310745.0,01,Food and non-alcoholic beverages,1908.955
310746.0,01,Food and non-alcoholic beverages,6595.893
310747.0,01,Food and non-alcoholic beverages,605.0
310748.0,01,Food and non-alcoholic beverages,1024.39
310749.0,01,Food and non-alcoholic beverages,22128.0
310750.0,01,Food and non-alcoholic beverages,3185.772
310751.0,01,Food and non-alcoholic beverages,4908.82
310752.0,01,Food and non-alcoholic beverages,11089.04
310753.0,01,Food and non-alcoholic beverages,9892.1
310754.0,01,Food and non-alcoholic beverages,4905.762
310755.0,01,Food and non-alcoholic beverages,10696.0
310756.0,01,Food and non-alcoholic beverages,13951.452
310757.0,01,Food and non-alcoholic beverages,25350.525
310758.0,01,Food and non-alcoholic beverages,30148.766
310759.0,01,Food and non-alcoholic beverages,11355.934
310760.0,01,Food and non-alcoholic beverages,39354.5
310761.0,01,Food and non-alcoholic beverages,5050.5
310762.0,01,Food and non-alcoholic beverages,17600.952
310763.0,01,Food and non-alcoholic beverages,13468.5
310764.0,01,Food and non-alcoholic beverages,1513.5
310765.0,01,Food and non-alcoholic beverages,14605.907
310766.0,01,Food and non-alcoholic beverages,9471.146
310767.0,01,Food and non-alcoholic beverages,18084.39
310768.0,01,Food and non-alcoholic beverages,9691.983
310769.0,01,Food and non-alcoholic beverages,10325.938
310770.0,01,Food and non-alcoholic beverages,3345.413
310771.0,01,Food and non-alcoholic beverages,6224.249
310772.0,01,Food and non-alcoholic beverages,327.604
310773.0,01,Food and non-alcoholic beverages,12538.128
310774.0,01,Food and non-alcoholic beverages,4829.389
310775.0,01,Food and non-alcoholic beverages,5510.004
310776.0,01,Food and non-alcoholic beverages,2107.0
310777.0,01,Food and non-alcoholic beverages,6456.927
310778.0,01,Food and non-alcoholic beverages,236.34
310779.0,01,Food and non-alcoholic beverages,4075.1079999999997
310780.0,01,Food and non-alcoholic beverages,29953.357
310781.0,01,Food and non-alcoholic beverages,13454.335
310782.0,01,Food and non-alcoholic beverages,47209.22
310783.0,01,Food and non-alcoholic beverages,12956.42
310784.0,01,Food and non-alcoholic beverages,8265.561
310785.0,01,Food and non-alcoholic beverages,45050.0
310786.0,01,Food and non-alcoholic beverages,10306.564
310787.0,01,Food and non-alcoholic beverages,6171.0
310788.0,01,Food and non-alcoholic beverages,137710.8
310789.0,01,Food and non-alcoholic beverages,22384.0
310790.0,01,Food and non-alcoholic beverages,1613.17
310791.0,01,Food and non-alcoholic beverages,1031.215
310792.0,01,Food and non-alcoholic beverages,3163.561
310793.0,01,Food and non-alcoholic beverages,21675.67
310794.0,01,Food and non-alcoholic beverages,4657.75
310795.0,01,Food and non-alcoholic beverages,7306.525
310796.0,01,Food and non-alcoholic beverages,10002.521
310797.0,01,Food and non-alcoholic beverages,39580.5
310798.0,01,Food and non-alcoholic beverages,15423.019
310799.0,01,Food and non-alcoholic beverages,9902.064
310800.0,01,Food and non-alcoholic beverages,1108.274
310801.0,01,Food and non-alcoholic beverages,1846.627
310802.0,01,Food and non-alcoholic beverages,2148.5
310803.0,01,Food and non-alcoholic beverages,10852.208999999999
310804.0,01,Food and non-alcoholic beverages,7552.3
310805.0,01,Food and non-alcoholic beverages,11519.086
310806.0,01,Food and non-alcoholic beverages,150.086
310807.0,01,Food and non-alcoholic beverages,19903.0
310808.0,01,Food and non-alcoholic beverages,18031.515
310809.0,01,Food and non-alcoholic beverages,9636.008
310810.0,01,Food and non-alcoholic beverages,9478.811
310811.0,01,Food and non-alcoholic beverages,7709.608
310812.0,01,Food and non-alcoholic beverages,10910.385
310813.0,01,Food and non-alcoholic beverages,4634.852
310814.0,01,Food and non-alcoholic beverages,126.445
310815.0,01,Food and non-alcoholic beverages,6159.006
310816.0,01,Food and non-alcoholic beverages,1288.482
310817.0,01,Food and non-alcoholic beverages,100884.931
310818.0,01,Food and non-alcoholic beverages,16899.062
310819.0,01,Food and non-alcoholic beverages,5392.443
310820.0,01,Food and non-alcoholic beverages,1696.402
310821.0,01,Food and non-alcoholic beverages,3878.752
310822.0,01,Food and non-alcoholic beverages,13518.68
310823.0,01,Food and non-alcoholic beverages,5313.636
310824.0,01,Food and non-alcoholic beverages,4803.0
310825.0,01,Food and non-alcoholic beverages,4052.0
310826.0,01,Food and non-alcoholic beverages,5338.531
310827.0,01,Food and non-alcoholic beverages,1463.25
310828.0,01,Food and non-alcoholic beverages,4972.749
310829.0,01,Food and non-alcoholic beverages,16763.671
310830.0,01,Food and non-alcoholic beverages,13694.7
310831.0,01,Food and non-alcoholic beverages,866.87
310832.0,01,Food and non-alcoholic beverages,3280.25
310833.0,01,Food and non-alcoholic beverages,11710.0
310834.0,01,Food and non-alcoholic beverages,35764.792
310835.0,01,Food and non-alcoholic beverages,713.1
310836.0,01,Food and non-alcoholic beverages,10830.0
310837.0,01,Food and non-alcoholic beverages,11040.6
310838.0,01,Food and non-alcoholic beverages,1669.485
310839.0,01,Food and non-alcoholic beverages,5238.742
310840.0,01,Food and non-alcoholic beverages,2720.413
310841.0,01,Food and non-alcoholic beverages,7829.763
310842.0,01,Food and non-alcoholic beverages,20351.0
310843.0,01,Food and non-alcoholic beverages,852.221
310844.0,01,Food and non-alcoholic beverages,2824.2
310845.0,01,Food and non-alcoholic beverages,4614.2
310846.0,01,Food and non-alcoholic beverages,13971.009
310847.0,01,Food and non-alcoholic beverages,913.9019999999999
310848.0,01,Food and non-alcoholic beverages,21.14
310849.0,01,Food and non-alcoholic beverages,5992.524
310850.0,01,Food and non-alcoholic beverages,11202.007
310851.0,01,Food and non-alcoholic beverages,13877.511
310852.0,01,Food and non-alcoholic beverages,6322.34
310853.0,01,Food and non-alcoholic beverages,3156.69
310854.0,01,Food and non-alcoholic beverages,7562.0
310855.0,01,Food and non-alcoholic beverages,3302.636
310856.0,01,Food and non-alcoholic beverages,1545.04
310857.0,01,Food and non-alcoholic beverages,8901.737000000001
310858.0,01,Food and non-alcoholic beverages,4783.129
310859.0,01,Food and non-alcoholic beverages,4894.17
310860.0,01,Food and non-alcoholic beverages,7575.3
310861.0,01,Food and non-alcoholic beverages,2649.8
310862.0,01,Food and non-alcoholic beverages,21003.82
310863.0,01,Food and non-alcoholic beverages,2302.73
310864.0,01,Food and non-alcoholic beverages,6820.0
310865.0,01,Food and non-alcoholic beverages,6110.413
310866.0,01,Food and non-alcoholic beverages,23802.407
310867.0,01,Food and non-alcoholic beverages,7972.452
310868.0,01,Food and non-alcoholic beverages,7083.06
310869.0,01,Food and non-alcoholic beverages,19001.504
310870.0,01,Food and non-alcoholic beverages,7360.724
310871.0,01,Food and non-alcoholic beverages,13698.13
310872.0,01,Food and non-alcoholic beverages,33551.5
310873.0,01,Food and non-alcoholic beverages,4815.152
310874.0,01,Food and non-alcoholic beverages,505.233
310875.0,01,Food and non-alcoholic beverages,4253.9349999999995
310876.0,01,Food and non-alcoholic beverages,13993.182
310877.0,01,Food and non-alcoholic beverages,4270.75
310878.0,01,Food and non-alcoholic beverages,19858.016
310879.0,01,Food and non-alcoholic beverages,4206.207
310880.0,01,Food and non-alcoholic beverages,2837.0
310881.0,01,Food and non-alcoholic beverages,8721.58
310882.0,01,Food and non-alcoholic beverages,7970.638
310883.0,01,Food and non-alcoholic beverages,6469.761
310884.0,01,Food and non-alcoholic beverages,9721.561
310885.0,01,Food and non-alcoholic beverages,2350.0
310886.0,01,Food and non-alcoholic beverages,1102.426
310887.0,01,Food and non-alcoholic beverages,1250.728
310888.0,01,Food and non-alcoholic beverages,7732.152
310889.0,01,Food and non-alcoholic beverages,2748.02
310890.0,01,Food and non-alcoholic beverages,518.09
310891.0,01,Food and non-alcoholic beverages,11842.8
310892.0,01,Food and non-alcoholic beverages,499.008
310893.0,01,Food and non-alcoholic beverages,1885.203
310894.0,01,Food and non-alcoholic beverages,5365.754
310895.0,01,Food and non-alcoholic beverages,3161.038
310896.0,01,Food and non-alcoholic beverages,1196.01
310897.0,01,Food and non-alcoholic beverages,8832.15
310898.0,01,Food and non-alcoholic beverages,4013.425
310899.0,01,Food and non-alcoholic beverages,13866.122
310900.0,01,Food and non-alcoholic beverages,20216.795
310901.0,01,Food and non-alcoholic beverages,38865.823
310902.0,01,Food and non-alcoholic beverages,15019.228
310903.0,01,Food and non-alcoholic beverages,11668.0
310904.0,01,Food and non-alcoholic beverages,9711.559
310905.0,01,Food and non-alcoholic beverages,6725.425
310906.0,01,Food and non-alcoholic beverages,11323.0
310907.0,01,Food and non-alcoholic beverages,2328.431
310908.0,01,Food and non-alcoholic beverages,2515.29
310909.0,01,Food and non-alcoholic beverages,1732.77
310910.0,01,Food and non-alcoholic beverages,30977.5
310911.0,01,Food and non-alcoholic beverages,10333.179
310912.0,01,Food and non-alcoholic beverages,119.745
310913.0,01,Food and non-alcoholic beverages,8215.8
310914.0,01,Food and non-alcoholic beverages,5232.08
310915.0,01,Food and non-alcoholic beverages,11551.75
310916.0,01,Food and non-alcoholic beverages,10832.76
310917.0,01,Food and non-alcoholic beverages,1062.3799999999999
310918.0,01,Food and non-alcoholic beverages,12038.32
310919.0,01,Food and non-alcoholic beverages,9319.0
310920.0,01,Food and non-alcoholic beverages,11777.5
310921.0,01,Food and non-alcoholic beverages,4005.2
310922.0,01,Food and non-alcoholic beverages,9483.871
310923.0,01,Food and non-alcoholic beverages,3979.319
310924.0,01,Food and non-alcoholic beverages,3840.386
310925.0,01,Food and non-alcoholic beverages,39150.0
310926.0,01,Food and non-alcoholic beverages,2813.01
310927.0,01,Food and non-alcoholic beverages,7545.618
310928.0,01,Food and non-alcoholic beverages,3986.566
310929.0,01,Food and non-alcoholic beverages,7745.512
310930.0,01,Food and non-alcoholic beverages,17138.403
310931.0,01,Food and non-alcoholic beverages,5107.7
310932.0,01,Food and non-alcoholic beverages,9.0
310933.0,01,Food and non-alcoholic beverages,10746.0
310934.0,01,Food and non-alcoholic beverages,7047.0
310935.0,01,Food and non-alcoholic beverages,1960.165
310936.0,01,Food and non-alcoholic beverages,4254.48
310937.0,01,Food and non-alcoholic beverages,8144.67
310938.0,01,Food and non-alcoholic beverages,5065.5
310939.0,01,Food and non-alcoholic beverages,15306.5
310940.0,01,Food and non-alcoholic beverages,9339.417
310941.0,01,Food and non-alcoholic beverages,17064.5
310942.0,01,Food and non-alcoholic beverages,41430.418
310943.0,01,Food and non-alcoholic beverages,6920.755
310944.0,01,Food and non-alcoholic beverages,10841.53
310945.0,01,Food and non-alcoholic beverages,7261.6
310946.0,01,Food and non-alcoholic beverages,3906.444
310947.0,01,Food and non-alcoholic beverages,10224.884
310948.0,01,Food and non-alcoholic beverages,13206.0
310949.0,01,Food and non-alcoholic beverages,3418.0
310950.0,01,Food and non-alcoholic beverages,12422.5
310951.0,01,Food and non-alcoholic beverages,6073.02
310952.0,01,Food and non-alcoholic beverages,5313.635
310953.0,01,Food and non-alcoholic beverages,18970.122
310954.0,01,Food and non-alcoholic beverages,1208.15
310955.0,01,Food and non-alcoholic beverages,14802.119
310956.0,01,Food and non-alcoholic beverages,3204.24
310957.0,01,Food and non-alcoholic beverages,43112.518
310958.0,01,Food and non-alcoholic beverages,5629.5
310959.0,01,Food and non-alcoholic beverages,17256.012
310960.0,01,Food and non-alcoholic beverages,7660.5
310961.0,01,Food and non-alcoholic beverages,17225.287
310962.0,01,Food and non-alcoholic beverages,4521.25
310963.0,01,Food and non-alcoholic beverages,3944.516
310964.0,01,Food and non-alcoholic beverages,11807.5
310965.0,01,Food and non-alcoholic beverages,3967.5
310966.0,01,Food and non-alcoholic beverages,9829.495
310967.0,01,Food and non-alcoholic beverages,4039.035
310968.0,01,Food and non-alcoholic beverages,11467.004
310969.0,01,Food and non-alcoholic beverages,16999.662
310970.0,01,Food and non-alcoholic beverages,7856.55
310971.0,01,Food and non-alcoholic beverages,17608.0
310972.0,01,Food and non-alcoholic beverages,22875.632
310973.0,01,Food and non-alcoholic beverages,5247.605
310974.0,01,Food and non-alcoholic beverages,12404.526
310975.0,01,Food and non-alcoholic beverages,21662.2
310976.0,01,Food and non-alcoholic beverages,16529.116
310977.0,01,Food and non-alcoholic beverages,15706.558
310978.0,01,Food and non-alcoholic beverages,8919.5
310979.0,01,Food and non-alcoholic beverages,3780.047
310980.0,01,Food and non-alcoholic beverages,16311.603000000001
310981.0,01,Food and non-alcoholic beverages,3360.754
310982.0,01,Food and non-alcoholic beverages,12803.103
310983.0,01,Food and non-alcoholic beverages,1601.045
310984.0,01,Food and non-alcoholic beverages,16402.046
310985.0,01,Food and non-alcoholic beverages,32122.5
310986.0,01,Food and non-alcoholic beverages,2826.0
310987.0,01,Food and non-alcoholic beverages,5940.9
310988.0,01,Food and non-alcoholic beverages,4809.0
310989.0,01,Food and non-alcoholic beverages,4029.0
310990.0,01,Food and non-alcoholic beverages,7080.311
310991.0,01,Food and non-alcoholic beverages,15731.5
310992.0,01,Food and non-alcoholic beverages,5403.794
310993.0,01,Food and non-alcoholic beverages,31392.343
310994.0,01,Food and non-alcoholic beverages,15524.506
310995.0,01,Food and non-alcoholic beverages,20645.111
310996.0,01,Food and non-alcoholic beverages,11414.02
310997.0,01,Food and non-alcoholic beverages,1668.78
310998.0,01,Food and non-alcoholic beverages,19524.582
310999.0,01,Food and non-alcoholic beverages,3097.37
311000.0,01,Food and non-alcoholic beverages,19653.25
311001.0,01,Food and non-alcoholic beverages,37885.5
311002.0,01,Food and non-alcoholic beverages,8701.0
311003.0,01,Food and non-alcoholic beverages,32726.59
311004.0,01,Food and non-alcoholic beverages,4897.548
311005.0,01,Food and non-alcoholic beverages,21387.5
311007.0,01,Food and non-alcoholic beverages,11231.497
311008.0,01,Food and non-alcoholic beverages,27950.5
311009.0,01,Food and non-alcoholic beverages,20634.374
311010.0,01,Food and non-alcoholic beverages,16565.513
311011.0,01,Food and non-alcoholic beverages,5870.149
311012.0,01,Food and non-alcoholic beverages,5607.017
311013.0,01,Food and non-alcoholic beverages,13913.505
311014.0,01,Food and non-alcoholic beverages,8694.005
311015.0,01,Food and non-alcoholic beverages,7672.0
311016.0,01,Food and non-alcoholic beverages,4169.498
311017.0,01,Food and non-alcoholic beverages,9605.619999999999
311018.0,01,Food and non-alcoholic beverages,5814.5
311019.0,01,Food and non-alcoholic beverages,2503.36
311020.0,01,Food and non-alcoholic beverages,11627.18
311021.0,01,Food and non-alcoholic beverages,6155.0
311022.0,01,Food and non-alcoholic beverages,13773.8
311023.0,01,Food and non-alcoholic beverages,11459.004
311024.0,01,Food and non-alcoholic beverages,11432.0
311025.0,01,Food and non-alcoholic beverages,5632.5
311026.0,01,Food and non-alcoholic beverages,5923.451
311027.0,01,Food and non-alcoholic beverages,5222.9490000000005
311028.0,01,Food and non-alcoholic beverages,15344.956
311029.0,01,Food and non-alcoholic beverages,4235.0
311030.0,01,Food and non-alcoholic beverages,17783.3
311031.0,01,Food and non-alcoholic beverages,19153.0
311032.0,01,Food and non-alcoholic beverages,17055.405
311033.0,01,Food and non-alcoholic beverages,3718.0170000000003
311034.0,01,Food and non-alcoholic beverages,2651.26
311035.0,01,Food and non-alcoholic beverages,12668.418
311036.0,01,Food and non-alcoholic beverages,4528.5
311037.0,01,Food and non-alcoholic beverages,1240.7640000000001
311038.0,01,Food and non-alcoholic beverages,713.233
311039.0,01,Food and non-alcoholic beverages,14961.0
311040.0,01,Food and non-alcoholic beverages,14618.006
311041.0,01,Food and non-alcoholic beverages,4814.004
311042.0,01,Food and non-alcoholic beverages,13430.28
311043.0,01,Food and non-alcoholic beverages,32202.537
311044.0,01,Food and non-alcoholic beverages,7337.5
311045.0,01,Food and non-alcoholic beverages,15201.262
311046.0,01,Food and non-alcoholic beverages,14627.95
311047.0,01,Food and non-alcoholic beverages,8021.11
311048.0,01,Food and non-alcoholic beverages,6509.075
311049.0,01,Food and non-alcoholic beverages,16541.65
311050.0,01,Food and non-alcoholic beverages,34379.212
311051.0,01,Food and non-alcoholic beverages,2035.943
311052.0,01,Food and non-alcoholic beverages,8182.0
311053.0,01,Food and non-alcoholic beverages,6219.25
311054.0,01,Food and non-alcoholic beverages,4525.0
311055.0,01,Food and non-alcoholic beverages,16915.584
311056.0,01,Food and non-alcoholic beverages,52410.0
311057.0,01,Food and non-alcoholic beverages,2348.575
311058.0,01,Food and non-alcoholic beverages,14872.78
311059.0,01,Food and non-alcoholic beverages,39561.0
311060.0,01,Food and non-alcoholic beverages,34619.441
311061.0,01,Food and non-alcoholic beverages,5658.2
311062.0,01,Food and non-alcoholic beverages,2549.1
311063.0,01,Food and non-alcoholic beverages,5579.25
311064.0,01,Food and non-alcoholic beverages,19137.003
311065.0,01,Food and non-alcoholic beverages,8572.004
311066.0,01,Food and non-alcoholic beverages,1841.0
311067.0,01,Food and non-alcoholic beverages,20427.0
311068.0,01,Food and non-alcoholic beverages,26394.0
311069.0,01,Food and non-alcoholic beverages,532.791
311070.0,01,Food and non-alcoholic beverages,4484.4
311071.0,01,Food and non-alcoholic beverages,4929.53
311072.0,01,Food and non-alcoholic beverages,55665.0
311073.0,01,Food and non-alcoholic beverages,6725.5
311074.0,01,Food and non-alcoholic beverages,8005.316
311075.0,01,Food and non-alcoholic beverages,4571.848
311076.0,01,Food and non-alcoholic beverages,2524.93
311077.0,01,Food and non-alcoholic beverages,7906.769
311078.0,01,Food and non-alcoholic beverages,12791.34
311079.0,01,Food and non-alcoholic beverages,4905.394
311080.0,01,Food and non-alcoholic beverages,2077.5
311081.0,01,Food and non-alcoholic beverages,4127.035
311082.0,01,Food and non-alcoholic beverages,3720.0
311083.0,01,Food and non-alcoholic beverages,7663.0
311084.0,01,Food and non-alcoholic beverages,2211.25
311085.0,01,Food and non-alcoholic beverages,4611.65
311086.0,01,Food and non-alcoholic beverages,3535.2
311087.0,01,Food and non-alcoholic beverages,32388.557
311088.0,01,Food and non-alcoholic beverages,2328.355
311089.0,01,Food and non-alcoholic beverages,8867.72
311090.0,01,Food and non-alcoholic beverages,16636.75
311091.0,01,Food and non-alcoholic beverages,2800.0
311092.0,01,Food and non-alcoholic beverages,29354.0
311093.0,01,Food and non-alcoholic beverages,7816.5
311094.0,01,Food and non-alcoholic beverages,7905.75
311095.0,01,Food and non-alcoholic beverages,9921.084
311096.0,01,Food and non-alcoholic beverages,6356.691
311097.0,01,Food and non-alcoholic beverages,4938.318
311098.0,01,Food and non-alcoholic beverages,21740.768
311099.0,01,Food and non-alcoholic beverages,11130.028
311100.0,01,Food and non-alcoholic beverages,8634.761
311101.0,01,Food and non-alcoholic beverages,7021.12
311102.0,01,Food and non-alcoholic beverages,27894.25
311103.0,01,Food and non-alcoholic beverages,1019.004
311104.0,01,Food and non-alcoholic beverages,1838.52
311105.0,01,Food and non-alcoholic beverages,6313.5
311106.0,01,Food and non-alcoholic beverages,25318.9
311107.0,01,Food and non-alcoholic beverages,3141.75
311108.0,01,Food and non-alcoholic beverages,3352.48
311109.0,01,Food and non-alcoholic beverages,9911.0
311110.0,01,Food and non-alcoholic beverages,12796.997
311111.0,01,Food and non-alcoholic beverages,6883.25
311112.0,01,Food and non-alcoholic beverages,11090.0
311113.0,01,Food and non-alcoholic beverages,2719.784
311114.0,01,Food and non-alcoholic beverages,16491.285
311115.0,01,Food and non-alcoholic beverages,18987.73
311116.0,01,Food and non-alcoholic beverages,6463.27
311117.0,01,Food and non-alcoholic beverages,32823.751
311118.0,01,Food and non-alcoholic beverages,7624.849
311119.0,01,Food and non-alcoholic beverages,12969.0
311120.0,01,Food and non-alcoholic beverages,11383.5
311121.0,01,Food and non-alcoholic beverages,19911.75
311122.0,01,Food and non-alcoholic beverages,5958.57
311123.0,01,Food and non-alcoholic beverages,566.25
311124.0,01,Food and non-alcoholic beverages,2374.013
311125.0,01,Food and non-alcoholic beverages,55913.009
311126.0,01,Food and non-alcoholic beverages,10075.0
311127.0,01,Food and non-alcoholic beverages,34175.145
311128.0,01,Food and non-alcoholic beverages,754.5
311129.0,01,Food and non-alcoholic beverages,321.0
311130.0,01,Food and non-alcoholic beverages,13609.1
311131.0,01,Food and non-alcoholic beverages,4769.492
311132.0,01,Food and non-alcoholic beverages,11119.46
311133.0,01,Food and non-alcoholic beverages,6949.198
311134.0,01,Food and non-alcoholic beverages,4075.08
311135.0,01,Food and non-alcoholic beverages,14337.0
311136.0,01,Food and non-alcoholic beverages,6907.5
311137.0,01,Food and non-alcoholic beverages,9704.0
311138.0,01,Food and non-alcoholic beverages,2559.25
311139.0,01,Food and non-alcoholic beverages,24.0
311140.0,01,Food and non-alcoholic beverages,5703.2
311141.0,01,Food and non-alcoholic beverages,14862.0
311142.0,01,Food and non-alcoholic beverages,9772.384
311143.0,01,Food and non-alcoholic beverages,606.454
311144.0,01,Food and non-alcoholic beverages,1221.516
311145.0,01,Food and non-alcoholic beverages,1688.1100000000001
311146.0,01,Food and non-alcoholic beverages,6575.85
311147.0,01,Food and non-alcoholic beverages,6692.725
311148.0,01,Food and non-alcoholic beverages,5618.28
311149.0,01,Food and non-alcoholic beverages,16617.351
311150.0,01,Food and non-alcoholic beverages,4277.38
311151.0,01,Food and non-alcoholic beverages,3011.18
311152.0,01,Food and non-alcoholic beverages,10219.544
311153.0,01,Food and non-alcoholic beverages,7159.5
311154.0,01,Food and non-alcoholic beverages,10859.5
311155.0,01,Food and non-alcoholic beverages,28133.07
311156.0,01,Food and non-alcoholic beverages,13105.75
311157.0,01,Food and non-alcoholic beverages,3788.05
311158.0,01,Food and non-alcoholic beverages,34607.0
311159.0,01,Food and non-alcoholic beverages,2921.702
311160.0,01,Food and non-alcoholic beverages,1829.82
311161.0,01,Food and non-alcoholic beverages,2827.73
311162.0,01,Food and non-alcoholic beverages,2300.0
311163.0,01,Food and non-alcoholic beverages,7628.683
311164.0,01,Food and non-alcoholic beverages,8.709
311165.0,01,Food and non-alcoholic beverages,10182.5
311166.0,01,Food and non-alcoholic beverages,15907.5
311167.0,01,Food and non-alcoholic beverages,712.062
311168.0,01,Food and non-alcoholic beverages,13402.268
311169.0,01,Food and non-alcoholic beverages,18706.42
311170.0,01,Food and non-alcoholic beverages,16906.0
311171.0,01,Food and non-alcoholic beverages,7702.59
311172.0,01,Food and non-alcoholic beverages,1450.5
311173.0,01,Food and non-alcoholic beverages,15730.5
311175.0,01,Food and non-alcoholic beverages,5557.348
311176.0,01,Food and non-alcoholic beverages,10907.8
311177.0,01,Food and non-alcoholic beverages,6107.5
311178.0,01,Food and non-alcoholic beverages,7806.685
311179.0,01,Food and non-alcoholic beverages,11105.45
311180.0,01,Food and non-alcoholic beverages,8126.0
311181.0,01,Food and non-alcoholic beverages,865.582
311182.0,01,Food and non-alcoholic beverages,28571.275
311183.0,01,Food and non-alcoholic beverages,13832.25
311184.0,01,Food and non-alcoholic beverages,11558.1
311185.0,01,Food and non-alcoholic beverages,9053.612
311186.0,01,Food and non-alcoholic beverages,15606.487
311187.0,01,Food and non-alcoholic beverages,15682.0
311188.0,01,Food and non-alcoholic beverages,9863.5
311189.0,01,Food and non-alcoholic beverages,5846.16
311190.0,01,Food and non-alcoholic beverages,12755.716
311191.0,01,Food and non-alcoholic beverages,16344.0
311192.0,01,Food and non-alcoholic beverages,12801.05
311193.0,01,Food and non-alcoholic beverages,5138.0
311194.0,01,Food and non-alcoholic beverages,17557.973
311195.0,01,Food and non-alcoholic beverages,6775.865
311196.0,01,Food and non-alcoholic beverages,3313.308
311197.0,01,Food and non-alcoholic beverages,13124.69
311198.0,01,Food and non-alcoholic beverages,6656.463
311199.0,01,Food and non-alcoholic beverages,9108.85
311200.0,01,Food and non-alcoholic beverages,14522.0
311201.0,01,Food and non-alcoholic beverages,13450.0
311202.0,01,Food and non-alcoholic beverages,15632.524
311203.0,01,Food and non-alcoholic beverages,5975.234
311204.0,01,Food and non-alcoholic beverages,14816.28
311205.0,01,Food and non-alcoholic beverages,9400.0
311206.0,01,Food and non-alcoholic beverages,33264.798
311207.0,01,Food and non-alcoholic beverages,18306.0
311208.0,01,Food and non-alcoholic beverages,27053.5
311209.0,01,Food and non-alcoholic beverages,6700.322
311210.0,01,Food and non-alcoholic beverages,7308.005
311211.0,01,Food and non-alcoholic beverages,10400.0
311212.0,01,Food and non-alcoholic beverages,3242.227
311213.0,01,Food and non-alcoholic beverages,17985.546
311214.0,01,Food and non-alcoholic beverages,7607.519
311215.0,01,Food and non-alcoholic beverages,840.0
311216.0,01,Food and non-alcoholic beverages,11715.709
311217.0,01,Food and non-alcoholic beverages,4932.17
311218.0,01,Food and non-alcoholic beverages,1451.565
311219.0,01,Food and non-alcoholic beverages,2845.993
311220.0,01,Food and non-alcoholic beverages,9742.713
311221.0,01,Food and non-alcoholic beverages,8705.05
311222.0,01,Food and non-alcoholic beverages,13245.5
311223.0,01,Food and non-alcoholic beverages,9005.311
311224.0,01,Food and non-alcoholic beverages,3331.524
311225.0,01,Food and non-alcoholic beverages,22413.0
311226.0,01,Food and non-alcoholic beverages,16187.0
311227.0,01,Food and non-alcoholic beverages,8410.0
311228.0,01,Food and non-alcoholic beverages,4368.0
311229.0,01,Food and non-alcoholic beverages,6124.75
311230.0,01,Food and non-alcoholic beverages,15317.926
311231.0,01,Food and non-alcoholic beverages,5429.895
311232.0,01,Food and non-alcoholic beverages,23.7
311233.0,01,Food and non-alcoholic beverages,5664.25
311234.0,01,Food and non-alcoholic beverages,11784.5
311235.0,01,Food and non-alcoholic beverages,13806.165
311236.0,01,Food and non-alcoholic beverages,7007.817
311237.0,01,Food and non-alcoholic beverages,9659.588
311238.0,01,Food and non-alcoholic beverages,3330.58
311239.0,01,Food and non-alcoholic beverages,10361.2304
311240.0,01,Food and non-alcoholic beverages,20817.207
311241.0,01,Food and non-alcoholic beverages,14011.266
311242.0,01,Food and non-alcoholic beverages,14417.005
311243.0,01,Food and non-alcoholic beverages,10582.031
311244.0,01,Food and non-alcoholic beverages,11338.5315
311245.0,01,Food and non-alcoholic beverages,2682.004
311246.0,01,Food and non-alcoholic beverages,24762.733
311247.0,01,Food and non-alcoholic beverages,4084.032
311248.0,01,Food and non-alcoholic beverages,19486.782
311249.0,01,Food and non-alcoholic beverages,64992.812
311250.0,01,Food and non-alcoholic beverages,13459.002
311251.0,01,Food and non-alcoholic beverages,11108.5
311252.0,01,Food and non-alcoholic beverages,8283.3125
311253.0,01,Food and non-alcoholic beverages,38974.0
311254.0,01,Food and non-alcoholic beverages,14207.0
311255.0,01,Food and non-alcoholic beverages,21107.138
311256.0,01,Food and non-alcoholic beverages,10451.849
311257.0,01,Food and non-alcoholic beverages,5664.0779999999995
311258.0,01,Food and non-alcoholic beverages,9841.1
311259.0,01,Food and non-alcoholic beverages,5063.02
311260.0,01,Food and non-alcoholic beverages,25485.654
311261.0,01,Food and non-alcoholic beverages,13257.296
311262.0,01,Food and non-alcoholic beverages,18150.013
311263.0,01,Food and non-alcoholic beverages,8476.0
311264.0,01,Food and non-alcoholic beverages,10649.0
311265.0,01,Food and non-alcoholic beverages,16120.5
311266.0,01,Food and non-alcoholic beverages,1823.5
311267.0,01,Food and non-alcoholic beverages,1619.764
311268.0,01,Food and non-alcoholic beverages,2776.84
311269.0,01,Food and non-alcoholic beverages,3958.5
311270.0,01,Food and non-alcoholic beverages,2448.17
311271.0,01,Food and non-alcoholic beverages,5405.148
311272.0,01,Food and non-alcoholic beverages,526.66
311273.0,01,Food and non-alcoholic beverages,6767.5
311274.0,01,Food and non-alcoholic beverages,20744.993300000002
311275.0,01,Food and non-alcoholic beverages,4989.0
311276.0,01,Food and non-alcoholic beverages,9869.829
311277.0,01,Food and non-alcoholic beverages,23372.623
311278.0,01,Food and non-alcoholic beverages,3963.0899999999997
311279.0,01,Food and non-alcoholic beverages,3473.918
311280.0,01,Food and non-alcoholic beverages,16857.5
311281.0,01,Food and non-alcoholic beverages,12549.664
311282.0,01,Food and non-alcoholic beverages,4322.909
311283.0,01,Food and non-alcoholic beverages,25537.885
311284.0,01,Food and non-alcoholic beverages,7321.687
311285.0,01,Food and non-alcoholic beverages,7988.246
311286.0,01,Food and non-alcoholic beverages,1277.944
311287.0,01,Food and non-alcoholic beverages,3712.5
311288.0,01,Food and non-alcoholic beverages,9439.994
311289.0,01,Food and non-alcoholic beverages,10117.695
311290.0,01,Food and non-alcoholic beverages,1459.4875000000002
311291.0,01,Food and non-alcoholic beverages,10160.5
311292.0,01,Food and non-alcoholic beverages,6325.5
311293.0,01,Food and non-alcoholic beverages,23284.822
311294.0,01,Food and non-alcoholic beverages,2408.313
311295.0,01,Food and non-alcoholic beverages,11901.51
311296.0,01,Food and non-alcoholic beverages,3528.275
311297.0,01,Food and non-alcoholic beverages,5017.86
311298.0,01,Food and non-alcoholic beverages,1433.095
311299.0,01,Food and non-alcoholic beverages,9814.495
311300.0,01,Food and non-alcoholic beverages,2218.568
311301.0,01,Food and non-alcoholic beverages,2418.9165000000003
311302.0,01,Food and non-alcoholic beverages,8933.777
311303.0,01,Food and non-alcoholic beverages,9759.5
311304.0,01,Food and non-alcoholic beverages,8800.0
311305.0,01,Food and non-alcoholic beverages,9300.0
311306.0,01,Food and non-alcoholic beverages,12611.828
311307.0,01,Food and non-alcoholic beverages,4933.32
311308.0,01,Food and non-alcoholic beverages,9431.75
311309.0,01,Food and non-alcoholic beverages,8203.5
311310.0,01,Food and non-alcoholic beverages,7092.388
311311.0,01,Food and non-alcoholic beverages,8918.72
311312.0,01,Food and non-alcoholic beverages,6161.285
311313.0,01,Food and non-alcoholic beverages,13463.416
311314.0,01,Food and non-alcoholic beverages,916.35
311315.0,01,Food and non-alcoholic beverages,6505.5
311316.0,01,Food and non-alcoholic beverages,6365.2
311317.0,01,Food and non-alcoholic beverages,10585.368
311318.0,01,Food and non-alcoholic beverages,49256.628
311319.0,01,Food and non-alcoholic beverages,12753.006
311320.0,01,Food and non-alcoholic beverages,11145.558
311321.0,01,Food and non-alcoholic beverages,15082.756000000001
311322.0,01,Food and non-alcoholic beverages,678.991
311323.0,01,Food and non-alcoholic beverages,7901.0
311324.0,01,Food and non-alcoholic beverages,36.675
311325.0,01,Food and non-alcoholic beverages,222.0
311326.0,01,Food and non-alcoholic beverages,3620.0
311327.0,01,Food and non-alcoholic beverages,4891.0
311328.0,01,Food and non-alcoholic beverages,2442.386
311329.0,01,Food and non-alcoholic beverages,8205.5
311330.0,01,Food and non-alcoholic beverages,6487.943
311331.0,01,Food and non-alcoholic beverages,4637.025
311332.0,01,Food and non-alcoholic beverages,4238.692
311333.0,01,Food and non-alcoholic beverages,9260.547
311334.0,01,Food and non-alcoholic beverages,9115.5
311335.0,01,Food and non-alcoholic beverages,2698.492
311336.0,01,Food and non-alcoholic beverages,5991.516
311337.0,01,Food and non-alcoholic beverages,4459.09
311338.0,01,Food and non-alcoholic beverages,8466.511
311339.0,01,Food and non-alcoholic beverages,5615.5
311340.0,01,Food and non-alcoholic beverages,14125.32
311341.0,01,Food and non-alcoholic beverages,2990.5
311342.0,01,Food and non-alcoholic beverages,9417.914
311343.0,01,Food and non-alcoholic beverages,13630.2
311344.0,01,Food and non-alcoholic beverages,13529.631
311345.0,01,Food and non-alcoholic beverages,19044.332
311346.0,01,Food and non-alcoholic beverages,7171.367
311347.0,01,Food and non-alcoholic beverages,1249.208
311348.0,01,Food and non-alcoholic beverages,5677.939
311349.0,01,Food and non-alcoholic beverages,3553.529
311350.0,01,Food and non-alcoholic beverages,3696.837
311351.0,01,Food and non-alcoholic beverages,4928.277
311352.0,01,Food and non-alcoholic beverages,14.664
311353.0,01,Food and non-alcoholic beverages,11421.81
311354.0,01,Food and non-alcoholic beverages,705.886
311355.0,01,Food and non-alcoholic beverages,2137.498
311356.0,01,Food and non-alcoholic beverages,4218.642
311357.0,01,Food and non-alcoholic beverages,2512.982
311358.0,01,Food and non-alcoholic beverages,2025.762
311359.0,01,Food and non-alcoholic beverages,9807.0
311360.0,01,Food and non-alcoholic beverages,9337.541
311361.0,01,Food and non-alcoholic beverages,6124.9039999999995
311362.0,01,Food and non-alcoholic beverages,10614.657
311363.0,01,Food and non-alcoholic beverages,9160.151
311364.0,01,Food and non-alcoholic beverages,10516.095
311365.0,01,Food and non-alcoholic beverages,1224.66
311366.0,01,Food and non-alcoholic beverages,5825.803
311367.0,01,Food and non-alcoholic beverages,2170.596
311368.0,01,Food and non-alcoholic beverages,3571.711
311369.0,01,Food and non-alcoholic beverages,6051.465
311370.0,01,Food and non-alcoholic beverages,4432.902
311371.0,01,Food and non-alcoholic beverages,24418.008
311372.0,01,Food and non-alcoholic beverages,13817.1274
311373.0,01,Food and non-alcoholic beverages,3258.954
311374.0,01,Food and non-alcoholic beverages,6536.405
311375.0,01,Food and non-alcoholic beverages,811.565
311376.0,01,Food and non-alcoholic beverages,815.791
311377.0,01,Food and non-alcoholic beverages,18745.986
311378.0,01,Food and non-alcoholic beverages,9543.212
311379.0,01,Food and non-alcoholic beverages,257.31940000000003
311380.0,01,Food and non-alcoholic beverages,626.775
311381.0,01,Food and non-alcoholic beverages,8060.514
311382.0,01,Food and non-alcoholic beverages,14552.473
311383.0,01,Food and non-alcoholic beverages,49255.168
311384.0,01,Food and non-alcoholic beverages,2889.015
311385.0,01,Food and non-alcoholic beverages,2160.02
311386.0,01,Food and non-alcoholic beverages,20627.693
311387.0,01,Food and non-alcoholic beverages,3971.1259999999997
311388.0,01,Food and non-alcoholic beverages,752.49
311389.0,01,Food and non-alcoholic beverages,11561.4853
311390.0,01,Food and non-alcoholic beverages,4235.756
311391.0,01,Food and non-alcoholic beverages,4613.168
311392.0,01,Food and non-alcoholic beverages,200.0
311393.0,01,Food and non-alcoholic beverages,6668.326
311394.0,01,Food and non-alcoholic beverages,8166.493
311395.0,01,Food and non-alcoholic beverages,21663.472
311396.0,01,Food and non-alcoholic beverages,8404.25
311397.0,01,Food and non-alcoholic beverages,30493.674
311398.0,01,Food and non-alcoholic beverages,15331.045
311399.0,01,Food and non-alcoholic beverages,4629.91
311400.0,01,Food and non-alcoholic beverages,6668.204
311401.0,01,Food and non-alcoholic beverages,506.717
311402.0,01,Food and non-alcoholic beverages,2972.322
311403.0,01,Food and non-alcoholic beverages,10342.676
311404.0,01,Food and non-alcoholic beverages,5832.277
311405.0,01,Food and non-alcoholic beverages,34809.753
311406.0,01,Food and non-alcoholic beverages,5588.152
311407.0,01,Food and non-alcoholic beverages,3575.9139999999998
311408.0,01,Food and non-alcoholic beverages,4100.0
311409.0,01,Food and non-alcoholic beverages,19800.3
311410.0,01,Food and non-alcoholic beverages,1256.736
311411.0,01,Food and non-alcoholic beverages,12806.79
311412.0,01,Food and non-alcoholic beverages,6177.035
311413.0,01,Food and non-alcoholic beverages,542.537
311414.0,01,Food and non-alcoholic beverages,10532.306
311415.0,01,Food and non-alcoholic beverages,7695.91
311416.0,01,Food and non-alcoholic beverages,17287.426
311417.0,01,Food and non-alcoholic beverages,4270.365
311418.0,01,Food and non-alcoholic beverages,12459.7202
311419.0,01,Food and non-alcoholic beverages,3426.8015
311420.0,01,Food and non-alcoholic beverages,4410.022
311421.0,01,Food and non-alcoholic beverages,1812.212
311422.0,01,Food and non-alcoholic beverages,3478.517
311423.0,01,Food and non-alcoholic beverages,2088.631
311424.0,01,Food and non-alcoholic beverages,9040.385
311425.0,01,Food and non-alcoholic beverages,8839.455
311426.0,01,Food and non-alcoholic beverages,54074.778
311427.0,01,Food and non-alcoholic beverages,9086.755000000001
311428.0,01,Food and non-alcoholic beverages,929.71
311429.0,01,Food and non-alcoholic beverages,11025.0
311430.0,01,Food and non-alcoholic beverages,19781.609
311431.0,01,Food and non-alcoholic beverages,6128.281
311432.0,01,Food and non-alcoholic beverages,30451.5
311433.0,01,Food and non-alcoholic beverages,6655.6
311434.0,01,Food and non-alcoholic beverages,6807.512
311435.0,01,Food and non-alcoholic beverages,4472.8679999999995
311436.0,01,Food and non-alcoholic beverages,9273.223
311437.0,01,Food and non-alcoholic beverages,15743.342
311438.0,01,Food and non-alcoholic beverages,2890.5389999999998
311439.0,01,Food and non-alcoholic beverages,5450.862
311440.0,01,Food and non-alcoholic beverages,28388.519
311441.0,01,Food and non-alcoholic beverages,5663.826
311442.0,01,Food and non-alcoholic beverages,3206.227
311443.0,01,Food and non-alcoholic beverages,931.16
311444.0,01,Food and non-alcoholic beverages,1964.597
311445.0,01,Food and non-alcoholic beverages,12257.9403
311446.0,01,Food and non-alcoholic beverages,6650.5732
311447.0,01,Food and non-alcoholic beverages,10022.796
311448.0,01,Food and non-alcoholic beverages,15722.405999999999
311449.0,01,Food and non-alcoholic beverages,24056.842
311450.0,01,Food and non-alcoholic beverages,8652.0
311451.0,01,Food and non-alcoholic beverages,11306.357
311452.0,01,Food and non-alcoholic beverages,573.804
311453.0,01,Food and non-alcoholic beverages,3363.807
311454.0,01,Food and non-alcoholic beverages,17468.025
311455.0,01,Food and non-alcoholic beverages,12159.667
311456.0,01,Food and non-alcoholic beverages,6963.0
311457.0,01,Food and non-alcoholic beverages,7486.5
311458.0,01,Food and non-alcoholic beverages,4566.005
311459.0,01,Food and non-alcoholic beverages,25253.0
311460.0,01,Food and non-alcoholic beverages,10001.08
311461.0,01,Food and non-alcoholic beverages,14075.702
311462.0,01,Food and non-alcoholic beverages,2137.788
311463.0,01,Food and non-alcoholic beverages,2261.321
311465.0,01,Food and non-alcoholic beverages,16304.825
311466.0,01,Food and non-alcoholic beverages,11910.75
311467.0,01,Food and non-alcoholic beverages,55318.765999999996
311468.0,01,Food and non-alcoholic beverages,12950.0
311469.0,01,Food and non-alcoholic beverages,31900.0
311470.0,01,Food and non-alcoholic beverages,14502.879
311471.0,01,Food and non-alcoholic beverages,2118.5093
311472.0,01,Food and non-alcoholic beverages,49700.0
311473.0,01,Food and non-alcoholic beverages,162621.5
311474.0,01,Food and non-alcoholic beverages,7603.5197
311475.0,01,Food and non-alcoholic beverages,12025.658
311477.0,01,Food and non-alcoholic beverages,22766.311999999998
311478.0,01,Food and non-alcoholic beverages,13623.232
311479.0,01,Food and non-alcoholic beverages,5572.212
311480.0,01,Food and non-alcoholic beverages,18185.92
311481.0,01,Food and non-alcoholic beverages,4583.5960000000005
311482.0,01,Food and non-alcoholic beverages,149.58
311483.0,01,Food and non-alcoholic beverages,4124.29
311484.0,01,Food and non-alcoholic beverages,4319.1449999999995
311485.0,01,Food and non-alcoholic beverages,683.467
311486.0,01,Food and non-alcoholic beverages,5020.604
311487.0,01,Food and non-alcoholic beverages,19651.991
311488.0,01,Food and non-alcoholic beverages,30873.071
311489.0,01,Food and non-alcoholic beverages,18295.275
311490.0,01,Food and non-alcoholic beverages,898.157
311491.0,01,Food and non-alcoholic beverages,4952.296600000001
311492.0,01,Food and non-alcoholic beverages,9131.024
311493.0,01,Food and non-alcoholic beverages,3917.1614999999997
311494.0,01,Food and non-alcoholic beverages,22633.438
311495.0,01,Food and non-alcoholic beverages,9238.366
311496.0,01,Food and non-alcoholic beverages,3415.747
311497.0,01,Food and non-alcoholic beverages,2406.773
311498.0,01,Food and non-alcoholic beverages,3131.42
311499.0,01,Food and non-alcoholic beverages,5119.894
311500.0,01,Food and non-alcoholic beverages,1910.405
311501.0,01,Food and non-alcoholic beverages,9800.5
311502.0,01,Food and non-alcoholic beverages,22886.274
311503.0,01,Food and non-alcoholic beverages,5357.22
311504.0,01,Food and non-alcoholic beverages,5864.234
311505.0,01,Food and non-alcoholic beverages,5408.5
311506.0,01,Food and non-alcoholic beverages,3245.8500000000004
311507.0,01,Food and non-alcoholic beverages,10276.046
311508.0,01,Food and non-alcoholic beverages,45.626000000000005
311509.0,01,Food and non-alcoholic beverages,741.3095
311510.0,01,Food and non-alcoholic beverages,6084.33
311511.0,01,Food and non-alcoholic beverages,12653.5
311512.0,01,Food and non-alcoholic beverages,23002.145
311513.0,01,Food and non-alcoholic beverages,4546.5
311514.0,01,Food and non-alcoholic beverages,7500.0
311515.0,01,Food and non-alcoholic beverages,6053.738
311516.0,01,Food and non-alcoholic beverages,2700.0
311517.0,01,Food and non-alcoholic beverages,11221.147
311518.0,01,Food and non-alcoholic beverages,4900.356
311519.0,01,Food and non-alcoholic beverages,18506.759
311520.0,01,Food and non-alcoholic beverages,111.498
311521.0,01,Food and non-alcoholic beverages,11091.6872
311522.0,01,Food and non-alcoholic beverages,3409.9809999999998
311523.0,01,Food and non-alcoholic beverages,13.0
311524.0,01,Food and non-alcoholic beverages,1108.7250000000001
311525.0,01,Food and non-alcoholic beverages,15590.25
311526.0,01,Food and non-alcoholic beverages,741.625
311527.0,01,Food and non-alcoholic beverages,9150.134
311528.0,01,Food and non-alcoholic beverages,11929.015
311529.0,01,Food and non-alcoholic beverages,8999.95
311530.0,01,Food and non-alcoholic beverages,23824.741
311531.0,01,Food and non-alcoholic beverages,3052.832
311532.0,01,Food and non-alcoholic beverages,21432.45
311533.0,01,Food and non-alcoholic beverages,8777.02
311534.0,01,Food and non-alcoholic beverages,3464.979
311535.0,01,Food and non-alcoholic beverages,1331.969
311536.0,01,Food and non-alcoholic beverages,3839.2477
311537.0,01,Food and non-alcoholic beverages,27886.25
311538.0,01,Food and non-alcoholic beverages,5689.3796
311539.0,01,Food and non-alcoholic beverages,6159.71
311540.0,01,Food and non-alcoholic beverages,6380.478999999999
311541.0,01,Food and non-alcoholic beverages,15111.66
311542.0,01,Food and non-alcoholic beverages,11188.666
311543.0,01,Food and non-alcoholic beverages,6411.498
311544.0,01,Food and non-alcoholic beverages,4390.6587
311545.0,01,Food and non-alcoholic beverages,5625.063
311546.0,01,Food and non-alcoholic beverages,9841.626
311547.0,01,Food and non-alcoholic beverages,3470.548
311548.0,01,Food and non-alcoholic beverages,3311.694
311549.0,01,Food and non-alcoholic beverages,13017.826
311550.0,01,Food and non-alcoholic beverages,10959.474
311551.0,01,Food and non-alcoholic beverages,10998.66
311552.0,01,Food and non-alcoholic beverages,11728.475
311553.0,01,Food and non-alcoholic beverages,7682.043
311554.0,01,Food and non-alcoholic beverages,6380.0
311555.0,01,Food and non-alcoholic beverages,2450.032
311556.0,01,Food and non-alcoholic beverages,3855.285
311557.0,01,Food and non-alcoholic beverages,5949.466
311558.0,01,Food and non-alcoholic beverages,4234.49
311559.0,01,Food and non-alcoholic beverages,14353.242
311560.0,01,Food and non-alcoholic beverages,5585.97
311561.0,01,Food and non-alcoholic beverages,8581.3
311562.0,01,Food and non-alcoholic beverages,1217.674
311563.0,01,Food and non-alcoholic beverages,3106.883
311564.0,01,Food and non-alcoholic beverages,11800.0
311565.0,01,Food and non-alcoholic beverages,37562.590000000004
311566.0,01,Food and non-alcoholic beverages,16358.007
311567.0,01,Food and non-alcoholic beverages,14200.166
311568.0,01,Food and non-alcoholic beverages,10640.0
311569.0,01,Food and non-alcoholic beverages,7513.3
311570.0,01,Food and non-alcoholic beverages,7404.0
311571.0,01,Food and non-alcoholic beverages,8752.0
311572.0,01,Food and non-alcoholic beverages,9253.75
311573.0,01,Food and non-alcoholic beverages,6392.21
311574.0,01,Food and non-alcoholic beverages,7221.516
311575.0,01,Food and non-alcoholic beverages,14111.453
311576.0,01,Food and non-alcoholic beverages,5169.759
311577.0,01,Food and non-alcoholic beverages,15415.1451
311578.0,01,Food and non-alcoholic beverages,53487.544
311579.0,01,Food and non-alcoholic beverages,25309.715
311580.0,01,Food and non-alcoholic beverages,2122.0704
311581.0,01,Food and non-alcoholic beverages,38970.902
311582.0,01,Food and non-alcoholic beverages,5698.563
311583.0,01,Food and non-alcoholic beverages,17086.45
311584.0,01,Food and non-alcoholic beverages,5421.0
311585.0,01,Food and non-alcoholic beverages,7576.937
311586.0,01,Food and non-alcoholic beverages,13590.521
311587.0,01,Food and non-alcoholic beverages,10197.32
311588.0,01,Food and non-alcoholic beverages,21349.824
311589.0,01,Food and non-alcoholic beverages,9757.0
311590.0,01,Food and non-alcoholic beverages,6579.26
311591.0,01,Food and non-alcoholic beverages,30239.692
311592.0,01,Food and non-alcoholic beverages,10139.0
311593.0,01,Food and non-alcoholic beverages,32403.142
311594.0,01,Food and non-alcoholic beverages,3125.499
311595.0,01,Food and non-alcoholic beverages,3272.0480000000002
311596.0,01,Food and non-alcoholic beverages,6252.18
311597.0,01,Food and non-alcoholic beverages,25580.14
311598.0,01,Food and non-alcoholic beverages,10742.93
311599.0,01,Food and non-alcoholic beverages,6908.0
311600.0,01,Food and non-alcoholic beverages,12226.75
311601.0,01,Food and non-alcoholic beverages,3084.95
311602.0,01,Food and non-alcoholic beverages,9236.983
311603.0,01,Food and non-alcoholic beverages,16402.0
311604.0,01,Food and non-alcoholic beverages,6858.779
311605.0,01,Food and non-alcoholic beverages,75342.2
311606.0,01,Food and non-alcoholic beverages,11600.0
311607.0,01,Food and non-alcoholic beverages,18808.0
311608.0,01,Food and non-alcoholic beverages,18632.15
311609.0,01,Food and non-alcoholic beverages,13274.236
311610.0,01,Food and non-alcoholic beverages,22366.281
311611.0,01,Food and non-alcoholic beverages,6132.24
311612.0,01,Food and non-alcoholic beverages,26654.644
311613.0,01,Food and non-alcoholic beverages,14940.6
311614.0,01,Food and non-alcoholic beverages,11757.1666
311615.0,01,Food and non-alcoholic beverages,5559.101
311616.0,01,Food and non-alcoholic beverages,9838.568
311617.0,01,Food and non-alcoholic beverages,2260.437
311618.0,01,Food and non-alcoholic beverages,19507.5
311619.0,01,Food and non-alcoholic beverages,25336.649
311620.0,01,Food and non-alcoholic beverages,25606.313000000002
311621.0,01,Food and non-alcoholic beverages,21586.036
311622.0,01,Food and non-alcoholic beverages,9414.852
311623.0,01,Food and non-alcoholic beverages,19973.0
311624.0,01,Food and non-alcoholic beverages,16047.402
311625.0,01,Food and non-alcoholic beverages,41115.064
311626.0,01,Food and non-alcoholic beverages,5750.0
311627.0,01,Food and non-alcoholic beverages,11168.75
311628.0,01,Food and non-alcoholic beverages,1917.0
311629.0,01,Food and non-alcoholic beverages,13093.75
311630.0,01,Food and non-alcoholic beverages,19700.0
311631.0,01,Food and non-alcoholic beverages,12111.144
311632.0,01,Food and non-alcoholic beverages,21157.584
311633.0,01,Food and non-alcoholic beverages,13062.675
311634.0,01,Food and non-alcoholic beverages,5406.07
311635.0,01,Food and non-alcoholic beverages,5421.372
311636.0,01,Food and non-alcoholic beverages,6465.943
311637.0,01,Food and non-alcoholic beverages,2918.305
311638.0,01,Food and non-alcoholic beverages,7009.2
311639.0,01,Food and non-alcoholic beverages,36482.711
311640.0,01,Food and non-alcoholic beverages,27600.517
311641.0,01,Food and non-alcoholic beverages,34511.087
311642.0,01,Food and non-alcoholic beverages,42247.0
311643.0,01,Food and non-alcoholic beverages,30450.0
311644.0,01,Food and non-alcoholic beverages,27900.536
311645.0,01,Food and non-alcoholic beverages,21003.014
311646.0,01,Food and non-alcoholic beverages,6449.0
311647.0,01,Food and non-alcoholic beverages,13389.51
311648.0,01,Food and non-alcoholic beverages,9915.8
311649.0,01,Food and non-alcoholic beverages,9108.95
311650.0,01,Food and non-alcoholic beverages,3721.75
311651.0,01,Food and non-alcoholic beverages,12421.742
311652.0,01,Food and non-alcoholic beverages,12.535
311653.0,01,Food and non-alcoholic beverages,7524.152
311654.0,01,Food and non-alcoholic beverages,29102.941
311655.0,01,Food and non-alcoholic beverages,32805.479
311656.0,01,Food and non-alcoholic beverages,15251.016
311657.0,01,Food and non-alcoholic beverages,23200.0
311658.0,01,Food and non-alcoholic beverages,14900.0
311659.0,01,Food and non-alcoholic beverages,10781.0
311660.0,01,Food and non-alcoholic beverages,12050.8
311661.0,01,Food and non-alcoholic beverages,48300.0
311662.0,01,Food and non-alcoholic beverages,23550.0
311663.0,01,Food and non-alcoholic beverages,3917.0
311664.0,01,Food and non-alcoholic beverages,3465.7200000000003
311665.0,01,Food and non-alcoholic beverages,12133.7
311666.0,01,Food and non-alcoholic beverages,12441.708
311667.0,01,Food and non-alcoholic beverages,14603.3
311668.0,01,Food and non-alcoholic beverages,11531.13
311669.0,01,Food and non-alcoholic beverages,30197.1
311670.0,01,Food and non-alcoholic beverages,13313.509
311671.0,01,Food and non-alcoholic beverages,19121.42
311672.0,01,Food and non-alcoholic beverages,34940.0
311673.0,01,Food and non-alcoholic beverages,77502.148
311674.0,01,Food and non-alcoholic beverages,21351.019
311675.0,01,Food and non-alcoholic beverages,6850.0
311676.0,01,Food and non-alcoholic beverages,11381.001
311677.0,01,Food and non-alcoholic beverages,11650.0
311678.0,01,Food and non-alcoholic beverages,10350.9
311679.0,01,Food and non-alcoholic beverages,6051.0
311680.0,01,Food and non-alcoholic beverages,22102.0
311681.0,01,Food and non-alcoholic beverages,19797.105
311682.0,01,Food and non-alcoholic beverages,12653.2
311683.0,01,Food and non-alcoholic beverages,9950.25
311684.0,01,Food and non-alcoholic beverages,2854.7
311685.0,01,Food and non-alcoholic beverages,35150.36
311686.0,01,Food and non-alcoholic beverages,9665.35
311687.0,01,Food and non-alcoholic beverages,19602.95
311688.0,01,Food and non-alcoholic beverages,11901.0
311689.0,01,Food and non-alcoholic beverages,9353.0
311690.0,01,Food and non-alcoholic beverages,10900.0
311691.0,01,Food and non-alcoholic beverages,2805.716
311692.0,01,Food and non-alcoholic beverages,909.0
311693.0,01,Food and non-alcoholic beverages,4849.0380000000005
311694.0,01,Food and non-alcoholic beverages,4406.553
311695.0,01,Food and non-alcoholic beverages,7730.4
311696.0,01,Food and non-alcoholic beverages,12815.142
311697.0,01,Food and non-alcoholic beverages,4455.1
311698.0,01,Food and non-alcoholic beverages,16731.308
311699.0,01,Food and non-alcoholic beverages,9852.204
311700.0,01,Food and non-alcoholic beverages,7572.851
311701.0,01,Food and non-alcoholic beverages,5976.708
311702.0,01,Food and non-alcoholic beverages,54761.204
311703.0,01,Food and non-alcoholic beverages,21870.7
311704.0,01,Food and non-alcoholic beverages,16553.408
311705.0,01,Food and non-alcoholic beverages,39793.8
311706.0,01,Food and non-alcoholic beverages,28122.1
311707.0,01,Food and non-alcoholic beverages,37027.12
311708.0,01,Food and non-alcoholic beverages,13202.7
311709.0,01,Food and non-alcoholic beverages,15365.5
311710.0,01,Food and non-alcoholic beverages,28859.15
311711.0,01,Food and non-alcoholic beverages,35153.1
311712.0,01,Food and non-alcoholic beverages,9367.756
311713.0,01,Food and non-alcoholic beverages,4952.004
311714.0,01,Food and non-alcoholic beverages,14102.423
311715.0,01,Food and non-alcoholic beverages,7400.0
311716.0,01,Food and non-alcoholic beverages,24181.75
311717.0,01,Food and non-alcoholic beverages,5516.8
311718.0,01,Food and non-alcoholic beverages,30550.3
311719.0,01,Food and non-alcoholic beverages,6460.212
311720.0,01,Food and non-alcoholic beverages,11203.6
311721.0,01,Food and non-alcoholic beverages,6980.0
311722.0,01,Food and non-alcoholic beverages,12500.6
311723.0,01,Food and non-alcoholic beverages,42861.5
311724.0,01,Food and non-alcoholic beverages,11300.0
311725.0,01,Food and non-alcoholic beverages,25355.7
311726.0,01,Food and non-alcoholic beverages,16508.1
311727.0,01,Food and non-alcoholic beverages,13262.8
311728.0,01,Food and non-alcoholic beverages,3279.312
311729.0,01,Food and non-alcoholic beverages,9808.004
311730.0,01,Food and non-alcoholic beverages,5804.2
311731.0,01,Food and non-alcoholic beverages,2729.252
311732.0,01,Food and non-alcoholic beverages,7831.424
311733.0,01,Food and non-alcoholic beverages,17035.256
311734.0,01,Food and non-alcoholic beverages,44853.712
311735.0,01,Food and non-alcoholic beverages,561.1
311736.0,01,Food and non-alcoholic beverages,15593.316
311737.0,01,Food and non-alcoholic beverages,10233.85
311738.0,01,Food and non-alcoholic beverages,7551.6
311739.0,01,Food and non-alcoholic beverages,6831.75
311740.0,01,Food and non-alcoholic beverages,6427.189
311741.0,01,Food and non-alcoholic beverages,5463.65
311742.0,01,Food and non-alcoholic beverages,18668.0
311743.0,01,Food and non-alcoholic beverages,45672.0
311744.0,01,Food and non-alcoholic beverages,6850.0
311745.0,01,Food and non-alcoholic beverages,17110.103
311746.0,01,Food and non-alcoholic beverages,25030.3
311747.0,01,Food and non-alcoholic beverages,4917.6
311748.0,01,Food and non-alcoholic beverages,28411.823
311749.0,01,Food and non-alcoholic beverages,15859.681
311750.0,01,Food and non-alcoholic beverages,20769.4
311751.0,01,Food and non-alcoholic beverages,34259.85
311752.0,01,Food and non-alcoholic beverages,5461.616
311753.0,01,Food and non-alcoholic beverages,3330.204
311754.0,01,Food and non-alcoholic beverages,41107.557
311755.0,01,Food and non-alcoholic beverages,14984.53
311756.0,01,Food and non-alcoholic beverages,2539.3269999999998
311757.0,01,Food and non-alcoholic beverages,11378.012
311758.0,01,Food and non-alcoholic beverages,11850.507
311759.0,01,Food and non-alcoholic beverages,11275.913
311760.0,01,Food and non-alcoholic beverages,6067.62
311761.0,01,Food and non-alcoholic beverages,25822.192
311762.0,01,Food and non-alcoholic beverages,7056.5
311763.0,01,Food and non-alcoholic beverages,58001.75
311764.0,01,Food and non-alcoholic beverages,3800.0
311765.0,01,Food and non-alcoholic beverages,9005.4
311766.0,01,Food and non-alcoholic beverages,7712.76
311767.0,01,Food and non-alcoholic beverages,22863.517
311768.0,01,Food and non-alcoholic beverages,19456.766
311769.0,01,Food and non-alcoholic beverages,21001.417
311770.0,01,Food and non-alcoholic beverages,5450.002
311771.0,01,Food and non-alcoholic beverages,15500.0
311772.0,01,Food and non-alcoholic beverages,123005.5
311773.0,01,Food and non-alcoholic beverages,13006.4
311774.0,01,Food and non-alcoholic beverages,26400.0
311775.0,01,Food and non-alcoholic beverages,27250.0
311776.0,01,Food and non-alcoholic beverages,130850.0
311777.0,01,Food and non-alcoholic beverages,11128.65
311778.0,01,Food and non-alcoholic beverages,4234.25
311779.0,01,Food and non-alcoholic beverages,11950.0
311780.0,01,Food and non-alcoholic beverages,4325.412
311781.0,01,Food and non-alcoholic beverages,6124.593
311782.0,01,Food and non-alcoholic beverages,23356.12
311783.0,01,Food and non-alcoholic beverages,3064.15
311784.0,01,Food and non-alcoholic beverages,4426.37
311785.0,01,Food and non-alcoholic beverages,32965.828
311786.0,01,Food and non-alcoholic beverages,14175.604
311787.0,01,Food and non-alcoholic beverages,11804.0
311788.0,01,Food and non-alcoholic beverages,15317.353
311789.0,01,Food and non-alcoholic beverages,4287.8
311790.0,01,Food and non-alcoholic beverages,10559.7
311791.0,01,Food and non-alcoholic beverages,2712.404
311792.0,01,Food and non-alcoholic beverages,7734.12
311793.0,01,Food and non-alcoholic beverages,11076.177
311794.0,01,Food and non-alcoholic beverages,31506.804
311795.0,01,Food and non-alcoholic beverages,7660.818
311796.0,01,Food and non-alcoholic beverages,4780.07
311797.0,01,Food and non-alcoholic beverages,12762.0
311798.0,01,Food and non-alcoholic beverages,15452.546
311799.0,01,Food and non-alcoholic beverages,18516.612
311800.0,01,Food and non-alcoholic beverages,42686.65
311801.0,01,Food and non-alcoholic beverages,14583.508
311802.0,01,Food and non-alcoholic beverages,107159.0
311803.0,01,Food and non-alcoholic beverages,54000.9
311804.0,01,Food and non-alcoholic beverages,33624.3
311805.0,01,Food and non-alcoholic beverages,24307.2
311806.0,01,Food and non-alcoholic beverages,11401.751
311807.0,01,Food and non-alcoholic beverages,18422.5
311808.0,01,Food and non-alcoholic beverages,7465.041
311809.0,01,Food and non-alcoholic beverages,6394.829
311810.0,01,Food and non-alcoholic beverages,14057.657
311811.0,01,Food and non-alcoholic beverages,16864.329
311812.0,01,Food and non-alcoholic beverages,4937.203
311813.0,01,Food and non-alcoholic beverages,16550.6
311814.0,01,Food and non-alcoholic beverages,6032.728
311815.0,01,Food and non-alcoholic beverages,9644.092
311816.0,01,Food and non-alcoholic beverages,7505.75
311817.0,01,Food and non-alcoholic beverages,32556.8
311818.0,01,Food and non-alcoholic beverages,1256.3500000000001
311819.0,01,Food and non-alcoholic beverages,9111.355
311820.0,01,Food and non-alcoholic beverages,8654.5
311821.0,01,Food and non-alcoholic beverages,10568.519
311822.0,01,Food and non-alcoholic beverages,7812.0
311823.0,01,Food and non-alcoholic beverages,33384.85
311824.0,01,Food and non-alcoholic beverages,15042.75
311825.0,01,Food and non-alcoholic beverages,47100.0
311826.0,01,Food and non-alcoholic beverages,5000.0
311827.0,01,Food and non-alcoholic beverages,14855.4
311828.0,01,Food and non-alcoholic beverages,17951.0
311829.0,01,Food and non-alcoholic beverages,24300.0
311830.0,01,Food and non-alcoholic beverages,34800.0
311831.0,01,Food and non-alcoholic beverages,25220.0
311832.0,01,Food and non-alcoholic beverages,8400.0
311833.0,01,Food and non-alcoholic beverages,1600.0
311834.0,01,Food and non-alcoholic beverages,11418.0
311835.0,01,Food and non-alcoholic beverages,26521.6
311836.0,01,Food and non-alcoholic beverages,25049.4
311837.0,01,Food and non-alcoholic beverages,2407.55
311838.0,01,Food and non-alcoholic beverages,11954.75
311839.0,01,Food and non-alcoholic beverages,8331.394
311840.0,01,Food and non-alcoholic beverages,12201.5
311841.0,01,Food and non-alcoholic beverages,23132.004
311842.0,01,Food and non-alcoholic beverages,4357.45
311843.0,01,Food and non-alcoholic beverages,48420.3
311844.0,01,Food and non-alcoholic beverages,12362.1
311845.0,01,Food and non-alcoholic beverages,5706.057
311846.0,01,Food and non-alcoholic beverages,13407.4
311847.0,01,Food and non-alcoholic beverages,64750.0
311848.0,01,Food and non-alcoholic beverages,32706.0
311849.0,01,Food and non-alcoholic beverages,4921.5
311850.0,01,Food and non-alcoholic beverages,3851.81
311851.0,01,Food and non-alcoholic beverages,12950.79
311852.0,01,Food and non-alcoholic beverages,8572.25
311853.0,01,Food and non-alcoholic beverages,1942.421
311854.0,01,Food and non-alcoholic beverages,4810.5
311855.0,01,Food and non-alcoholic beverages,18129.0
311856.0,01,Food and non-alcoholic beverages,16099.744999999999
311857.0,01,Food and non-alcoholic beverages,8538.999
311858.0,01,Food and non-alcoholic beverages,15054.404
311859.0,01,Food and non-alcoholic beverages,5903.807
311860.0,01,Food and non-alcoholic beverages,7142.073
311861.0,01,Food and non-alcoholic beverages,9262.75
311862.0,01,Food and non-alcoholic beverages,10375.854
311863.0,01,Food and non-alcoholic beverages,52402.0
311864.0,01,Food and non-alcoholic beverages,14702.2
311865.0,01,Food and non-alcoholic beverages,16647.25
311866.0,01,Food and non-alcoholic beverages,21484.5
311867.0,01,Food and non-alcoholic beverages,35951.5
311868.0,01,Food and non-alcoholic beverages,23711.006
311869.0,01,Food and non-alcoholic beverages,31850.5
311870.0,01,Food and non-alcoholic beverages,15703.646
311871.0,01,Food and non-alcoholic beverages,6173.37
311872.0,01,Food and non-alcoholic beverages,25750.0
311873.0,01,Food and non-alcoholic beverages,40879.8
311874.0,01,Food and non-alcoholic beverages,12568.204
311875.0,01,Food and non-alcoholic beverages,11905.73
311876.0,01,Food and non-alcoholic beverages,3319.83
311877.0,01,Food and non-alcoholic beverages,13821.734
311878.0,01,Food and non-alcoholic beverages,7273.054
311879.0,01,Food and non-alcoholic beverages,23061.53
311880.0,01,Food and non-alcoholic beverages,6530.0
311881.0,01,Food and non-alcoholic beverages,6654.278
311882.0,01,Food and non-alcoholic beverages,28152.516
311883.0,01,Food and non-alcoholic beverages,10253.976
311884.0,01,Food and non-alcoholic beverages,14868.07
311885.0,01,Food and non-alcoholic beverages,8600.0
311886.0,01,Food and non-alcoholic beverages,4701.2
311887.0,01,Food and non-alcoholic beverages,20401.9
311888.0,01,Food and non-alcoholic beverages,5663.004
311889.0,01,Food and non-alcoholic beverages,11600.0
311890.0,01,Food and non-alcoholic beverages,15786.27
311891.0,01,Food and non-alcoholic beverages,9189.753
311892.0,01,Food and non-alcoholic beverages,6786.952
311893.0,01,Food and non-alcoholic beverages,20031.886
311894.0,01,Food and non-alcoholic beverages,2306.754
311895.0,01,Food and non-alcoholic beverages,20207.607
311896.0,01,Food and non-alcoholic beverages,9228.101999999999
311897.0,01,Food and non-alcoholic beverages,7113.178
311898.0,01,Food and non-alcoholic beverages,20916.478
311899.0,01,Food and non-alcoholic beverages,4050.0
311900.0,01,Food and non-alcoholic beverages,1084.7
311901.0,01,Food and non-alcoholic beverages,8901.0
311902.0,01,Food and non-alcoholic beverages,8350.35
311903.0,01,Food and non-alcoholic beverages,8054.5
311904.0,01,Food and non-alcoholic beverages,3854.566
311905.0,01,Food and non-alcoholic beverages,11669.479
311906.0,01,Food and non-alcoholic beverages,32153.0
311907.0,01,Food and non-alcoholic beverages,15766.7
311908.0,01,Food and non-alcoholic beverages,15601.669
311909.0,01,Food and non-alcoholic beverages,42051.0
311910.0,01,Food and non-alcoholic beverages,2502.0
311911.0,01,Food and non-alcoholic beverages,12201.243
311912.0,01,Food and non-alcoholic beverages,19150.0
311913.0,01,Food and non-alcoholic beverages,2378.5
311914.0,01,Food and non-alcoholic beverages,15113.004
311915.0,01,Food and non-alcoholic beverages,8308.5
311916.0,01,Food and non-alcoholic beverages,9768.756
311917.0,01,Food and non-alcoholic beverages,9280.422
311918.0,01,Food and non-alcoholic beverages,9433.515
311919.0,01,Food and non-alcoholic beverages,3728.35
311920.0,01,Food and non-alcoholic beverages,4227.75
311921.0,01,Food and non-alcoholic beverages,11159.501
311922.0,01,Food and non-alcoholic beverages,10307.436
311923.0,01,Food and non-alcoholic beverages,15856.0
311924.0,01,Food and non-alcoholic beverages,13501.684
311925.0,01,Food and non-alcoholic beverages,18757.15
311926.0,01,Food and non-alcoholic beverages,15123.745
311927.0,01,Food and non-alcoholic beverages,23970.0
311928.0,01,Food and non-alcoholic beverages,12200.004
311929.0,01,Food and non-alcoholic beverages,24586.328999999998
311931.0,01,Food and non-alcoholic beverages,21415.2674
311932.0,01,Food and non-alcoholic beverages,7301.498
311933.0,01,Food and non-alcoholic beverages,6102.906
311934.0,01,Food and non-alcoholic beverages,723.65
311935.0,01,Food and non-alcoholic beverages,6176.744
311936.0,01,Food and non-alcoholic beverages,315.32500000000005
311937.0,01,Food and non-alcoholic beverages,6742.761
311938.0,01,Food and non-alcoholic beverages,6768.44
311939.0,01,Food and non-alcoholic beverages,3583.011
311940.0,01,Food and non-alcoholic beverages,4170.387
311941.0,01,Food and non-alcoholic beverages,5522.919
311942.0,01,Food and non-alcoholic beverages,28556.5
311944.0,01,Food and non-alcoholic beverages,7055.3
311945.0,01,Food and non-alcoholic beverages,30558.5
311946.0,01,Food and non-alcoholic beverages,16800.0
311947.0,01,Food and non-alcoholic beverages,15450.0
311948.0,01,Food and non-alcoholic beverages,24406.0
311949.0,01,Food and non-alcoholic beverages,29903.801
311950.0,01,Food and non-alcoholic beverages,18052.65
311951.0,01,Food and non-alcoholic beverages,9462.88
311952.0,01,Food and non-alcoholic beverages,8265.462
311953.0,01,Food and non-alcoholic beverages,2155.05
311954.0,01,Food and non-alcoholic beverages,9962.44
311955.0,01,Food and non-alcoholic beverages,5300.0
311956.0,01,Food and non-alcoholic beverages,4234.223
311957.0,01,Food and non-alcoholic beverages,12063.63
311958.0,01,Food and non-alcoholic beverages,4111.635
311959.0,01,Food and non-alcoholic beverages,4413.733
311960.0,01,Food and non-alcoholic beverages,17054.002
311961.0,01,Food and non-alcoholic beverages,37850.0
311962.0,01,Food and non-alcoholic beverages,20150.0
311963.0,01,Food and non-alcoholic beverages,8150.0
311964.0,01,Food and non-alcoholic beverages,56875.0
311965.0,01,Food and non-alcoholic beverages,28406.4
311967.0,01,Food and non-alcoholic beverages,15053.8
311969.0,01,Food and non-alcoholic beverages,52.96
311970.0,01,Food and non-alcoholic beverages,5267.756
311971.0,01,Food and non-alcoholic beverages,7290.7080000000005
311972.0,01,Food and non-alcoholic beverages,7022.047
311973.0,01,Food and non-alcoholic beverages,232.40499999999997
311974.0,01,Food and non-alcoholic beverages,6658.51
311975.0,01,Food and non-alcoholic beverages,7261.053
311976.0,01,Food and non-alcoholic beverages,1432.1
311977.0,01,Food and non-alcoholic beverages,4878.25
311978.0,01,Food and non-alcoholic beverages,1017.158
311979.0,01,Food and non-alcoholic beverages,2629.192
311980.0,01,Food and non-alcoholic beverages,6550.25
311981.0,01,Food and non-alcoholic beverages,9686.716
311982.0,01,Food and non-alcoholic beverages,2020.225
311983.0,01,Food and non-alcoholic beverages,1879.818
311984.0,01,Food and non-alcoholic beverages,20300.0
311985.0,01,Food and non-alcoholic beverages,7475.0
311986.0,01,Food and non-alcoholic beverages,13466.625
311987.0,01,Food and non-alcoholic beverages,6551.5
311988.0,01,Food and non-alcoholic beverages,5772.26
311989.0,01,Food and non-alcoholic beverages,19103.85
311990.0,01,Food and non-alcoholic beverages,13481.488
311991.0,01,Food and non-alcoholic beverages,8900.7
311992.0,01,Food and non-alcoholic beverages,18211.379
311993.0,01,Food and non-alcoholic beverages,9350.0
311994.0,01,Food and non-alcoholic beverages,6301.7699999999995
311995.0,01,Food and non-alcoholic beverages,13958.2
311996.0,01,Food and non-alcoholic beverages,17218.5
311997.0,01,Food and non-alcoholic beverages,7708.5
311998.0,01,Food and non-alcoholic beverages,16468.75
311999.0,01,Food and non-alcoholic beverages,14310.516
312000.0,01,Food and non-alcoholic beverages,22500.214
312001.0,01,Food and non-alcoholic beverages,2233.13
312002.0,01,Food and non-alcoholic beverages,12524.8
312003.0,01,Food and non-alcoholic beverages,5050.3
312004.0,01,Food and non-alcoholic beverages,9050.0
312005.0,01,Food and non-alcoholic beverages,11671.95
312006.0,01,Food and non-alcoholic beverages,10520.0
312007.0,01,Food and non-alcoholic beverages,33500.0
312008.0,01,Food and non-alcoholic beverages,22831.0
312009.0,01,Food and non-alcoholic beverages,11568.9
312010.0,01,Food and non-alcoholic beverages,44000.0
312011.0,01,Food and non-alcoholic beverages,20300.0
312012.0,01,Food and non-alcoholic beverages,27053.65
312013.0,01,Food and non-alcoholic beverages,4500.287
312014.0,01,Food and non-alcoholic beverages,3678.732
312015.0,01,Food and non-alcoholic beverages,8215.984
312016.0,01,Food and non-alcoholic beverages,23110.584
312017.0,01,Food and non-alcoholic beverages,5207.508
312018.0,01,Food and non-alcoholic beverages,26718.64
312019.0,01,Food and non-alcoholic beverages,20201.9
312020.0,01,Food and non-alcoholic beverages,3317.472
312021.0,01,Food and non-alcoholic beverages,8892.29
312022.0,01,Food and non-alcoholic beverages,9208.49
312023.0,01,Food and non-alcoholic beverages,7573.530000000001
312024.0,01,Food and non-alcoholic beverages,5560.902
312025.0,01,Food and non-alcoholic beverages,1039.075
312026.0,01,Food and non-alcoholic beverages,5419.0
312027.0,01,Food and non-alcoholic beverages,5234.298
312028.0,01,Food and non-alcoholic beverages,15158.47
312029.0,01,Food and non-alcoholic beverages,2587.987
312030.0,01,Food and non-alcoholic beverages,4761.035
312031.0,01,Food and non-alcoholic beverages,12883.524
312032.0,01,Food and non-alcoholic beverages,13354.025
312033.0,01,Food and non-alcoholic beverages,21600.0
312034.0,01,Food and non-alcoholic beverages,19424.24
312035.0,01,Food and non-alcoholic beverages,8687.425
312036.0,01,Food and non-alcoholic beverages,5352.8
312037.0,01,Food and non-alcoholic beverages,11807.804
312038.0,01,Food and non-alcoholic beverages,28900.6
312039.0,01,Food and non-alcoholic beverages,30205.35
312040.0,01,Food and non-alcoholic beverages,8062.0
312041.0,01,Food and non-alcoholic beverages,5162.863
312042.0,01,Food and non-alcoholic beverages,9559.508
312043.0,01,Food and non-alcoholic beverages,4679.707
312044.0,01,Food and non-alcoholic beverages,11709.078
312045.0,01,Food and non-alcoholic beverages,6856.5
312046.0,01,Food and non-alcoholic beverages,4050.05
312047.0,01,Food and non-alcoholic beverages,15152.0
312048.0,01,Food and non-alcoholic beverages,6974.75
312049.0,01,Food and non-alcoholic beverages,7905.5
312050.0,01,Food and non-alcoholic beverages,29253.41
312051.0,01,Food and non-alcoholic beverages,2720.0
312052.0,01,Food and non-alcoholic beverages,24100.0
312053.0,01,Food and non-alcoholic beverages,11209.601
312054.0,01,Food and non-alcoholic beverages,11113.12
312055.0,01,Food and non-alcoholic beverages,9150.4
312056.0,01,Food and non-alcoholic beverages,28175.0
312057.0,01,Food and non-alcoholic beverages,25650.2
312058.0,01,Food and non-alcoholic beverages,2825.5
312059.0,01,Food and non-alcoholic beverages,17914.101
312060.0,01,Food and non-alcoholic beverages,1669.238
312061.0,01,Food and non-alcoholic beverages,21251.8
312062.0,01,Food and non-alcoholic beverages,3253.35
312063.0,01,Food and non-alcoholic beverages,13001.5
312064.0,01,Food and non-alcoholic beverages,407.55
312065.0,01,Food and non-alcoholic beverages,3163.2
312066.0,01,Food and non-alcoholic beverages,9067.796
312067.0,01,Food and non-alcoholic beverages,11470.064
312068.0,01,Food and non-alcoholic beverages,5363.0
312069.0,01,Food and non-alcoholic beverages,11952.05
312070.0,01,Food and non-alcoholic beverages,218.64999999999998
312071.0,01,Food and non-alcoholic beverages,68559.55
312072.0,01,Food and non-alcoholic beverages,17021.182
312073.0,01,Food and non-alcoholic beverages,12700.0
312074.0,01,Food and non-alcoholic beverages,4570.716
312075.0,01,Food and non-alcoholic beverages,10168.119999999999
312076.0,01,Food and non-alcoholic beverages,5462.87
312078.0,01,Food and non-alcoholic beverages,7000.0
312079.0,01,Food and non-alcoholic beverages,37500.0
312080.0,01,Food and non-alcoholic beverages,24900.0
312081.0,01,Food and non-alcoholic beverages,7650.0
312082.0,01,Food and non-alcoholic beverages,23061.3
312083.0,01,Food and non-alcoholic beverages,25050.0
312084.0,01,Food and non-alcoholic beverages,65050.0
312085.0,01,Food and non-alcoholic beverages,11350.0
312086.0,01,Food and non-alcoholic beverages,10151.0
312087.0,01,Food and non-alcoholic beverages,7068.9
312088.0,01,Food and non-alcoholic beverages,6228.854
312089.0,01,Food and non-alcoholic beverages,4966.14
312090.0,01,Food and non-alcoholic beverages,10560.647
312091.0,01,Food and non-alcoholic beverages,7671.1
312092.0,01,Food and non-alcoholic beverages,7190.42
312093.0,01,Food and non-alcoholic beverages,10580.05
312094.0,01,Food and non-alcoholic beverages,4604.008
312095.0,01,Food and non-alcoholic beverages,40751.25
312096.0,01,Food and non-alcoholic beverages,9766.25
312097.0,01,Food and non-alcoholic beverages,31307.0
312098.0,01,Food and non-alcoholic beverages,17950.7
312099.0,01,Food and non-alcoholic beverages,15150.5
312100.0,01,Food and non-alcoholic beverages,12203.0
312101.0,01,Food and non-alcoholic beverages,28750.25
312102.0,01,Food and non-alcoholic beverages,20350.0
312103.0,01,Food and non-alcoholic beverages,27150.0
312104.0,01,Food and non-alcoholic beverages,16052.0
312105.0,01,Food and non-alcoholic beverages,17415.95
312106.0,01,Food and non-alcoholic beverages,7967.82
312107.0,01,Food and non-alcoholic beverages,16933.7
312108.0,01,Food and non-alcoholic beverages,8960.5
312109.0,01,Food and non-alcoholic beverages,14902.034
312110.0,01,Food and non-alcoholic beverages,5235.25
312111.0,01,Food and non-alcoholic beverages,12670.807999999999
312112.0,01,Food and non-alcoholic beverages,1605.0
312113.0,01,Food and non-alcoholic beverages,56876.0
312114.0,01,Food and non-alcoholic beverages,3706.0
312115.0,01,Food and non-alcoholic beverages,15804.475
312116.0,01,Food and non-alcoholic beverages,12250.0
312117.0,01,Food and non-alcoholic beverages,3553.0
312118.0,01,Food and non-alcoholic beverages,21400.812
312119.0,01,Food and non-alcoholic beverages,11250.0
312120.0,01,Food and non-alcoholic beverages,9600.0
312121.0,01,Food and non-alcoholic beverages,7850.0
312122.0,01,Food and non-alcoholic beverages,3931.535
312123.0,01,Food and non-alcoholic beverages,22660.0
312124.0,01,Food and non-alcoholic beverages,4372.54
312125.0,01,Food and non-alcoholic beverages,38110.0
312126.0,01,Food and non-alcoholic beverages,8252.1
312127.0,01,Food and non-alcoholic beverages,6800.0
312128.0,01,Food and non-alcoholic beverages,14302.004
312129.0,01,Food and non-alcoholic beverages,24116.85
312130.0,01,Food and non-alcoholic beverages,18450.0
312131.0,01,Food and non-alcoholic beverages,10102.008
312132.0,01,Food and non-alcoholic beverages,10405.874
312133.0,01,Food and non-alcoholic beverages,18000.0
312134.0,01,Food and non-alcoholic beverages,10000.7
312135.0,01,Food and non-alcoholic beverages,6409.0
312136.0,01,Food and non-alcoholic beverages,8750.3
312137.0,01,Food and non-alcoholic beverages,4800.57
312138.0,01,Food and non-alcoholic beverages,7151.5
312139.0,01,Food and non-alcoholic beverages,30553.312
312140.0,01,Food and non-alcoholic beverages,3373.815
312141.0,01,Food and non-alcoholic beverages,8252.855
312142.0,01,Food and non-alcoholic beverages,27704.28
312143.0,01,Food and non-alcoholic beverages,12402.05
312144.0,01,Food and non-alcoholic beverages,10901.6
312145.0,01,Food and non-alcoholic beverages,7309.752
312146.0,01,Food and non-alcoholic beverages,12411.675
312147.0,01,Food and non-alcoholic beverages,5310.375
312148.0,01,Food and non-alcoholic beverages,17450.0
312149.0,01,Food and non-alcoholic beverages,28653.0
312150.0,01,Food and non-alcoholic beverages,15051.097
312151.0,01,Food and non-alcoholic beverages,5802.97
312152.0,01,Food and non-alcoholic beverages,18050.0
312153.0,01,Food and non-alcoholic beverages,20550.0
312154.0,01,Food and non-alcoholic beverages,8255.45
312155.0,01,Food and non-alcoholic beverages,14800.75
312156.0,01,Food and non-alcoholic beverages,105528.125
312157.0,01,Food and non-alcoholic beverages,25301.0
312158.0,01,Food and non-alcoholic beverages,5309.88
312159.0,01,Food and non-alcoholic beverages,7980.406
312160.0,01,Food and non-alcoholic beverages,39099.165
312161.0,01,Food and non-alcoholic beverages,12212.0
312162.0,01,Food and non-alcoholic beverages,17941.576
312163.0,01,Food and non-alcoholic beverages,7623.6900000000005
312164.0,01,Food and non-alcoholic beverages,37499.07
312165.0,01,Food and non-alcoholic beverages,38037.08
312166.0,01,Food and non-alcoholic beverages,27106.0
312167.0,01,Food and non-alcoholic beverages,39842.0
312168.0,01,Food and non-alcoholic beverages,12055.25
312169.0,01,Food and non-alcoholic beverages,14949.328
312170.0,01,Food and non-alcoholic beverages,5330.0
312171.0,01,Food and non-alcoholic beverages,23707.0
312172.0,01,Food and non-alcoholic beverages,12404.957
312173.0,01,Food and non-alcoholic beverages,10979.625
312174.0,01,Food and non-alcoholic beverages,50302.0
312175.0,01,Food and non-alcoholic beverages,5960.57
312176.0,01,Food and non-alcoholic beverages,10220.5235
312177.0,01,Food and non-alcoholic beverages,12706.2017
312178.0,01,Food and non-alcoholic beverages,4537.502
312179.0,01,Food and non-alcoholic beverages,12706.9
312180.0,01,Food and non-alcoholic beverages,11654.0
312181.0,01,Food and non-alcoholic beverages,8877.87
312182.0,01,Food and non-alcoholic beverages,13011.0
312183.0,01,Food and non-alcoholic beverages,29709.511
312184.0,01,Food and non-alcoholic beverages,5520.061
312185.0,01,Food and non-alcoholic beverages,14112.845
312186.0,01,Food and non-alcoholic beverages,14375.611
312187.0,01,Food and non-alcoholic beverages,18077.446
312188.0,01,Food and non-alcoholic beverages,12117.79
312189.0,01,Food and non-alcoholic beverages,2825.04
312190.0,01,Food and non-alcoholic beverages,5317.977
312191.0,01,Food and non-alcoholic beverages,32901.0
312192.0,01,Food and non-alcoholic beverages,2986.62
312193.0,01,Food and non-alcoholic beverages,1021.52
312194.0,01,Food and non-alcoholic beverages,7960.0
312195.0,01,Food and non-alcoholic beverages,5167.5
312196.0,01,Food and non-alcoholic beverages,8378.0
312197.0,01,Food and non-alcoholic beverages,17053.0
312198.0,01,Food and non-alcoholic beverages,22820.748
312199.0,01,Food and non-alcoholic beverages,18618.31
312200.0,01,Food and non-alcoholic beverages,12200.0
312201.0,01,Food and non-alcoholic beverages,9900.9
312202.0,01,Food and non-alcoholic beverages,23.4
312203.0,01,Food and non-alcoholic beverages,7290.095499999999
312204.0,01,Food and non-alcoholic beverages,8305.572
312205.0,01,Food and non-alcoholic beverages,12362.75
312206.0,01,Food and non-alcoholic beverages,19728.821
312207.0,01,Food and non-alcoholic beverages,10814.3
312208.0,01,Food and non-alcoholic beverages,19.5
312209.0,01,Food and non-alcoholic beverages,12826.502
312210.0,01,Food and non-alcoholic beverages,121.068
312211.0,01,Food and non-alcoholic beverages,808.302
312212.0,01,Food and non-alcoholic beverages,9860.457
312213.0,01,Food and non-alcoholic beverages,7427.888
312214.0,01,Food and non-alcoholic beverages,6650.674
312215.0,01,Food and non-alcoholic beverages,5763.2
312216.0,01,Food and non-alcoholic beverages,3963.05
312217.0,01,Food and non-alcoholic beverages,10309.0
312218.0,01,Food and non-alcoholic beverages,9663.82
312219.0,01,Food and non-alcoholic beverages,6030.15
312220.0,01,Food and non-alcoholic beverages,15404.58
312221.0,01,Food and non-alcoholic beverages,17553.377
312222.0,01,Food and non-alcoholic beverages,33527.0
312223.0,01,Food and non-alcoholic beverages,28950.0
312224.0,01,Food and non-alcoholic beverages,26400.0
312225.0,01,Food and non-alcoholic beverages,13800.75
312226.0,01,Food and non-alcoholic beverages,21181.5
312227.0,01,Food and non-alcoholic beverages,16130.58
312228.0,01,Food and non-alcoholic beverages,7900.0
312229.0,01,Food and non-alcoholic beverages,9310.0
312230.0,01,Food and non-alcoholic beverages,20105.75
312231.0,01,Food and non-alcoholic beverages,3503.925
312232.0,01,Food and non-alcoholic beverages,6710.8
312233.0,01,Food and non-alcoholic beverages,16079.327
312234.0,01,Food and non-alcoholic beverages,9961.484
312235.0,01,Food and non-alcoholic beverages,22102.0
312236.0,01,Food and non-alcoholic beverages,4404.64
312237.0,01,Food and non-alcoholic beverages,2703.02
312238.0,01,Food and non-alcoholic beverages,11681.85
312239.0,01,Food and non-alcoholic beverages,4959.5
312240.0,01,Food and non-alcoholic beverages,16260.5
312241.0,01,Food and non-alcoholic beverages,19024.0
312242.0,01,Food and non-alcoholic beverages,10010.572
312243.0,01,Food and non-alcoholic beverages,2503.545
312244.0,01,Food and non-alcoholic beverages,17751.5
312245.0,01,Food and non-alcoholic beverages,2419.0
312246.0,01,Food and non-alcoholic beverages,16616.212
312247.0,01,Food and non-alcoholic beverages,7858.173
312248.0,01,Food and non-alcoholic beverages,3079.967
312249.0,01,Food and non-alcoholic beverages,6225.7882
312250.0,01,Food and non-alcoholic beverages,22971.332
312251.0,01,Food and non-alcoholic beverages,4732.8
312252.0,01,Food and non-alcoholic beverages,3651.6
312253.0,01,Food and non-alcoholic beverages,10804.25
312254.0,01,Food and non-alcoholic beverages,1307.85
312255.0,01,Food and non-alcoholic beverages,6677.35
312256.0,01,Food and non-alcoholic beverages,7435.21
312257.0,01,Food and non-alcoholic beverages,9504.75
312258.0,01,Food and non-alcoholic beverages,6406.3
312259.0,01,Food and non-alcoholic beverages,777.25
312260.0,01,Food and non-alcoholic beverages,2565.25
312261.0,01,Food and non-alcoholic beverages,6024.549
312262.0,01,Food and non-alcoholic beverages,3547.525
312263.0,01,Food and non-alcoholic beverages,2623.6
312264.0,01,Food and non-alcoholic beverages,3734.238
312265.0,01,Food and non-alcoholic beverages,3064.266
312266.0,01,Food and non-alcoholic beverages,315.0
312267.0,01,Food and non-alcoholic beverages,4478.15
312268.0,01,Food and non-alcoholic beverages,1720.5
312269.0,01,Food and non-alcoholic beverages,9513.723
312270.0,01,Food and non-alcoholic beverages,5709.5125
312271.0,01,Food and non-alcoholic beverages,3404.875
312272.0,01,Food and non-alcoholic beverages,12003.437
312273.0,01,Food and non-alcoholic beverages,19609.738
312274.0,01,Food and non-alcoholic beverages,3616.0
312275.0,01,Food and non-alcoholic beverages,4266.672
312276.0,01,Food and non-alcoholic beverages,7070.224
312277.0,01,Food and non-alcoholic beverages,1100.2
312278.0,01,Food and non-alcoholic beverages,9236.072
312279.0,01,Food and non-alcoholic beverages,5302.9
312280.0,01,Food and non-alcoholic beverages,3065.48
312281.0,01,Food and non-alcoholic beverages,5271.3215
312282.0,01,Food and non-alcoholic beverages,3898.35
312283.0,01,Food and non-alcoholic beverages,2236.75
312284.0,01,Food and non-alcoholic beverages,1041.329
312285.0,01,Food and non-alcoholic beverages,231.602
312286.0,01,Food and non-alcoholic beverages,8550.0
312287.0,01,Food and non-alcoholic beverages,1212.97
312288.0,01,Food and non-alcoholic beverages,6.35
312289.0,01,Food and non-alcoholic beverages,3346.5
312290.0,01,Food and non-alcoholic beverages,7710.75
312291.0,01,Food and non-alcoholic beverages,18006.55
312292.0,01,Food and non-alcoholic beverages,15600.58
312293.0,01,Food and non-alcoholic beverages,11901.931
312294.0,01,Food and non-alcoholic beverages,13004.82
312295.0,01,Food and non-alcoholic beverages,4969.0655
312296.0,01,Food and non-alcoholic beverages,920.5
312297.0,01,Food and non-alcoholic beverages,9515.4
312298.0,01,Food and non-alcoholic beverages,6.6
312299.0,01,Food and non-alcoholic beverages,6101.0
312300.0,01,Food and non-alcoholic beverages,26269.824
312301.0,01,Food and non-alcoholic beverages,7079.2905
312302.0,01,Food and non-alcoholic beverages,10360.59
312303.0,01,Food and non-alcoholic beverages,14258.213
312304.0,01,Food and non-alcoholic beverages,19500.0
312305.0,01,Food and non-alcoholic beverages,803.85
312306.0,01,Food and non-alcoholic beverages,4101.75
312307.0,01,Food and non-alcoholic beverages,4309.9
312308.0,01,Food and non-alcoholic beverages,9513.52
312309.0,01,Food and non-alcoholic beverages,9965.65
312310.0,01,Food and non-alcoholic beverages,12.05
312311.0,01,Food and non-alcoholic beverages,17029.046000000002
312312.0,01,Food and non-alcoholic beverages,11106.567000000001
312313.0,01,Food and non-alcoholic beverages,774.25
312314.0,01,Food and non-alcoholic beverages,1722.25
312315.0,01,Food and non-alcoholic beverages,9917.0
312316.0,01,Food and non-alcoholic beverages,4081.56
312317.0,01,Food and non-alcoholic beverages,5213.826
312318.0,01,Food and non-alcoholic beverages,2706.25
312319.0,01,Food and non-alcoholic beverages,12164.964
312320.0,01,Food and non-alcoholic beverages,2521.0
312321.0,01,Food and non-alcoholic beverages,202.25
312322.0,01,Food and non-alcoholic beverages,2.25
312323.0,01,Food and non-alcoholic beverages,7607.567
312324.0,01,Food and non-alcoholic beverages,6759.237
312325.0,01,Food and non-alcoholic beverages,1426.256
312326.0,01,Food and non-alcoholic beverages,7912.373
312327.0,01,Food and non-alcoholic beverages,9164.5
312328.0,01,Food and non-alcoholic beverages,528.353
312329.0,01,Food and non-alcoholic beverages,2487.524
312330.0,01,Food and non-alcoholic beverages,1604.25
312331.0,01,Food and non-alcoholic beverages,11007.832
312332.0,01,Food and non-alcoholic beverages,10145.392
312333.0,01,Food and non-alcoholic beverages,1614.75
312334.0,01,Food and non-alcoholic beverages,110.552
312335.0,01,Food and non-alcoholic beverages,4427.75
312336.0,01,Food and non-alcoholic beverages,4409.577
312337.0,01,Food and non-alcoholic beverages,1614.18
312338.0,01,Food and non-alcoholic beverages,2115.724
312339.0,01,Food and non-alcoholic beverages,11952.5
312340.0,01,Food and non-alcoholic beverages,3600.527
312341.0,01,Food and non-alcoholic beverages,7750.594
312342.0,01,Food and non-alcoholic beverages,13037.1485
312343.0,01,Food and non-alcoholic beverages,19912.8
312344.0,01,Food and non-alcoholic beverages,1933.5
312345.0,01,Food and non-alcoholic beverages,2835.3
312346.0,01,Food and non-alcoholic beverages,10751.3169
312347.0,01,Food and non-alcoholic beverages,8452.715
312348.0,01,Food and non-alcoholic beverages,13700.831
312350.0,01,Food and non-alcoholic beverages,600.0
312352.0,01,Food and non-alcoholic beverages,7300.0
312353.0,01,Food and non-alcoholic beverages,11055.3306
312354.0,01,Food and non-alcoholic beverages,6500.0
312355.0,01,Food and non-alcoholic beverages,10150.0
312356.0,01,Food and non-alcoholic beverages,6615.5
312357.0,01,Food and non-alcoholic beverages,4646.5
312358.0,01,Food and non-alcoholic beverages,705.0
312359.0,01,Food and non-alcoholic beverages,1700.0
312360.0,01,Food and non-alcoholic beverages,4914.0
312361.0,01,Food and non-alcoholic beverages,312.25
312362.0,01,Food and non-alcoholic beverages,15613.24
312363.0,01,Food and non-alcoholic beverages,5306.912
312364.0,01,Food and non-alcoholic beverages,5016.458
312365.0,01,Food and non-alcoholic beverages,2711.426
312366.0,01,Food and non-alcoholic beverages,4704.259
312367.0,01,Food and non-alcoholic beverages,7203.944
312368.0,01,Food and non-alcoholic beverages,4712.0
312369.0,01,Food and non-alcoholic beverages,4603.7
312370.0,01,Food and non-alcoholic beverages,753.706
312371.0,01,Food and non-alcoholic beverages,4601.5
312372.0,01,Food and non-alcoholic beverages,2600.0
312373.0,01,Food and non-alcoholic beverages,7706.32
312374.0,01,Food and non-alcoholic beverages,2031.212
312375.0,01,Food and non-alcoholic beverages,10500.0
312376.0,01,Food and non-alcoholic beverages,17791.908
312377.0,01,Food and non-alcoholic beverages,4019.18
312378.0,01,Food and non-alcoholic beverages,5100.94
312379.0,01,Food and non-alcoholic beverages,7008.374
312380.0,01,Food and non-alcoholic beverages,7800.0
312381.0,01,Food and non-alcoholic beverages,8750.0
312382.0,01,Food and non-alcoholic beverages,7157.065
312383.0,01,Food and non-alcoholic beverages,5253.1
312384.0,01,Food and non-alcoholic beverages,3515.73
312385.0,01,Food and non-alcoholic beverages,1270.252
312386.0,01,Food and non-alcoholic beverages,11758.138
312387.0,01,Food and non-alcoholic beverages,9817.274
312388.0,01,Food and non-alcoholic beverages,337.75
312389.0,01,Food and non-alcoholic beverages,29.216
312390.0,01,Food and non-alcoholic beverages,142.75
312391.0,01,Food and non-alcoholic beverages,14369.887
312392.0,01,Food and non-alcoholic beverages,943.794
312393.0,01,Food and non-alcoholic beverages,9134.058
312394.0,01,Food and non-alcoholic beverages,6139.55
312395.0,01,Food and non-alcoholic beverages,386.288
312396.0,01,Food and non-alcoholic beverages,3623.9919999999997
312397.0,01,Food and non-alcoholic beverages,5454.1
312398.0,01,Food and non-alcoholic beverages,2305.57
312399.0,01,Food and non-alcoholic beverages,6900.787
312400.0,01,Food and non-alcoholic beverages,13591.359
312401.0,01,Food and non-alcoholic beverages,6409.78
312402.0,01,Food and non-alcoholic beverages,150.1295
312403.0,01,Food and non-alcoholic beverages,2130.694
312404.0,01,Food and non-alcoholic beverages,6468.155
312405.0,01,Food and non-alcoholic beverages,8179.32
312406.0,01,Food and non-alcoholic beverages,1128.4279999999999
312407.0,01,Food and non-alcoholic beverages,5116.56
312408.0,01,Food and non-alcoholic beverages,42.25
312409.0,01,Food and non-alcoholic beverages,4255.7
312410.0,01,Food and non-alcoholic beverages,4750.424
312411.0,01,Food and non-alcoholic beverages,14504.89
312412.0,01,Food and non-alcoholic beverages,712.868
312413.0,01,Food and non-alcoholic beverages,3257.192
312414.0,01,Food and non-alcoholic beverages,495.1
312415.0,01,Food and non-alcoholic beverages,7081.0
312416.0,01,Food and non-alcoholic beverages,2670.88
312417.0,01,Food and non-alcoholic beverages,5643.103
312418.0,01,Food and non-alcoholic beverages,5806.11
312419.0,01,Food and non-alcoholic beverages,31776.835
312420.0,01,Food and non-alcoholic beverages,6512.35
312421.0,01,Food and non-alcoholic beverages,15479.727
312422.0,01,Food and non-alcoholic beverages,10502.522
312423.0,01,Food and non-alcoholic beverages,7055.6
312424.0,01,Food and non-alcoholic beverages,379.25
312425.0,01,Food and non-alcoholic beverages,1421.5
312426.0,01,Food and non-alcoholic beverages,7219.668
312427.0,01,Food and non-alcoholic beverages,4958.0
312428.0,01,Food and non-alcoholic beverages,7555.25
312429.0,01,Food and non-alcoholic beverages,11203.239
312430.0,01,Food and non-alcoholic beverages,5903.44
312431.0,01,Food and non-alcoholic beverages,4034.0
312432.0,01,Food and non-alcoholic beverages,439.125
312433.0,01,Food and non-alcoholic beverages,1908.76
312434.0,01,Food and non-alcoholic beverages,2588.5052
312435.0,01,Food and non-alcoholic beverages,3617.046
312436.0,01,Food and non-alcoholic beverages,8602.35
312437.0,01,Food and non-alcoholic beverages,5401.36
312438.0,01,Food and non-alcoholic beverages,6863.639
312439.0,01,Food and non-alcoholic beverages,21323.682
312440.0,01,Food and non-alcoholic beverages,6234.255
312441.0,01,Food and non-alcoholic beverages,3255.245
312442.0,01,Food and non-alcoholic beverages,20452.04
312443.0,01,Food and non-alcoholic beverages,14003.444
312444.0,01,Food and non-alcoholic beverages,4400.0
312445.0,01,Food and non-alcoholic beverages,7757.5
312446.0,01,Food and non-alcoholic beverages,5251.33
312447.0,01,Food and non-alcoholic beverages,12202.606
312448.0,01,Food and non-alcoholic beverages,12103.897
312449.0,01,Food and non-alcoholic beverages,10547.215
312450.0,01,Food and non-alcoholic beverages,15381.218
312451.0,01,Food and non-alcoholic beverages,19275.846
312452.0,01,Food and non-alcoholic beverages,2409.03
312453.0,01,Food and non-alcoholic beverages,2608.815
312454.0,01,Food and non-alcoholic beverages,1005.038
312455.0,01,Food and non-alcoholic beverages,3650.0
312456.0,01,Food and non-alcoholic beverages,35680.0
312457.0,01,Food and non-alcoholic beverages,7401.966
312458.0,01,Food and non-alcoholic beverages,9604.96
312459.0,01,Food and non-alcoholic beverages,5912.0
312460.0,01,Food and non-alcoholic beverages,3664.4
312461.0,01,Food and non-alcoholic beverages,606.025
312462.0,01,Food and non-alcoholic beverages,4325.73
312463.0,01,Food and non-alcoholic beverages,3430.55
312465.0,01,Food and non-alcoholic beverages,6031.65
312466.0,01,Food and non-alcoholic beverages,4518.6
312467.0,01,Food and non-alcoholic beverages,3643.375
312468.0,01,Food and non-alcoholic beverages,3078.2805
312469.0,01,Food and non-alcoholic beverages,13461.143
312470.0,01,Food and non-alcoholic beverages,3526.5
312471.0,01,Food and non-alcoholic beverages,6232.437
312472.0,01,Food and non-alcoholic beverages,18600.0
312473.0,01,Food and non-alcoholic beverages,3852.25
312474.0,01,Food and non-alcoholic beverages,13700.0
312475.0,01,Food and non-alcoholic beverages,1550.3
312476.0,01,Food and non-alcoholic beverages,8228.75
312477.0,01,Food and non-alcoholic beverages,5553.552
312478.0,01,Food and non-alcoholic beverages,10859.673999999999
312479.0,01,Food and non-alcoholic beverages,12651.0
312480.0,01,Food and non-alcoholic beverages,11707.0
312481.0,01,Food and non-alcoholic beverages,3000.05
312482.0,01,Food and non-alcoholic beverages,17554.361
312483.0,01,Food and non-alcoholic beverages,17560.4148
312484.0,01,Food and non-alcoholic beverages,27303.05
312485.0,01,Food and non-alcoholic beverages,23914.135
312486.0,01,Food and non-alcoholic beverages,1504.5
312487.0,01,Food and non-alcoholic beverages,2400.25
312488.0,01,Food and non-alcoholic beverages,3053.026
312489.0,01,Food and non-alcoholic beverages,13750.0
312490.0,01,Food and non-alcoholic beverages,6412.581999999999
312491.0,01,Food and non-alcoholic beverages,1409.0
312492.0,01,Food and non-alcoholic beverages,4534.652
312493.0,01,Food and non-alcoholic beverages,2652.5
312494.0,01,Food and non-alcoholic beverages,7304.5
312495.0,01,Food and non-alcoholic beverages,837.875
312496.0,01,Food and non-alcoholic beverages,6844.5
312498.0,01,Food and non-alcoholic beverages,5242.713
312499.0,01,Food and non-alcoholic beverages,5505.0
312500.0,01,Food and non-alcoholic beverages,15700.0
312501.0,01,Food and non-alcoholic beverages,8957.07
312502.0,01,Food and non-alcoholic beverages,18450.712
312503.0,01,Food and non-alcoholic beverages,4103.0
312504.0,01,Food and non-alcoholic beverages,7350.0
312505.0,01,Food and non-alcoholic beverages,19956.9
312506.0,01,Food and non-alcoholic beverages,17260.0
312507.0,01,Food and non-alcoholic beverages,4901.0
312508.0,01,Food and non-alcoholic beverages,6401.0
312509.0,01,Food and non-alcoholic beverages,29850.0
312510.0,01,Food and non-alcoholic beverages,4480.44
312511.0,01,Food and non-alcoholic beverages,13250.5
312512.0,01,Food and non-alcoholic beverages,8600.0
312513.0,01,Food and non-alcoholic beverages,3824.267
312514.0,01,Food and non-alcoholic beverages,13437.52
312515.0,01,Food and non-alcoholic beverages,3200.0
312516.0,01,Food and non-alcoholic beverages,4520.0
312517.0,01,Food and non-alcoholic beverages,8423.25
312518.0,01,Food and non-alcoholic beverages,2500.0
312519.0,01,Food and non-alcoholic beverages,5642.0
312520.0,01,Food and non-alcoholic beverages,6152.0
312521.0,01,Food and non-alcoholic beverages,1706.7060000000001
312522.0,01,Food and non-alcoholic beverages,16273.0
312523.0,01,Food and non-alcoholic beverages,1413.1
312524.0,01,Food and non-alcoholic beverages,9389.838
312525.0,01,Food and non-alcoholic beverages,4955.0
312526.0,01,Food and non-alcoholic beverages,18051.0
312527.0,01,Food and non-alcoholic beverages,32421.865
312528.0,01,Food and non-alcoholic beverages,7204.0
312529.0,01,Food and non-alcoholic beverages,9175.457
312530.0,01,Food and non-alcoholic beverages,4651.0
312531.0,01,Food and non-alcoholic beverages,11782.5364
312532.0,01,Food and non-alcoholic beverages,5150.0
312533.0,01,Food and non-alcoholic beverages,2288.95
312534.0,01,Food and non-alcoholic beverages,19950.15
312535.0,01,Food and non-alcoholic beverages,14750.0
312536.0,01,Food and non-alcoholic beverages,12826.041
312537.0,01,Food and non-alcoholic beverages,3908.893
312538.0,01,Food and non-alcoholic beverages,6663.126
312539.0,01,Food and non-alcoholic beverages,1131.0
312540.0,01,Food and non-alcoholic beverages,2510.05
312541.0,01,Food and non-alcoholic beverages,1701.0
312542.0,01,Food and non-alcoholic beverages,18451.5
312543.0,01,Food and non-alcoholic beverages,10733.56
312544.0,01,Food and non-alcoholic beverages,8601.386
312545.0,01,Food and non-alcoholic beverages,4826.084
312546.0,01,Food and non-alcoholic beverages,8551.0
312547.0,01,Food and non-alcoholic beverages,17624.3295
312548.0,01,Food and non-alcoholic beverages,19713.5
312549.0,01,Food and non-alcoholic beverages,9350.0
312550.0,01,Food and non-alcoholic beverages,18701.0
312551.0,01,Food and non-alcoholic beverages,3354.385
312552.0,01,Food and non-alcoholic beverages,3958.025
312553.0,01,Food and non-alcoholic beverages,7700.0
312554.0,01,Food and non-alcoholic beverages,8901.5
312555.0,01,Food and non-alcoholic beverages,30084.5
312556.0,01,Food and non-alcoholic beverages,2219.25
312557.0,01,Food and non-alcoholic beverages,2918.25
312558.0,01,Food and non-alcoholic beverages,7356.0
312559.0,01,Food and non-alcoholic beverages,3355.125
312560.0,01,Food and non-alcoholic beverages,2520.9835
312561.0,01,Food and non-alcoholic beverages,14818.52
312562.0,01,Food and non-alcoholic beverages,6623.943
312563.0,01,Food and non-alcoholic beverages,3500.995
312564.0,01,Food and non-alcoholic beverages,3907.172
312565.0,01,Food and non-alcoholic beverages,5000.0
312566.0,01,Food and non-alcoholic beverages,28115.963
312567.0,01,Food and non-alcoholic beverages,4502.1
312568.0,01,Food and non-alcoholic beverages,8600.0
312569.0,01,Food and non-alcoholic beverages,12207.5
312570.0,01,Food and non-alcoholic beverages,15567.0
312571.0,01,Food and non-alcoholic beverages,6350.0
312572.0,01,Food and non-alcoholic beverages,15046.532500000001
312573.0,01,Food and non-alcoholic beverages,8251.491
312574.0,01,Food and non-alcoholic beverages,906.0
312575.0,01,Food and non-alcoholic beverages,3803.75
312576.0,01,Food and non-alcoholic beverages,11650.982
312577.0,01,Food and non-alcoholic beverages,2702.85
312578.0,01,Food and non-alcoholic beverages,12332.0
312579.0,01,Food and non-alcoholic beverages,13551.954
312580.0,01,Food and non-alcoholic beverages,5000.95
312581.0,01,Food and non-alcoholic beverages,6600.0
312582.0,01,Food and non-alcoholic beverages,2818.0
312583.0,01,Food and non-alcoholic beverages,13759.143
312584.0,01,Food and non-alcoholic beverages,21741.014
312585.0,01,Food and non-alcoholic beverages,28.23
312586.0,01,Food and non-alcoholic beverages,2986.51
312587.0,01,Food and non-alcoholic beverages,4405.5
312588.0,01,Food and non-alcoholic beverages,7650.0
312589.0,01,Food and non-alcoholic beverages,3750.7
312590.0,01,Food and non-alcoholic beverages,3200.0
312591.0,01,Food and non-alcoholic beverages,3605.75
312592.0,01,Food and non-alcoholic beverages,10709.92
312593.0,01,Food and non-alcoholic beverages,9351.386
312595.0,01,Food and non-alcoholic beverages,2555.631
312596.0,01,Food and non-alcoholic beverages,1643.0
312597.0,01,Food and non-alcoholic beverages,1686.125
312598.0,01,Food and non-alcoholic beverages,12045.5
312599.0,01,Food and non-alcoholic beverages,6237.75
312600.0,01,Food and non-alcoholic beverages,5918.25
312601.0,01,Food and non-alcoholic beverages,23063.2033
312602.0,01,Food and non-alcoholic beverages,16958.517
312603.0,01,Food and non-alcoholic beverages,10850.0
312604.0,01,Food and non-alcoholic beverages,12758.0
312605.0,01,Food and non-alcoholic beverages,3750.0
312606.0,01,Food and non-alcoholic beverages,12151.0
312607.0,01,Food and non-alcoholic beverages,3416.75
312608.0,01,Food and non-alcoholic beverages,5605.225
312609.0,01,Food and non-alcoholic beverages,2210.0
312610.0,01,Food and non-alcoholic beverages,12300.0
312611.0,01,Food and non-alcoholic beverages,3804.5
312612.0,01,Food and non-alcoholic beverages,18346.905
312613.0,01,Food and non-alcoholic beverages,3477.875
312614.0,01,Food and non-alcoholic beverages,2635.95
312615.0,01,Food and non-alcoholic beverages,20903.614999999998
312616.0,01,Food and non-alcoholic beverages,11388.0595
312617.0,01,Food and non-alcoholic beverages,5204.789
312618.0,01,Food and non-alcoholic beverages,6270.353
312619.0,01,Food and non-alcoholic beverages,7315.54
312620.0,01,Food and non-alcoholic beverages,3614.3
312621.0,01,Food and non-alcoholic beverages,2161.1385
312622.0,01,Food and non-alcoholic beverages,6900.25
312623.0,01,Food and non-alcoholic beverages,6904.51
312624.0,01,Food and non-alcoholic beverages,1057.25
312625.0,01,Food and non-alcoholic beverages,10402.75
312626.0,01,Food and non-alcoholic beverages,20228.268
312627.0,01,Food and non-alcoholic beverages,4916.36
312628.0,01,Food and non-alcoholic beverages,17537.539
312629.0,01,Food and non-alcoholic beverages,4806.69
312630.0,01,Food and non-alcoholic beverages,7607.847
312631.0,01,Food and non-alcoholic beverages,4559.714
312632.0,01,Food and non-alcoholic beverages,6574.693
312633.0,01,Food and non-alcoholic beverages,7145.099
312634.0,01,Food and non-alcoholic beverages,21555.355
312635.0,01,Food and non-alcoholic beverages,17650.377
312636.0,01,Food and non-alcoholic beverages,23002.087
312637.0,01,Food and non-alcoholic beverages,13207.5
312638.0,01,Food and non-alcoholic beverages,13353.75
312639.0,01,Food and non-alcoholic beverages,9360.589
312640.0,01,Food and non-alcoholic beverages,4455.505
312641.0,01,Food and non-alcoholic beverages,13665.235
312642.0,01,Food and non-alcoholic beverages,12957.454
312643.0,01,Food and non-alcoholic beverages,10850.43
312644.0,01,Food and non-alcoholic beverages,51229.86
312645.0,01,Food and non-alcoholic beverages,33319.004
312646.0,01,Food and non-alcoholic beverages,10461.562
312647.0,01,Food and non-alcoholic beverages,8567.805
312648.0,01,Food and non-alcoholic beverages,6502.1
312649.0,01,Food and non-alcoholic beverages,15556.967
312650.0,01,Food and non-alcoholic beverages,5401.0835
312651.0,01,Food and non-alcoholic beverages,5518.13
312652.0,01,Food and non-alcoholic beverages,18800.0
312653.0,01,Food and non-alcoholic beverages,4378.85
312654.0,01,Food and non-alcoholic beverages,38700.56
312655.0,01,Food and non-alcoholic beverages,10769.506
312656.0,01,Food and non-alcoholic beverages,14355.854
312657.0,01,Food and non-alcoholic beverages,23265.613
312658.0,01,Food and non-alcoholic beverages,8609.456
312659.0,01,Food and non-alcoholic beverages,6301.75
312660.0,01,Food and non-alcoholic beverages,12954.411
312661.0,01,Food and non-alcoholic beverages,6912.239
312662.0,01,Food and non-alcoholic beverages,11214.0
312663.0,01,Food and non-alcoholic beverages,17425.27
312664.0,01,Food and non-alcoholic beverages,11710.0
312665.0,01,Food and non-alcoholic beverages,5961.0
312666.0,01,Food and non-alcoholic beverages,32485.497
312667.0,01,Food and non-alcoholic beverages,9426.235
312668.0,01,Food and non-alcoholic beverages,7515.2506
312669.0,01,Food and non-alcoholic beverages,28631.505
312670.0,01,Food and non-alcoholic beverages,25256.335
312671.0,01,Food and non-alcoholic beverages,7327.257
312672.0,01,Food and non-alcoholic beverages,9402.67
312673.0,01,Food and non-alcoholic beverages,456.072
312674.0,01,Food and non-alcoholic beverages,18811.98
312675.0,01,Food and non-alcoholic beverages,9303.98
312676.0,01,Food and non-alcoholic beverages,6258.0068
312677.0,01,Food and non-alcoholic beverages,6418.26
312678.0,01,Food and non-alcoholic beverages,9167.518
312679.0,01,Food and non-alcoholic beverages,9572.101
312680.0,01,Food and non-alcoholic beverages,1141.79
312681.0,01,Food and non-alcoholic beverages,370.252
312682.0,01,Food and non-alcoholic beverages,7883.008
312683.0,01,Food and non-alcoholic beverages,9204.357
312684.0,01,Food and non-alcoholic beverages,4830.17
312685.0,01,Food and non-alcoholic beverages,2708.085
312686.0,01,Food and non-alcoholic beverages,11107.539999999999
312687.0,01,Food and non-alcoholic beverages,10607.77
312688.0,01,Food and non-alcoholic beverages,5322.67
312689.0,01,Food and non-alcoholic beverages,5318.9400000000005
312690.0,01,Food and non-alcoholic beverages,3603.37
312691.0,01,Food and non-alcoholic beverages,6818.8264
312692.0,01,Food and non-alcoholic beverages,7511.0
312693.0,01,Food and non-alcoholic beverages,3913.539
312694.0,01,Food and non-alcoholic beverages,6909.033
312695.0,01,Food and non-alcoholic beverages,19.337
312696.0,01,Food and non-alcoholic beverages,22067.66
312697.0,01,Food and non-alcoholic beverages,15458.5008
312698.0,01,Food and non-alcoholic beverages,11325.577
312699.0,01,Food and non-alcoholic beverages,1478.067
312700.0,01,Food and non-alcoholic beverages,7901.346
312701.0,01,Food and non-alcoholic beverages,4402.963
312702.0,01,Food and non-alcoholic beverages,12301.99
312703.0,01,Food and non-alcoholic beverages,20254.7535
312704.0,01,Food and non-alcoholic beverages,9516.482
312705.0,01,Food and non-alcoholic beverages,7365.5151000000005
312706.0,01,Food and non-alcoholic beverages,4763.601
312707.0,01,Food and non-alcoholic beverages,6864.177
312708.0,01,Food and non-alcoholic beverages,5057.66
312709.0,01,Food and non-alcoholic beverages,8089.385
312710.0,01,Food and non-alcoholic beverages,4802.54
312711.0,01,Food and non-alcoholic beverages,2450.344
312712.0,01,Food and non-alcoholic beverages,31917.405
312713.0,01,Food and non-alcoholic beverages,18358.4242
312714.0,01,Food and non-alcoholic beverages,10680.92
312715.0,01,Food and non-alcoholic beverages,8900.902
312716.0,01,Food and non-alcoholic beverages,29383.04
312717.0,01,Food and non-alcoholic beverages,8267.965
312718.0,01,Food and non-alcoholic beverages,18375.852
312719.0,01,Food and non-alcoholic beverages,14262.066
312720.0,01,Food and non-alcoholic beverages,30682.814
312721.0,01,Food and non-alcoholic beverages,24788.754
312722.0,01,Food and non-alcoholic beverages,71705.165
312723.0,01,Food and non-alcoholic beverages,1930.413
312724.0,01,Food and non-alcoholic beverages,481.36609999999996
312725.0,01,Food and non-alcoholic beverages,2761.432
312726.0,01,Food and non-alcoholic beverages,10064.512
312727.0,01,Food and non-alcoholic beverages,6028.9710000000005
312728.0,01,Food and non-alcoholic beverages,18795.5462
312730.0,01,Food and non-alcoholic beverages,2114.72
312731.0,01,Food and non-alcoholic beverages,8327.346
312732.0,01,Food and non-alcoholic beverages,7753.416
312733.0,01,Food and non-alcoholic beverages,4001.129
312734.0,01,Food and non-alcoholic beverages,12222.07
312735.0,01,Food and non-alcoholic beverages,8415.73
312736.0,01,Food and non-alcoholic beverages,5415.786
312737.0,01,Food and non-alcoholic beverages,11160.681
312738.0,01,Food and non-alcoholic beverages,6797.4
312739.0,01,Food and non-alcoholic beverages,11386.0012
312740.0,01,Food and non-alcoholic beverages,7551.2113
312741.0,01,Food and non-alcoholic beverages,2414.865
312742.0,01,Food and non-alcoholic beverages,6796.09
312743.0,01,Food and non-alcoholic beverages,19582.35
312744.0,01,Food and non-alcoholic beverages,18484.645
312745.0,01,Food and non-alcoholic beverages,10235.928
312746.0,01,Food and non-alcoholic beverages,10095.135
312747.0,01,Food and non-alcoholic beverages,12446.123
312748.0,01,Food and non-alcoholic beverages,3754.43
312749.0,01,Food and non-alcoholic beverages,3157.236
312750.0,01,Food and non-alcoholic beverages,3118.158
312751.0,01,Food and non-alcoholic beverages,18051.02
312752.0,01,Food and non-alcoholic beverages,8982.952
312753.0,01,Food and non-alcoholic beverages,2058.697
312754.0,01,Food and non-alcoholic beverages,2866.23
312755.0,01,Food and non-alcoholic beverages,1649.266
312756.0,01,Food and non-alcoholic beverages,12073.9809
312757.0,01,Food and non-alcoholic beverages,12403.3765
312758.0,01,Food and non-alcoholic beverages,7289.264
312759.0,01,Food and non-alcoholic beverages,29106.798
312760.0,01,Food and non-alcoholic beverages,7308.234
312761.0,01,Food and non-alcoholic beverages,6589.57
312762.0,01,Food and non-alcoholic beverages,2822.215
312763.0,01,Food and non-alcoholic beverages,7609.526
312764.0,01,Food and non-alcoholic beverages,2375.67
312765.0,01,Food and non-alcoholic beverages,5522.972
312766.0,01,Food and non-alcoholic beverages,15941.588
312767.0,01,Food and non-alcoholic beverages,5910.376
312768.0,01,Food and non-alcoholic beverages,9072.75
312769.0,01,Food and non-alcoholic beverages,1397.942
312770.0,01,Food and non-alcoholic beverages,18214.638
312771.0,01,Food and non-alcoholic beverages,13058.502
312772.0,01,Food and non-alcoholic beverages,1914.278
312773.0,01,Food and non-alcoholic beverages,28102.88
312774.0,01,Food and non-alcoholic beverages,32010.52
312775.0,01,Food and non-alcoholic beverages,20359.169
312776.0,01,Food and non-alcoholic beverages,4000.0
312777.0,01,Food and non-alcoholic beverages,8702.24
312778.0,01,Food and non-alcoholic beverages,23703.14
312779.0,01,Food and non-alcoholic beverages,19412.33
312780.0,01,Food and non-alcoholic beverages,35900.0
312781.0,01,Food and non-alcoholic beverages,7942.808
312782.0,01,Food and non-alcoholic beverages,28249.283
312783.0,01,Food and non-alcoholic beverages,20307.538
312784.0,01,Food and non-alcoholic beverages,15522.271
312785.0,01,Food and non-alcoholic beverages,4517.742
312786.0,01,Food and non-alcoholic beverages,10103.895
312787.0,01,Food and non-alcoholic beverages,14351.25
312788.0,01,Food and non-alcoholic beverages,7418.37
312789.0,01,Food and non-alcoholic beverages,4056.95
312790.0,01,Food and non-alcoholic beverages,7009.08
312791.0,01,Food and non-alcoholic beverages,15206.04
312792.0,01,Food and non-alcoholic beverages,4720.332
312793.0,01,Food and non-alcoholic beverages,13977.45
312794.0,01,Food and non-alcoholic beverages,7758.4710000000005
312795.0,01,Food and non-alcoholic beverages,8738.478
312796.0,01,Food and non-alcoholic beverages,18741.293
312797.0,01,Food and non-alcoholic beverages,4819.069
312798.0,01,Food and non-alcoholic beverages,8820.748
312799.0,01,Food and non-alcoholic beverages,7802.33
312800.0,01,Food and non-alcoholic beverages,2870.195
312801.0,01,Food and non-alcoholic beverages,9102.762
312802.0,01,Food and non-alcoholic beverages,1830.5568
312803.0,01,Food and non-alcoholic beverages,4640.04
312804.0,01,Food and non-alcoholic beverages,7360.896
312805.0,01,Food and non-alcoholic beverages,4355.092
312806.0,01,Food and non-alcoholic beverages,3725.888
312807.0,01,Food and non-alcoholic beverages,432.073
312808.0,01,Food and non-alcoholic beverages,14164.627
312809.0,01,Food and non-alcoholic beverages,24009.335
312810.0,01,Food and non-alcoholic beverages,934.7
312811.0,01,Food and non-alcoholic beverages,3675.46
312812.0,01,Food and non-alcoholic beverages,14706.14
312813.0,01,Food and non-alcoholic beverages,13506.91
312814.0,01,Food and non-alcoholic beverages,13905.72
312815.0,01,Food and non-alcoholic beverages,1207.1100000000001
312816.0,01,Food and non-alcoholic beverages,9476.025
312817.0,01,Food and non-alcoholic beverages,6317.117
312818.0,01,Food and non-alcoholic beverages,6185.654
312819.0,01,Food and non-alcoholic beverages,7252.5
312820.0,01,Food and non-alcoholic beverages,9415.549
312821.0,01,Food and non-alcoholic beverages,25730.8287
312822.0,01,Food and non-alcoholic beverages,5252.35
312823.0,01,Food and non-alcoholic beverages,11869.523000000001
312824.0,01,Food and non-alcoholic beverages,8550.22
312825.0,01,Food and non-alcoholic beverages,1050.0
312826.0,01,Food and non-alcoholic beverages,4708.24
312827.0,01,Food and non-alcoholic beverages,5766.75
312828.0,01,Food and non-alcoholic beverages,32409.47
312829.0,01,Food and non-alcoholic beverages,7155.855
312830.0,01,Food and non-alcoholic beverages,25175.042
312831.0,01,Food and non-alcoholic beverages,10351.251
312832.0,01,Food and non-alcoholic beverages,50279.5
312833.0,01,Food and non-alcoholic beverages,7808.002
312834.0,01,Food and non-alcoholic beverages,8208.705
312835.0,01,Food and non-alcoholic beverages,8352.672
312836.0,01,Food and non-alcoholic beverages,5570.37
312837.0,01,Food and non-alcoholic beverages,7576.598
312838.0,01,Food and non-alcoholic beverages,7277.453
312839.0,01,Food and non-alcoholic beverages,5882.725
312840.0,01,Food and non-alcoholic beverages,23336.361
312841.0,01,Food and non-alcoholic beverages,2853.916
312842.0,01,Food and non-alcoholic beverages,3120.817
312843.0,01,Food and non-alcoholic beverages,2886.0
312844.0,01,Food and non-alcoholic beverages,10538.652
312845.0,01,Food and non-alcoholic beverages,18102.862
312846.0,01,Food and non-alcoholic beverages,85.06
312847.0,01,Food and non-alcoholic beverages,4305.304
312848.0,01,Food and non-alcoholic beverages,48.0
312849.0,01,Food and non-alcoholic beverages,15358.82
312850.0,01,Food and non-alcoholic beverages,4805.698
312851.0,01,Food and non-alcoholic beverages,13104.0
312852.0,01,Food and non-alcoholic beverages,4482.6337
312853.0,01,Food and non-alcoholic beverages,3866.563
312854.0,01,Food and non-alcoholic beverages,10537.46
312855.0,01,Food and non-alcoholic beverages,3840.334
312856.0,01,Food and non-alcoholic beverages,3421.655
312857.0,01,Food and non-alcoholic beverages,5412.73
312858.0,01,Food and non-alcoholic beverages,2305.1
312859.0,01,Food and non-alcoholic beverages,11059.41
312860.0,01,Food and non-alcoholic beverages,6350.0
312861.0,01,Food and non-alcoholic beverages,11951.0
312862.0,01,Food and non-alcoholic beverages,6662.1359999999995
312863.0,01,Food and non-alcoholic beverages,7596.9800000000005
312864.0,01,Food and non-alcoholic beverages,3313.264
312865.0,01,Food and non-alcoholic beverages,23.398
312866.0,01,Food and non-alcoholic beverages,9560.5
312867.0,01,Food and non-alcoholic beverages,31613.184
312868.0,01,Food and non-alcoholic beverages,12500.717
312869.0,01,Food and non-alcoholic beverages,7635.04
312870.0,01,Food and non-alcoholic beverages,18050.3
312871.0,01,Food and non-alcoholic beverages,12838.537
312872.0,01,Food and non-alcoholic beverages,8288.789
312873.0,01,Food and non-alcoholic beverages,14824.173
312874.0,01,Food and non-alcoholic beverages,2900.0031
312875.0,01,Food and non-alcoholic beverages,6571.624
312876.0,01,Food and non-alcoholic beverages,9038.514
312877.0,01,Food and non-alcoholic beverages,9415.365
312878.0,01,Food and non-alcoholic beverages,13724.503
312879.0,01,Food and non-alcoholic beverages,9351.851
312880.0,01,Food and non-alcoholic beverages,275.251
312881.0,01,Food and non-alcoholic beverages,43.230000000000004
312882.0,01,Food and non-alcoholic beverages,5215.876
312883.0,01,Food and non-alcoholic beverages,1956.274
312884.0,01,Food and non-alcoholic beverages,2613.5483
312885.0,01,Food and non-alcoholic beverages,5815.738
312886.0,01,Food and non-alcoholic beverages,6427.917
312887.0,01,Food and non-alcoholic beverages,10055.051
312888.0,01,Food and non-alcoholic beverages,4306.242
312889.0,01,Food and non-alcoholic beverages,16989.041
312890.0,01,Food and non-alcoholic beverages,6773.099
312891.0,01,Food and non-alcoholic beverages,11342.731
312892.0,01,Food and non-alcoholic beverages,9034.716
312893.0,01,Food and non-alcoholic beverages,4922.944
312894.0,01,Food and non-alcoholic beverages,12328.0715
312895.0,01,Food and non-alcoholic beverages,6835.6675
312896.0,01,Food and non-alcoholic beverages,5016.422
312897.0,01,Food and non-alcoholic beverages,6907.423
312898.0,01,Food and non-alcoholic beverages,5409.148
312899.0,01,Food and non-alcoholic beverages,11036.715
312900.0,01,Food and non-alcoholic beverages,5634.103
312901.0,01,Food and non-alcoholic beverages,17132.24
312902.0,01,Food and non-alcoholic beverages,11019.251
312903.0,01,Food and non-alcoholic beverages,18267.552
312904.0,01,Food and non-alcoholic beverages,129.056
312905.0,01,Food and non-alcoholic beverages,19503.65
312906.0,01,Food and non-alcoholic beverages,9752.51
312907.0,01,Food and non-alcoholic beverages,1907.618
312908.0,01,Food and non-alcoholic beverages,10982.0
312909.0,01,Food and non-alcoholic beverages,5655.63
312910.0,01,Food and non-alcoholic beverages,4398.253
312911.0,01,Food and non-alcoholic beverages,3314.4900000000002
312912.0,01,Food and non-alcoholic beverages,5652.34
312913.0,01,Food and non-alcoholic beverages,8554.31
312914.0,01,Food and non-alcoholic beverages,15377.17
312915.0,01,Food and non-alcoholic beverages,29650.0
312916.0,01,Food and non-alcoholic beverages,3150.255
312917.0,01,Food and non-alcoholic beverages,7558.876
312918.0,01,Food and non-alcoholic beverages,18750.901
312919.0,01,Food and non-alcoholic beverages,5050.011
312920.0,01,Food and non-alcoholic beverages,2472.14
312921.0,01,Food and non-alcoholic beverages,5563.651
312922.0,01,Food and non-alcoholic beverages,10200.062
312923.0,01,Food and non-alcoholic beverages,12150.2648
312924.0,01,Food and non-alcoholic beverages,7850.3
312925.0,01,Food and non-alcoholic beverages,31445.59
312926.0,01,Food and non-alcoholic beverages,3656.0699999999997
312927.0,01,Food and non-alcoholic beverages,5135.478
312928.0,01,Food and non-alcoholic beverages,12219.605
312929.0,01,Food and non-alcoholic beverages,13010.559
312930.0,01,Food and non-alcoholic beverages,1410.0
312931.0,01,Food and non-alcoholic beverages,4976.482
312932.0,01,Food and non-alcoholic beverages,7050.0289999999995
312933.0,01,Food and non-alcoholic beverages,2024.8020000000001
312934.0,01,Food and non-alcoholic beverages,8505.3
312935.0,01,Food and non-alcoholic beverages,9588.147
312936.0,01,Food and non-alcoholic beverages,7202.63
312937.0,01,Food and non-alcoholic beverages,18221.481
312938.0,01,Food and non-alcoholic beverages,2691.043
312939.0,01,Food and non-alcoholic beverages,1416.1734
312940.0,01,Food and non-alcoholic beverages,8953.637
312941.0,01,Food and non-alcoholic beverages,9011.0
312942.0,01,Food and non-alcoholic beverages,16613.002
312943.0,01,Food and non-alcoholic beverages,5032.483
312944.0,01,Food and non-alcoholic beverages,7833.873
312945.0,01,Food and non-alcoholic beverages,1511.6100000000001
312946.0,01,Food and non-alcoholic beverages,11112.0
312947.0,01,Food and non-alcoholic beverages,3068.958
312948.0,01,Food and non-alcoholic beverages,2566.303
312949.0,01,Food and non-alcoholic beverages,1882.618
312950.0,01,Food and non-alcoholic beverages,13353.853
312951.0,01,Food and non-alcoholic beverages,3664.2009
312952.0,01,Food and non-alcoholic beverages,2723.929
312953.0,01,Food and non-alcoholic beverages,27458.5
312954.0,01,Food and non-alcoholic beverages,3836.8940000000002
312955.0,01,Food and non-alcoholic beverages,5361.9400000000005
312956.0,01,Food and non-alcoholic beverages,3711.6
312957.0,01,Food and non-alcoholic beverages,14727.2081
312958.0,01,Food and non-alcoholic beverages,4484.0
312959.0,01,Food and non-alcoholic beverages,9662.328
312960.0,01,Food and non-alcoholic beverages,5632.1900000000005
312961.0,01,Food and non-alcoholic beverages,5112.84
312962.0,01,Food and non-alcoholic beverages,5609.9
312963.0,01,Food and non-alcoholic beverages,1556.974
312964.0,01,Food and non-alcoholic beverages,2071.6413000000002
312965.0,01,Food and non-alcoholic beverages,9203.72
312966.0,01,Food and non-alcoholic beverages,1267.1509999999998
312967.0,01,Food and non-alcoholic beverages,3401.5
312968.0,01,Food and non-alcoholic beverages,14139.697400000001
312969.0,01,Food and non-alcoholic beverages,12824.54
312970.0,01,Food and non-alcoholic beverages,15626.759
312971.0,01,Food and non-alcoholic beverages,14845.022
312972.0,01,Food and non-alcoholic beverages,10241.51
312973.0,01,Food and non-alcoholic beverages,11296.742
312974.0,01,Food and non-alcoholic beverages,12550.813
312975.0,01,Food and non-alcoholic beverages,27497.17
312976.0,01,Food and non-alcoholic beverages,5341.0005
312977.0,01,Food and non-alcoholic beverages,2421.35
312978.0,01,Food and non-alcoholic beverages,12754.702
312979.0,01,Food and non-alcoholic beverages,4262.768
312980.0,01,Food and non-alcoholic beverages,7578.6842
312981.0,01,Food and non-alcoholic beverages,23400.54
312982.0,01,Food and non-alcoholic beverages,3505.2
312983.0,01,Food and non-alcoholic beverages,5334.215
312984.0,01,Food and non-alcoholic beverages,7662.327
312985.0,01,Food and non-alcoholic beverages,9116.979
312986.0,01,Food and non-alcoholic beverages,10156.021
312987.0,01,Food and non-alcoholic beverages,13000.45
312988.0,01,Food and non-alcoholic beverages,9891.01
312989.0,01,Food and non-alcoholic beverages,25035.278
312990.0,01,Food and non-alcoholic beverages,14758.755
312991.0,01,Food and non-alcoholic beverages,15204.002
312992.0,01,Food and non-alcoholic beverages,17684.648
312993.0,01,Food and non-alcoholic beverages,1572.917
312994.0,01,Food and non-alcoholic beverages,4608.59
312995.0,01,Food and non-alcoholic beverages,2555.804
312996.0,01,Food and non-alcoholic beverages,8661.604
312997.0,01,Food and non-alcoholic beverages,15626.823
312998.0,01,Food and non-alcoholic beverages,1360.59
312999.0,01,Food and non-alcoholic beverages,9217.064
313000.0,01,Food and non-alcoholic beverages,13163.6693
313001.0,01,Food and non-alcoholic beverages,5136.325
313002.0,01,Food and non-alcoholic beverages,20226.0255
313003.0,01,Food and non-alcoholic beverages,9396.0
313004.0,01,Food and non-alcoholic beverages,10710.089
313005.0,01,Food and non-alcoholic beverages,7980.257
313006.0,01,Food and non-alcoholic beverages,3072.988
313007.0,01,Food and non-alcoholic beverages,6156.431
313008.0,01,Food and non-alcoholic beverages,11932.889
313009.0,01,Food and non-alcoholic beverages,6056.3
313010.0,01,Food and non-alcoholic beverages,9917.329
313011.0,01,Food and non-alcoholic beverages,6534.139
313012.0,01,Food and non-alcoholic beverages,2922.018
313013.0,01,Food and non-alcoholic beverages,5918.6
313014.0,01,Food and non-alcoholic beverages,5843.296
313015.0,01,Food and non-alcoholic beverages,4115.418
313016.0,01,Food and non-alcoholic beverages,6465.743
313017.0,01,Food and non-alcoholic beverages,14240.651
313018.0,01,Food and non-alcoholic beverages,2243.92
313019.0,01,Food and non-alcoholic beverages,7518.256
313020.0,01,Food and non-alcoholic beverages,4438.129
313021.0,01,Food and non-alcoholic beverages,12305.574
313022.0,01,Food and non-alcoholic beverages,5903.7519999999995
313023.0,01,Food and non-alcoholic beverages,51000.0
313024.0,01,Food and non-alcoholic beverages,23700.0
313025.0,01,Food and non-alcoholic beverages,13533.4
313026.0,01,Food and non-alcoholic beverages,6077.289
313027.0,01,Food and non-alcoholic beverages,6742.725
313028.0,01,Food and non-alcoholic beverages,114.911
313029.0,01,Food and non-alcoholic beverages,27158.664
313030.0,01,Food and non-alcoholic beverages,8723.185
313031.0,01,Food and non-alcoholic beverages,3601.437
313032.0,01,Food and non-alcoholic beverages,14.802
313033.0,01,Food and non-alcoholic beverages,1619.223
313034.0,01,Food and non-alcoholic beverages,4975.2390000000005
313035.0,01,Food and non-alcoholic beverages,3762.961
313036.0,01,Food and non-alcoholic beverages,7150.0
313037.0,01,Food and non-alcoholic beverages,11720.802
313038.0,01,Food and non-alcoholic beverages,2357.21
313039.0,01,Food and non-alcoholic beverages,1302.75
313040.0,01,Food and non-alcoholic beverages,6666.0
313041.0,01,Food and non-alcoholic beverages,6576.822
313042.0,01,Food and non-alcoholic beverages,17780.6
313043.0,01,Food and non-alcoholic beverages,9818.378
313044.0,01,Food and non-alcoholic beverages,10033.313
313045.0,01,Food and non-alcoholic beverages,10201.0
313046.0,01,Food and non-alcoholic beverages,27352.34
313047.0,01,Food and non-alcoholic beverages,7728.0
313048.0,01,Food and non-alcoholic beverages,1215.099
313049.0,01,Food and non-alcoholic beverages,5067.6
313050.0,01,Food and non-alcoholic beverages,7116.602
313051.0,01,Food and non-alcoholic beverages,1912.101
313052.0,01,Food and non-alcoholic beverages,5609.585
313053.0,01,Food and non-alcoholic beverages,35458.0729
313054.0,01,Food and non-alcoholic beverages,5955.0
313055.0,01,Food and non-alcoholic beverages,3531.061
313056.0,01,Food and non-alcoholic beverages,10258.002
313057.0,01,Food and non-alcoholic beverages,7097.8645
313058.0,01,Food and non-alcoholic beverages,659.96
313059.0,01,Food and non-alcoholic beverages,7500.501
313060.0,01,Food and non-alcoholic beverages,8251.801
313061.0,01,Food and non-alcoholic beverages,11667.841
313062.0,01,Food and non-alcoholic beverages,4458.639
313063.0,01,Food and non-alcoholic beverages,3758.5
313064.0,01,Food and non-alcoholic beverages,10979.573
313065.0,01,Food and non-alcoholic beverages,12091.396
313066.0,01,Food and non-alcoholic beverages,8624.77
313067.0,01,Food and non-alcoholic beverages,21979.5
313068.0,01,Food and non-alcoholic beverages,16610.15
313069.0,01,Food and non-alcoholic beverages,12787.2
313070.0,01,Food and non-alcoholic beverages,9604.11
313071.0,01,Food and non-alcoholic beverages,4210.46
313072.0,01,Food and non-alcoholic beverages,8403.01
313073.0,01,Food and non-alcoholic beverages,6169.135
313074.0,01,Food and non-alcoholic beverages,4876.675
313075.0,01,Food and non-alcoholic beverages,4305.0
313076.0,01,Food and non-alcoholic beverages,7719.26
313077.0,01,Food and non-alcoholic beverages,15609.753
313078.0,01,Food and non-alcoholic beverages,12803.752
313079.0,01,Food and non-alcoholic beverages,3456.62
313080.0,01,Food and non-alcoholic beverages,18317.652
313081.0,01,Food and non-alcoholic beverages,22506.575
313082.0,01,Food and non-alcoholic beverages,17205.875
313083.0,01,Food and non-alcoholic beverages,3901.908
313084.0,01,Food and non-alcoholic beverages,15504.24
313085.0,01,Food and non-alcoholic beverages,18752.5
313086.0,01,Food and non-alcoholic beverages,6342.05
313087.0,01,Food and non-alcoholic beverages,4953.501
313088.0,01,Food and non-alcoholic beverages,1909.242
313089.0,01,Food and non-alcoholic beverages,5816.53
313090.0,01,Food and non-alcoholic beverages,9040.97
313091.0,01,Food and non-alcoholic beverages,6058.5
313092.0,01,Food and non-alcoholic beverages,4958.002
313093.0,01,Food and non-alcoholic beverages,6603.201
313094.0,01,Food and non-alcoholic beverages,13962.7
313095.0,01,Food and non-alcoholic beverages,1513.97
313096.0,01,Food and non-alcoholic beverages,10612.421
313097.0,01,Food and non-alcoholic beverages,7265.3976
313098.0,01,Food and non-alcoholic beverages,7751.621
313099.0,01,Food and non-alcoholic beverages,6252.9
313100.0,01,Food and non-alcoholic beverages,33504.43
313101.0,01,Food and non-alcoholic beverages,20225.861
313102.0,01,Food and non-alcoholic beverages,10494.5466
313103.0,01,Food and non-alcoholic beverages,8651.3
313104.0,01,Food and non-alcoholic beverages,8862.562
313105.0,01,Food and non-alcoholic beverages,18163.44
313106.0,01,Food and non-alcoholic beverages,6919.015
313107.0,01,Food and non-alcoholic beverages,5657.0830000000005
313108.0,01,Food and non-alcoholic beverages,13731.3482
313109.0,01,Food and non-alcoholic beverages,40722.955
313110.0,01,Food and non-alcoholic beverages,12053.001
313111.0,01,Food and non-alcoholic beverages,19920.711
313112.0,01,Food and non-alcoholic beverages,18503.5
313113.0,01,Food and non-alcoholic beverages,8315.02
313114.0,01,Food and non-alcoholic beverages,10952.035
313115.0,01,Food and non-alcoholic beverages,9211.802
313116.0,01,Food and non-alcoholic beverages,5502.281
313117.0,01,Food and non-alcoholic beverages,14556.0
313118.0,01,Food and non-alcoholic beverages,15300.0
313119.0,01,Food and non-alcoholic beverages,14900.25
313120.0,01,Food and non-alcoholic beverages,5107.008
313121.0,01,Food and non-alcoholic beverages,12201.0
313122.0,01,Food and non-alcoholic beverages,38001.75
313123.0,01,Food and non-alcoholic beverages,10122.8
313124.0,01,Food and non-alcoholic beverages,10301.5623
313125.0,01,Food and non-alcoholic beverages,4250.5
313126.0,01,Food and non-alcoholic beverages,3914.193
313127.0,01,Food and non-alcoholic beverages,7802.0830000000005
313128.0,01,Food and non-alcoholic beverages,18.61
313129.0,01,Food and non-alcoholic beverages,23303.0
313130.0,01,Food and non-alcoholic beverages,6855.912
313131.0,01,Food and non-alcoholic beverages,15055.0
313132.0,01,Food and non-alcoholic beverages,6358.78
313133.0,01,Food and non-alcoholic beverages,2609.633
313134.0,01,Food and non-alcoholic beverages,29504.765
313135.0,01,Food and non-alcoholic beverages,2864.184
313136.0,01,Food and non-alcoholic beverages,16658.0
313137.0,01,Food and non-alcoholic beverages,3553.5
313138.0,01,Food and non-alcoholic beverages,18152.525
313139.0,01,Food and non-alcoholic beverages,11718.403
313140.0,01,Food and non-alcoholic beverages,13453.038
313141.0,01,Food and non-alcoholic beverages,13039.07
313142.0,01,Food and non-alcoholic beverages,6802.25
313143.0,01,Food and non-alcoholic beverages,5402.451
313144.0,01,Food and non-alcoholic beverages,3903.486
313145.0,01,Food and non-alcoholic beverages,14933.805
313146.0,01,Food and non-alcoholic beverages,421.05
313147.0,01,Food and non-alcoholic beverages,6517.55
313148.0,01,Food and non-alcoholic beverages,15552.771
313149.0,01,Food and non-alcoholic beverages,10965.044
313150.0,01,Food and non-alcoholic beverages,14908.758
313151.0,01,Food and non-alcoholic beverages,1271.079
313152.0,01,Food and non-alcoholic beverages,14301.853
313153.0,01,Food and non-alcoholic beverages,10527.51
313154.0,01,Food and non-alcoholic beverages,12401.46
313155.0,01,Food and non-alcoholic beverages,4258.575
313156.0,01,Food and non-alcoholic beverages,22923.42
313157.0,01,Food and non-alcoholic beverages,4237.906
313158.0,01,Food and non-alcoholic beverages,16478.0
313159.0,01,Food and non-alcoholic beverages,9568.5
313160.0,01,Food and non-alcoholic beverages,3303.05
313161.0,01,Food and non-alcoholic beverages,4858.862
313162.0,01,Food and non-alcoholic beverages,8077.77
313163.0,01,Food and non-alcoholic beverages,14.1
313164.0,01,Food and non-alcoholic beverages,9412.793
313165.0,01,Food and non-alcoholic beverages,8664.675
313166.0,01,Food and non-alcoholic beverages,2021.03
313167.0,01,Food and non-alcoholic beverages,3807.7206
313168.0,01,Food and non-alcoholic beverages,8700.326
313169.0,01,Food and non-alcoholic beverages,22650.75
313170.0,01,Food and non-alcoholic beverages,9665.0
313171.0,01,Food and non-alcoholic beverages,3557.504
313172.0,01,Food and non-alcoholic beverages,4436.4
313173.0,01,Food and non-alcoholic beverages,6306.603
313174.0,01,Food and non-alcoholic beverages,23205.8
313175.0,01,Food and non-alcoholic beverages,19100.32
313176.0,01,Food and non-alcoholic beverages,23550.0
313177.0,01,Food and non-alcoholic beverages,41325.64
313178.0,01,Food and non-alcoholic beverages,6602.75
313179.0,01,Food and non-alcoholic beverages,3650.6
313180.0,01,Food and non-alcoholic beverages,32723.651
313181.0,01,Food and non-alcoholic beverages,11101.4
313182.0,01,Food and non-alcoholic beverages,2204.1
313183.0,01,Food and non-alcoholic beverages,9718.4
313184.0,01,Food and non-alcoholic beverages,12503.566
313185.0,01,Food and non-alcoholic beverages,15800.0
313186.0,01,Food and non-alcoholic beverages,6503.96
313187.0,01,Food and non-alcoholic beverages,18807.55
313188.0,01,Food and non-alcoholic beverages,12607.445
313189.0,01,Food and non-alcoholic beverages,28050.428
313190.0,01,Food and non-alcoholic beverages,3200.0
313191.0,01,Food and non-alcoholic beverages,10702.3
313192.0,01,Food and non-alcoholic beverages,43856.55
313193.0,01,Food and non-alcoholic beverages,892.639
313194.0,01,Food and non-alcoholic beverages,10444.284
313195.0,01,Food and non-alcoholic beverages,10309.6
313196.0,01,Food and non-alcoholic beverages,8967.9668
313197.0,01,Food and non-alcoholic beverages,5760.904
313198.0,01,Food and non-alcoholic beverages,228.3
313199.0,01,Food and non-alcoholic beverages,5063.746
313200.0,01,Food and non-alcoholic beverages,8750.0
313201.0,01,Food and non-alcoholic beverages,11302.1
313202.0,01,Food and non-alcoholic beverages,49806.044
313203.0,01,Food and non-alcoholic beverages,25959.15
313204.0,01,Food and non-alcoholic beverages,23926.107
313205.0,01,Food and non-alcoholic beverages,23815.476
313206.0,01,Food and non-alcoholic beverages,2804.343
313207.0,01,Food and non-alcoholic beverages,12509.957
313208.0,01,Food and non-alcoholic beverages,17572.5
313209.0,01,Food and non-alcoholic beverages,13038.779
313210.0,01,Food and non-alcoholic beverages,13722.753
313211.0,01,Food and non-alcoholic beverages,26568.819000000003
313212.0,01,Food and non-alcoholic beverages,7901.965
313213.0,01,Food and non-alcoholic beverages,32729.303
313214.0,01,Food and non-alcoholic beverages,2309.019
313215.0,01,Food and non-alcoholic beverages,6662.871
313216.0,01,Food and non-alcoholic beverages,17308.759000000002
313217.0,01,Food and non-alcoholic beverages,2210.46
313218.0,01,Food and non-alcoholic beverages,8552.455
313219.0,01,Food and non-alcoholic beverages,22994.033
313220.0,01,Food and non-alcoholic beverages,2960.659
313221.0,01,Food and non-alcoholic beverages,11962.32
313222.0,01,Food and non-alcoholic beverages,19600.328
313223.0,01,Food and non-alcoholic beverages,5446.88
313224.0,01,Food and non-alcoholic beverages,4335.85
313225.0,01,Food and non-alcoholic beverages,14113.857
313226.0,01,Food and non-alcoholic beverages,7934.603
313227.0,01,Food and non-alcoholic beverages,7162.559
313228.0,01,Food and non-alcoholic beverages,14898.31
313229.0,01,Food and non-alcoholic beverages,26806.32
313230.0,01,Food and non-alcoholic beverages,15051.28
313231.0,01,Food and non-alcoholic beverages,8651.59
313232.0,01,Food and non-alcoholic beverages,9109.63
313233.0,01,Food and non-alcoholic beverages,4200.505
313234.0,01,Food and non-alcoholic beverages,12023.645
313235.0,01,Food and non-alcoholic beverages,69601.75
313236.0,01,Food and non-alcoholic beverages,1916.079
313237.0,01,Food and non-alcoholic beverages,3054.0
313238.0,01,Food and non-alcoholic beverages,12575.657
313239.0,01,Food and non-alcoholic beverages,14409.78
313240.0,01,Food and non-alcoholic beverages,18055.33
313241.0,01,Food and non-alcoholic beverages,13100.0
313242.0,01,Food and non-alcoholic beverages,24936.96
313243.0,01,Food and non-alcoholic beverages,11608.405
313244.0,01,Food and non-alcoholic beverages,4351.632
313245.0,01,Food and non-alcoholic beverages,8829.757
313246.0,01,Food and non-alcoholic beverages,12583.021
313247.0,01,Food and non-alcoholic beverages,2609.5
313248.0,01,Food and non-alcoholic beverages,7402.82
313249.0,01,Food and non-alcoholic beverages,4305.696
313250.0,01,Food and non-alcoholic beverages,5303.563
313251.0,01,Food and non-alcoholic beverages,10690.625
313252.0,01,Food and non-alcoholic beverages,6150.0
313253.0,01,Food and non-alcoholic beverages,12067.437
313254.0,01,Food and non-alcoholic beverages,25893.75
313255.0,01,Food and non-alcoholic beverages,14050.25
313256.0,01,Food and non-alcoholic beverages,4522.551
313257.0,01,Food and non-alcoholic beverages,6402.396
313258.0,01,Food and non-alcoholic beverages,5325.575
313259.0,01,Food and non-alcoholic beverages,6312.97
313260.0,01,Food and non-alcoholic beverages,3661.431
313261.0,01,Food and non-alcoholic beverages,13404.74
313262.0,01,Food and non-alcoholic beverages,10180.7
313263.0,01,Food and non-alcoholic beverages,13213.93
313265.0,01,Food and non-alcoholic beverages,14756.33
313266.0,01,Food and non-alcoholic beverages,5878.39
313267.0,01,Food and non-alcoholic beverages,6004.21
313268.0,01,Food and non-alcoholic beverages,1914.8700000000001
313269.0,01,Food and non-alcoholic beverages,9491.575
313270.0,01,Food and non-alcoholic beverages,12102.5
313271.0,01,Food and non-alcoholic beverages,7372.0
313272.0,01,Food and non-alcoholic beverages,7258.562
313273.0,01,Food and non-alcoholic beverages,18066.692
313274.0,01,Food and non-alcoholic beverages,15505.96
313275.0,01,Food and non-alcoholic beverages,27965.142
313276.0,01,Food and non-alcoholic beverages,13851.797
313277.0,01,Food and non-alcoholic beverages,8121.127
313278.0,01,Food and non-alcoholic beverages,21227.189
313279.0,01,Food and non-alcoholic beverages,3950.627
313280.0,01,Food and non-alcoholic beverages,8771.579
313281.0,01,Food and non-alcoholic beverages,3659.3
313282.0,01,Food and non-alcoholic beverages,1921.704
313283.0,01,Food and non-alcoholic beverages,17407.642
313284.0,01,Food and non-alcoholic beverages,8175.21
313285.0,01,Food and non-alcoholic beverages,18200.32
313286.0,01,Food and non-alcoholic beverages,1338.25
313287.0,01,Food and non-alcoholic beverages,13717.065
313288.0,01,Food and non-alcoholic beverages,6308.009
313289.0,01,Food and non-alcoholic beverages,4013.0
313290.0,01,Food and non-alcoholic beverages,13604.256
313291.0,01,Food and non-alcoholic beverages,8376.818000000001
313292.0,01,Food and non-alcoholic beverages,19204.96
313293.0,01,Food and non-alcoholic beverages,8456.519
313294.0,01,Food and non-alcoholic beverages,12456.827
313295.0,01,Food and non-alcoholic beverages,12514.952
313296.0,01,Food and non-alcoholic beverages,5721.855
313297.0,01,Food and non-alcoholic beverages,26202.009
313298.0,01,Food and non-alcoholic beverages,2846.053
313299.0,01,Food and non-alcoholic beverages,2404.052
313300.0,01,Food and non-alcoholic beverages,7574.825
313301.0,01,Food and non-alcoholic beverages,31262.21
313302.0,01,Food and non-alcoholic beverages,25350.32
313303.0,01,Food and non-alcoholic beverages,6551.725
313304.0,01,Food and non-alcoholic beverages,7256.462
313305.0,01,Food and non-alcoholic beverages,6919.842
313306.0,01,Food and non-alcoholic beverages,6072.2
313307.0,01,Food and non-alcoholic beverages,22901.676
313308.0,01,Food and non-alcoholic beverages,2001.675
313309.0,01,Food and non-alcoholic beverages,3808.43
313310.0,01,Food and non-alcoholic beverages,12603.3
313311.0,01,Food and non-alcoholic beverages,8731.583999999999
313312.0,01,Food and non-alcoholic beverages,5581.73
313313.0,01,Food and non-alcoholic beverages,3179.85
313314.0,01,Food and non-alcoholic beverages,2210.6040000000003
313315.0,01,Food and non-alcoholic beverages,4311.36
313316.0,01,Food and non-alcoholic beverages,6346.241
313317.0,01,Food and non-alcoholic beverages,4727.125
313318.0,01,Food and non-alcoholic beverages,6203.653
313319.0,01,Food and non-alcoholic beverages,9359.992
313320.0,01,Food and non-alcoholic beverages,35000.0
313321.0,01,Food and non-alcoholic beverages,60955.382
313322.0,01,Food and non-alcoholic beverages,40823.8
313323.0,01,Food and non-alcoholic beverages,9580.301
313324.0,01,Food and non-alcoholic beverages,10355.42
313325.0,01,Food and non-alcoholic beverages,4553.6
313326.0,01,Food and non-alcoholic beverages,29203.25
313327.0,01,Food and non-alcoholic beverages,4650.0
313328.0,01,Food and non-alcoholic beverages,8020.82
313329.0,01,Food and non-alcoholic beverages,20923.82
313330.0,01,Food and non-alcoholic beverages,10510.368
313331.0,01,Food and non-alcoholic beverages,9605.17
313332.0,01,Food and non-alcoholic beverages,26873.05
313333.0,01,Food and non-alcoholic beverages,5950.0
313334.0,01,Food and non-alcoholic beverages,3377.058
313335.0,01,Food and non-alcoholic beverages,21200.3
313336.0,01,Food and non-alcoholic beverages,4414.0566
313337.0,01,Food and non-alcoholic beverages,37555.365
313338.0,01,Food and non-alcoholic beverages,16014.152
313339.0,01,Food and non-alcoholic beverages,12354.32
313340.0,01,Food and non-alcoholic beverages,1156.148
313341.0,01,Food and non-alcoholic beverages,10091.5
313342.0,01,Food and non-alcoholic beverages,2549.207
313343.0,01,Food and non-alcoholic beverages,3657.2780000000002
313344.0,01,Food and non-alcoholic beverages,10546.859
313345.0,01,Food and non-alcoholic beverages,16527.14
313346.0,01,Food and non-alcoholic beverages,11154.5
313347.0,01,Food and non-alcoholic beverages,8003.525
313348.0,01,Food and non-alcoholic beverages,6704.56
313349.0,01,Food and non-alcoholic beverages,10459.305
313350.0,01,Food and non-alcoholic beverages,9580.214
313351.0,01,Food and non-alcoholic beverages,11469.96
313352.0,01,Food and non-alcoholic beverages,4160.333
313353.0,01,Food and non-alcoholic beverages,10865.05
313354.0,01,Food and non-alcoholic beverages,8155.32
313355.0,01,Food and non-alcoholic beverages,3064.32
313356.0,01,Food and non-alcoholic beverages,10800.0
313357.0,01,Food and non-alcoholic beverages,8559.35
313358.0,01,Food and non-alcoholic beverages,4405.802
313359.0,01,Food and non-alcoholic beverages,22414.36
313360.0,01,Food and non-alcoholic beverages,9503.237000000001
313361.0,01,Food and non-alcoholic beverages,28687.75
313362.0,01,Food and non-alcoholic beverages,19398.851
313363.0,01,Food and non-alcoholic beverages,9113.16
313364.0,01,Food and non-alcoholic beverages,6714.769
313365.0,01,Food and non-alcoholic beverages,3099.32
313366.0,01,Food and non-alcoholic beverages,6550.64
313367.0,01,Food and non-alcoholic beverages,1408.503
313368.0,01,Food and non-alcoholic beverages,18057.177
313369.0,01,Food and non-alcoholic beverages,2175.17
313370.0,01,Food and non-alcoholic beverages,5974.946
313371.0,01,Food and non-alcoholic beverages,10348.763
313372.0,01,Food and non-alcoholic beverages,14139.294
313373.0,01,Food and non-alcoholic beverages,7650.64
313374.0,01,Food and non-alcoholic beverages,607.4804
313375.0,01,Food and non-alcoholic beverages,11173.9
313376.0,01,Food and non-alcoholic beverages,16900.4
313377.0,01,Food and non-alcoholic beverages,18555.513
313378.0,01,Food and non-alcoholic beverages,35413.02
313379.0,01,Food and non-alcoholic beverages,7208.514
313380.0,01,Food and non-alcoholic beverages,7418.9
313381.0,01,Food and non-alcoholic beverages,2210.82
313382.0,01,Food and non-alcoholic beverages,2372.2129999999997
313383.0,01,Food and non-alcoholic beverages,15915.637999999999
313384.0,01,Food and non-alcoholic beverages,1818.43
313385.0,01,Food and non-alcoholic beverages,14161.0
313386.0,01,Food and non-alcoholic beverages,1177.052
313387.0,01,Food and non-alcoholic beverages,5166.913
313388.0,01,Food and non-alcoholic beverages,1879.292
313389.0,01,Food and non-alcoholic beverages,46002.82
313390.0,01,Food and non-alcoholic beverages,3400.646
313391.0,01,Food and non-alcoholic beverages,2714.701
313392.0,01,Food and non-alcoholic beverages,10053.822
313393.0,01,Food and non-alcoholic beverages,5172.52
313394.0,01,Food and non-alcoholic beverages,325.352
313395.0,01,Food and non-alcoholic beverages,7557.6
313396.0,01,Food and non-alcoholic beverages,9662.208999999999
313397.0,01,Food and non-alcoholic beverages,7071.35
313398.0,01,Food and non-alcoholic beverages,518.0715
313399.0,01,Food and non-alcoholic beverages,2441.502
313400.0,01,Food and non-alcoholic beverages,8824.003
313401.0,01,Food and non-alcoholic beverages,7724.0
313402.0,01,Food and non-alcoholic beverages,6635.733
313403.0,01,Food and non-alcoholic beverages,5369.573
313404.0,01,Food and non-alcoholic beverages,3960.223
313405.0,01,Food and non-alcoholic beverages,12300.6
313406.0,01,Food and non-alcoholic beverages,3962.201
313407.0,01,Food and non-alcoholic beverages,14168.75
313408.0,01,Food and non-alcoholic beverages,18062.1
313409.0,01,Food and non-alcoholic beverages,7205.57
313410.0,01,Food and non-alcoholic beverages,9366.65
313411.0,01,Food and non-alcoholic beverages,13714.996
313412.0,01,Food and non-alcoholic beverages,4020.507
313413.0,01,Food and non-alcoholic beverages,4362.927
313414.0,01,Food and non-alcoholic beverages,2525.45
313415.0,01,Food and non-alcoholic beverages,817.1220000000001
313416.0,01,Food and non-alcoholic beverages,1805.755
313417.0,01,Food and non-alcoholic beverages,1450.0
313418.0,01,Food and non-alcoholic beverages,6150.0
313419.0,01,Food and non-alcoholic beverages,10703.0
313420.0,01,Food and non-alcoholic beverages,35158.0
313421.0,01,Food and non-alcoholic beverages,35750.0
313422.0,01,Food and non-alcoholic beverages,3843.5
313423.0,01,Food and non-alcoholic beverages,1023.345
313424.0,01,Food and non-alcoholic beverages,5909.58
313425.0,01,Food and non-alcoholic beverages,12504.015
313426.0,01,Food and non-alcoholic beverages,5015.97
313427.0,01,Food and non-alcoholic beverages,26.0
313428.0,01,Food and non-alcoholic beverages,15944.258
313429.0,01,Food and non-alcoholic beverages,7963.754
313430.0,01,Food and non-alcoholic beverages,2658.985
313431.0,01,Food and non-alcoholic beverages,1011.465
313432.0,01,Food and non-alcoholic beverages,7853.351
313433.0,01,Food and non-alcoholic beverages,1105.75
313434.0,01,Food and non-alcoholic beverages,8720.187
313435.0,01,Food and non-alcoholic beverages,8857.0
313436.0,01,Food and non-alcoholic beverages,8207.0
313437.0,01,Food and non-alcoholic beverages,6100.32
313438.0,01,Food and non-alcoholic beverages,5844.86
313439.0,01,Food and non-alcoholic beverages,4001.761
313440.0,01,Food and non-alcoholic beverages,6001.436
313441.0,01,Food and non-alcoholic beverages,22691.0
313442.0,01,Food and non-alcoholic beverages,4908.52
313443.0,01,Food and non-alcoholic beverages,9289.05
313444.0,01,Food and non-alcoholic beverages,18172.56
313445.0,01,Food and non-alcoholic beverages,4157.884
313446.0,01,Food and non-alcoholic beverages,3665.125
313447.0,01,Food and non-alcoholic beverages,41582.0
313448.0,01,Food and non-alcoholic beverages,4405.886
313449.0,01,Food and non-alcoholic beverages,16961.764
313450.0,01,Food and non-alcoholic beverages,8667.4
313451.0,01,Food and non-alcoholic beverages,2458.876
313452.0,01,Food and non-alcoholic beverages,1300.0
313453.0,01,Food and non-alcoholic beverages,2553.05
313454.0,01,Food and non-alcoholic beverages,4415.5
313455.0,01,Food and non-alcoholic beverages,37579.5
313456.0,01,Food and non-alcoholic beverages,1922.0
313457.0,01,Food and non-alcoholic beverages,6362.955
313458.0,01,Food and non-alcoholic beverages,9559.0
313459.0,01,Food and non-alcoholic beverages,1061.75
313460.0,01,Food and non-alcoholic beverages,3350.45
313461.0,01,Food and non-alcoholic beverages,549.8
313462.0,01,Food and non-alcoholic beverages,20731.0
313463.0,01,Food and non-alcoholic beverages,3535.25
313464.0,01,Food and non-alcoholic beverages,22900.0
313465.0,01,Food and non-alcoholic beverages,1354.703
313466.0,01,Food and non-alcoholic beverages,4643.5
313467.0,01,Food and non-alcoholic beverages,3218.369
313468.0,01,Food and non-alcoholic beverages,21316.38
313469.0,01,Food and non-alcoholic beverages,17103.296
313470.0,01,Food and non-alcoholic beverages,2582.836
313471.0,01,Food and non-alcoholic beverages,57717.25
313472.0,01,Food and non-alcoholic beverages,15000.0
313473.0,01,Food and non-alcoholic beverages,14104.1
313474.0,01,Food and non-alcoholic beverages,4494.2
313475.0,01,Food and non-alcoholic beverages,4372.64
313476.0,01,Food and non-alcoholic beverages,5527.008
313477.0,01,Food and non-alcoholic beverages,23302.301
313478.0,01,Food and non-alcoholic beverages,12176.025
313479.0,01,Food and non-alcoholic beverages,15422.35
313480.0,01,Food and non-alcoholic beverages,10001.0
313481.0,01,Food and non-alcoholic beverages,10900.0
313482.0,01,Food and non-alcoholic beverages,11158.0
313483.0,01,Food and non-alcoholic beverages,28650.1
313484.0,01,Food and non-alcoholic beverages,510.04200000000003
313485.0,01,Food and non-alcoholic beverages,13237.258
313486.0,01,Food and non-alcoholic beverages,8796.7
313487.0,01,Food and non-alcoholic beverages,635.9
313488.0,01,Food and non-alcoholic beverages,10960.29
313489.0,01,Food and non-alcoholic beverages,8800.0
313490.0,01,Food and non-alcoholic beverages,6881.404
313491.0,01,Food and non-alcoholic beverages,11980.983
313492.0,01,Food and non-alcoholic beverages,5835.66
313493.0,01,Food and non-alcoholic beverages,13557.775
313494.0,01,Food and non-alcoholic beverages,5558.82
313495.0,01,Food and non-alcoholic beverages,2950.0
313496.0,01,Food and non-alcoholic beverages,7976.981
313497.0,01,Food and non-alcoholic beverages,8403.16
313498.0,01,Food and non-alcoholic beverages,4367.485
313499.0,01,Food and non-alcoholic beverages,8263.95
313500.0,01,Food and non-alcoholic beverages,27715.16
313501.0,01,Food and non-alcoholic beverages,9276.9
313502.0,01,Food and non-alcoholic beverages,8517.908
313503.0,01,Food and non-alcoholic beverages,7000.0
313504.0,01,Food and non-alcoholic beverages,6117.925
313505.0,01,Food and non-alcoholic beverages,7366.465
313506.0,01,Food and non-alcoholic beverages,6196.65
313507.0,01,Food and non-alcoholic beverages,7300.0
313508.0,01,Food and non-alcoholic beverages,8712.5
313509.0,01,Food and non-alcoholic beverages,34.0
313510.0,01,Food and non-alcoholic beverages,841.018
313511.0,01,Food and non-alcoholic beverages,3572.337
313512.0,01,Food and non-alcoholic beverages,1855.076
313513.0,01,Food and non-alcoholic beverages,4908.0
313514.0,01,Food and non-alcoholic beverages,17802.55
313515.0,01,Food and non-alcoholic beverages,10514.75
313516.0,01,Food and non-alcoholic beverages,1975.389
313517.0,01,Food and non-alcoholic beverages,7900.0
313518.0,01,Food and non-alcoholic beverages,10700.0
313519.0,01,Food and non-alcoholic beverages,11950.0
313520.0,01,Food and non-alcoholic beverages,18.5
313521.0,01,Food and non-alcoholic beverages,10517.65
313522.0,01,Food and non-alcoholic beverages,3720.9010000000003
313523.0,01,Food and non-alcoholic beverages,8808.0
313524.0,01,Food and non-alcoholic beverages,17566.0
313525.0,01,Food and non-alcoholic beverages,1149.0
313526.0,01,Food and non-alcoholic beverages,3953.0
313527.0,01,Food and non-alcoholic beverages,233.0
313528.0,01,Food and non-alcoholic beverages,7307.361
313529.0,01,Food and non-alcoholic beverages,7950.05
313530.0,01,Food and non-alcoholic beverages,21690.74
313531.0,01,Food and non-alcoholic beverages,4529.55
313532.0,01,Food and non-alcoholic beverages,1894.45
313533.0,01,Food and non-alcoholic beverages,3614.899
313534.0,01,Food and non-alcoholic beverages,6000.0
313535.0,01,Food and non-alcoholic beverages,6.0
313536.0,01,Food and non-alcoholic beverages,3050.0
313537.0,01,Food and non-alcoholic beverages,9201.7
313538.0,01,Food and non-alcoholic beverages,21005.464
313539.0,01,Food and non-alcoholic beverages,21050.09
313540.0,01,Food and non-alcoholic beverages,34700.0
313541.0,01,Food and non-alcoholic beverages,3433.75
313542.0,01,Food and non-alcoholic beverages,18150.0
313543.0,01,Food and non-alcoholic beverages,3927.95
313544.0,01,Food and non-alcoholic beverages,33301.7
313545.0,01,Food and non-alcoholic beverages,4409.766
313546.0,01,Food and non-alcoholic beverages,18688.3
313547.0,01,Food and non-alcoholic beverages,404.5
313548.0,01,Food and non-alcoholic beverages,7813.6
313549.0,01,Food and non-alcoholic beverages,19631.775
313550.0,01,Food and non-alcoholic beverages,87097.5
313551.0,01,Food and non-alcoholic beverages,7504.75
313552.0,01,Food and non-alcoholic beverages,107.0
313553.0,01,Food and non-alcoholic beverages,112.0
313554.0,01,Food and non-alcoholic beverages,3408.003
313555.0,01,Food and non-alcoholic beverages,9027.376
313556.0,01,Food and non-alcoholic beverages,1362.0
313557.0,01,Food and non-alcoholic beverages,11125.35
313558.0,01,Food and non-alcoholic beverages,4017.0
313559.0,01,Food and non-alcoholic beverages,6854.0
313560.0,01,Food and non-alcoholic beverages,5452.362
313561.0,01,Food and non-alcoholic beverages,7757.0
313562.0,01,Food and non-alcoholic beverages,5154.18
313563.0,01,Food and non-alcoholic beverages,16970.834
313564.0,01,Food and non-alcoholic beverages,10753.304
313565.0,01,Food and non-alcoholic beverages,1203.35
313566.0,01,Food and non-alcoholic beverages,18380.102
313567.0,01,Food and non-alcoholic beverages,6201.33
313568.0,01,Food and non-alcoholic beverages,6380.603
313569.0,01,Food and non-alcoholic beverages,7351.25
313570.0,01,Food and non-alcoholic beverages,9320.0
313571.0,01,Food and non-alcoholic beverages,2973.239
313572.0,01,Food and non-alcoholic beverages,9268.61
313573.0,01,Food and non-alcoholic beverages,17850.5
313574.0,01,Food and non-alcoholic beverages,2503.083
313575.0,01,Food and non-alcoholic beverages,1088.872
313576.0,01,Food and non-alcoholic beverages,7857.416
313577.0,01,Food and non-alcoholic beverages,9012.45
313578.0,01,Food and non-alcoholic beverages,18963.85
313579.0,01,Food and non-alcoholic beverages,19251.0
313580.0,01,Food and non-alcoholic beverages,4600.0
313581.0,01,Food and non-alcoholic beverages,18303.0
313582.0,01,Food and non-alcoholic beverages,6015.3
313583.0,01,Food and non-alcoholic beverages,11408.0
313584.0,01,Food and non-alcoholic beverages,18823.55
313585.0,01,Food and non-alcoholic beverages,4151.0
313586.0,01,Food and non-alcoholic beverages,7230.0
313587.0,01,Food and non-alcoholic beverages,3100.0
313588.0,01,Food and non-alcoholic beverages,5905.229
313589.0,01,Food and non-alcoholic beverages,5255.2300000000005
313590.0,01,Food and non-alcoholic beverages,6658.1539999999995
313591.0,01,Food and non-alcoholic beverages,5250.3
313592.0,01,Food and non-alcoholic beverages,4052.0
313593.0,01,Food and non-alcoholic beverages,2721.205
313594.0,01,Food and non-alcoholic beverages,809.0
313595.0,01,Food and non-alcoholic beverages,4950.64
313596.0,01,Food and non-alcoholic beverages,2900.0
313597.0,01,Food and non-alcoholic beverages,30605.0
313598.0,01,Food and non-alcoholic beverages,3456.543
313599.0,01,Food and non-alcoholic beverages,27345.631999999998
313600.0,01,Food and non-alcoholic beverages,20953.313000000002
313601.0,01,Food and non-alcoholic beverages,13064.937
313602.0,01,Food and non-alcoholic beverages,6555.86
313603.0,01,Food and non-alcoholic beverages,6842.987
313604.0,01,Food and non-alcoholic beverages,8424.498
313605.0,01,Food and non-alcoholic beverages,44262.875
313606.0,01,Food and non-alcoholic beverages,15354.9
313607.0,01,Food and non-alcoholic beverages,8002.9929999999995
313608.0,01,Food and non-alcoholic beverages,8143.06
313609.0,01,Food and non-alcoholic beverages,21661.75
313610.0,01,Food and non-alcoholic beverages,3222.57
313611.0,01,Food and non-alcoholic beverages,7165.49
313612.0,01,Food and non-alcoholic beverages,20823.89
313613.0,01,Food and non-alcoholic beverages,1200.75
313614.0,01,Food and non-alcoholic beverages,22014.75
313615.0,01,Food and non-alcoholic beverages,13607.0
313616.0,01,Food and non-alcoholic beverages,25508.375
313617.0,01,Food and non-alcoholic beverages,6411.837
313618.0,01,Food and non-alcoholic beverages,8101.0
313619.0,01,Food and non-alcoholic beverages,9489.776
313620.0,01,Food and non-alcoholic beverages,9000.0
313621.0,01,Food and non-alcoholic beverages,4249.821
313622.0,01,Food and non-alcoholic beverages,5606.565
313623.0,01,Food and non-alcoholic beverages,6080.023
313624.0,01,Food and non-alcoholic beverages,4123.375
313625.0,01,Food and non-alcoholic beverages,13366.51
313626.0,01,Food and non-alcoholic beverages,9062.01
313627.0,01,Food and non-alcoholic beverages,15674.943
313628.0,01,Food and non-alcoholic beverages,6980.063
313629.0,01,Food and non-alcoholic beverages,4457.65
313630.0,01,Food and non-alcoholic beverages,8955.586
313631.0,01,Food and non-alcoholic beverages,21858.701
313632.0,01,Food and non-alcoholic beverages,1459.5
313633.0,01,Food and non-alcoholic beverages,9575.0
313634.0,01,Food and non-alcoholic beverages,12201.25
313635.0,01,Food and non-alcoholic beverages,13101.02
313636.0,01,Food and non-alcoholic beverages,14507.0
313637.0,01,Food and non-alcoholic beverages,16717.25
313638.0,01,Food and non-alcoholic beverages,14451.08
313639.0,01,Food and non-alcoholic beverages,6976.796
313640.0,01,Food and non-alcoholic beverages,4611.501
313641.0,01,Food and non-alcoholic beverages,17350.625
313642.0,01,Food and non-alcoholic beverages,17107.5
313643.0,01,Food and non-alcoholic beverages,2318.884
313644.0,01,Food and non-alcoholic beverages,8743.252
313645.0,01,Food and non-alcoholic beverages,18114.415
313646.0,01,Food and non-alcoholic beverages,10217.655
313647.0,01,Food and non-alcoholic beverages,23014.304
313648.0,01,Food and non-alcoholic beverages,5769.65
313649.0,01,Food and non-alcoholic beverages,5070.88
313650.0,01,Food and non-alcoholic beverages,1555.363
313651.0,01,Food and non-alcoholic beverages,22414.25
313652.0,01,Food and non-alcoholic beverages,27006.41
313653.0,01,Food and non-alcoholic beverages,27720.772
313654.0,01,Food and non-alcoholic beverages,5853.3
313655.0,01,Food and non-alcoholic beverages,15350.3
313656.0,01,Food and non-alcoholic beverages,9702.801
313657.0,01,Food and non-alcoholic beverages,7636.5779999999995
313658.0,01,Food and non-alcoholic beverages,10583.0
313659.0,01,Food and non-alcoholic beverages,18122.0
313660.0,01,Food and non-alcoholic beverages,14265.25
313661.0,01,Food and non-alcoholic beverages,100.0
313662.0,01,Food and non-alcoholic beverages,33401.0
313663.0,01,Food and non-alcoholic beverages,33724.251000000004
313664.0,01,Food and non-alcoholic beverages,15213.539
313665.0,01,Food and non-alcoholic beverages,1757.3400000000001
313666.0,01,Food and non-alcoholic beverages,31500.0
313667.0,01,Food and non-alcoholic beverages,9875.75
313668.0,01,Food and non-alcoholic beverages,14007.455
313669.0,01,Food and non-alcoholic beverages,8651.203
313670.0,01,Food and non-alcoholic beverages,20619.5
313671.0,01,Food and non-alcoholic beverages,5087.505
313672.0,01,Food and non-alcoholic beverages,25674.751
313673.0,01,Food and non-alcoholic beverages,26765.251
313674.0,01,Food and non-alcoholic beverages,10029.002
313675.0,01,Food and non-alcoholic beverages,5350.0
313676.0,01,Food and non-alcoholic beverages,7863.5
313677.0,01,Food and non-alcoholic beverages,24851.0
313678.0,01,Food and non-alcoholic beverages,4430.875
313679.0,01,Food and non-alcoholic beverages,6758.5
313680.0,01,Food and non-alcoholic beverages,11008.25
313681.0,01,Food and non-alcoholic beverages,814.316
313682.0,01,Food and non-alcoholic beverages,15468.752
313683.0,01,Food and non-alcoholic beverages,6613.75
313684.0,01,Food and non-alcoholic beverages,4257.73
313685.0,01,Food and non-alcoholic beverages,6611.5
313686.0,01,Food and non-alcoholic beverages,827.0
313687.0,01,Food and non-alcoholic beverages,5743.675
313688.0,01,Food and non-alcoholic beverages,11167.75
313689.0,01,Food and non-alcoholic beverages,9334.0
313690.0,01,Food and non-alcoholic beverages,27172.509
313691.0,01,Food and non-alcoholic beverages,17016.0
313692.0,01,Food and non-alcoholic beverages,16660.751
313693.0,01,Food and non-alcoholic beverages,2720.55
313694.0,01,Food and non-alcoholic beverages,25229.3
313695.0,01,Food and non-alcoholic beverages,8534.765
313696.0,01,Food and non-alcoholic beverages,15579.1
313697.0,01,Food and non-alcoholic beverages,10061.673999999999
313698.0,01,Food and non-alcoholic beverages,22027.425
313699.0,01,Food and non-alcoholic beverages,14710.5
313700.0,01,Food and non-alcoholic beverages,5943.026
313701.0,01,Food and non-alcoholic beverages,30402.002
313702.0,01,Food and non-alcoholic beverages,11913.509
313703.0,01,Food and non-alcoholic beverages,9710.125
313704.0,01,Food and non-alcoholic beverages,7340.1
313705.0,01,Food and non-alcoholic beverages,462.375
313706.0,01,Food and non-alcoholic beverages,7222.022
313707.0,01,Food and non-alcoholic beverages,1321.0
313708.0,01,Food and non-alcoholic beverages,7854.5
313709.0,01,Food and non-alcoholic beverages,16674.001
313710.0,01,Food and non-alcoholic beverages,2936.553
313711.0,01,Food and non-alcoholic beverages,4903.86
313712.0,01,Food and non-alcoholic beverages,8312.475
313713.0,01,Food and non-alcoholic beverages,5918.15
313714.0,01,Food and non-alcoholic beverages,873.772
313715.0,01,Food and non-alcoholic beverages,9352.022
313716.0,01,Food and non-alcoholic beverages,3138.875
313717.0,01,Food and non-alcoholic beverages,2253.625
313718.0,01,Food and non-alcoholic beverages,1972.6779999999999
313719.0,01,Food and non-alcoholic beverages,20630.5
313720.0,01,Food and non-alcoholic beverages,1202.5
313721.0,01,Food and non-alcoholic beverages,7712.83
313722.0,01,Food and non-alcoholic beverages,4904.9
313723.0,01,Food and non-alcoholic beverages,8105.0
313724.0,01,Food and non-alcoholic beverages,9094.39
313725.0,01,Food and non-alcoholic beverages,13805.0
313726.0,01,Food and non-alcoholic beverages,24716.253
313727.0,01,Food and non-alcoholic beverages,5825.8
313728.0,01,Food and non-alcoholic beverages,22626.57
313729.0,01,Food and non-alcoholic beverages,5024.13
313730.0,01,Food and non-alcoholic beverages,9819.1
313731.0,01,Food and non-alcoholic beverages,11476.67
313732.0,01,Food and non-alcoholic beverages,13718.018
313733.0,01,Food and non-alcoholic beverages,5822.0
313734.0,01,Food and non-alcoholic beverages,3516.1
313735.0,01,Food and non-alcoholic beverages,6004.408
313736.0,01,Food and non-alcoholic beverages,4960.023
313737.0,01,Food and non-alcoholic beverages,5587.38
313738.0,01,Food and non-alcoholic beverages,5632.883
313739.0,01,Food and non-alcoholic beverages,6151.85
313740.0,01,Food and non-alcoholic beverages,19544.9
313741.0,01,Food and non-alcoholic beverages,2742.013
313742.0,01,Food and non-alcoholic beverages,14066.691
313743.0,01,Food and non-alcoholic beverages,14032.52
313744.0,01,Food and non-alcoholic beverages,1668.892
313745.0,01,Food and non-alcoholic beverages,282.263
313746.0,01,Food and non-alcoholic beverages,14515.363
313747.0,01,Food and non-alcoholic beverages,12730.2
313748.0,01,Food and non-alcoholic beverages,12100.5
313749.0,01,Food and non-alcoholic beverages,10862.9
313750.0,01,Food and non-alcoholic beverages,18105.0
313751.0,01,Food and non-alcoholic beverages,3966.332
313752.0,01,Food and non-alcoholic beverages,6860.871
313753.0,01,Food and non-alcoholic beverages,6960.751
313754.0,01,Food and non-alcoholic beverages,6332.125
313755.0,01,Food and non-alcoholic beverages,23493.187
313756.0,01,Food and non-alcoholic beverages,2759.79
313757.0,01,Food and non-alcoholic beverages,4733.182
313758.0,01,Food and non-alcoholic beverages,4324.2699999999995
313759.0,01,Food and non-alcoholic beverages,137.95
313760.0,01,Food and non-alcoholic beverages,2824.268
313761.0,01,Food and non-alcoholic beverages,170.81300000000002
313762.0,01,Food and non-alcoholic beverages,12963.399
313763.0,01,Food and non-alcoholic beverages,8978.753
313764.0,01,Food and non-alcoholic beverages,6782.506
313765.0,01,Food and non-alcoholic beverages,9519.880000000001
313766.0,01,Food and non-alcoholic beverages,25450.004
313767.0,01,Food and non-alcoholic beverages,8466.548
313768.0,01,Food and non-alcoholic beverages,674.55
313769.0,01,Food and non-alcoholic beverages,1386.1100000000001
313770.0,01,Food and non-alcoholic beverages,2572.716
313771.0,01,Food and non-alcoholic beverages,21.625
313772.0,01,Food and non-alcoholic beverages,19649.224000000002
313773.0,01,Food and non-alcoholic beverages,5594.78
313774.0,01,Food and non-alcoholic beverages,12224.607
313775.0,01,Food and non-alcoholic beverages,12937.033
313776.0,01,Food and non-alcoholic beverages,7616.474
313777.0,01,Food and non-alcoholic beverages,3107.9
313778.0,01,Food and non-alcoholic beverages,20387.420000000002
313779.0,01,Food and non-alcoholic beverages,4110.8
313780.0,01,Food and non-alcoholic beverages,4952.75
313781.0,01,Food and non-alcoholic beverages,12655.25
313782.0,01,Food and non-alcoholic beverages,7506.503
313783.0,01,Food and non-alcoholic beverages,4824.25
313784.0,01,Food and non-alcoholic beverages,1116.4933
313785.0,01,Food and non-alcoholic beverages,6420.639
313786.0,01,Food and non-alcoholic beverages,13769.5
313787.0,01,Food and non-alcoholic beverages,14308.25
313788.0,01,Food and non-alcoholic beverages,7306.862999999999
313789.0,01,Food and non-alcoholic beverages,8606.857
313790.0,01,Food and non-alcoholic beverages,14232.954
313791.0,01,Food and non-alcoholic beverages,27704.235
313792.0,01,Food and non-alcoholic beverages,3566.673
313793.0,01,Food and non-alcoholic beverages,30902.5
313794.0,01,Food and non-alcoholic beverages,16807.5
313795.0,01,Food and non-alcoholic beverages,9675.901
313796.0,01,Food and non-alcoholic beverages,8252.501
313797.0,01,Food and non-alcoholic beverages,7452.8
313798.0,01,Food and non-alcoholic beverages,16677.778
313799.0,01,Food and non-alcoholic beverages,9730.87
313800.0,01,Food and non-alcoholic beverages,16304.838
313801.0,01,Food and non-alcoholic beverages,3391.876
313802.0,01,Food and non-alcoholic beverages,2480.368
313803.0,01,Food and non-alcoholic beverages,13323.75
313804.0,01,Food and non-alcoholic beverages,2214.328
313805.0,01,Food and non-alcoholic beverages,6128.259
313806.0,01,Food and non-alcoholic beverages,13952.42
313807.0,01,Food and non-alcoholic beverages,14654.975
313808.0,01,Food and non-alcoholic beverages,10211.751
313809.0,01,Food and non-alcoholic beverages,3875.6
313810.0,01,Food and non-alcoholic beverages,7600.659
313811.0,01,Food and non-alcoholic beverages,6707.01
313812.0,01,Food and non-alcoholic beverages,2464.821
313813.0,01,Food and non-alcoholic beverages,12055.5
313814.0,01,Food and non-alcoholic beverages,3605.759
313815.0,01,Food and non-alcoholic beverages,7471.775
313816.0,01,Food and non-alcoholic beverages,4423.6
313817.0,01,Food and non-alcoholic beverages,8530.564
313818.0,01,Food and non-alcoholic beverages,15609.7831
313819.0,01,Food and non-alcoholic beverages,5746.73
313820.0,01,Food and non-alcoholic beverages,2743.328
313821.0,01,Food and non-alcoholic beverages,13014.712
313822.0,01,Food and non-alcoholic beverages,4066.844
313823.0,01,Food and non-alcoholic beverages,33319.32
313824.0,01,Food and non-alcoholic beverages,9181.292
313825.0,01,Food and non-alcoholic beverages,18207.053
313826.0,01,Food and non-alcoholic beverages,13792.704
313827.0,01,Food and non-alcoholic beverages,5564.41
313828.0,01,Food and non-alcoholic beverages,13031.153
313829.0,01,Food and non-alcoholic beverages,2564.9
313830.0,01,Food and non-alcoholic beverages,11456.01
313831.0,01,Food and non-alcoholic beverages,3744.437
313832.0,01,Food and non-alcoholic beverages,2281.446
313833.0,01,Food and non-alcoholic beverages,6362.8910000000005
313834.0,01,Food and non-alcoholic beverages,4830.0
313835.0,01,Food and non-alcoholic beverages,1515.057
313836.0,01,Food and non-alcoholic beverages,8700.408
313837.0,01,Food and non-alcoholic beverages,6001.258
313838.0,01,Food and non-alcoholic beverages,6025.16
313839.0,01,Food and non-alcoholic beverages,5024.549
313840.0,01,Food and non-alcoholic beverages,7561.0
313841.0,01,Food and non-alcoholic beverages,8607.702
313842.0,01,Food and non-alcoholic beverages,5558.251
313843.0,01,Food and non-alcoholic beverages,13950.0
313844.0,01,Food and non-alcoholic beverages,9300.816
313845.0,01,Food and non-alcoholic beverages,3302.001
313846.0,01,Food and non-alcoholic beverages,2531.967
313847.0,01,Food and non-alcoholic beverages,942.069
313848.0,01,Food and non-alcoholic beverages,16500.0
313849.0,01,Food and non-alcoholic beverages,16162.106
313850.0,01,Food and non-alcoholic beverages,26478.025
313851.0,01,Food and non-alcoholic beverages,14452.2
313852.0,01,Food and non-alcoholic beverages,30316.5
313853.0,01,Food and non-alcoholic beverages,16553.62
313854.0,01,Food and non-alcoholic beverages,22453.53
313855.0,01,Food and non-alcoholic beverages,7332.311
313856.0,01,Food and non-alcoholic beverages,8100.855
313857.0,01,Food and non-alcoholic beverages,26550.264
313858.0,01,Food and non-alcoholic beverages,1022.092
313859.0,01,Food and non-alcoholic beverages,16754.715
313860.0,01,Food and non-alcoholic beverages,1279.86
313861.0,01,Food and non-alcoholic beverages,4108.2245
313862.0,01,Food and non-alcoholic beverages,1460.984
313863.0,01,Food and non-alcoholic beverages,8219.125
313864.0,01,Food and non-alcoholic beverages,2313.832
313865.0,01,Food and non-alcoholic beverages,3832.137
313866.0,01,Food and non-alcoholic beverages,7236.12
313867.0,01,Food and non-alcoholic beverages,3536.7960000000003
313868.0,01,Food and non-alcoholic beverages,13227.048999999999
313869.0,01,Food and non-alcoholic beverages,12581.5
313870.0,01,Food and non-alcoholic beverages,10201.0
313871.0,01,Food and non-alcoholic beverages,24308.0
313872.0,01,Food and non-alcoholic beverages,12820.44
313873.0,01,Food and non-alcoholic beverages,3112.3
313874.0,01,Food and non-alcoholic beverages,12265.4
313875.0,01,Food and non-alcoholic beverages,9855.5
313876.0,01,Food and non-alcoholic beverages,7273.241
313877.0,01,Food and non-alcoholic beverages,17005.0
313878.0,01,Food and non-alcoholic beverages,8022.602
313879.0,01,Food and non-alcoholic beverages,5925.251
313880.0,01,Food and non-alcoholic beverages,9848.892
313881.0,01,Food and non-alcoholic beverages,4608.772
313882.0,01,Food and non-alcoholic beverages,318.063
313884.0,01,Food and non-alcoholic beverages,11007.880000000001
313885.0,01,Food and non-alcoholic beverages,25384.892
313886.0,01,Food and non-alcoholic beverages,11562.096
313887.0,01,Food and non-alcoholic beverages,6119.042
313888.0,01,Food and non-alcoholic beverages,3803.751
313889.0,01,Food and non-alcoholic beverages,4764.704
313890.0,01,Food and non-alcoholic beverages,3236.513
313891.0,01,Food and non-alcoholic beverages,11623.2
313892.0,01,Food and non-alcoholic beverages,10055.586
313893.0,01,Food and non-alcoholic beverages,2313.6133
313894.0,01,Food and non-alcoholic beverages,5805.1
313895.0,01,Food and non-alcoholic beverages,2401.0
313896.0,01,Food and non-alcoholic beverages,12500.95
313897.0,01,Food and non-alcoholic beverages,5958.886
313898.0,01,Food and non-alcoholic beverages,12313.282
313899.0,01,Food and non-alcoholic beverages,24101.253
313900.0,01,Food and non-alcoholic beverages,8561.3
313901.0,01,Food and non-alcoholic beverages,13316.601
313902.0,01,Food and non-alcoholic beverages,759.8
313903.0,01,Food and non-alcoholic beverages,7507.126
313904.0,01,Food and non-alcoholic beverages,27003.0
313905.0,01,Food and non-alcoholic beverages,4868.249
313906.0,01,Food and non-alcoholic beverages,988.344
313907.0,01,Food and non-alcoholic beverages,13264.851
313908.0,01,Food and non-alcoholic beverages,18250.9
313909.0,01,Food and non-alcoholic beverages,13423.314
313910.0,01,Food and non-alcoholic beverages,4120.675
313911.0,01,Food and non-alcoholic beverages,447.65
313912.0,01,Food and non-alcoholic beverages,8612.89
313913.0,01,Food and non-alcoholic beverages,19092.502
313914.0,01,Food and non-alcoholic beverages,3555.5
313915.0,01,Food and non-alcoholic beverages,6169.179
313916.0,01,Food and non-alcoholic beverages,4728.002
313917.0,01,Food and non-alcoholic beverages,10707.0
313918.0,01,Food and non-alcoholic beverages,912.736
313919.0,01,Food and non-alcoholic beverages,12000.796
313920.0,01,Food and non-alcoholic beverages,9112.407
313921.0,01,Food and non-alcoholic beverages,4837.406
313922.0,01,Food and non-alcoholic beverages,17527.115
313923.0,01,Food and non-alcoholic beverages,10843.504
313924.0,01,Food and non-alcoholic beverages,6257.213
313925.0,01,Food and non-alcoholic beverages,3826.061
313926.0,01,Food and non-alcoholic beverages,6492.5
313927.0,01,Food and non-alcoholic beverages,6527.611
313928.0,01,Food and non-alcoholic beverages,6950.0
313929.0,01,Food and non-alcoholic beverages,17346.503
313930.0,01,Food and non-alcoholic beverages,11303.3
313931.0,01,Food and non-alcoholic beverages,3751.033
313932.0,01,Food and non-alcoholic beverages,16812.228
313933.0,01,Food and non-alcoholic beverages,27375.0
313934.0,01,Food and non-alcoholic beverages,5360.526
313935.0,01,Food and non-alcoholic beverages,30159.809999999998
313936.0,01,Food and non-alcoholic beverages,7810.354
313937.0,01,Food and non-alcoholic beverages,11744.468
313938.0,01,Food and non-alcoholic beverages,8916.004
313939.0,01,Food and non-alcoholic beverages,4315.254
313940.0,01,Food and non-alcoholic beverages,9732.65
313941.0,01,Food and non-alcoholic beverages,3207.0
313942.0,01,Food and non-alcoholic beverages,24460.878
313943.0,01,Food and non-alcoholic beverages,4209.6
313944.0,01,Food and non-alcoholic beverages,7956.584
313945.0,01,Food and non-alcoholic beverages,5905.393
313946.0,01,Food and non-alcoholic beverages,7160.42
313947.0,01,Food and non-alcoholic beverages,9162.55
313948.0,01,Food and non-alcoholic beverages,6971.515
313949.0,01,Food and non-alcoholic beverages,4340.964
313950.0,01,Food and non-alcoholic beverages,3028.757
313951.0,01,Food and non-alcoholic beverages,8405.488000000001
313952.0,01,Food and non-alcoholic beverages,41052.144
313953.0,01,Food and non-alcoholic beverages,6022.889999999999
313954.0,01,Food and non-alcoholic beverages,6506.68
313955.0,01,Food and non-alcoholic beverages,4567.9
313956.0,01,Food and non-alcoholic beverages,8210.211
313957.0,01,Food and non-alcoholic beverages,1452.526
313958.0,01,Food and non-alcoholic beverages,7837.41
313959.0,01,Food and non-alcoholic beverages,9559.0
313960.0,01,Food and non-alcoholic beverages,53710.5
313961.0,01,Food and non-alcoholic beverages,6270.6
313962.0,01,Food and non-alcoholic beverages,4327.138
313963.0,01,Food and non-alcoholic beverages,21802.8
313964.0,01,Food and non-alcoholic beverages,6082.52
313965.0,01,Food and non-alcoholic beverages,19728.9
313966.0,01,Food and non-alcoholic beverages,10470.110999999999
313967.0,01,Food and non-alcoholic beverages,32848.214
313968.0,01,Food and non-alcoholic beverages,3728.729
313969.0,01,Food and non-alcoholic beverages,40353.0
313970.0,01,Food and non-alcoholic beverages,7212.046
313971.0,01,Food and non-alcoholic beverages,13037.684
313972.0,01,Food and non-alcoholic beverages,22057.8
313973.0,01,Food and non-alcoholic beverages,10941.6425
313974.0,01,Food and non-alcoholic beverages,20000.027
313975.0,01,Food and non-alcoholic beverages,5701.306
313976.0,01,Food and non-alcoholic beverages,28284.134000000002
313977.0,01,Food and non-alcoholic beverages,3614.8415
313978.0,01,Food and non-alcoholic beverages,17803.751
313979.0,01,Food and non-alcoholic beverages,19203.218
313980.0,01,Food and non-alcoholic beverages,6909.6
313981.0,01,Food and non-alcoholic beverages,1202.1
313982.0,01,Food and non-alcoholic beverages,29806.474
313983.0,01,Food and non-alcoholic beverages,25907.75
313984.0,01,Food and non-alcoholic beverages,4762.252
313985.0,01,Food and non-alcoholic beverages,27473.536
313986.0,01,Food and non-alcoholic beverages,6358.0
313987.0,01,Food and non-alcoholic beverages,6351.864
313988.0,01,Food and non-alcoholic beverages,3553.041
313989.0,01,Food and non-alcoholic beverages,27664.95
313990.0,01,Food and non-alcoholic beverages,3517.801
313991.0,01,Food and non-alcoholic beverages,4537.102
313992.0,01,Food and non-alcoholic beverages,1513.023
313993.0,01,Food and non-alcoholic beverages,4756.779
313994.0,01,Food and non-alcoholic beverages,8208.042
313995.0,01,Food and non-alcoholic beverages,8013.76
313996.0,01,Food and non-alcoholic beverages,22363.625
313997.0,01,Food and non-alcoholic beverages,8507.0
313998.0,01,Food and non-alcoholic beverages,18766.41
313999.0,01,Food and non-alcoholic beverages,8700.236
314000.0,01,Food and non-alcoholic beverages,11859.339
314001.0,01,Food and non-alcoholic beverages,8004.689
314002.0,01,Food and non-alcoholic beverages,6284.164
314003.0,01,Food and non-alcoholic beverages,11804.0
314004.0,01,Food and non-alcoholic beverages,11315.825
314005.0,01,Food and non-alcoholic beverages,15350.008
314006.0,01,Food and non-alcoholic beverages,8060.895
314007.0,01,Food and non-alcoholic beverages,5702.6990000000005
314008.0,01,Food and non-alcoholic beverages,11572.15
314009.0,01,Food and non-alcoholic beverages,12416.2
314010.0,01,Food and non-alcoholic beverages,10435.002
314011.0,01,Food and non-alcoholic beverages,10382.54
314012.0,01,Food and non-alcoholic beverages,4346.823
314013.0,01,Food and non-alcoholic beverages,8103.842000000001
314014.0,01,Food and non-alcoholic beverages,15218.426
314015.0,01,Food and non-alcoholic beverages,31993.6
314016.0,01,Food and non-alcoholic beverages,37300.75
314017.0,01,Food and non-alcoholic beverages,7501.144
314018.0,01,Food and non-alcoholic beverages,28050.5
314019.0,01,Food and non-alcoholic beverages,11650.0
314020.0,01,Food and non-alcoholic beverages,5718.65
314021.0,01,Food and non-alcoholic beverages,7482.13
314022.0,01,Food and non-alcoholic beverages,3820.631
314023.0,01,Food and non-alcoholic beverages,6964.5
314024.0,01,Food and non-alcoholic beverages,6451.7
314025.0,01,Food and non-alcoholic beverages,11767.375
314026.0,01,Food and non-alcoholic beverages,5425.801
314027.0,01,Food and non-alcoholic beverages,10805.39
314028.0,01,Food and non-alcoholic beverages,11203.8
314029.0,01,Food and non-alcoholic beverages,11416.308
314030.0,01,Food and non-alcoholic beverages,1000.0
314031.0,01,Food and non-alcoholic beverages,14611.1
314032.0,01,Food and non-alcoholic beverages,15019.465
314033.0,01,Food and non-alcoholic beverages,25450.5
314034.0,01,Food and non-alcoholic beverages,21203.125
314035.0,01,Food and non-alcoholic beverages,19800.0
314036.0,01,Food and non-alcoholic beverages,36300.0
314037.0,01,Food and non-alcoholic beverages,20408.78
314038.0,01,Food and non-alcoholic beverages,5810.0
314039.0,01,Food and non-alcoholic beverages,15275.55
314040.0,01,Food and non-alcoholic beverages,1273.8110000000001
314041.0,01,Food and non-alcoholic beverages,15368.254
314042.0,01,Food and non-alcoholic beverages,12808.201
314043.0,01,Food and non-alcoholic beverages,6392.4800000000005
314044.0,01,Food and non-alcoholic beverages,12299.48
314045.0,01,Food and non-alcoholic beverages,3001.256
314046.0,01,Food and non-alcoholic beverages,3303.0
314047.0,01,Food and non-alcoholic beverages,7313.548
314048.0,01,Food and non-alcoholic beverages,3516.342
314049.0,01,Food and non-alcoholic beverages,4300.0
314050.0,01,Food and non-alcoholic beverages,19300.0
314051.0,01,Food and non-alcoholic beverages,1862.638
314052.0,01,Food and non-alcoholic beverages,9506.3
314053.0,01,Food and non-alcoholic beverages,10753.5
314054.0,01,Food and non-alcoholic beverages,7912.0
314055.0,01,Food and non-alcoholic beverages,1836.6100000000001
314056.0,01,Food and non-alcoholic beverages,10700.752
314057.0,01,Food and non-alcoholic beverages,3261.723
314058.0,01,Food and non-alcoholic beverages,3957.8
314059.0,01,Food and non-alcoholic beverages,10672.9
314060.0,01,Food and non-alcoholic beverages,2911.4
314061.0,01,Food and non-alcoholic beverages,11200.5
314062.0,01,Food and non-alcoholic beverages,12650.0
314063.0,01,Food and non-alcoholic beverages,12724.89
314064.0,01,Food and non-alcoholic beverages,7738.360000000001
314065.0,01,Food and non-alcoholic beverages,5200.551
314066.0,01,Food and non-alcoholic beverages,7852.94
314067.0,01,Food and non-alcoholic beverages,7514.294
314068.0,01,Food and non-alcoholic beverages,8408.9
314069.0,01,Food and non-alcoholic beverages,7353.546
314070.0,01,Food and non-alcoholic beverages,1806.199
314071.0,01,Food and non-alcoholic beverages,13914.363
314072.0,01,Food and non-alcoholic beverages,14440.38
314073.0,01,Food and non-alcoholic beverages,6304.6
314074.0,01,Food and non-alcoholic beverages,69058.5
314075.0,01,Food and non-alcoholic beverages,36716.132
314076.0,01,Food and non-alcoholic beverages,5302.25
314077.0,01,Food and non-alcoholic beverages,20205.57
314078.0,01,Food and non-alcoholic beverages,5433.299
314079.0,01,Food and non-alcoholic beverages,7836.448
314080.0,01,Food and non-alcoholic beverages,9721.051
314081.0,01,Food and non-alcoholic beverages,7559.046
314082.0,01,Food and non-alcoholic beverages,11500.0
314083.0,01,Food and non-alcoholic beverages,17209.914
314084.0,01,Food and non-alcoholic beverages,4607.058
314085.0,01,Food and non-alcoholic beverages,6823.977
314086.0,01,Food and non-alcoholic beverages,4862.0333
314087.0,01,Food and non-alcoholic beverages,3301.5
314088.0,01,Food and non-alcoholic beverages,15460.535
314089.0,01,Food and non-alcoholic beverages,8462.1
314090.0,01,Food and non-alcoholic beverages,10353.6
314091.0,01,Food and non-alcoholic beverages,18266.95
314092.0,01,Food and non-alcoholic beverages,22019.3535
314093.0,01,Food and non-alcoholic beverages,1906.6000000000001
314094.0,01,Food and non-alcoholic beverages,5550.2
314095.0,01,Food and non-alcoholic beverages,7652.802
314096.0,01,Food and non-alcoholic beverages,10675.431
314097.0,01,Food and non-alcoholic beverages,3152.155
314098.0,01,Food and non-alcoholic beverages,7564.75
314099.0,01,Food and non-alcoholic beverages,16454.9
314100.0,01,Food and non-alcoholic beverages,25600.0
314101.0,01,Food and non-alcoholic beverages,14952.466
314102.0,01,Food and non-alcoholic beverages,8100.858
314103.0,01,Food and non-alcoholic beverages,2929.656
314104.0,01,Food and non-alcoholic beverages,2124.215
314105.0,01,Food and non-alcoholic beverages,4011.865
314106.0,01,Food and non-alcoholic beverages,8705.8
314107.0,01,Food and non-alcoholic beverages,423.38
314108.0,01,Food and non-alcoholic beverages,1720.227
314109.0,01,Food and non-alcoholic beverages,13808.3
314110.0,01,Food and non-alcoholic beverages,11578.195
314111.0,01,Food and non-alcoholic beverages,4104.2
314112.0,01,Food and non-alcoholic beverages,9007.625
314113.0,01,Food and non-alcoholic beverages,20303.415
314114.0,01,Food and non-alcoholic beverages,4109.037
314115.0,01,Food and non-alcoholic beverages,5131.6
314116.0,01,Food and non-alcoholic beverages,14051.112
314117.0,01,Food and non-alcoholic beverages,1705.2
314118.0,01,Food and non-alcoholic beverages,9502.854
314119.0,01,Food and non-alcoholic beverages,33350.0
314120.0,01,Food and non-alcoholic beverages,7900.525
314121.0,01,Food and non-alcoholic beverages,8856.45
314122.0,01,Food and non-alcoholic beverages,35050.0
314123.0,01,Food and non-alcoholic beverages,4205.5
314124.0,01,Food and non-alcoholic beverages,4600.0
314125.0,01,Food and non-alcoholic beverages,25650.0
314126.0,01,Food and non-alcoholic beverages,6923.157
314127.0,01,Food and non-alcoholic beverages,3764.198
314128.0,01,Food and non-alcoholic beverages,8299.17
314129.0,01,Food and non-alcoholic beverages,12957.89
314130.0,01,Food and non-alcoholic beverages,9552.14
314131.0,01,Food and non-alcoholic beverages,11383.966
314132.0,01,Food and non-alcoholic beverages,6353.9
314133.0,01,Food and non-alcoholic beverages,4957.385
314134.0,01,Food and non-alcoholic beverages,1614.969
314135.0,01,Food and non-alcoholic beverages,8653.85
314136.0,01,Food and non-alcoholic beverages,37378.046
314137.0,01,Food and non-alcoholic beverages,5954.23
314138.0,01,Food and non-alcoholic beverages,9155.252
314139.0,01,Food and non-alcoholic beverages,8275.125
314140.0,01,Food and non-alcoholic beverages,1769.563
314141.0,01,Food and non-alcoholic beverages,5903.854
314142.0,01,Food and non-alcoholic beverages,5026.428
314143.0,01,Food and non-alcoholic beverages,9828.11
314144.0,01,Food and non-alcoholic beverages,17707.4
314145.0,01,Food and non-alcoholic beverages,16475.9
314146.0,01,Food and non-alcoholic beverages,6413.1449999999995
314147.0,01,Food and non-alcoholic beverages,9982.77
314148.0,01,Food and non-alcoholic beverages,9713.011
314149.0,01,Food and non-alcoholic beverages,3171.6369999999997
314150.0,01,Food and non-alcoholic beverages,20254.25
314151.0,01,Food and non-alcoholic beverages,10877.339
314152.0,01,Food and non-alcoholic beverages,41937.9
314153.0,01,Food and non-alcoholic beverages,2092.516
314154.0,01,Food and non-alcoholic beverages,9107.61
314155.0,01,Food and non-alcoholic beverages,17722.235
314156.0,01,Food and non-alcoholic beverages,16508.8
314157.0,01,Food and non-alcoholic beverages,7458.076
314158.0,01,Food and non-alcoholic beverages,3553.884
314159.0,01,Food and non-alcoholic beverages,11737.651
314160.0,01,Food and non-alcoholic beverages,10941.811
314161.0,01,Food and non-alcoholic beverages,5238.798
314162.0,01,Food and non-alcoholic beverages,15905.01
314163.0,01,Food and non-alcoholic beverages,8068.900000000001
314164.0,01,Food and non-alcoholic beverages,3189.987
314165.0,01,Food and non-alcoholic beverages,11733.842
314166.0,01,Food and non-alcoholic beverages,7242.81
314167.0,01,Food and non-alcoholic beverages,8213.345
314168.0,01,Food and non-alcoholic beverages,24790.75
314169.0,01,Food and non-alcoholic beverages,2814.3849999999998
314170.0,01,Food and non-alcoholic beverages,5822.7
314171.0,01,Food and non-alcoholic beverages,15581.01
314172.0,01,Food and non-alcoholic beverages,2028.08
314173.0,01,Food and non-alcoholic beverages,9300.125
314174.0,01,Food and non-alcoholic beverages,11852.503
314175.0,01,Food and non-alcoholic beverages,12001.25
314176.0,01,Food and non-alcoholic beverages,35300.0
314177.0,01,Food and non-alcoholic beverages,13732.65
314178.0,01,Food and non-alcoholic beverages,8964.302
314179.0,01,Food and non-alcoholic beverages,11850.0
314180.0,01,Food and non-alcoholic beverages,25600.0
314181.0,01,Food and non-alcoholic beverages,27466.149
314182.0,01,Food and non-alcoholic beverages,40717.125
314183.0,01,Food and non-alcoholic beverages,2513.75
314184.0,01,Food and non-alcoholic beverages,10660.264
314185.0,01,Food and non-alcoholic beverages,17984.389
314186.0,01,Food and non-alcoholic beverages,21362.288
314187.0,01,Food and non-alcoholic beverages,18520.8
314188.0,01,Food and non-alcoholic beverages,16751.702
314189.0,01,Food and non-alcoholic beverages,7208.65
314190.0,01,Food and non-alcoholic beverages,12917.045
314191.0,01,Food and non-alcoholic beverages,23009.0
314192.0,01,Food and non-alcoholic beverages,2577.546
314193.0,01,Food and non-alcoholic beverages,14902.0
314194.0,01,Food and non-alcoholic beverages,8403.328
314195.0,01,Food and non-alcoholic beverages,1716.856
314196.0,01,Food and non-alcoholic beverages,5930.251
314197.0,01,Food and non-alcoholic beverages,4767.004
314198.0,01,Food and non-alcoholic beverages,7773.005
314199.0,01,Food and non-alcoholic beverages,19404.7
314200.0,01,Food and non-alcoholic beverages,4892.884
314201.0,01,Food and non-alcoholic beverages,971.986
314202.0,01,Food and non-alcoholic beverages,7262.436
314203.0,01,Food and non-alcoholic beverages,1704.97
314204.0,01,Food and non-alcoholic beverages,18853.36
314205.0,01,Food and non-alcoholic beverages,4864.813
314206.0,01,Food and non-alcoholic beverages,2359.85
314207.0,01,Food and non-alcoholic beverages,4660.628
314208.0,01,Food and non-alcoholic beverages,12174.15
314209.0,01,Food and non-alcoholic beverages,10150.5
314210.0,01,Food and non-alcoholic beverages,9152.001
314211.0,01,Food and non-alcoholic beverages,1767.081
314212.0,01,Food and non-alcoholic beverages,4052.0
314213.0,01,Food and non-alcoholic beverages,8516.01
314214.0,01,Food and non-alcoholic beverages,22167.368
314215.0,01,Food and non-alcoholic beverages,6413.026
314216.0,01,Food and non-alcoholic beverages,11670.4
314217.0,01,Food and non-alcoholic beverages,14904.0
314218.0,01,Food and non-alcoholic beverages,9509.52
314219.0,01,Food and non-alcoholic beverages,14783.135
314220.0,01,Food and non-alcoholic beverages,15868.5
314221.0,01,Food and non-alcoholic beverages,10756.167
314222.0,01,Food and non-alcoholic beverages,6113.98
314223.0,01,Food and non-alcoholic beverages,19707.0
314224.0,01,Food and non-alcoholic beverages,60601.8
314225.0,01,Food and non-alcoholic beverages,14102.411
314226.0,01,Food and non-alcoholic beverages,2953.68
314227.0,01,Food and non-alcoholic beverages,17678.35
314228.0,01,Food and non-alcoholic beverages,3524.93
314229.0,01,Food and non-alcoholic beverages,828.135
314230.0,01,Food and non-alcoholic beverages,10210.542
314231.0,01,Food and non-alcoholic beverages,6789.94
314232.0,01,Food and non-alcoholic beverages,1469.417
314233.0,01,Food and non-alcoholic beverages,6617.06
314234.0,01,Food and non-alcoholic beverages,3266.15
314235.0,01,Food and non-alcoholic beverages,3427.912
314236.0,01,Food and non-alcoholic beverages,18302.084
314237.0,01,Food and non-alcoholic beverages,6652.61
314238.0,01,Food and non-alcoholic beverages,10906.15
314239.0,01,Food and non-alcoholic beverages,10152.65
314240.0,01,Food and non-alcoholic beverages,9522.503
314241.0,01,Food and non-alcoholic beverages,4113.55
314242.0,01,Food and non-alcoholic beverages,1323.3999999999999
314243.0,01,Food and non-alcoholic beverages,6674.599999999999
314244.0,01,Food and non-alcoholic beverages,14661.106
314245.0,01,Food and non-alcoholic beverages,2477.014
314246.0,01,Food and non-alcoholic beverages,11404.725
314247.0,01,Food and non-alcoholic beverages,5899.376
314248.0,01,Food and non-alcoholic beverages,13356.118
314249.0,01,Food and non-alcoholic beverages,5612.566
314250.0,01,Food and non-alcoholic beverages,17063.6
314251.0,01,Food and non-alcoholic beverages,5180.1
314252.0,01,Food and non-alcoholic beverages,7139.854
314253.0,01,Food and non-alcoholic beverages,3108.079
314254.0,01,Food and non-alcoholic beverages,2418.845
314255.0,01,Food and non-alcoholic beverages,643.216
314256.0,01,Food and non-alcoholic beverages,12510.25
314257.0,01,Food and non-alcoholic beverages,7443.25
314258.0,01,Food and non-alcoholic beverages,6351.391
314259.0,01,Food and non-alcoholic beverages,3972.7650000000003
314260.0,01,Food and non-alcoholic beverages,2853.65
314261.0,01,Food and non-alcoholic beverages,4927.251
314262.0,01,Food and non-alcoholic beverages,5514.7
314263.0,01,Food and non-alcoholic beverages,3031.02
314264.0,01,Food and non-alcoholic beverages,11916.402
314265.0,01,Food and non-alcoholic beverages,5346.625
314266.0,01,Food and non-alcoholic beverages,11864.15
314267.0,01,Food and non-alcoholic beverages,22819.159
314268.0,01,Food and non-alcoholic beverages,3167.273
314269.0,01,Food and non-alcoholic beverages,5625.38
314270.0,01,Food and non-alcoholic beverages,1631.652
314271.0,01,Food and non-alcoholic beverages,2124.614
314272.0,01,Food and non-alcoholic beverages,524.125
314273.0,01,Food and non-alcoholic beverages,6828.57
314274.0,01,Food and non-alcoholic beverages,13665.511
314275.0,01,Food and non-alcoholic beverages,11052.393
314276.0,01,Food and non-alcoholic beverages,1562.696
314277.0,01,Food and non-alcoholic beverages,2117.064
314278.0,01,Food and non-alcoholic beverages,6213.0
314279.0,01,Food and non-alcoholic beverages,3208.7
314280.0,01,Food and non-alcoholic beverages,608.4
314281.0,01,Food and non-alcoholic beverages,7621.914
314282.0,01,Food and non-alcoholic beverages,5730.87
314283.0,01,Food and non-alcoholic beverages,12104.6
314284.0,01,Food and non-alcoholic beverages,14.252
314285.0,01,Food and non-alcoholic beverages,1028.854
314286.0,01,Food and non-alcoholic beverages,7010.207
314287.0,01,Food and non-alcoholic beverages,25525.75
314288.0,01,Food and non-alcoholic beverages,10862.107
314289.0,01,Food and non-alcoholic beverages,3424.875
314290.0,01,Food and non-alcoholic beverages,17851.25
314291.0,01,Food and non-alcoholic beverages,6923.53
314292.0,01,Food and non-alcoholic beverages,5571.351
314293.0,01,Food and non-alcoholic beverages,21350.0
314294.0,01,Food and non-alcoholic beverages,6229.75
314295.0,01,Food and non-alcoholic beverages,14670.672
314296.0,01,Food and non-alcoholic beverages,9809.207
314297.0,01,Food and non-alcoholic beverages,5381.81
314298.0,01,Food and non-alcoholic beverages,3739.206
314299.0,01,Food and non-alcoholic beverages,8941.0
314300.0,01,Food and non-alcoholic beverages,4030.14
314301.0,01,Food and non-alcoholic beverages,6697.777
314302.0,01,Food and non-alcoholic beverages,33.052
314303.0,01,Food and non-alcoholic beverages,19259.564
314304.0,01,Food and non-alcoholic beverages,2903.9
314305.0,01,Food and non-alcoholic beverages,20163.835
314306.0,01,Food and non-alcoholic beverages,113.778
314307.0,01,Food and non-alcoholic beverages,3578.0
314308.0,01,Food and non-alcoholic beverages,4935.908
314309.0,01,Food and non-alcoholic beverages,1669.75
314310.0,01,Food and non-alcoholic beverages,4420.126
314311.0,01,Food and non-alcoholic beverages,3357.98
314312.0,01,Food and non-alcoholic beverages,4071.895
314313.0,01,Food and non-alcoholic beverages,10142.35
314314.0,01,Food and non-alcoholic beverages,25376.768
314315.0,01,Food and non-alcoholic beverages,12412.875
314316.0,01,Food and non-alcoholic beverages,1535.155
314317.0,01,Food and non-alcoholic beverages,15316.134
314318.0,01,Food and non-alcoholic beverages,12494.536
314319.0,01,Food and non-alcoholic beverages,4635.602
314320.0,01,Food and non-alcoholic beverages,3323.886
314321.0,01,Food and non-alcoholic beverages,2802.792
314322.0,01,Food and non-alcoholic beverages,3852.252
314323.0,01,Food and non-alcoholic beverages,6515.8
314324.0,01,Food and non-alcoholic beverages,6427.4
314325.0,01,Food and non-alcoholic beverages,11401.404
314326.0,01,Food and non-alcoholic beverages,7438.781
314327.0,01,Food and non-alcoholic beverages,9575.883
314328.0,01,Food and non-alcoholic beverages,2940.478
314329.0,01,Food and non-alcoholic beverages,19532.375
314330.0,01,Food and non-alcoholic beverages,10869.756
314331.0,01,Food and non-alcoholic beverages,9825.656
314332.0,01,Food and non-alcoholic beverages,5714.3
314333.0,01,Food and non-alcoholic beverages,1714.254
314334.0,01,Food and non-alcoholic beverages,8312.988
314335.0,01,Food and non-alcoholic beverages,11126.523
314336.0,01,Food and non-alcoholic beverages,2014.3509999999999
314337.0,01,Food and non-alcoholic beverages,6833.355
314338.0,01,Food and non-alcoholic beverages,4386.714
314339.0,01,Food and non-alcoholic beverages,8883.305
314340.0,01,Food and non-alcoholic beverages,4657.5
314341.0,01,Food and non-alcoholic beverages,14.1102
314342.0,01,Food and non-alcoholic beverages,28852.378
314343.0,01,Food and non-alcoholic beverages,4407.103
314344.0,01,Food and non-alcoholic beverages,9804.6
314345.0,01,Food and non-alcoholic beverages,13188.7
314346.0,01,Food and non-alcoholic beverages,767.54
314347.0,01,Food and non-alcoholic beverages,1334.25
314348.0,01,Food and non-alcoholic beverages,17287.517
314349.0,01,Food and non-alcoholic beverages,30161.814
314350.0,01,Food and non-alcoholic beverages,7107.75
314351.0,01,Food and non-alcoholic beverages,1674.463
314352.0,01,Food and non-alcoholic beverages,8203.8
314353.0,01,Food and non-alcoholic beverages,8346.512
314354.0,01,Food and non-alcoholic beverages,19226.75
314355.0,01,Food and non-alcoholic beverages,21419.3
314356.0,01,Food and non-alcoholic beverages,10371.45
314357.0,01,Food and non-alcoholic beverages,371.76
314358.0,01,Food and non-alcoholic beverages,111.875
314359.0,01,Food and non-alcoholic beverages,22106.5
314360.0,01,Food and non-alcoholic beverages,5920.625
314361.0,01,Food and non-alcoholic beverages,4430.549
314362.0,01,Food and non-alcoholic beverages,13101.254
314363.0,01,Food and non-alcoholic beverages,8480.67
314364.0,01,Food and non-alcoholic beverages,14206.307
314365.0,01,Food and non-alcoholic beverages,11450.3
314366.0,01,Food and non-alcoholic beverages,2065.1839999999997
314367.0,01,Food and non-alcoholic beverages,11050.9
314368.0,01,Food and non-alcoholic beverages,10301.25
314369.0,01,Food and non-alcoholic beverages,7963.753
314370.0,01,Food and non-alcoholic beverages,13801.0
314371.0,01,Food and non-alcoholic beverages,4960.002
314372.0,01,Food and non-alcoholic beverages,8822.753
314373.0,01,Food and non-alcoholic beverages,5210.431
314374.0,01,Food and non-alcoholic beverages,6623.75
314375.0,01,Food and non-alcoholic beverages,3501.783
314376.0,01,Food and non-alcoholic beverages,8980.581
314377.0,01,Food and non-alcoholic beverages,8879.244
314378.0,01,Food and non-alcoholic beverages,41929.508
314379.0,01,Food and non-alcoholic beverages,4347.2511
314380.0,01,Food and non-alcoholic beverages,16375.252
314381.0,01,Food and non-alcoholic beverages,23927.63
314382.0,01,Food and non-alcoholic beverages,10859.5
314383.0,01,Food and non-alcoholic beverages,5612.099999999999
314384.0,01,Food and non-alcoholic beverages,11177.6
314385.0,01,Food and non-alcoholic beverages,6513.45
314386.0,01,Food and non-alcoholic beverages,15399.877
314387.0,01,Food and non-alcoholic beverages,7492.809
314388.0,01,Food and non-alcoholic beverages,20827.502
314389.0,01,Food and non-alcoholic beverages,38106.9
314390.0,01,Food and non-alcoholic beverages,16805.65
314391.0,01,Food and non-alcoholic beverages,73754.0
314392.0,01,Food and non-alcoholic beverages,31400.3
314393.0,01,Food and non-alcoholic beverages,14407.052
314394.0,01,Food and non-alcoholic beverages,29004.0
314395.0,01,Food and non-alcoholic beverages,9750.1
314396.0,01,Food and non-alcoholic beverages,4150.0
314397.0,01,Food and non-alcoholic beverages,33556.133
314398.0,01,Food and non-alcoholic beverages,3038.625
314399.0,01,Food and non-alcoholic beverages,11003.751
314400.0,01,Food and non-alcoholic beverages,7716.1
314401.0,01,Food and non-alcoholic beverages,4075.851
314402.0,01,Food and non-alcoholic beverages,0.08
314403.0,01,Food and non-alcoholic beverages,2560.0
314404.0,01,Food and non-alcoholic beverages,3155.05
314405.0,01,Food and non-alcoholic beverages,9213.5
314406.0,01,Food and non-alcoholic beverages,4831.862
314407.0,01,Food and non-alcoholic beverages,7358.544
314408.0,01,Food and non-alcoholic beverages,11530.325
314409.0,01,Food and non-alcoholic beverages,3617.7200000000003
314410.0,01,Food and non-alcoholic beverages,11978.25
314411.0,01,Food and non-alcoholic beverages,4101.5
314412.0,01,Food and non-alcoholic beverages,5855.376
314413.0,01,Food and non-alcoholic beverages,7054.376
314414.0,01,Food and non-alcoholic beverages,2633.75
314415.0,01,Food and non-alcoholic beverages,7421.0
314416.0,01,Food and non-alcoholic beverages,5330.95
314417.0,01,Food and non-alcoholic beverages,39826.252
314418.0,01,Food and non-alcoholic beverages,5606.5
314419.0,01,Food and non-alcoholic beverages,9982.2
314420.0,01,Food and non-alcoholic beverages,6300.6
314421.0,01,Food and non-alcoholic beverages,8152.8
314422.0,01,Food and non-alcoholic beverages,379.802
314423.0,01,Food and non-alcoholic beverages,4721.451
314424.0,01,Food and non-alcoholic beverages,9691.375
314425.0,01,Food and non-alcoholic beverages,16580.129
314426.0,01,Food and non-alcoholic beverages,23263.925
314427.0,01,Food and non-alcoholic beverages,5422.5
314428.0,01,Food and non-alcoholic beverages,7800.375
314429.0,01,Food and non-alcoholic beverages,19580.25
314430.0,01,Food and non-alcoholic beverages,9602.0
314431.0,01,Food and non-alcoholic beverages,17725.001
314432.0,01,Food and non-alcoholic beverages,8026.75
314433.0,01,Food and non-alcoholic beverages,14053.0
314434.0,01,Food and non-alcoholic beverages,9058.377
314435.0,01,Food and non-alcoholic beverages,6227.026
314436.0,01,Food and non-alcoholic beverages,6860.75
314437.0,01,Food and non-alcoholic beverages,1059.55
314438.0,01,Food and non-alcoholic beverages,837.615
314439.0,01,Food and non-alcoholic beverages,1535.725
314440.0,01,Food and non-alcoholic beverages,9303.502
314441.0,01,Food and non-alcoholic beverages,3197.75
314442.0,01,Food and non-alcoholic beverages,10333.851
314443.0,01,Food and non-alcoholic beverages,4153.06
314444.0,01,Food and non-alcoholic beverages,17422.75
314445.0,01,Food and non-alcoholic beverages,12347.15
314446.0,01,Food and non-alcoholic beverages,18519.52
314447.0,01,Food and non-alcoholic beverages,4629.753
314448.0,01,Food and non-alcoholic beverages,15981.279
314449.0,01,Food and non-alcoholic beverages,870.35
314450.0,01,Food and non-alcoholic beverages,3267.253
314451.0,01,Food and non-alcoholic beverages,973.02
314452.0,01,Food and non-alcoholic beverages,3868.95
314453.0,01,Food and non-alcoholic beverages,12600.125
314454.0,01,Food and non-alcoholic beverages,418.629
314455.0,01,Food and non-alcoholic beverages,3721.75
314456.0,01,Food and non-alcoholic beverages,6805.5
314457.0,01,Food and non-alcoholic beverages,1825.626
314458.0,01,Food and non-alcoholic beverages,3778.5
314459.0,01,Food and non-alcoholic beverages,2123.252
314460.0,01,Food and non-alcoholic beverages,12027.779
314461.0,01,Food and non-alcoholic beverages,3028.5
314462.0,01,Food and non-alcoholic beverages,41302.15
314463.0,01,Food and non-alcoholic beverages,2605.55
314464.0,01,Food and non-alcoholic beverages,15815.625
314465.0,01,Food and non-alcoholic beverages,9224.5
314466.0,01,Food and non-alcoholic beverages,5903.75
314467.0,01,Food and non-alcoholic beverages,2122.45
314468.0,01,Food and non-alcoholic beverages,12792.854
314469.0,01,Food and non-alcoholic beverages,25511.715
314470.0,01,Food and non-alcoholic beverages,8364.75
314471.0,01,Food and non-alcoholic beverages,12939.0
314472.0,01,Food and non-alcoholic beverages,11240.66
314473.0,01,Food and non-alcoholic beverages,1571.431
314474.0,01,Food and non-alcoholic beverages,7269.375
314475.0,01,Food and non-alcoholic beverages,5041.0
314476.0,01,Food and non-alcoholic beverages,9402.25
314477.0,01,Food and non-alcoholic beverages,5752.435
314478.0,01,Food and non-alcoholic beverages,4014.253
314479.0,01,Food and non-alcoholic beverages,14167.127
314480.0,01,Food and non-alcoholic beverages,9277.5
314481.0,01,Food and non-alcoholic beverages,4221.935
314482.0,01,Food and non-alcoholic beverages,5505.05
314483.0,01,Food and non-alcoholic beverages,718.65
314484.0,01,Food and non-alcoholic beverages,8152.25
314485.0,01,Food and non-alcoholic beverages,5805.0
314486.0,01,Food and non-alcoholic beverages,956.66
314487.0,01,Food and non-alcoholic beverages,8724.256
314488.0,01,Food and non-alcoholic beverages,7172.253
314489.0,01,Food and non-alcoholic beverages,2882.301
314490.0,01,Food and non-alcoholic beverages,4905.15
314491.0,01,Food and non-alcoholic beverages,5870.33
314492.0,01,Food and non-alcoholic beverages,12663.5
314493.0,01,Food and non-alcoholic beverages,4562.675
314494.0,01,Food and non-alcoholic beverages,11551.6
314495.0,01,Food and non-alcoholic beverages,8844.002
314496.0,01,Food and non-alcoholic beverages,9266.9
314497.0,01,Food and non-alcoholic beverages,7270.65
314498.0,01,Food and non-alcoholic beverages,7164.0
314499.0,01,Food and non-alcoholic beverages,3757.126
314500.0,01,Food and non-alcoholic beverages,8840.9
314501.0,01,Food and non-alcoholic beverages,6776.0
314502.0,01,Food and non-alcoholic beverages,9461.525
314503.0,01,Food and non-alcoholic beverages,5325.35
314504.0,01,Food and non-alcoholic beverages,3803.752
314505.0,01,Food and non-alcoholic beverages,13689.5
314506.0,01,Food and non-alcoholic beverages,4103.0
314507.0,01,Food and non-alcoholic beverages,6261.25
314508.0,01,Food and non-alcoholic beverages,21237.1
314509.0,01,Food and non-alcoholic beverages,5061.7
314510.0,01,Food and non-alcoholic beverages,9526.7
314511.0,01,Food and non-alcoholic beverages,4719.15
314512.0,01,Food and non-alcoholic beverages,5270.505
314513.0,01,Food and non-alcoholic beverages,31662.608
314514.0,01,Food and non-alcoholic beverages,10861.501
314515.0,01,Food and non-alcoholic beverages,11104.251
314516.0,01,Food and non-alcoholic beverages,8523.75
314517.0,01,Food and non-alcoholic beverages,4205.4
314518.0,01,Food and non-alcoholic beverages,5551.3
314519.0,01,Food and non-alcoholic beverages,5621.25
314520.0,01,Food and non-alcoholic beverages,11729.75
314521.0,01,Food and non-alcoholic beverages,3269.0
314522.0,01,Food and non-alcoholic beverages,3012.75
314523.0,01,Food and non-alcoholic beverages,6704.35
314524.0,01,Food and non-alcoholic beverages,9103.35
314525.0,01,Food and non-alcoholic beverages,7239.626
314526.0,01,Food and non-alcoholic beverages,15349.875
314527.0,01,Food and non-alcoholic beverages,5707.875
314528.0,01,Food and non-alcoholic beverages,3361.6
314529.0,01,Food and non-alcoholic beverages,12401.1
314530.0,01,Food and non-alcoholic beverages,3722.2
314531.0,01,Food and non-alcoholic beverages,4600.0
314532.0,01,Food and non-alcoholic beverages,10907.25
314533.0,01,Food and non-alcoholic beverages,5176.075
314534.0,01,Food and non-alcoholic beverages,12462.225
314535.0,01,Food and non-alcoholic beverages,3400.75
314536.0,01,Food and non-alcoholic beverages,2205.05
314537.0,01,Food and non-alcoholic beverages,3824.9
314538.0,01,Food and non-alcoholic beverages,14502.1
314539.0,01,Food and non-alcoholic beverages,1427.55
314540.0,01,Food and non-alcoholic beverages,4739.8
314541.0,01,Food and non-alcoholic beverages,3584.551
314542.0,01,Food and non-alcoholic beverages,3194.8
314543.0,01,Food and non-alcoholic beverages,16612.0
314544.0,01,Food and non-alcoholic beverages,11671.0
314545.0,01,Food and non-alcoholic beverages,1802.751
314546.0,01,Food and non-alcoholic beverages,1815.25
314547.0,01,Food and non-alcoholic beverages,11117.2
314548.0,01,Food and non-alcoholic beverages,5550.0
314549.0,01,Food and non-alcoholic beverages,5569.4
314550.0,01,Food and non-alcoholic beverages,4402.95
314551.0,01,Food and non-alcoholic beverages,4137.625
314552.0,01,Food and non-alcoholic beverages,486.854
314553.0,01,Food and non-alcoholic beverages,12008.25
314554.0,01,Food and non-alcoholic beverages,4560.35
314555.0,01,Food and non-alcoholic beverages,4237.4
314556.0,01,Food and non-alcoholic beverages,7861.5
314557.0,01,Food and non-alcoholic beverages,15207.625
314558.0,01,Food and non-alcoholic beverages,4222.0
314559.0,01,Food and non-alcoholic beverages,9407.125
314560.0,01,Food and non-alcoholic beverages,10026.002
314561.0,01,Food and non-alcoholic beverages,6891.752
314562.0,01,Food and non-alcoholic beverages,2409.31
314563.0,01,Food and non-alcoholic beverages,5556.9
314564.0,01,Food and non-alcoholic beverages,22509.0
314565.0,01,Food and non-alcoholic beverages,5415.1
314566.0,01,Food and non-alcoholic beverages,17660.0
314567.0,01,Food and non-alcoholic beverages,3177.0
314568.0,01,Food and non-alcoholic beverages,2666.0
314569.0,01,Food and non-alcoholic beverages,8651.497
314570.0,01,Food and non-alcoholic beverages,21501.25
314571.0,01,Food and non-alcoholic beverages,26104.134
314572.0,01,Food and non-alcoholic beverages,12455.523
314573.0,01,Food and non-alcoholic beverages,3198.217
314574.0,01,Food and non-alcoholic beverages,7550.125
314575.0,01,Food and non-alcoholic beverages,29241.256
314576.0,01,Food and non-alcoholic beverages,19965.225
314577.0,01,Food and non-alcoholic beverages,8590.0
314578.0,01,Food and non-alcoholic beverages,27142.007
314579.0,01,Food and non-alcoholic beverages,22407.95
314580.0,01,Food and non-alcoholic beverages,37388.949
314581.0,01,Food and non-alcoholic beverages,20971.521
314582.0,01,Food and non-alcoholic beverages,30959.561
314583.0,01,Food and non-alcoholic beverages,9557.813
314584.0,01,Food and non-alcoholic beverages,4033.5663999999997
314585.0,01,Food and non-alcoholic beverages,13258.775
314586.0,01,Food and non-alcoholic beverages,13115.3
314587.0,01,Food and non-alcoholic beverages,71950.62
314588.0,01,Food and non-alcoholic beverages,4050.0
314589.0,01,Food and non-alcoholic beverages,51300.0
314590.0,01,Food and non-alcoholic beverages,8250.0
314591.0,01,Food and non-alcoholic beverages,9400.0
314592.0,01,Food and non-alcoholic beverages,80601.0
314593.0,01,Food and non-alcoholic beverages,500.0
314594.0,01,Food and non-alcoholic beverages,14800.125
314595.0,01,Food and non-alcoholic beverages,32400.0
314596.0,01,Food and non-alcoholic beverages,16905.14
314597.0,01,Food and non-alcoholic beverages,22855.446
314598.0,01,Food and non-alcoholic beverages,22301.03
314599.0,01,Food and non-alcoholic beverages,24953.5
314600.0,01,Food and non-alcoholic beverages,39550.0
314601.0,01,Food and non-alcoholic beverages,19005.775
314602.0,01,Food and non-alcoholic beverages,17677.093
314603.0,01,Food and non-alcoholic beverages,29709.15
314604.0,01,Food and non-alcoholic beverages,35323.218
314605.0,01,Food and non-alcoholic beverages,13300.715
314606.0,01,Food and non-alcoholic beverages,15314.978000000001
314607.0,01,Food and non-alcoholic beverages,25953.003
314608.0,01,Food and non-alcoholic beverages,26693.241
314609.0,01,Food and non-alcoholic beverages,23200.0
314610.0,01,Food and non-alcoholic beverages,7100.75
314611.0,01,Food and non-alcoholic beverages,8581.51
314612.0,01,Food and non-alcoholic beverages,32385.423
314613.0,01,Food and non-alcoholic beverages,15573.156
314614.0,01,Food and non-alcoholic beverages,668.3489999999999
314615.0,01,Food and non-alcoholic beverages,22812.65
314616.0,01,Food and non-alcoholic beverages,8050.75
314617.0,01,Food and non-alcoholic beverages,22266.4
314618.0,01,Food and non-alcoholic beverages,4452.7609999999995
314619.0,01,Food and non-alcoholic beverages,13001.201
314620.0,01,Food and non-alcoholic beverages,3551.2149999999997
314621.0,01,Food and non-alcoholic beverages,13920.1285
314622.0,01,Food and non-alcoholic beverages,6750.93
314623.0,01,Food and non-alcoholic beverages,5253.31
314624.0,01,Food and non-alcoholic beverages,10685.2978
314625.0,01,Food and non-alcoholic beverages,12051.357
314626.0,01,Food and non-alcoholic beverages,18860.393
314627.0,01,Food and non-alcoholic beverages,17881.598
314628.0,01,Food and non-alcoholic beverages,27767.665
314629.0,01,Food and non-alcoholic beverages,15600.0
314630.0,01,Food and non-alcoholic beverages,19853.0
314631.0,01,Food and non-alcoholic beverages,56052.159
314632.0,01,Food and non-alcoholic beverages,6809.349
314633.0,01,Food and non-alcoholic beverages,9351.628
314634.0,01,Food and non-alcoholic beverages,24321.864
314635.0,01,Food and non-alcoholic beverages,13727.25
314636.0,01,Food and non-alcoholic beverages,12420.67
314637.0,01,Food and non-alcoholic beverages,12561.3848
314638.0,01,Food and non-alcoholic beverages,3160.082
314639.0,01,Food and non-alcoholic beverages,12843.754
314640.0,01,Food and non-alcoholic beverages,16700.387
314641.0,01,Food and non-alcoholic beverages,25741.366
314642.0,01,Food and non-alcoholic beverages,4862.932
314643.0,01,Food and non-alcoholic beverages,9190.036
314644.0,01,Food and non-alcoholic beverages,10100.0
314645.0,01,Food and non-alcoholic beverages,5100.446
314646.0,01,Food and non-alcoholic beverages,8819.421
314647.0,01,Food and non-alcoholic beverages,9204.939
314648.0,01,Food and non-alcoholic beverages,22500.0
314649.0,01,Food and non-alcoholic beverages,11714.5
314650.0,01,Food and non-alcoholic beverages,8007.556
314651.0,01,Food and non-alcoholic beverages,8604.173
314652.0,01,Food and non-alcoholic beverages,9300.0
314653.0,01,Food and non-alcoholic beverages,42404.0
314654.0,01,Food and non-alcoholic beverages,9477.967
314655.0,01,Food and non-alcoholic beverages,21354.5
314656.0,01,Food and non-alcoholic beverages,4500.504
314657.0,01,Food and non-alcoholic beverages,4200.0
314658.0,01,Food and non-alcoholic beverages,4052.131
314659.0,01,Food and non-alcoholic beverages,2250.128
314660.0,01,Food and non-alcoholic beverages,918.876
314661.0,01,Food and non-alcoholic beverages,8114.0869999999995
314662.0,01,Food and non-alcoholic beverages,5704.049
314663.0,01,Food and non-alcoholic beverages,17600.0
314664.0,01,Food and non-alcoholic beverages,42554.5
314665.0,01,Food and non-alcoholic beverages,9430.148
314666.0,01,Food and non-alcoholic beverages,22963.264
314667.0,01,Food and non-alcoholic beverages,7706.532
314668.0,01,Food and non-alcoholic beverages,9674.686
314669.0,01,Food and non-alcoholic beverages,17301.203
314670.0,01,Food and non-alcoholic beverages,5336.501
314671.0,01,Food and non-alcoholic beverages,11231.673
314672.0,01,Food and non-alcoholic beverages,7504.345
314673.0,01,Food and non-alcoholic beverages,52864.635
314674.0,01,Food and non-alcoholic beverages,8400.0
314675.0,01,Food and non-alcoholic beverages,10280.0
314676.0,01,Food and non-alcoholic beverages,29620.177
314677.0,01,Food and non-alcoholic beverages,6568.174
314678.0,01,Food and non-alcoholic beverages,4915.033
314679.0,01,Food and non-alcoholic beverages,4996.036
314680.0,01,Food and non-alcoholic beverages,8186.897
314681.0,01,Food and non-alcoholic beverages,3244.0
314682.0,01,Food and non-alcoholic beverages,6468.574
314683.0,01,Food and non-alcoholic beverages,662.7850000000001
314684.0,01,Food and non-alcoholic beverages,5440.655
314685.0,01,Food and non-alcoholic beverages,8391.24
314686.0,01,Food and non-alcoholic beverages,5776.092000000001
314687.0,01,Food and non-alcoholic beverages,13155.28
314688.0,01,Food and non-alcoholic beverages,3307.781
314689.0,01,Food and non-alcoholic beverages,1506.056
314690.0,01,Food and non-alcoholic beverages,3868.615
314691.0,01,Food and non-alcoholic beverages,3684.239
314692.0,01,Food and non-alcoholic beverages,15006.8435
314693.0,01,Food and non-alcoholic beverages,9432.738000000001
314694.0,01,Food and non-alcoholic beverages,5900.1488
314695.0,01,Food and non-alcoholic beverages,18310.824
314696.0,01,Food and non-alcoholic beverages,7310.123
314697.0,01,Food and non-alcoholic beverages,2600.013
314698.0,01,Food and non-alcoholic beverages,16360.098
314699.0,01,Food and non-alcoholic beverages,11652.5265
314700.0,01,Food and non-alcoholic beverages,10621.6158
314701.0,01,Food and non-alcoholic beverages,18401.25
314702.0,01,Food and non-alcoholic beverages,7195.024
314703.0,01,Food and non-alcoholic beverages,8653.377
314704.0,01,Food and non-alcoholic beverages,13155.982
314705.0,01,Food and non-alcoholic beverages,1276.307
314706.0,01,Food and non-alcoholic beverages,2675.455
314707.0,01,Food and non-alcoholic beverages,2243.9558
314708.0,01,Food and non-alcoholic beverages,8808.59
314709.0,01,Food and non-alcoholic beverages,8970.024
314710.0,01,Food and non-alcoholic beverages,9085.808
314711.0,01,Food and non-alcoholic beverages,4080.7166
314712.0,01,Food and non-alcoholic beverages,1002.11
314713.0,01,Food and non-alcoholic beverages,54151.241
314714.0,01,Food and non-alcoholic beverages,11400.029
314715.0,01,Food and non-alcoholic beverages,11700.0
314716.0,01,Food and non-alcoholic beverages,3100.0
314717.0,01,Food and non-alcoholic beverages,22550.0
314718.0,01,Food and non-alcoholic beverages,46300.035
314720.0,01,Food and non-alcoholic beverages,22402.56
314721.0,01,Food and non-alcoholic beverages,10600.0
314722.0,01,Food and non-alcoholic beverages,8500.0
314723.0,01,Food and non-alcoholic beverages,29651.0
314724.0,01,Food and non-alcoholic beverages,36533.662
314725.0,01,Food and non-alcoholic beverages,1901.5
314726.0,01,Food and non-alcoholic beverages,8000.195
314727.0,01,Food and non-alcoholic beverages,10018.372
314728.0,01,Food and non-alcoholic beverages,5200.0
314729.0,01,Food and non-alcoholic beverages,12755.288
314730.0,01,Food and non-alcoholic beverages,33478.0
314731.0,01,Food and non-alcoholic beverages,35118.21
314732.0,01,Food and non-alcoholic beverages,41214.204
314733.0,01,Food and non-alcoholic beverages,56600.41
314734.0,01,Food and non-alcoholic beverages,22350.31
314735.0,01,Food and non-alcoholic beverages,4966.694
314736.0,01,Food and non-alcoholic beverages,20493.75
314737.0,01,Food and non-alcoholic beverages,6803.0716
314738.0,01,Food and non-alcoholic beverages,15322.758
314739.0,01,Food and non-alcoholic beverages,68419.609
314740.0,01,Food and non-alcoholic beverages,22350.5
314741.0,01,Food and non-alcoholic beverages,3577.288
314742.0,01,Food and non-alcoholic beverages,13141.559
314743.0,01,Food and non-alcoholic beverages,3604.123
314744.0,01,Food and non-alcoholic beverages,17300.0
314745.0,01,Food and non-alcoholic beverages,2526.418
314746.0,01,Food and non-alcoholic beverages,2202.037
314747.0,01,Food and non-alcoholic beverages,5015.517
314748.0,01,Food and non-alcoholic beverages,6322.76
314749.0,01,Food and non-alcoholic beverages,4960.931
314750.0,01,Food and non-alcoholic beverages,4162.6813999999995
314751.0,01,Food and non-alcoholic beverages,34355.723
314752.0,01,Food and non-alcoholic beverages,3700.38
314753.0,01,Food and non-alcoholic beverages,52353.0
314754.0,01,Food and non-alcoholic beverages,44650.125
314755.0,01,Food and non-alcoholic beverages,9702.806
314756.0,01,Food and non-alcoholic beverages,12775.952
314757.0,01,Food and non-alcoholic beverages,10604.0
314758.0,01,Food and non-alcoholic beverages,12880.945
314759.0,01,Food and non-alcoholic beverages,2900.683
314760.0,01,Food and non-alcoholic beverages,6065.961
314761.0,01,Food and non-alcoholic beverages,4127.1154
314762.0,01,Food and non-alcoholic beverages,5157.152
314763.0,01,Food and non-alcoholic beverages,4355.362
314764.0,01,Food and non-alcoholic beverages,5800.339
314765.0,01,Food and non-alcoholic beverages,4976.392
314766.0,01,Food and non-alcoholic beverages,11196.261
314767.0,01,Food and non-alcoholic beverages,5687.005
314768.0,01,Food and non-alcoholic beverages,12519.181
314769.0,01,Food and non-alcoholic beverages,8670.172
314770.0,01,Food and non-alcoholic beverages,1906.3519999999999
314771.0,01,Food and non-alcoholic beverages,4033.69
314772.0,01,Food and non-alcoholic beverages,4440.335
314773.0,01,Food and non-alcoholic beverages,519.151
314774.0,01,Food and non-alcoholic beverages,1376.386
314775.0,01,Food and non-alcoholic beverages,3466.707
314776.0,01,Food and non-alcoholic beverages,12704.367
314777.0,01,Food and non-alcoholic beverages,2587.5789999999997
314778.0,01,Food and non-alcoholic beverages,4006.717
314779.0,01,Food and non-alcoholic beverages,7262.538
314780.0,01,Food and non-alcoholic beverages,7336.33
314781.0,01,Food and non-alcoholic beverages,6482.559
314782.0,01,Food and non-alcoholic beverages,3714.367
314783.0,01,Food and non-alcoholic beverages,11302.356
314784.0,01,Food and non-alcoholic beverages,16800.25
314785.0,01,Food and non-alcoholic beverages,10789.935
314786.0,01,Food and non-alcoholic beverages,7231.993
314787.0,01,Food and non-alcoholic beverages,9001.992
314788.0,01,Food and non-alcoholic beverages,5461.89
314789.0,01,Food and non-alcoholic beverages,12501.62
314790.0,01,Food and non-alcoholic beverages,16404.666
314791.0,01,Food and non-alcoholic beverages,34408.1122
314792.0,01,Food and non-alcoholic beverages,13637.8405
314793.0,01,Food and non-alcoholic beverages,10914.453
314794.0,01,Food and non-alcoholic beverages,33020.4136
314795.0,01,Food and non-alcoholic beverages,887.8282
314796.0,01,Food and non-alcoholic beverages,35999.806
314797.0,01,Food and non-alcoholic beverages,4081.3559999999998
314798.0,01,Food and non-alcoholic beverages,6563.152
314799.0,01,Food and non-alcoholic beverages,500.0
314800.0,01,Food and non-alcoholic beverages,8478.483
314801.0,01,Food and non-alcoholic beverages,8705.646999999999
314802.0,01,Food and non-alcoholic beverages,10315.698
314803.0,01,Food and non-alcoholic beverages,11009.994999999999
314804.0,01,Food and non-alcoholic beverages,17355.855
314805.0,01,Food and non-alcoholic beverages,1324.9769999999999
314806.0,01,Food and non-alcoholic beverages,11480.96
314807.0,01,Food and non-alcoholic beverages,8636.951
314808.0,01,Food and non-alcoholic beverages,1704.599
314809.0,01,Food and non-alcoholic beverages,5919.052
314810.0,01,Food and non-alcoholic beverages,5815.0
314811.0,01,Food and non-alcoholic beverages,16166.17
314812.0,01,Food and non-alcoholic beverages,17152.0
314813.0,01,Food and non-alcoholic beverages,4061.024
314814.0,01,Food and non-alcoholic beverages,3702.997
314815.0,01,Food and non-alcoholic beverages,1992.3763
314816.0,01,Food and non-alcoholic beverages,5120.893
314817.0,01,Food and non-alcoholic beverages,10882.459
314818.0,01,Food and non-alcoholic beverages,5109.3589999999995
314819.0,01,Food and non-alcoholic beverages,9755.989
314820.0,01,Food and non-alcoholic beverages,11737.015
314821.0,01,Food and non-alcoholic beverages,15710.529
314822.0,01,Food and non-alcoholic beverages,16424.952
314823.0,01,Food and non-alcoholic beverages,17634.7305
314824.0,01,Food and non-alcoholic beverages,9797.088
314825.0,01,Food and non-alcoholic beverages,33794.728
314826.0,01,Food and non-alcoholic beverages,10868.659
314827.0,01,Food and non-alcoholic beverages,23923.143
314828.0,01,Food and non-alcoholic beverages,4071.05
314829.0,01,Food and non-alcoholic beverages,18111.6045
314830.0,01,Food and non-alcoholic beverages,50702.168
314831.0,01,Food and non-alcoholic beverages,15981.0
314832.0,01,Food and non-alcoholic beverages,16941.38
314833.0,01,Food and non-alcoholic beverages,15901.249
314834.0,01,Food and non-alcoholic beverages,19751.5
314835.0,01,Food and non-alcoholic beverages,15153.0165
314836.0,01,Food and non-alcoholic beverages,28660.0
314837.0,01,Food and non-alcoholic beverages,24250.43
314838.0,01,Food and non-alcoholic beverages,25250.0
314839.0,01,Food and non-alcoholic beverages,13714.377
314840.0,01,Food and non-alcoholic beverages,1956.686
314841.0,01,Food and non-alcoholic beverages,43908.01
314842.0,01,Food and non-alcoholic beverages,21704.489999999998
314843.0,01,Food and non-alcoholic beverages,4900.61
314844.0,01,Food and non-alcoholic beverages,12251.95
314845.0,01,Food and non-alcoholic beverages,18201.482
314846.0,01,Food and non-alcoholic beverages,10200.0
314847.0,01,Food and non-alcoholic beverages,40750.320999999996
314848.0,01,Food and non-alcoholic beverages,13601.411
314849.0,01,Food and non-alcoholic beverages,14150.0
314850.0,01,Food and non-alcoholic beverages,36600.132
314851.0,01,Food and non-alcoholic beverages,33812.14
314852.0,01,Food and non-alcoholic beverages,67701.0
314853.0,01,Food and non-alcoholic beverages,33351.16
314854.0,01,Food and non-alcoholic beverages,14254.182
314855.0,01,Food and non-alcoholic beverages,18150.0
314856.0,01,Food and non-alcoholic beverages,10350.0
314857.0,01,Food and non-alcoholic beverages,34253.7
314858.0,01,Food and non-alcoholic beverages,25109.0
314859.0,01,Food and non-alcoholic beverages,7675.248
314860.0,01,Food and non-alcoholic beverages,11452.0
314861.0,01,Food and non-alcoholic beverages,16488.628
314862.0,01,Food and non-alcoholic beverages,3721.739
314863.0,01,Food and non-alcoholic beverages,24525.0
314864.0,01,Food and non-alcoholic beverages,6055.008
314865.0,01,Food and non-alcoholic beverages,15732.275
314866.0,01,Food and non-alcoholic beverages,9776.366
314867.0,01,Food and non-alcoholic beverages,8359.127
314868.0,01,Food and non-alcoholic beverages,3762.672
314869.0,01,Food and non-alcoholic beverages,12966.249
314870.0,01,Food and non-alcoholic beverages,11405.034
314871.0,01,Food and non-alcoholic beverages,2861.0080000000003
314872.0,01,Food and non-alcoholic beverages,11750.835
314873.0,01,Food and non-alcoholic beverages,10772.563
314874.0,01,Food and non-alcoholic beverages,3048.3996
314875.0,01,Food and non-alcoholic beverages,2059.432
314876.0,01,Food and non-alcoholic beverages,5020.862
314877.0,01,Food and non-alcoholic beverages,18738.729
314878.0,01,Food and non-alcoholic beverages,5002.372
314879.0,01,Food and non-alcoholic beverages,2302.583
314880.0,01,Food and non-alcoholic beverages,6670.208
314881.0,01,Food and non-alcoholic beverages,12958.15
314882.0,01,Food and non-alcoholic beverages,12111.104
314883.0,01,Food and non-alcoholic beverages,4325.9943
314884.0,01,Food and non-alcoholic beverages,7650.916
314885.0,01,Food and non-alcoholic beverages,3310.6445
314886.0,01,Food and non-alcoholic beverages,3358.494
314887.0,01,Food and non-alcoholic beverages,12055.2393
314888.0,01,Food and non-alcoholic beverages,4158.477
314889.0,01,Food and non-alcoholic beverages,3429.645
314890.0,01,Food and non-alcoholic beverages,2848.0588000000002
314891.0,01,Food and non-alcoholic beverages,7506.936
314892.0,01,Food and non-alcoholic beverages,13718.268
314893.0,01,Food and non-alcoholic beverages,13755.038
314894.0,01,Food and non-alcoholic beverages,6904.723
314895.0,01,Food and non-alcoholic beverages,6066.454
314896.0,01,Food and non-alcoholic beverages,2601.646
314897.0,01,Food and non-alcoholic beverages,5911.069
314898.0,01,Food and non-alcoholic beverages,42850.0
314899.0,01,Food and non-alcoholic beverages,5753.925
314900.0,01,Food and non-alcoholic beverages,20150.972999999998
314901.0,01,Food and non-alcoholic beverages,3056.325
314902.0,01,Food and non-alcoholic beverages,30204.404
314903.0,01,Food and non-alcoholic beverages,10600.0
314904.0,01,Food and non-alcoholic beverages,8953.064
314905.0,01,Food and non-alcoholic beverages,25350.0
314906.0,01,Food and non-alcoholic beverages,128911.565
314907.0,01,Food and non-alcoholic beverages,100.0
314908.0,01,Food and non-alcoholic beverages,6966.622
314909.0,01,Food and non-alcoholic beverages,14300.0
314910.0,01,Food and non-alcoholic beverages,8907.91
314911.0,01,Food and non-alcoholic beverages,14900.0
314912.0,01,Food and non-alcoholic beverages,22610.894
314913.0,01,Food and non-alcoholic beverages,8200.0
314914.0,01,Food and non-alcoholic beverages,8045.5313
314915.0,01,Food and non-alcoholic beverages,13600.0
314916.0,01,Food and non-alcoholic beverages,10859.848
314917.0,01,Food and non-alcoholic beverages,7767.992
314918.0,01,Food and non-alcoholic beverages,28503.08
314919.0,01,Food and non-alcoholic beverages,14950.0
314920.0,01,Food and non-alcoholic beverages,12075.985
314921.0,01,Food and non-alcoholic beverages,14681.798999999999
314922.0,01,Food and non-alcoholic beverages,7520.072
314923.0,01,Food and non-alcoholic beverages,19408.615
314924.0,01,Food and non-alcoholic beverages,17165.872
314925.0,01,Food and non-alcoholic beverages,19174.906
314926.0,01,Food and non-alcoholic beverages,11702.0
314927.0,01,Food and non-alcoholic beverages,36953.75
314928.0,01,Food and non-alcoholic beverages,2260.984
314929.0,01,Food and non-alcoholic beverages,25800.0
314930.0,01,Food and non-alcoholic beverages,5864.041
314931.0,01,Food and non-alcoholic beverages,14005.617
314932.0,01,Food and non-alcoholic beverages,5550.091
314933.0,01,Food and non-alcoholic beverages,5680.6928
314934.0,01,Food and non-alcoholic beverages,22784.209
314935.0,01,Food and non-alcoholic beverages,24801.949
314936.0,01,Food and non-alcoholic beverages,19128.435
314937.0,01,Food and non-alcoholic beverages,3158.072
314938.0,01,Food and non-alcoholic beverages,7292.288
314939.0,01,Food and non-alcoholic beverages,6675.406
314940.0,01,Food and non-alcoholic beverages,32675.0086
314941.0,01,Food and non-alcoholic beverages,10555.6906
314942.0,01,Food and non-alcoholic beverages,3823.653
314943.0,01,Food and non-alcoholic beverages,4182.6825
314944.0,01,Food and non-alcoholic beverages,12780.324
314945.0,01,Food and non-alcoholic beverages,9514.972
314946.0,01,Food and non-alcoholic beverages,7105.693
314947.0,01,Food and non-alcoholic beverages,13507.454
314948.0,01,Food and non-alcoholic beverages,6451.23
314949.0,01,Food and non-alcoholic beverages,15319.647
314950.0,01,Food and non-alcoholic beverages,8653.005
314951.0,01,Food and non-alcoholic beverages,13831.0
314952.0,01,Food and non-alcoholic beverages,6600.0
314953.0,01,Food and non-alcoholic beverages,100.0
314954.0,01,Food and non-alcoholic beverages,3759.129
314955.0,01,Food and non-alcoholic beverages,10152.0
314956.0,01,Food and non-alcoholic beverages,9190.82
314957.0,01,Food and non-alcoholic beverages,11900.036
314958.0,01,Food and non-alcoholic beverages,7300.0
314959.0,01,Food and non-alcoholic beverages,17739.842
314960.0,01,Food and non-alcoholic beverages,32801.542
314961.0,01,Food and non-alcoholic beverages,65201.0
314962.0,01,Food and non-alcoholic beverages,54300.0
314963.0,01,Food and non-alcoholic beverages,2952.2115
314964.0,01,Food and non-alcoholic beverages,15750.5
314965.0,01,Food and non-alcoholic beverages,14244.439
314966.0,01,Food and non-alcoholic beverages,18675.821
314967.0,01,Food and non-alcoholic beverages,2068.549
314968.0,01,Food and non-alcoholic beverages,4544.04
314969.0,01,Food and non-alcoholic beverages,14281.1552
314970.0,01,Food and non-alcoholic beverages,5403.5
314971.0,01,Food and non-alcoholic beverages,7470.564
314972.0,01,Food and non-alcoholic beverages,36675.8867
314973.0,01,Food and non-alcoholic beverages,40261.048
314974.0,01,Food and non-alcoholic beverages,11605.439
314975.0,01,Food and non-alcoholic beverages,22112.0
314976.0,01,Food and non-alcoholic beverages,9946.445
314977.0,01,Food and non-alcoholic beverages,22754.84
314978.0,01,Food and non-alcoholic beverages,26950.0
314979.0,01,Food and non-alcoholic beverages,4854.211
314980.0,01,Food and non-alcoholic beverages,8653.62
314981.0,01,Food and non-alcoholic beverages,11558.127
314982.0,01,Food and non-alcoholic beverages,18064.15
314983.0,01,Food and non-alcoholic beverages,16154.256000000001
314984.0,01,Food and non-alcoholic beverages,9150.621
314985.0,01,Food and non-alcoholic beverages,4008.371
314986.0,01,Food and non-alcoholic beverages,13452.264
314987.0,01,Food and non-alcoholic beverages,39340.0
314988.0,01,Food and non-alcoholic beverages,10740.693
314989.0,01,Food and non-alcoholic beverages,3201.728
314990.0,01,Food and non-alcoholic beverages,7050.0
314991.0,01,Food and non-alcoholic beverages,10975.939
314992.0,01,Food and non-alcoholic beverages,9261.025
314993.0,01,Food and non-alcoholic beverages,10960.5972
314994.0,01,Food and non-alcoholic beverages,31.112000000000002
314995.0,01,Food and non-alcoholic beverages,12550.0
314996.0,01,Food and non-alcoholic beverages,1002.5
314997.0,01,Food and non-alcoholic beverages,5184.81
314998.0,01,Food and non-alcoholic beverages,2605.75
314999.0,01,Food and non-alcoholic beverages,3317.7110000000002
315000.0,01,Food and non-alcoholic beverages,1109.858
315001.0,01,Food and non-alcoholic beverages,7855.723
315002.0,01,Food and non-alcoholic beverages,11511.919
315003.0,01,Food and non-alcoholic beverages,8908.7682
315004.0,01,Food and non-alcoholic beverages,4982.567
315005.0,01,Food and non-alcoholic beverages,307.19
315006.0,01,Food and non-alcoholic beverages,1333.5700000000002
315007.0,01,Food and non-alcoholic beverages,13200.0
315008.0,01,Food and non-alcoholic beverages,34769.644
315009.0,01,Food and non-alcoholic beverages,3430.5
315010.0,01,Food and non-alcoholic beverages,3912.307
315011.0,01,Food and non-alcoholic beverages,8837.361
315012.0,01,Food and non-alcoholic beverages,8753.869999999999
315013.0,01,Food and non-alcoholic beverages,19962.931
315014.0,01,Food and non-alcoholic beverages,3102.5
315015.0,01,Food and non-alcoholic beverages,24700.0
315016.0,01,Food and non-alcoholic beverages,16712.082000000002
315017.0,01,Food and non-alcoholic beverages,802.1990000000001
315018.0,01,Food and non-alcoholic beverages,15592.595
315019.0,01,Food and non-alcoholic beverages,21852.88
315020.0,01,Food and non-alcoholic beverages,15153.564
315021.0,01,Food and non-alcoholic beverages,8280.026
315022.0,01,Food and non-alcoholic beverages,9209.68
315023.0,01,Food and non-alcoholic beverages,2409.4139999999998
315024.0,01,Food and non-alcoholic beverages,26667.448
315025.0,01,Food and non-alcoholic beverages,8753.4435
315026.0,01,Food and non-alcoholic beverages,9959.0
315027.0,01,Food and non-alcoholic beverages,1732.56
315028.0,01,Food and non-alcoholic beverages,16371.829
315029.0,01,Food and non-alcoholic beverages,7800.0
315030.0,01,Food and non-alcoholic beverages,6925.6709
315031.0,01,Food and non-alcoholic beverages,8350.0
315032.0,01,Food and non-alcoholic beverages,9500.0
315033.0,01,Food and non-alcoholic beverages,33801.168
315034.0,01,Food and non-alcoholic beverages,5524.667
315035.0,01,Food and non-alcoholic beverages,45205.839
315036.0,01,Food and non-alcoholic beverages,7247.705
315037.0,01,Food and non-alcoholic beverages,24950.264
315038.0,01,Food and non-alcoholic beverages,6730.0
315039.0,01,Food and non-alcoholic beverages,15700.0
315040.0,01,Food and non-alcoholic beverages,11827.14
315041.0,01,Food and non-alcoholic beverages,83700.0
315042.0,01,Food and non-alcoholic beverages,41250.0
315043.0,01,Food and non-alcoholic beverages,32350.0
315044.0,01,Food and non-alcoholic beverages,13000.0
315045.0,01,Food and non-alcoholic beverages,7400.0
315046.0,01,Food and non-alcoholic beverages,23400.0
315047.0,01,Food and non-alcoholic beverages,18502.038
315048.0,01,Food and non-alcoholic beverages,16847.74
315049.0,01,Food and non-alcoholic beverages,16907.225
315050.0,01,Food and non-alcoholic beverages,4052.986
315051.0,01,Food and non-alcoholic beverages,1651.0
315052.0,01,Food and non-alcoholic beverages,19900.5
315053.0,01,Food and non-alcoholic beverages,13230.0
315054.0,01,Food and non-alcoholic beverages,77422.95999999999
